customer_id,customer_name,email,region,signup_date,order_id,order_date,order_amount,status
1,Customer_1,user_1@example.com,East,2023-01-01,5216.0,2024-01-09,159.37,Pending
1,Customer_1,user_1@example.com,East,2023-01-01,6777.0,2024-03-15,255.75,Pending
1,Customer_1,user_1@example.com,East,2023-01-01,6801.0,2024-03-16,27.35,Shipped
1,Customer_1,user_1@example.com,East,2023-01-01,6935.0,2024-03-21,86.25,Cancelled
1,Customer_1,user_1@example.com,East,2023-01-01,7067.0,2024-03-27,86.56,Pending
1,Customer_1,user_1@example.com,East,2023-01-01,8703.0,2024-06-03,181.56,Cancelled
1,Customer_1,user_1@example.com,East,2023-01-01,8791.0,2024-06-06,369.36,Completed
1,Customer_1,user_1@example.com,East,2023-01-01,9175.0,2024-06-22,74.33,Pending
1,Customer_1,user_1@example.com,East,2023-01-01,9622.0,2024-07-11,365.61,Completed
2,Customer_2,user_2@example.com,West,2023-01-02,5977.0,2024-02-10,423.59,Pending
2,Customer_2,user_2@example.com,West,2023-01-02,7592.0,2024-04-17,51.79,Completed
2,Customer_2,user_2@example.com,West,2023-01-02,9117.0,2024-06-20,349.6,Shipped
3,Customer_3,user_3@example.com,North,2023-01-03,6190.0,2024-02-19,326.75,Pending
3,Customer_3,user_3@example.com,North,2023-01-03,6841.0,2024-03-17,119.1,Pending
3,Customer_3,user_3@example.com,North,2023-01-03,7279.0,2024-04-04,261.46,Completed
3,Customer_3,user_3@example.com,North,2023-01-03,7385.0,2024-04-09,440.19,Pending
3,Customer_3,user_3@example.com,North,2023-01-03,7859.0,2024-04-29,284.03,Cancelled
3,Customer_3,user_3@example.com,North,2023-01-03,7979.0,2024-05-04,56.09,Pending
3,Customer_3,user_3@example.com,North,2023-01-03,9226.0,2024-06-25,117.53,Cancelled
4,Customer_4,user_4@example.com,East,2023-01-04,5856.0,2024-02-05,290.01,Completed
4,Customer_4,user_4@example.com,East,2023-01-04,7879.0,2024-04-29,340.11,Completed
4,Customer_4,user_4@example.com,East,2023-01-04,7906.0,2024-05-01,345.44,Completed
5,Customer_5,user_5@example.com,East,2023-01-05,6149.0,2024-02-17,404.58,Completed
5,Customer_5,user_5@example.com,East,2023-01-05,7416.0,2024-04-10,468.38,Pending
5,Customer_5,user_5@example.com,East,2023-01-05,8239.0,2024-05-14,277.67,Shipped
5,Customer_5,user_5@example.com,East,2023-01-05,9554.0,2024-07-08,139.55,Pending
6,Customer_6,user_6@example.com,West,2023-01-06,5591.0,2024-01-25,170.44,Pending
7,Customer_7,user_7@example.com,North,2023-01-07,5341.0,2024-01-15,218.86,Shipped
7,Customer_7,user_7@example.com,North,2023-01-07,6204.0,2024-02-20,361.99,Completed
7,Customer_7,user_7@example.com,North,2023-01-07,6222.0,2024-02-20,131.26,Shipped
7,Customer_7,user_7@example.com,North,2023-01-07,7155.0,2024-03-30,273.76,Shipped
7,Customer_7,user_7@example.com,North,2023-01-07,8032.0,2024-05-06,375.22,Cancelled
7,Customer_7,user_7@example.com,North,2023-01-07,9150.0,2024-06-21,447.63,Completed
7,Customer_7,user_7@example.com,North,2023-01-07,9264.0,2024-06-26,375.07,Pending
7,Customer_7,user_7@example.com,North,2023-01-07,9438.0,2024-07-03,158.37,Cancelled
8,Customer_8,user_8@example.com,North,2023-01-08,5464.0,2024-01-20,106.37,Completed
8,Customer_8,user_8@example.com,North,2023-01-08,5893.0,2024-02-07,54.26,Cancelled
8,Customer_8,user_8@example.com,North,2023-01-08,7275.0,2024-04-04,30.21,Pending
8,Customer_8,user_8@example.com,North,2023-01-08,8404.0,2024-05-21,392.86,Pending
8,Customer_8,user_8@example.com,North,2023-01-08,8474.0,2024-05-24,484.73,Shipped
8,Customer_8,user_8@example.com,North,2023-01-08,9658.0,2024-07-13,178.29,Pending
8,Customer_8,user_8@example.com,North,2023-01-08,9660.0,2024-07-13,294.61,Pending
9,Customer_9,user_9@example.com,East,2023-01-09,8704.0,2024-06-03,238.03,Pending
10,Customer_10,user_10@example.com,South,2023-01-10,5854.0,2024-02-05,101.04,Pending
10,Customer_10,user_10@example.com,South,2023-01-10,6974.0,2024-03-23,286.52,Shipped
10,Customer_10,user_10@example.com,South,2023-01-10,7438.0,2024-04-11,386.32,Completed
10,Customer_10,user_10@example.com,South,2023-01-10,7560.0,2024-04-16,285.97,Shipped
10,Customer_10,user_10@example.com,South,2023-01-10,8249.0,2024-05-15,377.3,Completed
10,Customer_10,user_10@example.com,South,2023-01-10,8307.0,2024-05-17,432.28,Pending
10,Customer_10,user_10@example.com,South,2023-01-10,9061.0,2024-06-18,126.59,Pending
10,Customer_10,user_10@example.com,South,2023-01-10,9355.0,2024-06-30,254.38,Cancelled
10,Customer_10,user_10@example.com,South,2023-01-10,9899.0,2024-07-23,357.74,Cancelled
11,Customer_11,user_11@example.com,East,2023-01-11,5805.0,2024-02-03,487.54,Pending
11,Customer_11,user_11@example.com,East,2023-01-11,6750.0,2024-03-13,263.07,Pending
11,Customer_11,user_11@example.com,East,2023-01-11,9265.0,2024-06-26,475.25,Pending
11,Customer_11,user_11@example.com,East,2023-01-11,9614.0,2024-07-11,142.58,Shipped
12,Customer_12,user_12@example.com,East,2023-01-12,5185.0,2024-01-08,241.86,Completed
12,Customer_12,user_12@example.com,East,2023-01-12,5867.0,2024-02-06,439.18,Pending
12,Customer_12,user_12@example.com,East,2023-01-12,6384.0,2024-02-27,362.33,Pending
12,Customer_12,user_12@example.com,East,2023-01-12,6520.0,2024-03-04,156.37,Completed
12,Customer_12,user_12@example.com,East,2023-01-12,6917.0,2024-03-20,234.35,Pending
12,Customer_12,user_12@example.com,East,2023-01-12,6918.0,2024-03-20,22.81,Pending
12,Customer_12,user_12@example.com,East,2023-01-12,7549.0,2024-04-16,388.51,Cancelled
12,Customer_12,user_12@example.com,East,2023-01-12,7849.0,2024-04-28,370.94,Shipped
12,Customer_12,user_12@example.com,East,2023-01-12,9054.0,2024-06-17,344.09,Completed
12,Customer_12,user_12@example.com,East,2023-01-12,9113.0,2024-06-20,383.01,Pending
12,Customer_12,user_12@example.com,East,2023-01-12,9452.0,2024-07-04,389.49,Cancelled
13,Customer_13,user_13@example.com,East,2023-01-13,5879.0,2024-02-06,37.52,Cancelled
13,Customer_13,user_13@example.com,East,2023-01-13,5881.0,2024-02-06,461.89,Completed
13,Customer_13,user_13@example.com,East,2023-01-13,6511.0,2024-03-03,92.89,Cancelled
13,Customer_13,user_13@example.com,East,2023-01-13,7861.0,2024-04-29,78.48,Pending
13,Customer_13,user_13@example.com,East,2023-01-13,8265.0,2024-05-16,228.46,Cancelled
13,Customer_13,user_13@example.com,East,2023-01-13,9323.0,2024-06-29,419.67,Pending
13,Customer_13,user_13@example.com,East,2023-01-13,9893.0,2024-07-22,51.08,Shipped
14,Customer_14,user_14@example.com,East,2023-01-14,6387.0,2024-02-27,498.1,Shipped
14,Customer_14,user_14@example.com,East,2023-01-14,7348.0,2024-04-07,169.3,Cancelled
14,Customer_14,user_14@example.com,East,2023-01-14,7944.0,2024-05-02,30.55,Shipped
14,Customer_14,user_14@example.com,East,2023-01-14,9162.0,2024-06-22,252.31,Completed
15,Customer_15,user_15@example.com,West,2023-01-15,5650.0,2024-01-28,377.96,Completed
15,Customer_15,user_15@example.com,West,2023-01-15,6018.0,2024-02-12,369.96,Shipped
15,Customer_15,user_15@example.com,West,2023-01-15,7049.0,2024-03-26,487.72,Cancelled
15,Customer_15,user_15@example.com,West,2023-01-15,8160.0,2024-05-11,296.0,Pending
16,Customer_16,user_16@example.com,North,2023-01-16,5747.0,2024-02-01,33.95,Cancelled
16,Customer_16,user_16@example.com,North,2023-01-16,6154.0,2024-02-18,178.18,Pending
16,Customer_16,user_16@example.com,North,2023-01-16,9771.0,2024-07-17,420.45,Cancelled
16,Customer_16,user_16@example.com,North,2023-01-16,9818.0,2024-07-19,72.42,Cancelled
17,Customer_17,user_17@example.com,West,2023-01-17,5137.0,2024-01-06,202.78,Pending
17,Customer_17,user_17@example.com,West,2023-01-17,5633.0,2024-01-27,260.58,Shipped
17,Customer_17,user_17@example.com,West,2023-01-17,7063.0,2024-03-26,219.13,Completed
17,Customer_17,user_17@example.com,West,2023-01-17,7429.0,2024-04-11,23.65,Pending
17,Customer_17,user_17@example.com,West,2023-01-17,7885.0,2024-04-30,393.09,Cancelled
17,Customer_17,user_17@example.com,West,2023-01-17,8041.0,2024-05-06,296.21,Cancelled
17,Customer_17,user_17@example.com,West,2023-01-17,8606.0,2024-05-30,116.05,Shipped
17,Customer_17,user_17@example.com,West,2023-01-17,9416.0,2024-07-02,322.36,Cancelled
17,Customer_17,user_17@example.com,West,2023-01-17,9759.0,2024-07-17,149.37,Pending
17,Customer_17,user_17@example.com,West,2023-01-17,9793.0,2024-07-18,276.17,Shipped
18,Customer_18,user_18@example.com,West,2023-01-18,7384.0,2024-04-09,362.73,Cancelled
19,Customer_19,user_19@example.com,West,2023-01-19,5441.0,2024-01-19,210.16,Completed
19,Customer_19,user_19@example.com,West,2023-01-19,5866.0,2024-02-06,180.66,Cancelled
19,Customer_19,user_19@example.com,West,2023-01-19,6077.0,2024-02-14,453.62,Pending
19,Customer_19,user_19@example.com,West,2023-01-19,6206.0,2024-02-20,175.64,Shipped
19,Customer_19,user_19@example.com,West,2023-01-19,7697.0,2024-04-22,359.3,Completed
19,Customer_19,user_19@example.com,West,2023-01-19,8360.0,2024-05-19,309.51,Shipped
19,Customer_19,user_19@example.com,West,2023-01-19,8712.0,2024-06-03,104.11,Cancelled
19,Customer_19,user_19@example.com,West,2023-01-19,9046.0,2024-06-17,138.15,Completed
20,Customer_20,user_20@example.com,East,2023-01-20,5275.0,2024-01-12,292.24,Completed
20,Customer_20,user_20@example.com,East,2023-01-20,5448.0,2024-01-19,486.72,Completed
20,Customer_20,user_20@example.com,East,2023-01-20,6490.0,2024-03-03,243.18,Completed
20,Customer_20,user_20@example.com,East,2023-01-20,6840.0,2024-03-17,341.92,Shipped
20,Customer_20,user_20@example.com,East,2023-01-20,8054.0,2024-05-07,24.93,Shipped
20,Customer_20,user_20@example.com,East,2023-01-20,8541.0,2024-05-27,100.73,Completed
20,Customer_20,user_20@example.com,East,2023-01-20,9894.0,2024-07-22,411.04,Shipped
21,Customer_21,user_21@example.com,South,2023-01-21,5487.0,2024-01-21,51.86,Cancelled
21,Customer_21,user_21@example.com,South,2023-01-21,5763.0,2024-02-01,34.86,Shipped
21,Customer_21,user_21@example.com,South,2023-01-21,6187.0,2024-02-19,390.29,Shipped
21,Customer_21,user_21@example.com,South,2023-01-21,6335.0,2024-02-25,68.8,Completed
21,Customer_21,user_21@example.com,South,2023-01-21,7585.0,2024-04-17,227.41,Pending
21,Customer_21,user_21@example.com,South,2023-01-21,8167.0,2024-05-11,480.3,Cancelled
22,Customer_22,user_22@example.com,North,2023-01-22,6013.0,2024-02-12,377.14,Completed
22,Customer_22,user_22@example.com,North,2023-01-22,7037.0,2024-03-25,272.77,Completed
22,Customer_22,user_22@example.com,North,2023-01-22,7263.0,2024-04-04,274.53,Completed
22,Customer_22,user_22@example.com,North,2023-01-22,7403.0,2024-04-10,343.57,Completed
22,Customer_22,user_22@example.com,North,2023-01-22,8004.0,2024-05-05,360.41,Completed
22,Customer_22,user_22@example.com,North,2023-01-22,8214.0,2024-05-13,183.79,Completed
22,Customer_22,user_22@example.com,North,2023-01-22,8526.0,2024-05-26,475.25,Shipped
22,Customer_22,user_22@example.com,North,2023-01-22,8535.0,2024-05-27,208.71,Completed
22,Customer_22,user_22@example.com,North,2023-01-22,8598.0,2024-05-29,471.94,Shipped
23,Customer_23,user_23@example.com,South,2023-01-23,5181.0,2024-01-08,80.71,Shipped
23,Customer_23,user_23@example.com,South,2023-01-23,5552.0,2024-01-23,313.88,Completed
23,Customer_23,user_23@example.com,South,2023-01-23,5789.0,2024-02-02,68.43,Shipped
23,Customer_23,user_23@example.com,South,2023-01-23,5931.0,2024-02-08,105.49,Completed
23,Customer_23,user_23@example.com,South,2023-01-23,6636.0,2024-03-09,337.58,Cancelled
23,Customer_23,user_23@example.com,South,2023-01-23,8060.0,2024-05-07,348.14,Shipped
23,Customer_23,user_23@example.com,South,2023-01-23,8134.0,2024-05-10,102.25,Completed
24,Customer_24,user_24@example.com,West,2023-01-24,8527.0,2024-05-26,426.04,Pending
25,Customer_25,user_25@example.com,West,2023-01-25,5226.0,2024-01-10,35.94,Cancelled
25,Customer_25,user_25@example.com,West,2023-01-25,5760.0,2024-02-01,211.96,Completed
25,Customer_25,user_25@example.com,West,2023-01-25,6963.0,2024-03-22,44.85,Pending
25,Customer_25,user_25@example.com,West,2023-01-25,8486.0,2024-05-25,243.12,Completed
25,Customer_25,user_25@example.com,West,2023-01-25,8638.0,2024-05-31,363.82,Completed
25,Customer_25,user_25@example.com,West,2023-01-25,8772.0,2024-06-06,96.43,Pending
25,Customer_25,user_25@example.com,West,2023-01-25,9507.0,2024-07-06,147.25,Shipped
26,Customer_26,user_26@example.com,South,2023-01-26,6437.0,2024-02-29,299.31,Pending
26,Customer_26,user_26@example.com,South,2023-01-26,6991.0,2024-03-23,65.81,Shipped
26,Customer_26,user_26@example.com,South,2023-01-26,7719.0,2024-04-23,262.71,Pending
26,Customer_26,user_26@example.com,South,2023-01-26,8198.0,2024-05-13,132.99,Cancelled
26,Customer_26,user_26@example.com,South,2023-01-26,9569.0,2024-07-09,221.72,Pending
26,Customer_26,user_26@example.com,South,2023-01-26,9873.0,2024-07-22,387.76,Completed
27,Customer_27,user_27@example.com,South,2023-01-27,6056.0,2024-02-13,168.26,Shipped
27,Customer_27,user_27@example.com,South,2023-01-27,6105.0,2024-02-16,24.18,Completed
27,Customer_27,user_27@example.com,South,2023-01-27,9784.0,2024-07-18,257.96,Shipped
28,Customer_28,user_28@example.com,South,2023-01-28,5237.0,2024-01-10,166.68,Shipped
28,Customer_28,user_28@example.com,South,2023-01-28,6224.0,2024-02-20,126.72,Pending
28,Customer_28,user_28@example.com,South,2023-01-28,6785.0,2024-03-15,257.28,Cancelled
28,Customer_28,user_28@example.com,South,2023-01-28,8700.0,2024-06-03,205.04,Pending
28,Customer_28,user_28@example.com,South,2023-01-28,8971.0,2024-06-14,389.4,Shipped
29,Customer_29,user_29@example.com,West,2023-01-29,5232.0,2024-01-10,484.35,Completed
29,Customer_29,user_29@example.com,West,2023-01-29,6995.0,2024-03-24,395.2,Cancelled
29,Customer_29,user_29@example.com,West,2023-01-29,8774.0,2024-06-06,250.25,Shipped
29,Customer_29,user_29@example.com,West,2023-01-29,9378.0,2024-07-01,168.93,Pending
29,Customer_29,user_29@example.com,West,2023-01-29,9665.0,2024-07-13,394.8,Shipped
29,Customer_29,user_29@example.com,West,2023-01-29,9805.0,2024-07-19,496.24,Cancelled
29,Customer_29,user_29@example.com,West,2023-01-29,9890.0,2024-07-22,56.04,Pending
30,Customer_30,user_30@example.com,West,2023-01-30,6530.0,2024-03-04,148.6,Cancelled
30,Customer_30,user_30@example.com,West,2023-01-30,6794.0,2024-03-15,18.98,Cancelled
30,Customer_30,user_30@example.com,West,2023-01-30,8372.0,2024-05-20,192.0,Completed
31,Customer_31,user_31@example.com,North,2023-01-31,5131.0,2024-01-06,413.11,Completed
31,Customer_31,user_31@example.com,North,2023-01-31,5217.0,2024-01-10,30.98,Completed
31,Customer_31,user_31@example.com,North,2023-01-31,6348.0,2024-02-26,66.47,Pending
31,Customer_31,user_31@example.com,North,2023-01-31,7871.0,2024-04-29,206.75,Cancelled
32,Customer_32,user_32@example.com,North,2023-02-01,9219.0,2024-06-24,388.18,Completed
32,Customer_32,user_32@example.com,North,2023-02-01,9812.0,2024-07-19,53.95,Completed
32,Customer_32,user_32@example.com,North,2023-02-01,9887.0,2024-07-22,468.9,Completed
33,Customer_33,user_33@example.com,West,2023-02-02,6333.0,2024-02-25,16.38,Cancelled
33,Customer_33,user_33@example.com,West,2023-02-02,6498.0,2024-03-03,330.64,Cancelled
33,Customer_33,user_33@example.com,West,2023-02-02,7539.0,2024-04-15,159.09,Shipped
34,Customer_34,user_34@example.com,South,2023-02-03,5445.0,2024-01-19,143.05,Pending
34,Customer_34,user_34@example.com,South,2023-02-03,6203.0,2024-02-20,78.0,Shipped
34,Customer_34,user_34@example.com,South,2023-02-03,7003.0,2024-03-24,362.43,Shipped
35,Customer_35,user_35@example.com,South,2023-02-04,6155.0,2024-02-18,300.74,Cancelled
35,Customer_35,user_35@example.com,South,2023-02-04,7565.0,2024-04-16,335.9,Shipped
35,Customer_35,user_35@example.com,South,2023-02-04,8144.0,2024-05-10,304.99,Shipped
35,Customer_35,user_35@example.com,South,2023-02-04,8313.0,2024-05-18,214.3,Shipped
35,Customer_35,user_35@example.com,South,2023-02-04,9584.0,2024-07-09,149.61,Shipped
36,Customer_36,user_36@example.com,North,2023-02-05,6229.0,2024-02-21,213.47,Pending
36,Customer_36,user_36@example.com,North,2023-02-05,7877.0,2024-04-29,334.8,Pending
37,Customer_37,user_37@example.com,West,2023-02-06,8389.0,2024-05-21,448.84,Completed
37,Customer_37,user_37@example.com,West,2023-02-06,9644.0,2024-07-12,466.6,Shipped
38,Customer_38,user_38@example.com,North,2023-02-07,5323.0,2024-01-14,69.83,Pending
38,Customer_38,user_38@example.com,North,2023-02-07,6975.0,2024-03-23,19.06,Pending
38,Customer_38,user_38@example.com,North,2023-02-07,7470.0,2024-04-12,301.26,Shipped
38,Customer_38,user_38@example.com,North,2023-02-07,9945.0,2024-07-25,225.52,Cancelled
39,Customer_39,user_39@example.com,North,2023-02-08,5273.0,2024-01-12,333.26,Cancelled
39,Customer_39,user_39@example.com,North,2023-02-08,5340.0,2024-01-15,383.75,Cancelled
39,Customer_39,user_39@example.com,North,2023-02-08,5359.0,2024-01-15,280.0,Shipped
39,Customer_39,user_39@example.com,North,2023-02-08,6855.0,2024-03-18,367.44,Pending
39,Customer_39,user_39@example.com,North,2023-02-08,7204.0,2024-04-01,264.55,Completed
39,Customer_39,user_39@example.com,North,2023-02-08,7495.0,2024-04-13,359.01,Cancelled
39,Customer_39,user_39@example.com,North,2023-02-08,7638.0,2024-04-19,102.03,Shipped
39,Customer_39,user_39@example.com,North,2023-02-08,7785.0,2024-04-26,247.11,Pending
39,Customer_39,user_39@example.com,North,2023-02-08,8152.0,2024-05-11,307.99,Cancelled
39,Customer_39,user_39@example.com,North,2023-02-08,8469.0,2024-05-24,499.16,Pending
39,Customer_39,user_39@example.com,North,2023-02-08,9016.0,2024-06-16,117.13,Completed
40,Customer_40,user_40@example.com,East,2023-02-09,5263.0,2024-01-11,457.12,Cancelled
40,Customer_40,user_40@example.com,East,2023-02-09,6662.0,2024-03-10,484.79,Shipped
40,Customer_40,user_40@example.com,East,2023-02-09,7374.0,2024-04-08,422.91,Cancelled
40,Customer_40,user_40@example.com,East,2023-02-09,8184.0,2024-05-12,354.28,Shipped
40,Customer_40,user_40@example.com,East,2023-02-09,8275.0,2024-05-16,435.87,Pending
40,Customer_40,user_40@example.com,East,2023-02-09,8575.0,2024-05-28,181.67,Cancelled
40,Customer_40,user_40@example.com,East,2023-02-09,9048.0,2024-06-17,274.77,Shipped
41,Customer_41,user_41@example.com,East,2023-02-10,5470.0,2024-01-20,109.6,Cancelled
41,Customer_41,user_41@example.com,East,2023-02-10,6322.0,2024-02-25,24.57,Shipped
41,Customer_41,user_41@example.com,East,2023-02-10,7551.0,2024-04-16,419.55,Shipped
41,Customer_41,user_41@example.com,East,2023-02-10,7567.0,2024-04-16,142.59,Cancelled
41,Customer_41,user_41@example.com,East,2023-02-10,7963.0,2024-05-03,135.85,Pending
41,Customer_41,user_41@example.com,East,2023-02-10,9194.0,2024-06-23,146.9,Completed
41,Customer_41,user_41@example.com,East,2023-02-10,9935.0,2024-07-24,338.6,Pending
41,Customer_41,user_41@example.com,East,2023-02-10,9942.0,2024-07-24,483.97,Pending
42,Customer_42,user_42@example.com,East,2023-02-11,6120.0,2024-02-16,159.37,Pending
42,Customer_42,user_42@example.com,East,2023-02-11,6171.0,2024-02-18,273.74,Pending
42,Customer_42,user_42@example.com,East,2023-02-11,7574.0,2024-04-17,361.39,Pending
42,Customer_42,user_42@example.com,East,2023-02-11,8523.0,2024-05-26,256.11,Cancelled
43,Customer_43,user_43@example.com,South,2023-02-12,5713.0,2024-01-30,194.99,Completed
43,Customer_43,user_43@example.com,South,2023-02-12,5775.0,2024-02-02,187.55,Pending
43,Customer_43,user_43@example.com,South,2023-02-12,6138.0,2024-02-17,45.29,Cancelled
43,Customer_43,user_43@example.com,South,2023-02-12,8079.0,2024-05-08,80.38,Pending
43,Customer_43,user_43@example.com,South,2023-02-12,8221.0,2024-05-14,67.31,Pending
43,Customer_43,user_43@example.com,South,2023-02-12,9234.0,2024-06-25,37.33,Completed
43,Customer_43,user_43@example.com,South,2023-02-12,9281.0,2024-06-27,394.31,Cancelled
44,Customer_44,user_44@example.com,West,2023-02-13,6481.0,2024-03-02,62.56,Pending
44,Customer_44,user_44@example.com,West,2023-02-13,6816.0,2024-03-16,206.41,Pending
44,Customer_44,user_44@example.com,West,2023-02-13,8069.0,2024-05-07,315.65,Cancelled
44,Customer_44,user_44@example.com,West,2023-02-13,8658.0,2024-06-01,434.41,Completed
44,Customer_44,user_44@example.com,West,2023-02-13,9692.0,2024-07-14,177.73,Pending
45,Customer_45,user_45@example.com,West,2023-02-14,6873.0,2024-03-19,92.76,Pending
45,Customer_45,user_45@example.com,West,2023-02-14,9555.0,2024-07-08,231.44,Cancelled
46,Customer_46,user_46@example.com,West,2023-02-15,6006.0,2024-02-11,311.27,Completed
46,Customer_46,user_46@example.com,West,2023-02-15,6749.0,2024-03-13,383.13,Completed
46,Customer_46,user_46@example.com,West,2023-02-15,6924.0,2024-03-21,261.97,Shipped
46,Customer_46,user_46@example.com,West,2023-02-15,9296.0,2024-06-27,256.78,Pending
47,Customer_47,user_47@example.com,West,2023-02-16,5628.0,2024-01-27,307.74,Shipped
47,Customer_47,user_47@example.com,West,2023-02-16,6036.0,2024-02-13,247.14,Completed
47,Customer_47,user_47@example.com,West,2023-02-16,6819.0,2024-03-16,329.54,Pending
47,Customer_47,user_47@example.com,West,2023-02-16,6981.0,2024-03-23,331.52,Completed
47,Customer_47,user_47@example.com,West,2023-02-16,7511.0,2024-04-14,42.51,Shipped
47,Customer_47,user_47@example.com,West,2023-02-16,7663.0,2024-04-20,482.51,Completed
47,Customer_47,user_47@example.com,West,2023-02-16,8230.0,2024-05-14,161.76,Pending
47,Customer_47,user_47@example.com,West,2023-02-16,9922.0,2024-07-24,220.17,Shipped
48,Customer_48,user_48@example.com,East,2023-02-17,6791.0,2024-03-15,477.36,Cancelled
48,Customer_48,user_48@example.com,East,2023-02-17,8149.0,2024-05-11,286.7,Completed
49,Customer_49,user_49@example.com,South,2023-02-18,5462.0,2024-01-20,294.44,Shipped
49,Customer_49,user_49@example.com,South,2023-02-18,6551.0,2024-03-05,376.76,Pending
49,Customer_49,user_49@example.com,South,2023-02-18,7353.0,2024-04-08,273.37,Cancelled
49,Customer_49,user_49@example.com,South,2023-02-18,7650.0,2024-04-20,148.9,Cancelled
49,Customer_49,user_49@example.com,South,2023-02-18,8022.0,2024-05-05,119.5,Completed
49,Customer_49,user_49@example.com,South,2023-02-18,8175.0,2024-05-12,160.3,Pending
49,Customer_49,user_49@example.com,South,2023-02-18,9005.0,2024-06-15,495.28,Cancelled
50,Customer_50,user_50@example.com,South,2023-02-19,6656.0,2024-03-09,67.28,Pending
50,Customer_50,user_50@example.com,South,2023-02-19,7051.0,2024-03-26,371.47,Cancelled
50,Customer_50,user_50@example.com,South,2023-02-19,7335.0,2024-04-07,439.48,Shipped
50,Customer_50,user_50@example.com,South,2023-02-19,9619.0,2024-07-11,136.09,Completed
51,Customer_51,user_51@example.com,East,2023-02-20,5833.0,2024-02-04,63.49,Cancelled
51,Customer_51,user_51@example.com,East,2023-02-20,6499.0,2024-03-03,484.41,Completed
51,Customer_51,user_51@example.com,East,2023-02-20,7150.0,2024-03-30,305.34,Pending
51,Customer_51,user_51@example.com,East,2023-02-20,7741.0,2024-04-24,89.0,Cancelled
51,Customer_51,user_51@example.com,East,2023-02-20,9391.0,2024-07-01,208.92,Shipped
52,Customer_52,user_52@example.com,South,2023-02-21,9528.0,2024-07-07,76.46,Pending
53,Customer_53,user_53@example.com,East,2023-02-22,5227.0,2024-01-10,165.16,Shipped
53,Customer_53,user_53@example.com,East,2023-02-22,6409.0,2024-02-28,31.32,Cancelled
53,Customer_53,user_53@example.com,East,2023-02-22,8206.0,2024-05-13,178.45,Completed
53,Customer_53,user_53@example.com,East,2023-02-22,8222.0,2024-05-14,330.37,Shipped
53,Customer_53,user_53@example.com,East,2023-02-22,9533.0,2024-07-07,485.72,Completed
53,Customer_53,user_53@example.com,East,2023-02-22,9684.0,2024-07-14,423.36,Shipped
54,Customer_54,user_54@example.com,West,2023-02-23,5123.0,2024-01-06,404.07,Pending
54,Customer_54,user_54@example.com,West,2023-02-23,5440.0,2024-01-19,247.81,Pending
54,Customer_54,user_54@example.com,West,2023-02-23,5811.0,2024-02-03,144.45,Shipped
54,Customer_54,user_54@example.com,West,2023-02-23,6729.0,2024-03-13,47.15,Shipped
54,Customer_54,user_54@example.com,West,2023-02-23,9044.0,2024-06-17,406.35,Pending
55,Customer_55,user_55@example.com,East,2023-02-24,5578.0,2024-01-25,423.55,Shipped
55,Customer_55,user_55@example.com,East,2023-02-24,5897.0,2024-02-07,491.55,Shipped
55,Customer_55,user_55@example.com,East,2023-02-24,7084.0,2024-03-27,97.51,Completed
55,Customer_55,user_55@example.com,East,2023-02-24,7659.0,2024-04-20,489.78,Completed
55,Customer_55,user_55@example.com,East,2023-02-24,8640.0,2024-05-31,325.19,Shipped
55,Customer_55,user_55@example.com,East,2023-02-24,8875.0,2024-06-10,379.78,Shipped
56,Customer_56,user_56@example.com,West,2023-02-25,5401.0,2024-01-17,231.13,Shipped
56,Customer_56,user_56@example.com,West,2023-02-25,7510.0,2024-04-14,462.47,Completed
56,Customer_56,user_56@example.com,West,2023-02-25,8064.0,2024-05-07,491.07,Shipped
57,Customer_57,user_57@example.com,West,2023-02-26,5095.0,2024-01-04,467.54,Shipped
57,Customer_57,user_57@example.com,West,2023-02-26,5478.0,2024-01-20,74.62,Completed
57,Customer_57,user_57@example.com,West,2023-02-26,9119.0,2024-06-20,78.4,Cancelled
58,Customer_58,user_58@example.com,North,2023-02-27,6092.0,2024-02-15,385.2,Pending
58,Customer_58,user_58@example.com,North,2023-02-27,6810.0,2024-03-16,86.97,Pending
58,Customer_58,user_58@example.com,North,2023-02-27,7427.0,2024-04-11,339.22,Pending
59,Customer_59,user_59@example.com,East,2023-02-28,5160.0,2024-01-07,314.19,Cancelled
59,Customer_59,user_59@example.com,East,2023-02-28,5258.0,2024-01-11,386.34,Shipped
59,Customer_59,user_59@example.com,East,2023-02-28,5480.0,2024-01-20,342.63,Completed
59,Customer_59,user_59@example.com,East,2023-02-28,5782.0,2024-02-02,392.82,Cancelled
59,Customer_59,user_59@example.com,East,2023-02-28,7777.0,2024-04-25,93.68,Shipped
59,Customer_59,user_59@example.com,East,2023-02-28,8181.0,2024-05-12,326.73,Completed
59,Customer_59,user_59@example.com,East,2023-02-28,8572.0,2024-05-28,414.03,Completed
59,Customer_59,user_59@example.com,East,2023-02-28,9804.0,2024-07-19,377.85,Completed
60,Customer_60,user_60@example.com,North,2023-03-01,5006.0,2024-01-01,174.37,Shipped
60,Customer_60,user_60@example.com,North,2023-03-01,7772.0,2024-04-25,398.97,Pending
60,Customer_60,user_60@example.com,North,2023-03-01,8942.0,2024-06-13,391.65,Completed
60,Customer_60,user_60@example.com,North,2023-03-01,9133.0,2024-06-21,460.0,Pending
61,Customer_61,user_61@example.com,East,2023-03-02,7317.0,2024-04-06,237.85,Pending
61,Customer_61,user_61@example.com,East,2023-03-02,8228.0,2024-05-14,216.89,Pending
61,Customer_61,user_61@example.com,East,2023-03-02,9109.0,2024-06-20,443.66,Shipped
61,Customer_61,user_61@example.com,East,2023-03-02,9462.0,2024-07-04,415.8,Cancelled
61,Customer_61,user_61@example.com,East,2023-03-02,9726.0,2024-07-15,408.68,Completed
62,Customer_62,user_62@example.com,East,2023-03-03,6547.0,2024-03-05,478.29,Cancelled
62,Customer_62,user_62@example.com,East,2023-03-03,8657.0,2024-06-01,415.92,Pending
62,Customer_62,user_62@example.com,East,2023-03-03,9869.0,2024-07-21,441.28,Pending
63,Customer_63,user_63@example.com,North,2023-03-04,5077.0,2024-01-04,155.83,Cancelled
63,Customer_63,user_63@example.com,North,2023-03-04,5741.0,2024-01-31,405.79,Pending
63,Customer_63,user_63@example.com,North,2023-03-04,5933.0,2024-02-08,403.32,Shipped
63,Customer_63,user_63@example.com,North,2023-03-04,6328.0,2024-02-25,382.5,Pending
63,Customer_63,user_63@example.com,North,2023-03-04,6524.0,2024-03-04,485.24,Cancelled
63,Customer_63,user_63@example.com,North,2023-03-04,6989.0,2024-03-23,218.74,Pending
63,Customer_63,user_63@example.com,North,2023-03-04,7408.0,2024-04-10,488.6,Cancelled
64,Customer_64,user_64@example.com,North,2023-03-05,8503.0,2024-05-25,485.74,Shipped
64,Customer_64,user_64@example.com,North,2023-03-05,9389.0,2024-07-01,192.51,Shipped
65,Customer_65,user_65@example.com,East,2023-03-06,5962.0,2024-02-10,211.53,Completed
65,Customer_65,user_65@example.com,East,2023-03-06,6356.0,2024-02-26,180.8,Completed
65,Customer_65,user_65@example.com,East,2023-03-06,6527.0,2024-03-04,46.3,Cancelled
65,Customer_65,user_65@example.com,East,2023-03-06,6824.0,2024-03-16,398.49,Pending
65,Customer_65,user_65@example.com,East,2023-03-06,8044.0,2024-05-06,76.9,Pending
65,Customer_65,user_65@example.com,East,2023-03-06,8922.0,2024-06-12,261.91,Shipped
65,Customer_65,user_65@example.com,East,2023-03-06,9428.0,2024-07-03,163.7,Shipped
65,Customer_65,user_65@example.com,East,2023-03-06,9494.0,2024-07-06,23.47,Shipped
66,Customer_66,user_66@example.com,South,2023-03-07,6631.0,2024-03-08,25.8,Pending
66,Customer_66,user_66@example.com,South,2023-03-07,7068.0,2024-03-27,401.52,Shipped
66,Customer_66,user_66@example.com,South,2023-03-07,7437.0,2024-04-11,102.06,Pending
66,Customer_66,user_66@example.com,South,2023-03-07,7723.0,2024-04-23,231.28,Cancelled
66,Customer_66,user_66@example.com,South,2023-03-07,8092.0,2024-05-08,489.17,Pending
66,Customer_66,user_66@example.com,South,2023-03-07,9149.0,2024-06-21,108.84,Completed
67,Customer_67,user_67@example.com,West,2023-03-08,5240.0,2024-01-10,271.1,Shipped
67,Customer_67,user_67@example.com,West,2023-03-08,7893.0,2024-04-30,15.94,Pending
67,Customer_67,user_67@example.com,West,2023-03-08,8395.0,2024-05-21,361.03,Completed
68,Customer_68,user_68@example.com,North,2023-03-09,5172.0,2024-01-08,144.02,Pending
68,Customer_68,user_68@example.com,North,2023-03-09,8034.0,2024-05-06,244.68,Shipped
68,Customer_68,user_68@example.com,North,2023-03-09,9006.0,2024-06-15,376.0,Shipped
68,Customer_68,user_68@example.com,North,2023-03-09,9395.0,2024-07-02,179.0,Pending
68,Customer_68,user_68@example.com,North,2023-03-09,9885.0,2024-07-22,380.92,Completed
69,Customer_69,user_69@example.com,West,2023-03-10,5330.0,2024-01-14,240.77,Shipped
69,Customer_69,user_69@example.com,West,2023-03-10,6039.0,2024-02-13,156.77,Cancelled
69,Customer_69,user_69@example.com,West,2023-03-10,6338.0,2024-02-25,226.09,Shipped
69,Customer_69,user_69@example.com,West,2023-03-10,7636.0,2024-04-19,279.55,Pending
69,Customer_69,user_69@example.com,West,2023-03-10,7648.0,2024-04-20,132.84,Cancelled
69,Customer_69,user_69@example.com,West,2023-03-10,7715.0,2024-04-23,21.89,Completed
69,Customer_69,user_69@example.com,West,2023-03-10,8764.0,2024-06-05,211.5,Pending
69,Customer_69,user_69@example.com,West,2023-03-10,9459.0,2024-07-04,86.95,Cancelled
70,Customer_70,user_70@example.com,South,2023-03-11,6141.0,2024-02-17,341.89,Pending
70,Customer_70,user_70@example.com,South,2023-03-11,8859.0,2024-06-09,369.71,Pending
70,Customer_70,user_70@example.com,South,2023-03-11,9581.0,2024-07-09,205.72,Shipped
71,Customer_71,user_71@example.com,South,2023-03-12,,,,
72,Customer_72,user_72@example.com,South,2023-03-13,6907.0,2024-03-20,356.83,Cancelled
72,Customer_72,user_72@example.com,South,2023-03-13,7220.0,2024-04-02,404.19,Shipped
72,Customer_72,user_72@example.com,South,2023-03-13,9168.0,2024-06-22,144.65,Cancelled
73,Customer_73,user_73@example.com,North,2023-03-14,5005.0,2024-01-01,178.11,Cancelled
73,Customer_73,user_73@example.com,North,2023-03-14,5015.0,2024-01-01,274.8,Shipped
73,Customer_73,user_73@example.com,North,2023-03-14,5056.0,2024-01-03,440.76,Shipped
73,Customer_73,user_73@example.com,North,2023-03-14,5301.0,2024-01-13,148.83,Pending
73,Customer_73,user_73@example.com,North,2023-03-14,6894.0,2024-03-19,405.92,Cancelled
73,Customer_73,user_73@example.com,North,2023-03-14,7901.0,2024-04-30,144.53,Pending
73,Customer_73,user_73@example.com,North,2023-03-14,7937.0,2024-05-02,223.16,Cancelled
73,Customer_73,user_73@example.com,North,2023-03-14,8340.0,2024-05-19,368.25,Pending
73,Customer_73,user_73@example.com,North,2023-03-14,8607.0,2024-05-30,238.96,Completed
73,Customer_73,user_73@example.com,North,2023-03-14,8728.0,2024-06-04,177.34,Shipped
73,Customer_73,user_73@example.com,North,2023-03-14,8735.0,2024-06-04,177.74,Pending
73,Customer_73,user_73@example.com,North,2023-03-14,9675.0,2024-07-13,50.43,Pending
74,Customer_74,user_74@example.com,South,2023-03-15,7381.0,2024-04-09,274.18,Completed
74,Customer_74,user_74@example.com,South,2023-03-15,7990.0,2024-05-04,177.95,Pending
74,Customer_74,user_74@example.com,South,2023-03-15,9039.0,2024-06-17,329.08,Completed
75,Customer_75,user_75@example.com,North,2023-03-16,5154.0,2024-01-07,165.22,Shipped
75,Customer_75,user_75@example.com,North,2023-03-16,6298.0,2024-02-24,24.46,Pending
75,Customer_75,user_75@example.com,North,2023-03-16,6417.0,2024-02-29,401.47,Completed
75,Customer_75,user_75@example.com,North,2023-03-16,6789.0,2024-03-15,450.04,Completed
75,Customer_75,user_75@example.com,North,2023-03-16,6835.0,2024-03-17,395.44,Completed
75,Customer_75,user_75@example.com,North,2023-03-16,7024.0,2024-03-25,99.71,Cancelled
75,Customer_75,user_75@example.com,North,2023-03-16,7790.0,2024-04-26,459.97,Completed
75,Customer_75,user_75@example.com,North,2023-03-16,8461.0,2024-05-24,282.11,Pending
75,Customer_75,user_75@example.com,North,2023-03-16,9064.0,2024-06-18,158.91,Cancelled
75,Customer_75,user_75@example.com,North,2023-03-16,9716.0,2024-07-15,373.83,Shipped
75,Customer_75,user_75@example.com,North,2023-03-16,9731.0,2024-07-16,139.96,Pending
76,Customer_76,user_76@example.com,South,2023-03-17,5166.0,2024-01-07,235.29,Completed
76,Customer_76,user_76@example.com,South,2023-03-17,5679.0,2024-01-29,130.64,Shipped
76,Customer_76,user_76@example.com,South,2023-03-17,7203.0,2024-04-01,144.12,Completed
76,Customer_76,user_76@example.com,South,2023-03-17,8542.0,2024-05-27,434.52,Completed
77,Customer_77,user_77@example.com,West,2023-03-18,5321.0,2024-01-14,138.56,Pending
77,Customer_77,user_77@example.com,West,2023-03-18,7153.0,2024-03-30,400.48,Cancelled
78,Customer_78,user_78@example.com,West,2023-03-19,5489.0,2024-01-21,100.4,Pending
78,Customer_78,user_78@example.com,West,2023-03-19,6845.0,2024-03-17,418.97,Completed
78,Customer_78,user_78@example.com,West,2023-03-19,7189.0,2024-04-01,471.69,Completed
78,Customer_78,user_78@example.com,West,2023-03-19,7324.0,2024-04-06,283.98,Pending
78,Customer_78,user_78@example.com,West,2023-03-19,8322.0,2024-05-18,105.99,Cancelled
78,Customer_78,user_78@example.com,West,2023-03-19,9340.0,2024-06-29,73.15,Pending
78,Customer_78,user_78@example.com,West,2023-03-19,9482.0,2024-07-05,366.36,Pending
79,Customer_79,user_79@example.com,East,2023-03-20,5404.0,2024-01-17,74.79,Pending
79,Customer_79,user_79@example.com,East,2023-03-20,6095.0,2024-02-15,491.22,Cancelled
79,Customer_79,user_79@example.com,East,2023-03-20,7500.0,2024-04-14,133.97,Cancelled
79,Customer_79,user_79@example.com,East,2023-03-20,8059.0,2024-05-07,328.88,Cancelled
79,Customer_79,user_79@example.com,East,2023-03-20,9229.0,2024-06-25,300.43,Cancelled
79,Customer_79,user_79@example.com,East,2023-03-20,9668.0,2024-07-13,186.13,Pending
80,Customer_80,user_80@example.com,West,2023-03-21,8821.0,2024-06-08,164.65,Completed
81,Customer_81,user_81@example.com,East,2023-03-22,6863.0,2024-03-18,89.19,Pending
81,Customer_81,user_81@example.com,East,2023-03-22,7414.0,2024-04-10,415.28,Shipped
81,Customer_81,user_81@example.com,East,2023-03-22,8670.0,2024-06-01,480.39,Shipped
81,Customer_81,user_81@example.com,East,2023-03-22,8819.0,2024-06-08,124.66,Cancelled
82,Customer_82,user_82@example.com,West,2023-03-23,5688.0,2024-01-29,342.69,Shipped
82,Customer_82,user_82@example.com,West,2023-03-23,6486.0,2024-03-02,384.85,Cancelled
82,Customer_82,user_82@example.com,West,2023-03-23,6944.0,2024-03-21,57.23,Pending
82,Customer_82,user_82@example.com,West,2023-03-23,7544.0,2024-04-15,40.53,Shipped
82,Customer_82,user_82@example.com,West,2023-03-23,7628.0,2024-04-19,298.19,Completed
82,Customer_82,user_82@example.com,West,2023-03-23,8020.0,2024-05-05,102.49,Completed
83,Customer_83,user_83@example.com,North,2023-03-24,5393.0,2024-01-17,173.0,Completed
83,Customer_83,user_83@example.com,North,2023-03-24,6523.0,2024-03-04,386.85,Shipped
83,Customer_83,user_83@example.com,North,2023-03-24,8343.0,2024-05-19,427.84,Pending
83,Customer_83,user_83@example.com,North,2023-03-24,9172.0,2024-06-22,484.69,Completed
83,Customer_83,user_83@example.com,North,2023-03-24,9583.0,2024-07-09,144.64,Completed
83,Customer_83,user_83@example.com,North,2023-03-24,9721.0,2024-07-15,269.89,Pending
84,Customer_84,user_84@example.com,West,2023-03-25,5437.0,2024-01-19,49.91,Completed
84,Customer_84,user_84@example.com,West,2023-03-25,5803.0,2024-02-03,99.69,Pending
84,Customer_84,user_84@example.com,West,2023-03-25,6665.0,2024-03-10,212.2,Cancelled
84,Customer_84,user_84@example.com,West,2023-03-25,6903.0,2024-03-20,425.52,Pending
84,Customer_84,user_84@example.com,West,2023-03-25,6969.0,2024-03-23,156.83,Completed
84,Customer_84,user_84@example.com,West,2023-03-25,7240.0,2024-04-03,224.91,Shipped
84,Customer_84,user_84@example.com,West,2023-03-25,7575.0,2024-04-17,48.71,Shipped
84,Customer_84,user_84@example.com,West,2023-03-25,7880.0,2024-04-29,326.58,Shipped
84,Customer_84,user_84@example.com,West,2023-03-25,8028.0,2024-05-06,484.93,Pending
84,Customer_84,user_84@example.com,West,2023-03-25,8274.0,2024-05-16,458.79,Completed
84,Customer_84,user_84@example.com,West,2023-03-25,8842.0,2024-06-09,334.8,Shipped
84,Customer_84,user_84@example.com,West,2023-03-25,9981.0,2024-07-26,463.48,Shipped
85,Customer_85,user_85@example.com,East,2023-03-26,5297.0,2024-01-13,311.35,Shipped
85,Customer_85,user_85@example.com,East,2023-03-26,7433.0,2024-04-11,398.73,Completed
85,Customer_85,user_85@example.com,East,2023-03-26,7461.0,2024-04-12,453.73,Completed
85,Customer_85,user_85@example.com,East,2023-03-26,8710.0,2024-06-03,430.23,Pending
86,Customer_86,user_86@example.com,East,2023-03-27,5332.0,2024-01-14,371.14,Shipped
86,Customer_86,user_86@example.com,East,2023-03-27,5465.0,2024-01-20,42.28,Pending
86,Customer_86,user_86@example.com,East,2023-03-27,5579.0,2024-01-25,383.89,Shipped
86,Customer_86,user_86@example.com,East,2023-03-27,6269.0,2024-02-22,313.63,Completed
86,Customer_86,user_86@example.com,East,2023-03-27,7271.0,2024-04-04,189.54,Cancelled
86,Customer_86,user_86@example.com,East,2023-03-27,8350.0,2024-05-19,95.66,Completed
87,Customer_87,user_87@example.com,South,2023-03-28,6323.0,2024-02-25,80.56,Completed
87,Customer_87,user_87@example.com,South,2023-03-28,7115.0,2024-03-29,235.97,Pending
87,Customer_87,user_87@example.com,South,2023-03-28,7207.0,2024-04-01,420.5,Completed
87,Customer_87,user_87@example.com,South,2023-03-28,7952.0,2024-05-02,329.59,Pending
87,Customer_87,user_87@example.com,South,2023-03-28,8850.0,2024-06-09,295.56,Pending
87,Customer_87,user_87@example.com,South,2023-03-28,9876.0,2024-07-22,497.3,Cancelled
88,Customer_88,user_88@example.com,North,2023-03-29,7104.0,2024-03-28,309.74,Shipped
88,Customer_88,user_88@example.com,North,2023-03-29,7105.0,2024-03-28,206.08,Completed
88,Customer_88,user_88@example.com,North,2023-03-29,7294.0,2024-04-05,467.66,Completed
88,Customer_88,user_88@example.com,North,2023-03-29,7373.0,2024-04-08,22.18,Shipped
88,Customer_88,user_88@example.com,North,2023-03-29,7468.0,2024-04-12,365.22,Pending
88,Customer_88,user_88@example.com,North,2023-03-29,9980.0,2024-07-26,485.4,Completed
89,Customer_89,user_89@example.com,West,2023-03-30,5637.0,2024-01-27,124.24,Shipped
89,Customer_89,user_89@example.com,West,2023-03-30,6615.0,2024-03-08,218.46,Shipped
89,Customer_89,user_89@example.com,West,2023-03-30,7221.0,2024-04-02,35.07,Completed
89,Customer_89,user_89@example.com,West,2023-03-30,8242.0,2024-05-15,239.31,Shipped
89,Customer_89,user_89@example.com,West,2023-03-30,8993.0,2024-06-15,238.26,Cancelled
89,Customer_89,user_89@example.com,West,2023-03-30,9650.0,2024-07-12,403.0,Shipped
90,Customer_90,user_90@example.com,South,2023-03-31,5025.0,2024-01-02,419.93,Completed
90,Customer_90,user_90@example.com,South,2023-03-31,5189.0,2024-01-08,235.74,Completed
90,Customer_90,user_90@example.com,South,2023-03-31,5389.0,2024-01-17,491.34,Shipped
90,Customer_90,user_90@example.com,South,2023-03-31,7837.0,2024-04-28,258.55,Completed
90,Customer_90,user_90@example.com,South,2023-03-31,8455.0,2024-05-23,219.9,Pending
91,Customer_91,user_91@example.com,West,2023-04-01,6671.0,2024-03-10,371.04,Pending
91,Customer_91,user_91@example.com,West,2023-04-01,9800.0,2024-07-18,476.29,Shipped
92,Customer_92,user_92@example.com,West,2023-04-02,5407.0,2024-01-17,49.79,Pending
92,Customer_92,user_92@example.com,West,2023-04-02,5921.0,2024-02-08,344.27,Pending
92,Customer_92,user_92@example.com,West,2023-04-02,6085.0,2024-02-15,351.25,Shipped
92,Customer_92,user_92@example.com,West,2023-04-02,7791.0,2024-04-26,466.37,Cancelled
92,Customer_92,user_92@example.com,West,2023-04-02,9161.0,2024-06-22,357.81,Cancelled
93,Customer_93,user_93@example.com,South,2023-04-03,5372.0,2024-01-16,484.53,Completed
93,Customer_93,user_93@example.com,South,2023-04-03,6430.0,2024-02-29,353.66,Cancelled
93,Customer_93,user_93@example.com,South,2023-04-03,7588.0,2024-04-17,341.5,Shipped
93,Customer_93,user_93@example.com,South,2023-04-03,8472.0,2024-05-24,210.19,Shipped
93,Customer_93,user_93@example.com,South,2023-04-03,9372.0,2024-07-01,24.37,Shipped
94,Customer_94,user_94@example.com,South,2023-04-04,,,,
95,Customer_95,user_95@example.com,South,2023-04-05,6692.0,2024-03-11,337.11,Pending
95,Customer_95,user_95@example.com,South,2023-04-05,6979.0,2024-03-23,263.33,Pending
95,Customer_95,user_95@example.com,South,2023-04-05,7000.0,2024-03-24,234.24,Shipped
95,Customer_95,user_95@example.com,South,2023-04-05,7472.0,2024-04-12,181.77,Cancelled
95,Customer_95,user_95@example.com,South,2023-04-05,8521.0,2024-05-26,291.02,Cancelled
95,Customer_95,user_95@example.com,South,2023-04-05,9735.0,2024-07-16,41.57,Pending
96,Customer_96,user_96@example.com,South,2023-04-06,5722.0,2024-01-31,230.51,Pending
96,Customer_96,user_96@example.com,South,2023-04-06,9530.0,2024-07-07,145.57,Cancelled
96,Customer_96,user_96@example.com,South,2023-04-06,9907.0,2024-07-23,436.45,Completed
97,Customer_97,user_97@example.com,South,2023-04-07,6495.0,2024-03-03,20.02,Cancelled
97,Customer_97,user_97@example.com,South,2023-04-07,6610.0,2024-03-08,394.25,Completed
97,Customer_97,user_97@example.com,South,2023-04-07,8725.0,2024-06-04,325.21,Completed
97,Customer_97,user_97@example.com,South,2023-04-07,9830.0,2024-07-20,102.15,Completed
98,Customer_98,user_98@example.com,West,2023-04-08,5156.0,2024-01-07,354.72,Cancelled
98,Customer_98,user_98@example.com,West,2023-04-08,8132.0,2024-05-10,348.17,Pending
98,Customer_98,user_98@example.com,West,2023-04-08,8869.0,2024-06-10,394.86,Shipped
98,Customer_98,user_98@example.com,West,2023-04-08,9479.0,2024-07-05,227.4,Pending
98,Customer_98,user_98@example.com,West,2023-04-08,9854.0,2024-07-21,383.99,Shipped
99,Customer_99,user_99@example.com,South,2023-04-09,5130.0,2024-01-06,357.29,Shipped
99,Customer_99,user_99@example.com,South,2023-04-09,6349.0,2024-02-26,348.99,Cancelled
99,Customer_99,user_99@example.com,South,2023-04-09,8927.0,2024-06-12,110.15,Shipped
99,Customer_99,user_99@example.com,South,2023-04-09,8950.0,2024-06-13,365.29,Cancelled
99,Customer_99,user_99@example.com,South,2023-04-09,8979.0,2024-06-14,343.34,Pending
99,Customer_99,user_99@example.com,South,2023-04-09,9239.0,2024-06-25,322.53,Cancelled
100,Customer_100,user_100@example.com,North,2023-04-10,5625.0,2024-01-27,97.58,Completed
100,Customer_100,user_100@example.com,North,2023-04-10,6097.0,2024-02-15,77.33,Pending
100,Customer_100,user_100@example.com,North,2023-04-10,6882.0,2024-03-19,358.32,Pending
100,Customer_100,user_100@example.com,North,2023-04-10,8480.0,2024-05-24,18.9,Pending
100,Customer_100,user_100@example.com,North,2023-04-10,8736.0,2024-06-04,172.73,Cancelled
101,Customer_101,user_101@example.com,East,2023-04-11,6217.0,2024-02-20,232.25,Shipped
101,Customer_101,user_101@example.com,East,2023-04-11,6815.0,2024-03-16,442.61,Pending
101,Customer_101,user_101@example.com,East,2023-04-11,7283.0,2024-04-05,104.9,Completed
101,Customer_101,user_101@example.com,East,2023-04-11,7881.0,2024-04-30,466.54,Pending
101,Customer_101,user_101@example.com,East,2023-04-11,8347.0,2024-05-19,488.6,Cancelled
101,Customer_101,user_101@example.com,East,2023-04-11,8560.0,2024-05-28,425.76,Pending
102,Customer_102,user_102@example.com,South,2023-04-12,5847.0,2024-02-05,41.84,Completed
102,Customer_102,user_102@example.com,South,2023-04-12,6277.0,2024-02-23,358.71,Shipped
102,Customer_102,user_102@example.com,South,2023-04-12,7732.0,2024-04-23,456.09,Pending
102,Customer_102,user_102@example.com,South,2023-04-12,8163.0,2024-05-11,259.75,Cancelled
102,Customer_102,user_102@example.com,South,2023-04-12,8270.0,2024-05-16,344.14,Cancelled
102,Customer_102,user_102@example.com,South,2023-04-12,8362.0,2024-05-20,199.12,Shipped
102,Customer_102,user_102@example.com,South,2023-04-12,8799.0,2024-06-07,140.63,Pending
102,Customer_102,user_102@example.com,South,2023-04-12,9381.0,2024-07-01,183.05,Cancelled
102,Customer_102,user_102@example.com,South,2023-04-12,9423.0,2024-07-03,453.76,Pending
102,Customer_102,user_102@example.com,South,2023-04-12,9786.0,2024-07-18,384.62,Shipped
103,Customer_103,user_103@example.com,South,2023-04-13,7608.0,2024-04-18,328.07,Shipped
103,Customer_103,user_103@example.com,South,2023-04-13,8393.0,2024-05-21,162.56,Shipped
103,Customer_103,user_103@example.com,South,2023-04-13,9153.0,2024-06-22,39.5,Pending
104,Customer_104,user_104@example.com,West,2023-04-14,5482.0,2024-01-21,284.99,Completed
104,Customer_104,user_104@example.com,West,2023-04-14,5797.0,2024-02-03,340.54,Pending
104,Customer_104,user_104@example.com,West,2023-04-14,6071.0,2024-02-14,446.09,Pending
104,Customer_104,user_104@example.com,West,2023-04-14,6329.0,2024-02-25,297.46,Shipped
104,Customer_104,user_104@example.com,West,2023-04-14,6780.0,2024-03-15,300.46,Cancelled
104,Customer_104,user_104@example.com,West,2023-04-14,8023.0,2024-05-05,112.17,Completed
104,Customer_104,user_104@example.com,West,2023-04-14,8066.0,2024-05-07,477.04,Shipped
104,Customer_104,user_104@example.com,West,2023-04-14,8315.0,2024-05-18,136.47,Shipped
104,Customer_104,user_104@example.com,West,2023-04-14,9506.0,2024-07-06,80.59,Cancelled
105,Customer_105,user_105@example.com,South,2023-04-15,5530.0,2024-01-23,23.91,Cancelled
105,Customer_105,user_105@example.com,South,2023-04-15,6740.0,2024-03-13,251.7,Shipped
105,Customer_105,user_105@example.com,South,2023-04-15,7229.0,2024-04-02,456.78,Shipped
105,Customer_105,user_105@example.com,South,2023-04-15,7579.0,2024-04-17,287.88,Pending
106,Customer_106,user_106@example.com,South,2023-04-16,5572.0,2024-01-24,457.23,Shipped
106,Customer_106,user_106@example.com,South,2023-04-16,7971.0,2024-05-03,72.4,Completed
106,Customer_106,user_106@example.com,South,2023-04-16,8921.0,2024-06-12,433.45,Cancelled
106,Customer_106,user_106@example.com,South,2023-04-16,9961.0,2024-07-25,440.58,Completed
107,Customer_107,user_107@example.com,South,2023-04-17,5924.0,2024-02-08,478.0,Shipped
107,Customer_107,user_107@example.com,South,2023-04-17,6370.0,2024-02-27,64.35,Completed
107,Customer_107,user_107@example.com,South,2023-04-17,7891.0,2024-04-30,325.41,Completed
107,Customer_107,user_107@example.com,South,2023-04-17,8471.0,2024-05-24,154.1,Shipped
108,Customer_108,user_108@example.com,West,2023-04-18,6163.0,2024-02-18,311.29,Cancelled
108,Customer_108,user_108@example.com,West,2023-04-18,6465.0,2024-03-02,76.46,Shipped
108,Customer_108,user_108@example.com,West,2023-04-18,7327.0,2024-04-06,114.92,Cancelled
108,Customer_108,user_108@example.com,West,2023-04-18,7577.0,2024-04-17,21.92,Pending
108,Customer_108,user_108@example.com,West,2023-04-18,8031.0,2024-05-06,433.17,Shipped
108,Customer_108,user_108@example.com,West,2023-04-18,8855.0,2024-06-09,498.47,Completed
109,Customer_109,user_109@example.com,South,2023-04-19,5132.0,2024-01-06,129.63,Pending
109,Customer_109,user_109@example.com,South,2023-04-19,6825.0,2024-03-17,20.77,Pending
109,Customer_109,user_109@example.com,South,2023-04-19,7733.0,2024-04-23,267.2,Pending
109,Customer_109,user_109@example.com,South,2023-04-19,8536.0,2024-05-27,327.83,Shipped
109,Customer_109,user_109@example.com,South,2023-04-19,8561.0,2024-05-28,197.55,Completed
109,Customer_109,user_109@example.com,South,2023-04-19,8618.0,2024-05-30,65.31,Completed
109,Customer_109,user_109@example.com,South,2023-04-19,8797.0,2024-06-07,220.0,Cancelled
109,Customer_109,user_109@example.com,South,2023-04-19,9280.0,2024-06-27,21.9,Completed
109,Customer_109,user_109@example.com,South,2023-04-19,9413.0,2024-07-02,86.47,Completed
109,Customer_109,user_109@example.com,South,2023-04-19,9973.0,2024-07-26,313.73,Cancelled
110,Customer_110,user_110@example.com,East,2023-04-20,6614.0,2024-03-08,68.55,Cancelled
111,Customer_111,user_111@example.com,West,2023-04-21,5140.0,2024-01-06,64.12,Shipped
111,Customer_111,user_111@example.com,West,2023-04-21,5770.0,2024-02-02,77.44,Completed
111,Customer_111,user_111@example.com,West,2023-04-21,7139.0,2024-03-30,210.12,Cancelled
111,Customer_111,user_111@example.com,West,2023-04-21,7169.0,2024-03-31,294.9,Cancelled
111,Customer_111,user_111@example.com,West,2023-04-21,8642.0,2024-05-31,137.78,Pending
111,Customer_111,user_111@example.com,West,2023-04-21,8711.0,2024-06-03,154.26,Cancelled
111,Customer_111,user_111@example.com,West,2023-04-21,9105.0,2024-06-20,92.0,Pending
111,Customer_111,user_111@example.com,West,2023-04-21,9552.0,2024-07-08,144.25,Shipped
111,Customer_111,user_111@example.com,West,2023-04-21,9745.0,2024-07-16,402.5,Cancelled
111,Customer_111,user_111@example.com,West,2023-04-21,9781.0,2024-07-18,153.8,Cancelled
112,Customer_112,user_112@example.com,East,2023-04-22,5685.0,2024-01-29,429.96,Shipped
112,Customer_112,user_112@example.com,East,2023-04-22,5885.0,2024-02-06,446.32,Pending
112,Customer_112,user_112@example.com,East,2023-04-22,6601.0,2024-03-07,482.57,Cancelled
112,Customer_112,user_112@example.com,East,2023-04-22,9743.0,2024-07-16,429.92,Shipped
113,Customer_113,user_113@example.com,West,2023-04-23,6449.0,2024-03-01,53.15,Shipped
113,Customer_113,user_113@example.com,West,2023-04-23,6784.0,2024-03-15,480.95,Completed
113,Customer_113,user_113@example.com,West,2023-04-23,6951.0,2024-03-22,237.91,Shipped
113,Customer_113,user_113@example.com,West,2023-04-23,7164.0,2024-03-31,133.45,Cancelled
113,Customer_113,user_113@example.com,West,2023-04-23,7904.0,2024-04-30,146.61,Completed
113,Customer_113,user_113@example.com,West,2023-04-23,8500.0,2024-05-25,179.07,Cancelled
113,Customer_113,user_113@example.com,West,2023-04-23,8829.0,2024-06-08,30.74,Pending
113,Customer_113,user_113@example.com,West,2023-04-23,8999.0,2024-06-15,114.45,Shipped
113,Customer_113,user_113@example.com,West,2023-04-23,9560.0,2024-07-08,346.85,Pending
113,Customer_113,user_113@example.com,West,2023-04-23,9765.0,2024-07-17,85.37,Shipped
114,Customer_114,user_114@example.com,South,2023-04-24,5119.0,2024-01-05,34.54,Shipped
114,Customer_114,user_114@example.com,South,2023-04-24,5794.0,2024-02-03,423.29,Cancelled
114,Customer_114,user_114@example.com,South,2023-04-24,6803.0,2024-03-16,122.22,Shipped
114,Customer_114,user_114@example.com,South,2023-04-24,7123.0,2024-03-29,326.53,Completed
114,Customer_114,user_114@example.com,South,2023-04-24,8325.0,2024-05-18,344.79,Completed
114,Customer_114,user_114@example.com,South,2023-04-24,9902.0,2024-07-23,264.45,Cancelled
115,Customer_115,user_115@example.com,East,2023-04-25,5438.0,2024-01-19,139.49,Completed
115,Customer_115,user_115@example.com,East,2023-04-25,5781.0,2024-02-02,347.44,Shipped
115,Customer_115,user_115@example.com,East,2023-04-25,9568.0,2024-07-09,445.15,Cancelled
116,Customer_116,user_116@example.com,West,2023-04-26,5865.0,2024-02-06,201.8,Shipped
116,Customer_116,user_116@example.com,West,2023-04-26,8502.0,2024-05-25,75.39,Pending
116,Customer_116,user_116@example.com,West,2023-04-26,9588.0,2024-07-10,191.68,Pending
116,Customer_116,user_116@example.com,West,2023-04-26,9621.0,2024-07-11,472.47,Shipped
117,Customer_117,user_117@example.com,North,2023-04-27,5033.0,2024-01-02,345.07,Completed
117,Customer_117,user_117@example.com,North,2023-04-27,5660.0,2024-01-28,425.29,Cancelled
117,Customer_117,user_117@example.com,North,2023-04-27,5787.0,2024-02-02,406.85,Shipped
117,Customer_117,user_117@example.com,North,2023-04-27,8316.0,2024-05-18,447.16,Pending
117,Customer_117,user_117@example.com,North,2023-04-27,8348.0,2024-05-19,354.6,Pending
117,Customer_117,user_117@example.com,North,2023-04-27,9126.0,2024-06-20,304.25,Cancelled
117,Customer_117,user_117@example.com,North,2023-04-27,9289.0,2024-06-27,382.09,Completed
118,Customer_118,user_118@example.com,South,2023-04-28,5433.0,2024-01-19,320.75,Shipped
118,Customer_118,user_118@example.com,South,2023-04-28,5720.0,2024-01-30,414.94,Completed
118,Customer_118,user_118@example.com,South,2023-04-28,5766.0,2024-02-01,421.37,Completed
118,Customer_118,user_118@example.com,South,2023-04-28,7748.0,2024-04-24,357.59,Pending
118,Customer_118,user_118@example.com,South,2023-04-28,7905.0,2024-05-01,104.83,Pending
118,Customer_118,user_118@example.com,South,2023-04-28,8595.0,2024-05-29,23.15,Cancelled
118,Customer_118,user_118@example.com,South,2023-04-28,8959.0,2024-06-13,181.36,Cancelled
118,Customer_118,user_118@example.com,South,2023-04-28,8975.0,2024-06-14,268.51,Cancelled
118,Customer_118,user_118@example.com,South,2023-04-28,9196.0,2024-06-23,38.55,Cancelled
118,Customer_118,user_118@example.com,South,2023-04-28,9319.0,2024-06-28,274.7,Pending
119,Customer_119,user_119@example.com,West,2023-04-29,5103.0,2024-01-05,51.68,Pending
119,Customer_119,user_119@example.com,West,2023-04-29,5647.0,2024-01-27,251.83,Pending
119,Customer_119,user_119@example.com,West,2023-04-29,5892.0,2024-02-07,22.05,Completed
119,Customer_119,user_119@example.com,West,2023-04-29,6628.0,2024-03-08,176.55,Shipped
119,Customer_119,user_119@example.com,West,2023-04-29,7519.0,2024-04-14,409.19,Cancelled
119,Customer_119,user_119@example.com,West,2023-04-29,8450.0,2024-05-23,53.96,Shipped
119,Customer_119,user_119@example.com,West,2023-04-29,8498.0,2024-05-25,232.32,Completed
120,Customer_120,user_120@example.com,North,2023-04-30,5244.0,2024-01-11,65.97,Completed
120,Customer_120,user_120@example.com,North,2023-04-30,7593.0,2024-04-18,335.97,Cancelled
120,Customer_120,user_120@example.com,North,2023-04-30,8049.0,2024-05-07,474.7,Cancelled
120,Customer_120,user_120@example.com,North,2023-04-30,8097.0,2024-05-09,190.78,Shipped
120,Customer_120,user_120@example.com,North,2023-04-30,9604.0,2024-07-10,89.89,Shipped
121,Customer_121,user_121@example.com,West,2023-05-01,5821.0,2024-02-04,363.71,Cancelled
121,Customer_121,user_121@example.com,West,2023-05-01,6586.0,2024-03-07,460.24,Pending
121,Customer_121,user_121@example.com,West,2023-05-01,8730.0,2024-06-04,344.87,Shipped
122,Customer_122,user_122@example.com,North,2023-05-02,6379.0,2024-02-27,338.89,Completed
122,Customer_122,user_122@example.com,North,2023-05-02,6521.0,2024-03-04,243.13,Completed
122,Customer_122,user_122@example.com,North,2023-05-02,6762.0,2024-03-14,241.61,Completed
122,Customer_122,user_122@example.com,North,2023-05-02,9022.0,2024-06-16,139.6,Pending
122,Customer_122,user_122@example.com,North,2023-05-02,9368.0,2024-06-30,238.78,Completed
123,Customer_123,user_123@example.com,South,2023-05-03,7460.0,2024-04-12,101.45,Cancelled
123,Customer_123,user_123@example.com,South,2023-05-03,8007.0,2024-05-05,141.89,Pending
124,Customer_124,user_124@example.com,East,2023-05-04,5496.0,2024-01-21,109.36,Cancelled
124,Customer_124,user_124@example.com,East,2023-05-04,5714.0,2024-01-30,364.25,Shipped
124,Customer_124,user_124@example.com,East,2023-05-04,6157.0,2024-02-18,376.4,Shipped
124,Customer_124,user_124@example.com,East,2023-05-04,6252.0,2024-02-22,400.04,Shipped
124,Customer_124,user_124@example.com,East,2023-05-04,6267.0,2024-02-22,79.77,Cancelled
124,Customer_124,user_124@example.com,East,2023-05-04,6412.0,2024-02-28,101.96,Shipped
124,Customer_124,user_124@example.com,East,2023-05-04,8114.0,2024-05-09,337.59,Completed
124,Customer_124,user_124@example.com,East,2023-05-04,9484.0,2024-07-05,482.7,Cancelled
124,Customer_124,user_124@example.com,East,2023-05-04,9969.0,2024-07-26,322.5,Cancelled
125,Customer_125,user_125@example.com,North,2023-05-05,5809.0,2024-02-03,268.52,Shipped
125,Customer_125,user_125@example.com,North,2023-05-05,7508.0,2024-04-14,288.6,Pending
125,Customer_125,user_125@example.com,North,2023-05-05,9360.0,2024-06-30,20.03,Shipped
126,Customer_126,user_126@example.com,West,2023-05-06,6293.0,2024-02-23,247.84,Shipped
126,Customer_126,user_126@example.com,West,2023-05-06,6850.0,2024-03-18,140.37,Completed
126,Customer_126,user_126@example.com,West,2023-05-06,9254.0,2024-06-26,193.61,Cancelled
126,Customer_126,user_126@example.com,West,2023-05-06,9488.0,2024-07-05,76.75,Cancelled
126,Customer_126,user_126@example.com,West,2023-05-06,9545.0,2024-07-08,414.04,Cancelled
126,Customer_126,user_126@example.com,West,2023-05-06,9895.0,2024-07-22,436.23,Pending
127,Customer_127,user_127@example.com,South,2023-05-07,5265.0,2024-01-12,270.67,Cancelled
127,Customer_127,user_127@example.com,South,2023-05-07,5693.0,2024-01-29,28.86,Pending
127,Customer_127,user_127@example.com,South,2023-05-07,5993.0,2024-02-11,155.59,Cancelled
127,Customer_127,user_127@example.com,South,2023-05-07,6004.0,2024-02-11,378.34,Completed
127,Customer_127,user_127@example.com,South,2023-05-07,7291.0,2024-04-05,131.43,Cancelled
127,Customer_127,user_127@example.com,South,2023-05-07,7916.0,2024-05-01,40.34,Shipped
127,Customer_127,user_127@example.com,South,2023-05-07,8514.0,2024-05-26,334.21,Cancelled
128,Customer_128,user_128@example.com,North,2023-05-08,5178.0,2024-01-08,348.79,Cancelled
128,Customer_128,user_128@example.com,North,2023-05-08,5762.0,2024-02-01,294.79,Cancelled
128,Customer_128,user_128@example.com,North,2023-05-08,6261.0,2024-02-22,30.68,Shipped
128,Customer_128,user_128@example.com,North,2023-05-08,7053.0,2024-03-26,433.12,Shipped
128,Customer_128,user_128@example.com,North,2023-05-08,8266.0,2024-05-16,74.8,Shipped
128,Customer_128,user_128@example.com,North,2023-05-08,8356.0,2024-05-19,435.96,Completed
128,Customer_128,user_128@example.com,North,2023-05-08,8825.0,2024-06-08,123.95,Pending
129,Customer_129,user_129@example.com,West,2023-05-09,6642.0,2024-03-09,462.62,Cancelled
129,Customer_129,user_129@example.com,West,2023-05-09,6843.0,2024-03-17,260.45,Pending
129,Customer_129,user_129@example.com,West,2023-05-09,7121.0,2024-03-29,263.6,Cancelled
129,Customer_129,user_129@example.com,West,2023-05-09,8098.0,2024-05-09,372.74,Shipped
129,Customer_129,user_129@example.com,West,2023-05-09,8515.0,2024-05-26,225.7,Pending
129,Customer_129,user_129@example.com,West,2023-05-09,9210.0,2024-06-24,375.5,Cancelled
129,Customer_129,user_129@example.com,West,2023-05-09,9278.0,2024-06-27,86.47,Shipped
129,Customer_129,user_129@example.com,West,2023-05-09,9950.0,2024-07-25,390.05,Shipped
130,Customer_130,user_130@example.com,West,2023-05-10,5146.0,2024-01-07,358.93,Cancelled
130,Customer_130,user_130@example.com,West,2023-05-10,6098.0,2024-02-15,27.69,Cancelled
130,Customer_130,user_130@example.com,West,2023-05-10,6797.0,2024-03-15,481.1,Cancelled
130,Customer_130,user_130@example.com,West,2023-05-10,7886.0,2024-04-30,293.98,Cancelled
130,Customer_130,user_130@example.com,West,2023-05-10,8133.0,2024-05-10,375.19,Pending
130,Customer_130,user_130@example.com,West,2023-05-10,8556.0,2024-05-28,114.56,Pending
130,Customer_130,user_130@example.com,West,2023-05-10,9290.0,2024-06-27,38.09,Pending
130,Customer_130,user_130@example.com,West,2023-05-10,9549.0,2024-07-08,296.55,Completed
131,Customer_131,user_131@example.com,West,2023-05-11,5716.0,2024-01-30,357.24,Cancelled
131,Customer_131,user_131@example.com,West,2023-05-11,6237.0,2024-02-21,456.66,Pending
131,Customer_131,user_131@example.com,West,2023-05-11,8602.0,2024-05-30,226.48,Cancelled
131,Customer_131,user_131@example.com,West,2023-05-11,9181.0,2024-06-23,96.67,Completed
131,Customer_131,user_131@example.com,West,2023-05-11,9834.0,2024-07-20,492.47,Cancelled
132,Customer_132,user_132@example.com,North,2023-05-12,5502.0,2024-01-21,351.63,Shipped
132,Customer_132,user_132@example.com,North,2023-05-12,6366.0,2024-02-26,68.85,Completed
132,Customer_132,user_132@example.com,North,2023-05-12,7225.0,2024-04-02,306.68,Shipped
132,Customer_132,user_132@example.com,North,2023-05-12,8544.0,2024-05-27,475.92,Completed
132,Customer_132,user_132@example.com,North,2023-05-12,9169.0,2024-06-22,320.77,Completed
133,Customer_133,user_133@example.com,North,2023-05-13,5780.0,2024-02-02,249.51,Shipped
133,Customer_133,user_133@example.com,North,2023-05-13,6536.0,2024-03-04,187.84,Shipped
133,Customer_133,user_133@example.com,North,2023-05-13,8431.0,2024-05-22,136.73,Pending
133,Customer_133,user_133@example.com,North,2023-05-13,8580.0,2024-05-29,473.34,Cancelled
133,Customer_133,user_133@example.com,North,2023-05-13,8763.0,2024-06-05,314.39,Shipped
134,Customer_134,user_134@example.com,North,2023-05-14,7589.0,2024-04-17,415.22,Shipped
134,Customer_134,user_134@example.com,North,2023-05-14,8659.0,2024-06-01,231.05,Completed
134,Customer_134,user_134@example.com,North,2023-05-14,9223.0,2024-06-24,374.71,Shipped
134,Customer_134,user_134@example.com,North,2023-05-14,9592.0,2024-07-10,84.16,Completed
135,Customer_135,user_135@example.com,East,2023-05-15,8067.0,2024-05-07,202.28,Cancelled
136,Customer_136,user_136@example.com,North,2023-05-16,5529.0,2024-01-23,77.36,Pending
136,Customer_136,user_136@example.com,North,2023-05-16,8528.0,2024-05-26,176.52,Completed
137,Customer_137,user_137@example.com,North,2023-05-17,5203.0,2024-01-09,21.5,Completed
137,Customer_137,user_137@example.com,North,2023-05-17,5828.0,2024-02-04,239.03,Cancelled
137,Customer_137,user_137@example.com,North,2023-05-17,7048.0,2024-03-26,84.89,Shipped
137,Customer_137,user_137@example.com,North,2023-05-17,7982.0,2024-05-04,36.08,Cancelled
137,Customer_137,user_137@example.com,North,2023-05-17,8008.0,2024-05-05,255.71,Shipped
137,Customer_137,user_137@example.com,North,2023-05-17,8094.0,2024-05-08,388.42,Pending
137,Customer_137,user_137@example.com,North,2023-05-17,9647.0,2024-07-12,99.44,Pending
137,Customer_137,user_137@example.com,North,2023-05-17,9939.0,2024-07-24,92.79,Cancelled
138,Customer_138,user_138@example.com,North,2023-05-18,5451.0,2024-01-19,170.56,Shipped
138,Customer_138,user_138@example.com,North,2023-05-18,5481.0,2024-01-21,392.01,Pending
138,Customer_138,user_138@example.com,North,2023-05-18,7141.0,2024-03-30,72.4,Cancelled
138,Customer_138,user_138@example.com,North,2023-05-18,9470.0,2024-07-05,301.3,Cancelled
139,Customer_139,user_139@example.com,East,2023-05-19,5904.0,2024-02-07,431.09,Completed
139,Customer_139,user_139@example.com,East,2023-05-19,6425.0,2024-02-29,60.25,Cancelled
139,Customer_139,user_139@example.com,East,2023-05-19,7008.0,2024-03-24,89.61,Completed
139,Customer_139,user_139@example.com,East,2023-05-19,8701.0,2024-06-03,165.37,Shipped
139,Customer_139,user_139@example.com,East,2023-05-19,8874.0,2024-06-10,36.57,Pending
140,Customer_140,user_140@example.com,North,2023-05-20,5907.0,2024-02-07,126.46,Completed
140,Customer_140,user_140@example.com,North,2023-05-20,5938.0,2024-02-09,495.5,Shipped
140,Customer_140,user_140@example.com,North,2023-05-20,8354.0,2024-05-19,130.57,Shipped
140,Customer_140,user_140@example.com,North,2023-05-20,9718.0,2024-07-15,133.45,Pending
140,Customer_140,user_140@example.com,North,2023-05-20,9903.0,2024-07-23,402.27,Completed
141,Customer_141,user_141@example.com,West,2023-05-21,5045.0,2024-01-02,464.6,Cancelled
141,Customer_141,user_141@example.com,West,2023-05-21,5070.0,2024-01-03,200.62,Cancelled
141,Customer_141,user_141@example.com,West,2023-05-21,5414.0,2024-01-18,65.71,Cancelled
141,Customer_141,user_141@example.com,West,2023-05-21,5655.0,2024-01-28,480.17,Cancelled
141,Customer_141,user_141@example.com,West,2023-05-21,6160.0,2024-02-18,391.63,Shipped
141,Customer_141,user_141@example.com,West,2023-05-21,6182.0,2024-02-19,227.94,Shipped
141,Customer_141,user_141@example.com,West,2023-05-21,6558.0,2024-03-05,145.14,Pending
141,Customer_141,user_141@example.com,West,2023-05-21,7528.0,2024-04-15,385.66,Pending
141,Customer_141,user_141@example.com,West,2023-05-21,7601.0,2024-04-18,420.12,Pending
141,Customer_141,user_141@example.com,West,2023-05-21,8970.0,2024-06-14,208.13,Completed
142,Customer_142,user_142@example.com,North,2023-05-22,8285.0,2024-05-16,254.88,Cancelled
142,Customer_142,user_142@example.com,North,2023-05-22,8538.0,2024-05-27,411.63,Pending
142,Customer_142,user_142@example.com,North,2023-05-22,8737.0,2024-06-04,462.84,Shipped
142,Customer_142,user_142@example.com,North,2023-05-22,9320.0,2024-06-28,460.67,Shipped
143,Customer_143,user_143@example.com,West,2023-05-23,5302.0,2024-01-13,453.91,Pending
143,Customer_143,user_143@example.com,West,2023-05-23,6040.0,2024-02-13,408.38,Cancelled
143,Customer_143,user_143@example.com,West,2023-05-23,7449.0,2024-04-12,396.09,Shipped
143,Customer_143,user_143@example.com,West,2023-05-23,7490.0,2024-04-13,102.11,Cancelled
143,Customer_143,user_143@example.com,West,2023-05-23,8037.0,2024-05-06,181.61,Cancelled
143,Customer_143,user_143@example.com,West,2023-05-23,8723.0,2024-06-04,288.1,Completed
144,Customer_144,user_144@example.com,West,2023-05-24,6672.0,2024-03-10,335.92,Pending
144,Customer_144,user_144@example.com,West,2023-05-24,6681.0,2024-03-11,71.03,Cancelled
144,Customer_144,user_144@example.com,West,2023-05-24,9599.0,2024-07-10,142.29,Completed
145,Customer_145,user_145@example.com,West,2023-05-25,5148.0,2024-01-07,32.67,Completed
145,Customer_145,user_145@example.com,West,2023-05-25,5268.0,2024-01-12,460.11,Completed
145,Customer_145,user_145@example.com,West,2023-05-25,6139.0,2024-02-17,413.22,Cancelled
145,Customer_145,user_145@example.com,West,2023-05-25,6514.0,2024-03-04,299.76,Pending
145,Customer_145,user_145@example.com,West,2023-05-25,7227.0,2024-04-02,73.12,Shipped
145,Customer_145,user_145@example.com,West,2023-05-25,7767.0,2024-04-25,148.64,Shipped
145,Customer_145,user_145@example.com,West,2023-05-25,9421.0,2024-07-03,312.17,Pending
146,Customer_146,user_146@example.com,East,2023-05-26,5186.0,2024-01-08,147.31,Completed
146,Customer_146,user_146@example.com,East,2023-05-26,5681.0,2024-01-29,307.82,Shipped
146,Customer_146,user_146@example.com,East,2023-05-26,6477.0,2024-03-02,441.71,Completed
146,Customer_146,user_146@example.com,East,2023-05-26,7230.0,2024-04-02,409.94,Cancelled
146,Customer_146,user_146@example.com,East,2023-05-26,7380.0,2024-04-09,145.27,Cancelled
146,Customer_146,user_146@example.com,East,2023-05-26,9446.0,2024-07-04,84.14,Cancelled
147,Customer_147,user_147@example.com,East,2023-05-27,6823.0,2024-03-16,26.87,Cancelled
147,Customer_147,user_147@example.com,East,2023-05-27,6890.0,2024-03-19,373.71,Completed
147,Customer_147,user_147@example.com,East,2023-05-27,7032.0,2024-03-25,172.65,Pending
147,Customer_147,user_147@example.com,East,2023-05-27,7143.0,2024-03-30,464.84,Pending
147,Customer_147,user_147@example.com,East,2023-05-27,8010.0,2024-05-05,392.6,Pending
147,Customer_147,user_147@example.com,East,2023-05-27,8916.0,2024-06-12,189.96,Cancelled
147,Customer_147,user_147@example.com,East,2023-05-27,9104.0,2024-06-19,214.6,Cancelled
148,Customer_148,user_148@example.com,East,2023-05-28,5510.0,2024-01-22,136.73,Shipped
148,Customer_148,user_148@example.com,East,2023-05-28,5595.0,2024-01-25,34.46,Cancelled
148,Customer_148,user_148@example.com,East,2023-05-28,8643.0,2024-05-31,406.85,Shipped
148,Customer_148,user_148@example.com,East,2023-05-28,8801.0,2024-06-07,215.53,Cancelled
148,Customer_148,user_148@example.com,East,2023-05-28,9448.0,2024-07-04,369.64,Pending
148,Customer_148,user_148@example.com,East,2023-05-28,9977.0,2024-07-26,190.27,Pending
149,Customer_149,user_149@example.com,North,2023-05-29,5153.0,2024-01-07,373.91,Cancelled
149,Customer_149,user_149@example.com,North,2023-05-29,6121.0,2024-02-16,334.99,Pending
149,Customer_149,user_149@example.com,North,2023-05-29,6246.0,2024-02-21,249.12,Cancelled
149,Customer_149,user_149@example.com,North,2023-05-29,7270.0,2024-04-04,399.75,Pending
149,Customer_149,user_149@example.com,North,2023-05-29,8915.0,2024-06-12,169.01,Pending
149,Customer_149,user_149@example.com,North,2023-05-29,9366.0,2024-06-30,285.82,Completed
149,Customer_149,user_149@example.com,North,2023-05-29,9467.0,2024-07-05,258.9,Pending
150,Customer_150,user_150@example.com,West,2023-05-30,,,,
151,Customer_151,user_151@example.com,East,2023-05-31,5151.0,2024-01-07,448.68,Pending
151,Customer_151,user_151@example.com,East,2023-05-31,7086.0,2024-03-27,390.13,Cancelled
151,Customer_151,user_151@example.com,East,2023-05-31,7407.0,2024-04-10,408.1,Completed
151,Customer_151,user_151@example.com,East,2023-05-31,8465.0,2024-05-24,176.8,Completed
152,Customer_152,user_152@example.com,East,2023-06-01,6133.0,2024-02-17,162.2,Cancelled
152,Customer_152,user_152@example.com,East,2023-06-01,8200.0,2024-05-13,375.31,Completed
152,Customer_152,user_152@example.com,East,2023-06-01,9269.0,2024-06-26,139.15,Pending
153,Customer_153,user_153@example.com,North,2023-06-02,6904.0,2024-03-20,252.87,Pending
153,Customer_153,user_153@example.com,North,2023-06-02,7200.0,2024-04-01,466.23,Completed
153,Customer_153,user_153@example.com,North,2023-06-02,8762.0,2024-06-05,295.87,Cancelled
153,Customer_153,user_153@example.com,North,2023-06-02,9402.0,2024-07-02,273.45,Pending
153,Customer_153,user_153@example.com,North,2023-06-02,9407.0,2024-07-02,435.39,Shipped
153,Customer_153,user_153@example.com,North,2023-06-02,9610.0,2024-07-11,395.02,Shipped
154,Customer_154,user_154@example.com,East,2023-06-03,5425.0,2024-01-18,46.16,Completed
154,Customer_154,user_154@example.com,East,2023-06-03,6712.0,2024-03-12,119.67,Completed
154,Customer_154,user_154@example.com,East,2023-06-03,6987.0,2024-03-23,228.77,Completed
154,Customer_154,user_154@example.com,East,2023-06-03,7098.0,2024-03-28,404.76,Shipped
154,Customer_154,user_154@example.com,East,2023-06-03,7346.0,2024-04-07,321.22,Cancelled
154,Customer_154,user_154@example.com,East,2023-06-03,8015.0,2024-05-05,482.73,Completed
154,Customer_154,user_154@example.com,East,2023-06-03,8115.0,2024-05-09,227.87,Pending
154,Customer_154,user_154@example.com,East,2023-06-03,9060.0,2024-06-18,405.43,Cancelled
154,Customer_154,user_154@example.com,East,2023-06-03,9083.0,2024-06-19,141.37,Completed
154,Customer_154,user_154@example.com,East,2023-06-03,9257.0,2024-06-26,446.11,Pending
154,Customer_154,user_154@example.com,East,2023-06-03,9511.0,2024-07-06,436.2,Cancelled
154,Customer_154,user_154@example.com,East,2023-06-03,9802.0,2024-07-19,28.81,Cancelled
154,Customer_154,user_154@example.com,East,2023-06-03,9944.0,2024-07-24,381.88,Pending
155,Customer_155,user_155@example.com,North,2023-06-04,5212.0,2024-01-09,19.36,Shipped
155,Customer_155,user_155@example.com,North,2023-06-04,6658.0,2024-03-10,353.36,Cancelled
155,Customer_155,user_155@example.com,North,2023-06-04,7918.0,2024-05-01,334.55,Completed
156,Customer_156,user_156@example.com,South,2023-06-05,5074.0,2024-01-04,275.78,Shipped
156,Customer_156,user_156@example.com,South,2023-06-05,5147.0,2024-01-07,25.21,Shipped
156,Customer_156,user_156@example.com,South,2023-06-05,5322.0,2024-01-14,458.55,Shipped
156,Customer_156,user_156@example.com,South,2023-06-05,5558.0,2024-01-24,270.67,Completed
156,Customer_156,user_156@example.com,South,2023-06-05,7196.0,2024-04-01,372.44,Pending
156,Customer_156,user_156@example.com,South,2023-06-05,7412.0,2024-04-10,448.23,Cancelled
156,Customer_156,user_156@example.com,South,2023-06-05,8190.0,2024-05-12,413.28,Pending
156,Customer_156,user_156@example.com,South,2023-06-05,9041.0,2024-06-17,89.5,Cancelled
156,Customer_156,user_156@example.com,South,2023-06-05,9975.0,2024-07-26,221.82,Shipped
157,Customer_157,user_157@example.com,East,2023-06-06,6830.0,2024-03-17,458.05,Cancelled
157,Customer_157,user_157@example.com,East,2023-06-06,7604.0,2024-04-18,73.68,Pending
157,Customer_157,user_157@example.com,East,2023-06-06,7892.0,2024-04-30,470.54,Pending
157,Customer_157,user_157@example.com,East,2023-06-06,8127.0,2024-05-10,419.99,Shipped
157,Customer_157,user_157@example.com,East,2023-06-06,8158.0,2024-05-11,355.63,Pending
157,Customer_157,user_157@example.com,East,2023-06-06,9924.0,2024-07-24,340.05,Shipped
158,Customer_158,user_158@example.com,South,2023-06-07,5534.0,2024-01-23,88.01,Shipped
158,Customer_158,user_158@example.com,South,2023-06-07,6320.0,2024-02-24,177.39,Shipped
159,Customer_159,user_159@example.com,North,2023-06-08,5636.0,2024-01-27,399.31,Completed
159,Customer_159,user_159@example.com,North,2023-06-08,6609.0,2024-03-08,268.45,Completed
159,Customer_159,user_159@example.com,North,2023-06-08,7619.0,2024-04-19,16.31,Shipped
159,Customer_159,user_159@example.com,North,2023-06-08,7805.0,2024-04-26,330.02,Pending
159,Customer_159,user_159@example.com,North,2023-06-08,7975.0,2024-05-03,414.32,Pending
159,Customer_159,user_159@example.com,North,2023-06-08,9633.0,2024-07-12,498.81,Shipped
159,Customer_159,user_159@example.com,North,2023-06-08,9919.0,2024-07-23,373.58,Cancelled
160,Customer_160,user_160@example.com,West,2023-06-09,5588.0,2024-01-25,156.0,Shipped
160,Customer_160,user_160@example.com,West,2023-06-09,6480.0,2024-03-02,437.91,Pending
160,Customer_160,user_160@example.com,West,2023-06-09,6663.0,2024-03-10,61.03,Shipped
160,Customer_160,user_160@example.com,West,2023-06-09,8668.0,2024-06-01,177.86,Completed
160,Customer_160,user_160@example.com,West,2023-06-09,8994.0,2024-06-15,71.27,Completed
160,Customer_160,user_160@example.com,West,2023-06-09,9567.0,2024-07-09,322.9,Shipped
161,Customer_161,user_161@example.com,East,2023-06-10,5039.0,2024-01-02,147.93,Completed
161,Customer_161,user_161@example.com,East,2023-06-10,5356.0,2024-01-15,484.47,Cancelled
161,Customer_161,user_161@example.com,East,2023-06-10,5528.0,2024-01-22,409.12,Pending
161,Customer_161,user_161@example.com,East,2023-06-10,6381.0,2024-02-27,204.52,Shipped
161,Customer_161,user_161@example.com,East,2023-06-10,6792.0,2024-03-15,250.29,Cancelled
161,Customer_161,user_161@example.com,East,2023-06-10,7152.0,2024-03-30,346.69,Shipped
161,Customer_161,user_161@example.com,East,2023-06-10,8141.0,2024-05-10,41.18,Pending
161,Customer_161,user_161@example.com,East,2023-06-10,8280.0,2024-05-16,429.55,Pending
161,Customer_161,user_161@example.com,East,2023-06-10,8676.0,2024-06-02,165.89,Shipped
162,Customer_162,user_162@example.com,North,2023-06-11,5127.0,2024-01-06,449.7,Cancelled
162,Customer_162,user_162@example.com,North,2023-06-11,7171.0,2024-03-31,322.53,Completed
162,Customer_162,user_162@example.com,North,2023-06-11,7424.0,2024-04-10,241.63,Cancelled
162,Customer_162,user_162@example.com,North,2023-06-11,7535.0,2024-04-15,20.35,Cancelled
162,Customer_162,user_162@example.com,North,2023-06-11,8400.0,2024-05-21,41.19,Cancelled
162,Customer_162,user_162@example.com,North,2023-06-11,8858.0,2024-06-09,95.29,Cancelled
162,Customer_162,user_162@example.com,North,2023-06-11,9087.0,2024-06-19,473.73,Completed
162,Customer_162,user_162@example.com,North,2023-06-11,9451.0,2024-07-04,325.37,Cancelled
163,Customer_163,user_163@example.com,West,2023-06-12,5381.0,2024-01-16,97.03,Shipped
163,Customer_163,user_163@example.com,West,2023-06-12,6210.0,2024-02-20,273.45,Pending
163,Customer_163,user_163@example.com,West,2023-06-12,7061.0,2024-03-26,188.1,Cancelled
163,Customer_163,user_163@example.com,West,2023-06-12,7175.0,2024-03-31,221.04,Shipped
163,Customer_163,user_163@example.com,West,2023-06-12,9918.0,2024-07-23,370.07,Cancelled
164,Customer_164,user_164@example.com,West,2023-06-13,5162.0,2024-01-07,19.57,Completed
164,Customer_164,user_164@example.com,West,2023-06-13,5709.0,2024-01-30,467.28,Completed
164,Customer_164,user_164@example.com,West,2023-06-13,6811.0,2024-03-16,208.44,Pending
164,Customer_164,user_164@example.com,West,2023-06-13,6893.0,2024-03-19,70.08,Shipped
164,Customer_164,user_164@example.com,West,2023-06-13,8818.0,2024-06-08,203.04,Cancelled
164,Customer_164,user_164@example.com,West,2023-06-13,8980.0,2024-06-14,342.4,Pending
164,Customer_164,user_164@example.com,West,2023-06-13,9262.0,2024-06-26,214.1,Cancelled
165,Customer_165,user_165@example.com,South,2023-06-14,7505.0,2024-04-14,53.73,Shipped
165,Customer_165,user_165@example.com,South,2023-06-14,8260.0,2024-05-15,22.55,Completed
165,Customer_165,user_165@example.com,South,2023-06-14,8581.0,2024-05-29,38.41,Shipped
165,Customer_165,user_165@example.com,South,2023-06-14,8594.0,2024-05-29,24.94,Shipped
165,Customer_165,user_165@example.com,South,2023-06-14,8947.0,2024-06-13,475.2,Shipped
165,Customer_165,user_165@example.com,South,2023-06-14,9158.0,2024-06-22,423.59,Cancelled
166,Customer_166,user_166@example.com,North,2023-06-15,5163.0,2024-01-07,407.26,Pending
166,Customer_166,user_166@example.com,North,2023-06-15,5194.0,2024-01-09,152.62,Cancelled
166,Customer_166,user_166@example.com,North,2023-06-15,6492.0,2024-03-03,499.86,Pending
166,Customer_166,user_166@example.com,North,2023-06-15,6755.0,2024-03-14,493.24,Pending
166,Customer_166,user_166@example.com,North,2023-06-15,6895.0,2024-03-19,137.81,Shipped
166,Customer_166,user_166@example.com,North,2023-06-15,8997.0,2024-06-15,411.13,Pending
167,Customer_167,user_167@example.com,West,2023-06-16,6055.0,2024-02-13,33.21,Cancelled
167,Customer_167,user_167@example.com,West,2023-06-16,6464.0,2024-03-01,222.9,Cancelled
167,Customer_167,user_167@example.com,West,2023-06-16,7137.0,2024-03-30,286.21,Completed
167,Customer_167,user_167@example.com,West,2023-06-16,7536.0,2024-04-15,166.38,Pending
168,Customer_168,user_168@example.com,East,2023-06-17,6027.0,2024-02-12,249.26,Completed
168,Customer_168,user_168@example.com,East,2023-06-17,6690.0,2024-03-11,154.78,Shipped
168,Customer_168,user_168@example.com,East,2023-06-17,7111.0,2024-03-28,195.68,Pending
168,Customer_168,user_168@example.com,East,2023-06-17,8039.0,2024-05-06,456.48,Pending
168,Customer_168,user_168@example.com,East,2023-06-17,8612.0,2024-05-30,371.33,Cancelled
169,Customer_169,user_169@example.com,East,2023-06-18,5349.0,2024-01-15,67.1,Shipped
169,Customer_169,user_169@example.com,East,2023-06-18,5748.0,2024-02-01,324.69,Pending
170,Customer_170,user_170@example.com,South,2023-06-19,5333.0,2024-01-14,323.43,Pending
170,Customer_170,user_170@example.com,South,2023-06-19,5877.0,2024-02-06,198.03,Cancelled
170,Customer_170,user_170@example.com,South,2023-06-19,6254.0,2024-02-22,344.39,Pending
170,Customer_170,user_170@example.com,South,2023-06-19,7095.0,2024-03-28,332.46,Shipped
170,Customer_170,user_170@example.com,South,2023-06-19,7369.0,2024-04-08,318.2,Shipped
170,Customer_170,user_170@example.com,South,2023-06-19,7924.0,2024-05-01,298.52,Shipped
171,Customer_171,user_171@example.com,West,2023-06-20,7684.0,2024-04-21,178.9,Pending
171,Customer_171,user_171@example.com,West,2023-06-20,8038.0,2024-05-06,482.29,Cancelled
171,Customer_171,user_171@example.com,West,2023-06-20,9258.0,2024-06-26,326.17,Pending
172,Customer_172,user_172@example.com,North,2023-06-21,6102.0,2024-02-15,128.49,Completed
172,Customer_172,user_172@example.com,North,2023-06-21,8685.0,2024-06-02,76.74,Shipped
172,Customer_172,user_172@example.com,North,2023-06-21,8890.0,2024-06-11,256.84,Pending
172,Customer_172,user_172@example.com,North,2023-06-21,9070.0,2024-06-18,431.28,Completed
172,Customer_172,user_172@example.com,North,2023-06-21,9481.0,2024-07-05,304.37,Shipped
172,Customer_172,user_172@example.com,North,2023-06-21,9926.0,2024-07-24,299.88,Completed
173,Customer_173,user_173@example.com,East,2023-06-22,5328.0,2024-01-14,142.57,Completed
173,Customer_173,user_173@example.com,East,2023-06-22,5739.0,2024-01-31,389.21,Completed
173,Customer_173,user_173@example.com,East,2023-06-22,5940.0,2024-02-09,260.63,Shipped
173,Customer_173,user_173@example.com,East,2023-06-22,6007.0,2024-02-11,437.56,Shipped
173,Customer_173,user_173@example.com,East,2023-06-22,7025.0,2024-03-25,426.66,Cancelled
173,Customer_173,user_173@example.com,East,2023-06-22,8231.0,2024-05-14,145.36,Shipped
173,Customer_173,user_173@example.com,East,2023-06-22,8935.0,2024-06-12,474.38,Shipped
174,Customer_174,user_174@example.com,West,2023-06-23,5706.0,2024-01-30,159.55,Completed
174,Customer_174,user_174@example.com,West,2023-06-23,6156.0,2024-02-18,235.39,Completed
175,Customer_175,user_175@example.com,West,2023-06-24,5048.0,2024-01-02,381.2,Cancelled
175,Customer_175,user_175@example.com,West,2023-06-24,5629.0,2024-01-27,259.26,Completed
175,Customer_175,user_175@example.com,West,2023-06-24,7059.0,2024-03-26,302.33,Shipped
175,Customer_175,user_175@example.com,West,2023-06-24,7201.0,2024-04-01,191.85,Shipped
175,Customer_175,user_175@example.com,West,2023-06-24,9240.0,2024-06-25,26.69,Pending
176,Customer_176,user_176@example.com,South,2023-06-25,6080.0,2024-02-14,398.03,Shipped
176,Customer_176,user_176@example.com,South,2023-06-25,6955.0,2024-03-22,484.49,Completed
176,Customer_176,user_176@example.com,South,2023-06-25,8154.0,2024-05-11,469.13,Cancelled
177,Customer_177,user_177@example.com,East,2023-06-26,6394.0,2024-02-28,245.87,Cancelled
177,Customer_177,user_177@example.com,East,2023-06-26,7071.0,2024-03-27,192.73,Completed
177,Customer_177,user_177@example.com,East,2023-06-26,8888.0,2024-06-10,29.84,Cancelled
177,Customer_177,user_177@example.com,East,2023-06-26,9359.0,2024-06-30,423.36,Completed
178,Customer_178,user_178@example.com,East,2023-06-27,5315.0,2024-01-14,167.68,Pending
178,Customer_178,user_178@example.com,East,2023-06-27,5449.0,2024-01-19,309.31,Pending
178,Customer_178,user_178@example.com,East,2023-06-27,6418.0,2024-02-29,76.87,Shipped
178,Customer_178,user_178@example.com,East,2023-06-27,7118.0,2024-03-29,355.44,Cancelled
178,Customer_178,user_178@example.com,East,2023-06-27,8887.0,2024-06-10,379.95,Pending
179,Customer_179,user_179@example.com,North,2023-06-28,5375.0,2024-01-16,305.94,Pending
179,Customer_179,user_179@example.com,North,2023-06-28,5939.0,2024-02-09,135.09,Pending
179,Customer_179,user_179@example.com,North,2023-06-28,6583.0,2024-03-06,449.79,Pending
179,Customer_179,user_179@example.com,North,2023-06-28,9930.0,2024-07-24,341.48,Completed
180,Customer_180,user_180@example.com,East,2023-06-29,7081.0,2024-03-27,285.09,Cancelled
180,Customer_180,user_180@example.com,East,2023-06-29,8143.0,2024-05-10,356.2,Completed
181,Customer_181,user_181@example.com,North,2023-06-30,5784.0,2024-02-02,446.88,Cancelled
181,Customer_181,user_181@example.com,North,2023-06-30,8647.0,2024-05-31,175.1,Completed
182,Customer_182,user_182@example.com,East,2023-07-01,6130.0,2024-02-17,156.81,Pending
182,Customer_182,user_182@example.com,East,2023-07-01,7586.0,2024-04-17,187.17,Cancelled
182,Customer_182,user_182@example.com,East,2023-07-01,8539.0,2024-05-27,290.4,Shipped
182,Customer_182,user_182@example.com,East,2023-07-01,9000.0,2024-06-15,328.19,Cancelled
182,Customer_182,user_182@example.com,East,2023-07-01,9469.0,2024-07-05,91.44,Cancelled
182,Customer_182,user_182@example.com,East,2023-07-01,9756.0,2024-07-17,306.9,Pending
183,Customer_183,user_183@example.com,South,2023-07-02,6079.0,2024-02-14,496.07,Shipped
183,Customer_183,user_183@example.com,South,2023-07-02,6128.0,2024-02-16,319.29,Cancelled
183,Customer_183,user_183@example.com,South,2023-07-02,6232.0,2024-02-21,135.07,Cancelled
183,Customer_183,user_183@example.com,South,2023-07-02,6398.0,2024-02-28,304.38,Completed
183,Customer_183,user_183@example.com,South,2023-07-02,6627.0,2024-03-08,154.46,Shipped
183,Customer_183,user_183@example.com,South,2023-07-02,6752.0,2024-03-13,64.58,Completed
183,Customer_183,user_183@example.com,South,2023-07-02,8567.0,2024-05-28,335.08,Completed
183,Customer_183,user_183@example.com,South,2023-07-02,8876.0,2024-06-10,53.38,Pending
183,Customer_183,user_183@example.com,South,2023-07-02,8907.0,2024-06-11,145.95,Cancelled
183,Customer_183,user_183@example.com,South,2023-07-02,9293.0,2024-06-27,296.03,Shipped
184,Customer_184,user_184@example.com,East,2023-07-03,5614.0,2024-01-26,366.86,Completed
184,Customer_184,user_184@example.com,East,2023-07-03,7595.0,2024-04-18,231.6,Shipped
184,Customer_184,user_184@example.com,East,2023-07-03,9025.0,2024-06-16,423.75,Shipped
184,Customer_184,user_184@example.com,East,2023-07-03,9825.0,2024-07-20,434.41,Cancelled
185,Customer_185,user_185@example.com,North,2023-07-04,7182.0,2024-03-31,464.87,Completed
185,Customer_185,user_185@example.com,North,2023-07-04,8760.0,2024-06-05,41.96,Cancelled
185,Customer_185,user_185@example.com,North,2023-07-04,9299.0,2024-06-28,124.35,Shipped
186,Customer_186,user_186@example.com,North,2023-07-05,5134.0,2024-01-06,205.12,Cancelled
186,Customer_186,user_186@example.com,North,2023-07-05,8944.0,2024-06-13,187.85,Cancelled
187,Customer_187,user_187@example.com,South,2023-07-06,7857.0,2024-04-29,94.01,Shipped
187,Customer_187,user_187@example.com,South,2023-07-06,8227.0,2024-05-14,483.24,Shipped
187,Customer_187,user_187@example.com,South,2023-07-06,8721.0,2024-06-04,440.75,Pending
187,Customer_187,user_187@example.com,South,2023-07-06,8857.0,2024-06-09,427.86,Cancelled
188,Customer_188,user_188@example.com,East,2023-07-07,5723.0,2024-01-31,472.84,Completed
188,Customer_188,user_188@example.com,East,2023-07-07,6308.0,2024-02-24,491.46,Shipped
188,Customer_188,user_188@example.com,East,2023-07-07,6872.0,2024-03-18,154.46,Cancelled
188,Customer_188,user_188@example.com,East,2023-07-07,6886.0,2024-03-19,418.57,Pending
188,Customer_188,user_188@example.com,East,2023-07-07,7242.0,2024-04-03,143.82,Cancelled
188,Customer_188,user_188@example.com,East,2023-07-07,7868.0,2024-04-29,367.39,Pending
188,Customer_188,user_188@example.com,East,2023-07-07,7920.0,2024-05-01,31.03,Pending
188,Customer_188,user_188@example.com,East,2023-07-07,8081.0,2024-05-08,243.09,Shipped
188,Customer_188,user_188@example.com,East,2023-07-07,8574.0,2024-05-28,317.37,Cancelled
188,Customer_188,user_188@example.com,East,2023-07-07,9055.0,2024-06-17,19.89,Shipped
189,Customer_189,user_189@example.com,East,2023-07-08,9358.0,2024-06-30,158.9,Cancelled
190,Customer_190,user_190@example.com,South,2023-07-09,5128.0,2024-01-06,211.18,Cancelled
190,Customer_190,user_190@example.com,South,2023-07-09,5188.0,2024-01-08,445.6,Shipped
190,Customer_190,user_190@example.com,South,2023-07-09,5639.0,2024-01-27,138.0,Shipped
190,Customer_190,user_190@example.com,South,2023-07-09,6289.0,2024-02-23,436.92,Shipped
191,Customer_191,user_191@example.com,East,2023-07-10,6199.0,2024-02-19,130.47,Shipped
191,Customer_191,user_191@example.com,East,2023-07-10,7127.0,2024-03-29,61.85,Shipped
191,Customer_191,user_191@example.com,East,2023-07-10,7716.0,2024-04-23,89.41,Cancelled
191,Customer_191,user_191@example.com,East,2023-07-10,8172.0,2024-05-12,266.82,Shipped
192,Customer_192,user_192@example.com,East,2023-07-11,6557.0,2024-03-05,394.91,Pending
192,Customer_192,user_192@example.com,East,2023-07-11,8678.0,2024-06-02,334.51,Shipped
192,Customer_192,user_192@example.com,East,2023-07-11,9132.0,2024-06-21,300.23,Shipped
192,Customer_192,user_192@example.com,East,2023-07-11,9392.0,2024-07-01,31.51,Cancelled
193,Customer_193,user_193@example.com,North,2023-07-12,5901.0,2024-02-07,329.3,Shipped
193,Customer_193,user_193@example.com,North,2023-07-12,8392.0,2024-05-21,146.47,Shipped
193,Customer_193,user_193@example.com,North,2023-07-12,8537.0,2024-05-27,206.77,Cancelled
193,Customer_193,user_193@example.com,North,2023-07-12,9992.0,2024-07-26,318.83,Pending
194,Customer_194,user_194@example.com,East,2023-07-13,6595.0,2024-03-07,273.35,Pending
194,Customer_194,user_194@example.com,East,2023-07-13,7731.0,2024-04-23,105.86,Shipped
194,Customer_194,user_194@example.com,East,2023-07-13,8414.0,2024-05-22,236.1,Shipped
194,Customer_194,user_194@example.com,East,2023-07-13,8605.0,2024-05-30,346.08,Shipped
194,Customer_194,user_194@example.com,East,2023-07-13,9193.0,2024-06-23,137.03,Cancelled
194,Customer_194,user_194@example.com,East,2023-07-13,9518.0,2024-07-07,166.96,Completed
194,Customer_194,user_194@example.com,East,2023-07-13,9538.0,2024-07-08,320.31,Cancelled
195,Customer_195,user_195@example.com,East,2023-07-14,5728.0,2024-01-31,408.06,Cancelled
195,Customer_195,user_195@example.com,East,2023-07-14,6993.0,2024-03-24,130.8,Cancelled
195,Customer_195,user_195@example.com,East,2023-07-14,7621.0,2024-04-19,259.08,Completed
195,Customer_195,user_195@example.com,East,2023-07-14,7658.0,2024-04-20,240.29,Pending
195,Customer_195,user_195@example.com,East,2023-07-14,8436.0,2024-05-23,52.65,Pending
196,Customer_196,user_196@example.com,South,2023-07-15,5043.0,2024-01-02,48.8,Shipped
196,Customer_196,user_196@example.com,South,2023-07-15,5060.0,2024-01-03,151.67,Cancelled
196,Customer_196,user_196@example.com,South,2023-07-15,7950.0,2024-05-02,258.33,Cancelled
196,Customer_196,user_196@example.com,South,2023-07-15,8076.0,2024-05-08,53.27,Shipped
196,Customer_196,user_196@example.com,South,2023-07-15,8591.0,2024-05-29,96.58,Pending
196,Customer_196,user_196@example.com,South,2023-07-15,8805.0,2024-06-07,50.67,Completed
196,Customer_196,user_196@example.com,South,2023-07-15,8918.0,2024-06-12,321.81,Pending
197,Customer_197,user_197@example.com,South,2023-07-16,6790.0,2024-03-15,206.48,Completed
198,Customer_198,user_198@example.com,West,2023-07-17,5774.0,2024-02-02,37.44,Cancelled
198,Customer_198,user_198@example.com,West,2023-07-17,5808.0,2024-02-03,468.12,Completed
198,Customer_198,user_198@example.com,West,2023-07-17,7142.0,2024-03-30,383.93,Completed
198,Customer_198,user_198@example.com,West,2023-07-17,8147.0,2024-05-11,317.93,Completed
198,Customer_198,user_198@example.com,West,2023-07-17,8981.0,2024-06-14,489.87,Cancelled
198,Customer_198,user_198@example.com,West,2023-07-17,9343.0,2024-06-29,102.59,Completed
199,Customer_199,user_199@example.com,North,2023-07-18,6859.0,2024-03-18,337.87,Shipped
199,Customer_199,user_199@example.com,North,2023-07-18,8301.0,2024-05-17,438.73,Cancelled
199,Customer_199,user_199@example.com,North,2023-07-18,8428.0,2024-05-22,394.52,Pending
199,Customer_199,user_199@example.com,North,2023-07-18,8513.0,2024-05-26,429.72,Shipped
200,Customer_200,user_200@example.com,East,2023-07-19,6213.0,2024-02-20,190.31,Pending
200,Customer_200,user_200@example.com,East,2023-07-19,7794.0,2024-04-26,437.14,Shipped
200,Customer_200,user_200@example.com,East,2023-07-19,8675.0,2024-06-02,97.87,Pending
201,Customer_201,user_201@example.com,East,2023-07-20,5179.0,2024-01-08,395.73,Completed
201,Customer_201,user_201@example.com,East,2023-07-20,5889.0,2024-02-07,481.27,Pending
201,Customer_201,user_201@example.com,East,2023-07-20,6401.0,2024-02-28,410.6,Pending
201,Customer_201,user_201@example.com,East,2023-07-20,7064.0,2024-03-26,367.65,Completed
201,Customer_201,user_201@example.com,East,2023-07-20,8391.0,2024-05-21,118.33,Cancelled
201,Customer_201,user_201@example.com,East,2023-07-20,9247.0,2024-06-25,98.63,Pending
201,Customer_201,user_201@example.com,East,2023-07-20,9875.0,2024-07-22,165.59,Cancelled
202,Customer_202,user_202@example.com,West,2023-07-21,6198.0,2024-02-19,19.78,Shipped
202,Customer_202,user_202@example.com,West,2023-07-21,6587.0,2024-03-07,457.26,Shipped
202,Customer_202,user_202@example.com,West,2023-07-21,7966.0,2024-05-03,459.46,Completed
202,Customer_202,user_202@example.com,West,2023-07-21,8867.0,2024-06-10,430.44,Cancelled
202,Customer_202,user_202@example.com,West,2023-07-21,8938.0,2024-06-13,46.0,Completed
202,Customer_202,user_202@example.com,West,2023-07-21,9424.0,2024-07-03,245.42,Cancelled
202,Customer_202,user_202@example.com,West,2023-07-21,9954.0,2024-07-25,299.52,Cancelled
203,Customer_203,user_203@example.com,East,2023-07-22,5573.0,2024-01-24,391.04,Cancelled
203,Customer_203,user_203@example.com,East,2023-07-22,6591.0,2024-03-07,113.83,Shipped
203,Customer_203,user_203@example.com,East,2023-07-22,6817.0,2024-03-16,347.99,Pending
203,Customer_203,user_203@example.com,East,2023-07-22,7597.0,2024-04-18,140.46,Pending
204,Customer_204,user_204@example.com,North,2023-07-23,5523.0,2024-01-22,53.84,Pending
204,Customer_204,user_204@example.com,North,2023-07-23,7020.0,2024-03-25,222.99,Shipped
204,Customer_204,user_204@example.com,North,2023-07-23,8166.0,2024-05-11,469.03,Cancelled
204,Customer_204,user_204@example.com,North,2023-07-23,9211.0,2024-06-24,120.22,Pending
205,Customer_205,user_205@example.com,West,2023-07-24,6212.0,2024-02-20,476.45,Shipped
205,Customer_205,user_205@example.com,West,2023-07-24,7262.0,2024-04-04,136.25,Cancelled
205,Customer_205,user_205@example.com,West,2023-07-24,8525.0,2024-05-26,243.21,Completed
205,Customer_205,user_205@example.com,West,2023-07-24,9505.0,2024-07-06,225.6,Shipped
205,Customer_205,user_205@example.com,West,2023-07-24,9637.0,2024-07-12,187.3,Cancelled
206,Customer_206,user_206@example.com,North,2023-07-25,8150.0,2024-05-11,223.22,Pending
206,Customer_206,user_206@example.com,North,2023-07-25,8196.0,2024-05-13,355.85,Pending
206,Customer_206,user_206@example.com,North,2023-07-25,8403.0,2024-05-21,311.61,Cancelled
206,Customer_206,user_206@example.com,North,2023-07-25,8532.0,2024-05-27,154.1,Cancelled
206,Customer_206,user_206@example.com,North,2023-07-25,9301.0,2024-06-28,318.58,Pending
207,Customer_207,user_207@example.com,West,2023-07-26,5663.0,2024-01-28,201.32,Shipped
207,Customer_207,user_207@example.com,West,2023-07-26,6868.0,2024-03-18,248.13,Completed
207,Customer_207,user_207@example.com,West,2023-07-26,8599.0,2024-05-29,101.87,Completed
207,Customer_207,user_207@example.com,West,2023-07-26,9827.0,2024-07-20,36.79,Shipped
208,Customer_208,user_208@example.com,West,2023-07-27,6300.0,2024-02-24,67.46,Shipped
208,Customer_208,user_208@example.com,West,2023-07-27,6403.0,2024-02-28,410.51,Pending
208,Customer_208,user_208@example.com,West,2023-07-27,8460.0,2024-05-24,160.83,Shipped
208,Customer_208,user_208@example.com,West,2023-07-27,9129.0,2024-06-21,380.18,Pending
209,Customer_209,user_209@example.com,South,2023-07-28,5387.0,2024-01-17,206.55,Shipped
209,Customer_209,user_209@example.com,South,2023-07-28,9422.0,2024-07-03,124.41,Cancelled
209,Customer_209,user_209@example.com,South,2023-07-28,9659.0,2024-07-13,137.43,Completed
209,Customer_209,user_209@example.com,South,2023-07-28,9821.0,2024-07-19,231.75,Pending
210,Customer_210,user_210@example.com,North,2023-07-29,5367.0,2024-01-16,193.41,Shipped
210,Customer_210,user_210@example.com,North,2023-07-29,5926.0,2024-02-08,467.97,Cancelled
210,Customer_210,user_210@example.com,North,2023-07-29,5988.0,2024-02-11,291.93,Cancelled
210,Customer_210,user_210@example.com,North,2023-07-29,7980.0,2024-05-04,317.14,Cancelled
210,Customer_210,user_210@example.com,North,2023-07-29,8124.0,2024-05-10,474.72,Pending
210,Customer_210,user_210@example.com,North,2023-07-29,8238.0,2024-05-14,180.43,Pending
210,Customer_210,user_210@example.com,North,2023-07-29,8568.0,2024-05-28,370.73,Pending
210,Customer_210,user_210@example.com,North,2023-07-29,8839.0,2024-06-08,173.27,Shipped
210,Customer_210,user_210@example.com,North,2023-07-29,9501.0,2024-07-06,82.44,Pending
211,Customer_211,user_211@example.com,East,2023-07-30,6941.0,2024-03-21,90.34,Completed
211,Customer_211,user_211@example.com,East,2023-07-30,7352.0,2024-04-07,322.75,Completed
211,Customer_211,user_211@example.com,East,2023-07-30,8061.0,2024-05-07,391.56,Completed
211,Customer_211,user_211@example.com,East,2023-07-30,8243.0,2024-05-15,284.69,Completed
212,Customer_212,user_212@example.com,East,2023-07-31,5475.0,2024-01-20,184.65,Pending
212,Customer_212,user_212@example.com,East,2023-07-31,8352.0,2024-05-19,156.42,Pending
212,Customer_212,user_212@example.com,East,2023-07-31,9747.0,2024-07-16,120.47,Cancelled
213,Customer_213,user_213@example.com,North,2023-08-01,5522.0,2024-01-22,365.07,Cancelled
213,Customer_213,user_213@example.com,North,2023-08-01,6325.0,2024-02-25,73.32,Completed
213,Customer_213,user_213@example.com,North,2023-08-01,6554.0,2024-03-05,320.74,Shipped
213,Customer_213,user_213@example.com,North,2023-08-01,7132.0,2024-03-29,37.95,Cancelled
213,Customer_213,user_213@example.com,North,2023-08-01,8496.0,2024-05-25,200.79,Cancelled
213,Customer_213,user_213@example.com,North,2023-08-01,9750.0,2024-07-16,208.23,Cancelled
214,Customer_214,user_214@example.com,East,2023-08-02,5839.0,2024-02-04,18.16,Pending
214,Customer_214,user_214@example.com,East,2023-08-02,6183.0,2024-02-19,69.71,Completed
214,Customer_214,user_214@example.com,East,2023-08-02,8162.0,2024-05-11,146.07,Completed
214,Customer_214,user_214@example.com,East,2023-08-02,8224.0,2024-05-14,183.79,Cancelled
214,Customer_214,user_214@example.com,East,2023-08-02,8447.0,2024-05-23,471.05,Cancelled
214,Customer_214,user_214@example.com,East,2023-08-02,8495.0,2024-05-25,392.06,Completed
214,Customer_214,user_214@example.com,East,2023-08-02,9383.0,2024-07-01,485.92,Shipped
215,Customer_215,user_215@example.com,East,2023-08-03,6440.0,2024-02-29,382.78,Cancelled
215,Customer_215,user_215@example.com,East,2023-08-03,8753.0,2024-06-05,18.15,Shipped
215,Customer_215,user_215@example.com,East,2023-08-03,9120.0,2024-06-20,292.11,Cancelled
215,Customer_215,user_215@example.com,East,2023-08-03,9896.0,2024-07-22,325.12,Cancelled
216,Customer_216,user_216@example.com,North,2023-08-04,5089.0,2024-01-04,215.62,Completed
216,Customer_216,user_216@example.com,North,2023-08-04,7065.0,2024-03-27,67.04,Shipped
216,Customer_216,user_216@example.com,North,2023-08-04,7537.0,2024-04-15,21.11,Shipped
216,Customer_216,user_216@example.com,North,2023-08-04,7562.0,2024-04-16,147.56,Completed
216,Customer_216,user_216@example.com,North,2023-08-04,7746.0,2024-04-24,486.38,Shipped
216,Customer_216,user_216@example.com,North,2023-08-04,8534.0,2024-05-27,310.21,Cancelled
216,Customer_216,user_216@example.com,North,2023-08-04,9084.0,2024-06-19,280.25,Pending
216,Customer_216,user_216@example.com,North,2023-08-04,9373.0,2024-07-01,258.48,Pending
216,Customer_216,user_216@example.com,North,2023-08-04,9539.0,2024-07-08,252.02,Pending
217,Customer_217,user_217@example.com,West,2023-08-05,5093.0,2024-01-04,169.74,Pending
217,Customer_217,user_217@example.com,West,2023-08-05,6386.0,2024-02-27,134.89,Completed
217,Customer_217,user_217@example.com,West,2023-08-05,6822.0,2024-03-16,269.02,Completed
217,Customer_217,user_217@example.com,West,2023-08-05,7678.0,2024-04-21,206.08,Pending
218,Customer_218,user_218@example.com,North,2023-08-06,5731.0,2024-01-31,371.4,Completed
218,Customer_218,user_218@example.com,North,2023-08-06,6880.0,2024-03-19,248.15,Pending
218,Customer_218,user_218@example.com,North,2023-08-06,7258.0,2024-04-04,363.8,Cancelled
218,Customer_218,user_218@example.com,North,2023-08-06,7552.0,2024-04-16,18.95,Shipped
218,Customer_218,user_218@example.com,North,2023-08-06,7661.0,2024-04-20,188.38,Shipped
218,Customer_218,user_218@example.com,North,2023-08-06,7953.0,2024-05-03,364.95,Cancelled
218,Customer_218,user_218@example.com,North,2023-08-06,8756.0,2024-06-05,26.53,Cancelled
218,Customer_218,user_218@example.com,North,2023-08-06,9699.0,2024-07-14,303.03,Cancelled
219,Customer_219,user_219@example.com,West,2023-08-07,6129.0,2024-02-17,140.88,Completed
219,Customer_219,user_219@example.com,West,2023-08-07,9336.0,2024-06-29,494.17,Cancelled
220,Customer_220,user_220@example.com,East,2023-08-08,5034.0,2024-01-02,431.54,Shipped
220,Customer_220,user_220@example.com,East,2023-08-08,5469.0,2024-01-20,462.16,Pending
220,Customer_220,user_220@example.com,East,2023-08-08,5492.0,2024-01-21,128.59,Completed
220,Customer_220,user_220@example.com,East,2023-08-08,5612.0,2024-01-26,61.12,Pending
220,Customer_220,user_220@example.com,East,2023-08-08,6365.0,2024-02-26,172.26,Cancelled
220,Customer_220,user_220@example.com,East,2023-08-08,6962.0,2024-03-22,297.96,Cancelled
221,Customer_221,user_221@example.com,East,2023-08-09,5220.0,2024-01-10,152.26,Completed
221,Customer_221,user_221@example.com,East,2023-08-09,8827.0,2024-06-08,441.08,Cancelled
221,Customer_221,user_221@example.com,East,2023-08-09,9556.0,2024-07-08,351.97,Shipped
221,Customer_221,user_221@example.com,East,2023-08-09,9846.0,2024-07-20,201.21,Pending
222,Customer_222,user_222@example.com,East,2023-08-10,6058.0,2024-02-14,322.23,Completed
222,Customer_222,user_222@example.com,East,2023-08-10,9406.0,2024-07-02,134.23,Cancelled
222,Customer_222,user_222@example.com,East,2023-08-10,9433.0,2024-07-03,71.45,Cancelled
222,Customer_222,user_222@example.com,East,2023-08-10,9917.0,2024-07-23,60.92,Completed
223,Customer_223,user_223@example.com,South,2023-08-11,5287.0,2024-01-12,298.4,Pending
223,Customer_223,user_223@example.com,South,2023-08-11,6170.0,2024-02-18,408.77,Completed
223,Customer_223,user_223@example.com,South,2023-08-11,6225.0,2024-02-21,287.09,Shipped
223,Customer_223,user_223@example.com,South,2023-08-11,6613.0,2024-03-08,252.65,Pending
223,Customer_223,user_223@example.com,South,2023-08-11,6771.0,2024-03-14,445.25,Completed
223,Customer_223,user_223@example.com,South,2023-08-11,7256.0,2024-04-03,481.04,Cancelled
223,Customer_223,user_223@example.com,South,2023-08-11,7921.0,2024-05-01,15.55,Cancelled
223,Customer_223,user_223@example.com,South,2023-08-11,9653.0,2024-07-12,358.73,Shipped
224,Customer_224,user_224@example.com,West,2023-08-12,5583.0,2024-01-25,447.92,Pending
224,Customer_224,user_224@example.com,West,2023-08-12,7533.0,2024-04-15,102.47,Completed
224,Customer_224,user_224@example.com,West,2023-08-12,7946.0,2024-05-02,157.3,Pending
224,Customer_224,user_224@example.com,West,2023-08-12,9405.0,2024-07-02,337.21,Completed
224,Customer_224,user_224@example.com,West,2023-08-12,9788.0,2024-07-18,41.37,Shipped
225,Customer_225,user_225@example.com,South,2023-08-13,5008.0,2024-01-01,246.97,Completed
225,Customer_225,user_225@example.com,South,2023-08-13,6096.0,2024-02-15,450.48,Shipped
225,Customer_225,user_225@example.com,South,2023-08-13,6223.0,2024-02-20,195.71,Shipped
225,Customer_225,user_225@example.com,South,2023-08-13,7524.0,2024-04-15,364.05,Pending
226,Customer_226,user_226@example.com,South,2023-08-14,5063.0,2024-01-03,332.23,Shipped
226,Customer_226,user_226@example.com,South,2023-08-14,5289.0,2024-01-13,169.45,Pending
226,Customer_226,user_226@example.com,South,2023-08-14,5410.0,2024-01-18,385.35,Shipped
226,Customer_226,user_226@example.com,South,2023-08-14,5566.0,2024-01-24,411.52,Completed
226,Customer_226,user_226@example.com,South,2023-08-14,8381.0,2024-05-20,421.94,Cancelled
226,Customer_226,user_226@example.com,South,2023-08-14,8512.0,2024-05-26,39.07,Shipped
226,Customer_226,user_226@example.com,South,2023-08-14,9157.0,2024-06-22,31.48,Shipped
226,Customer_226,user_226@example.com,South,2023-08-14,9923.0,2024-07-24,425.44,Pending
227,Customer_227,user_227@example.com,North,2023-08-15,5597.0,2024-01-25,285.35,Pending
227,Customer_227,user_227@example.com,North,2023-08-15,5890.0,2024-02-07,307.29,Pending
227,Customer_227,user_227@example.com,North,2023-08-15,6765.0,2024-03-14,278.14,Completed
227,Customer_227,user_227@example.com,North,2023-08-15,7046.0,2024-03-26,24.47,Pending
227,Customer_227,user_227@example.com,North,2023-08-15,7972.0,2024-05-03,498.28,Shipped
227,Customer_227,user_227@example.com,North,2023-08-15,8173.0,2024-05-12,496.71,Pending
227,Customer_227,user_227@example.com,North,2023-08-15,9195.0,2024-06-23,364.52,Pending
227,Customer_227,user_227@example.com,North,2023-08-15,9316.0,2024-06-28,200.56,Shipped
227,Customer_227,user_227@example.com,North,2023-08-15,9959.0,2024-07-25,132.48,Cancelled
228,Customer_228,user_228@example.com,South,2023-08-16,5532.0,2024-01-23,161.18,Shipped
228,Customer_228,user_228@example.com,South,2023-08-16,5606.0,2024-01-26,297.55,Cancelled
228,Customer_228,user_228@example.com,South,2023-08-16,7696.0,2024-04-22,335.7,Cancelled
228,Customer_228,user_228@example.com,South,2023-08-16,8083.0,2024-05-08,465.13,Cancelled
228,Customer_228,user_228@example.com,South,2023-08-16,8632.0,2024-05-31,398.02,Completed
228,Customer_228,user_228@example.com,South,2023-08-16,9063.0,2024-06-18,30.53,Completed
229,Customer_229,user_229@example.com,North,2023-08-17,5622.0,2024-01-26,467.66,Cancelled
229,Customer_229,user_229@example.com,North,2023-08-17,5829.0,2024-02-04,424.72,Cancelled
229,Customer_229,user_229@example.com,North,2023-08-17,7878.0,2024-04-29,184.34,Pending
229,Customer_229,user_229@example.com,North,2023-08-17,8467.0,2024-05-24,86.28,Cancelled
229,Customer_229,user_229@example.com,North,2023-08-17,8615.0,2024-05-30,216.13,Pending
229,Customer_229,user_229@example.com,North,2023-08-17,9500.0,2024-07-06,138.13,Completed
229,Customer_229,user_229@example.com,North,2023-08-17,9617.0,2024-07-11,446.26,Completed
230,Customer_230,user_230@example.com,North,2023-08-18,7622.0,2024-04-19,324.27,Cancelled
230,Customer_230,user_230@example.com,North,2023-08-18,8590.0,2024-05-29,297.04,Pending
230,Customer_230,user_230@example.com,North,2023-08-18,9154.0,2024-06-22,337.94,Pending
231,Customer_231,user_231@example.com,South,2023-08-19,5075.0,2024-01-04,17.29,Shipped
231,Customer_231,user_231@example.com,South,2023-08-19,5298.0,2024-01-13,317.73,Shipped
231,Customer_231,user_231@example.com,South,2023-08-19,6292.0,2024-02-23,292.45,Shipped
231,Customer_231,user_231@example.com,South,2023-08-19,8699.0,2024-06-03,278.81,Cancelled
231,Customer_231,user_231@example.com,South,2023-08-19,9082.0,2024-06-19,184.78,Shipped
231,Customer_231,user_231@example.com,South,2023-08-19,9305.0,2024-06-28,179.29,Pending
232,Customer_232,user_232@example.com,West,2023-08-20,5184.0,2024-01-08,161.8,Shipped
232,Customer_232,user_232@example.com,West,2023-08-20,6808.0,2024-03-16,257.36,Completed
232,Customer_232,user_232@example.com,West,2023-08-20,9882.0,2024-07-22,361.88,Completed
233,Customer_233,user_233@example.com,West,2023-08-21,5254.0,2024-01-11,253.56,Cancelled
233,Customer_233,user_233@example.com,West,2023-08-21,5362.0,2024-01-16,287.37,Completed
233,Customer_233,user_233@example.com,West,2023-08-21,5696.0,2024-01-29,156.95,Pending
233,Customer_233,user_233@example.com,West,2023-08-21,5812.0,2024-02-03,465.81,Shipped
233,Customer_233,user_233@example.com,West,2023-08-21,7333.0,2024-04-07,440.27,Shipped
233,Customer_233,user_233@example.com,West,2023-08-21,8902.0,2024-06-11,499.82,Shipped
233,Customer_233,user_233@example.com,West,2023-08-21,9198.0,2024-06-23,122.38,Shipped
233,Customer_233,user_233@example.com,West,2023-08-21,9682.0,2024-07-14,289.66,Completed
234,Customer_234,user_234@example.com,West,2023-08-22,7041.0,2024-03-26,86.66,Pending
234,Customer_234,user_234@example.com,West,2023-08-22,8671.0,2024-06-01,302.18,Pending
235,Customer_235,user_235@example.com,West,2023-08-23,5319.0,2024-01-14,100.26,Shipped
235,Customer_235,user_235@example.com,West,2023-08-23,5430.0,2024-01-18,184.29,Pending
235,Customer_235,user_235@example.com,West,2023-08-23,5518.0,2024-01-22,152.2,Completed
235,Customer_235,user_235@example.com,West,2023-08-23,8820.0,2024-06-08,425.66,Shipped
235,Customer_235,user_235@example.com,West,2023-08-23,9396.0,2024-07-02,136.68,Cancelled
235,Customer_235,user_235@example.com,West,2023-08-23,9497.0,2024-07-06,469.49,Pending
236,Customer_236,user_236@example.com,West,2023-08-24,5910.0,2024-02-07,378.56,Cancelled
236,Customer_236,user_236@example.com,West,2023-08-24,7334.0,2024-04-07,76.14,Completed
236,Customer_236,user_236@example.com,West,2023-08-24,7341.0,2024-04-07,197.06,Shipped
236,Customer_236,user_236@example.com,West,2023-08-24,8294.0,2024-05-17,416.61,Shipped
236,Customer_236,user_236@example.com,West,2023-08-24,8958.0,2024-06-13,260.99,Completed
237,Customer_237,user_237@example.com,South,2023-08-25,5118.0,2024-01-05,440.54,Cancelled
237,Customer_237,user_237@example.com,South,2023-08-25,8787.0,2024-06-06,306.01,Completed
237,Customer_237,user_237@example.com,South,2023-08-25,9106.0,2024-06-20,462.5,Shipped
237,Customer_237,user_237@example.com,South,2023-08-25,9263.0,2024-06-26,435.07,Cancelled
238,Customer_238,user_238@example.com,South,2023-08-26,5520.0,2024-01-22,26.74,Completed
238,Customer_238,user_238@example.com,South,2023-08-26,8731.0,2024-06-04,42.5,Completed
238,Customer_238,user_238@example.com,South,2023-08-26,9347.0,2024-06-30,157.54,Pending
239,Customer_239,user_239@example.com,East,2023-08-27,5802.0,2024-02-03,385.97,Cancelled
239,Customer_239,user_239@example.com,East,2023-08-27,5861.0,2024-02-05,239.4,Cancelled
239,Customer_239,user_239@example.com,East,2023-08-27,6953.0,2024-03-22,319.25,Cancelled
239,Customer_239,user_239@example.com,East,2023-08-27,8448.0,2024-05-23,222.15,Pending
239,Customer_239,user_239@example.com,East,2023-08-27,9704.0,2024-07-14,366.24,Completed
240,Customer_240,user_240@example.com,West,2023-08-28,6745.0,2024-03-13,292.24,Shipped
240,Customer_240,user_240@example.com,West,2023-08-28,6964.0,2024-03-22,332.88,Completed
241,Customer_241,user_241@example.com,South,2023-08-29,8693.0,2024-06-02,19.28,Shipped
241,Customer_241,user_241@example.com,South,2023-08-29,9662.0,2024-07-13,112.03,Completed
242,Customer_242,user_242@example.com,East,2023-08-30,5253.0,2024-01-11,389.85,Shipped
242,Customer_242,user_242@example.com,East,2023-08-30,5878.0,2024-02-06,230.71,Completed
242,Customer_242,user_242@example.com,East,2023-08-30,6295.0,2024-02-23,365.16,Shipped
242,Customer_242,user_242@example.com,East,2023-08-30,6807.0,2024-03-16,97.63,Shipped
242,Customer_242,user_242@example.com,East,2023-08-30,7097.0,2024-03-28,390.95,Shipped
242,Customer_242,user_242@example.com,East,2023-08-30,7442.0,2024-04-11,145.32,Completed
242,Customer_242,user_242@example.com,East,2023-08-30,7664.0,2024-04-20,90.5,Shipped
242,Customer_242,user_242@example.com,East,2023-08-30,8914.0,2024-06-12,248.65,Cancelled
242,Customer_242,user_242@example.com,East,2023-08-30,9136.0,2024-06-21,122.84,Shipped
243,Customer_243,user_243@example.com,West,2023-08-31,5535.0,2024-01-23,242.48,Shipped
243,Customer_243,user_243@example.com,West,2023-08-31,7770.0,2024-04-25,307.46,Shipped
243,Customer_243,user_243@example.com,West,2023-08-31,7846.0,2024-04-28,86.2,Cancelled
243,Customer_243,user_243@example.com,West,2023-08-31,8000.0,2024-05-04,31.73,Cancelled
244,Customer_244,user_244@example.com,North,2023-09-01,6727.0,2024-03-12,19.2,Shipped
244,Customer_244,user_244@example.com,North,2023-09-01,6804.0,2024-03-16,263.53,Shipped
244,Customer_244,user_244@example.com,North,2023-09-01,6838.0,2024-03-17,454.4,Pending
245,Customer_245,user_245@example.com,East,2023-09-02,6538.0,2024-03-05,427.63,Completed
245,Customer_245,user_245@example.com,East,2023-09-02,8137.0,2024-05-10,467.69,Cancelled
245,Customer_245,user_245@example.com,East,2023-09-02,8408.0,2024-05-21,298.37,Shipped
245,Customer_245,user_245@example.com,East,2023-09-02,9012.0,2024-06-16,54.49,Shipped
246,Customer_246,user_246@example.com,South,2023-09-03,5021.0,2024-01-01,249.18,Pending
246,Customer_246,user_246@example.com,South,2023-09-03,5692.0,2024-01-29,413.44,Completed
246,Customer_246,user_246@example.com,South,2023-09-03,8463.0,2024-05-24,312.52,Completed
247,Customer_247,user_247@example.com,North,2023-09-04,5098.0,2024-01-05,350.28,Cancelled
247,Customer_247,user_247@example.com,North,2023-09-04,5139.0,2024-01-06,420.41,Completed
247,Customer_247,user_247@example.com,North,2023-09-04,8769.0,2024-06-06,467.07,Pending
248,Customer_248,user_248@example.com,North,2023-09-05,5869.0,2024-02-06,265.48,Shipped
248,Customer_248,user_248@example.com,North,2023-09-05,7108.0,2024-03-28,351.52,Pending
248,Customer_248,user_248@example.com,North,2023-09-05,7818.0,2024-04-27,239.24,Cancelled
248,Customer_248,user_248@example.com,North,2023-09-05,8790.0,2024-06-06,148.2,Completed
248,Customer_248,user_248@example.com,North,2023-09-05,9144.0,2024-06-21,440.42,Shipped
248,Customer_248,user_248@example.com,North,2023-09-05,9761.0,2024-07-17,233.26,Pending
249,Customer_249,user_249@example.com,North,2023-09-06,6313.0,2024-02-24,157.94,Completed
249,Customer_249,user_249@example.com,North,2023-09-06,8104.0,2024-05-09,418.33,Shipped
250,Customer_250,user_250@example.com,East,2023-09-07,5432.0,2024-01-18,403.79,Pending
250,Customer_250,user_250@example.com,East,2023-09-07,5846.0,2024-02-05,297.2,Pending
250,Customer_250,user_250@example.com,East,2023-09-07,8910.0,2024-06-11,94.61,Cancelled
250,Customer_250,user_250@example.com,East,2023-09-07,9669.0,2024-07-13,327.99,Pending
250,Customer_250,user_250@example.com,East,2023-09-07,9835.0,2024-07-20,285.12,Shipped
251,Customer_251,user_251@example.com,South,2023-09-08,5689.0,2024-01-29,278.15,Shipped
251,Customer_251,user_251@example.com,South,2023-09-08,5725.0,2024-01-31,427.33,Completed
251,Customer_251,user_251@example.com,South,2023-09-08,6276.0,2024-02-23,282.3,Shipped
251,Customer_251,user_251@example.com,South,2023-09-08,6860.0,2024-03-18,118.66,Shipped
251,Customer_251,user_251@example.com,South,2023-09-08,7357.0,2024-04-08,233.93,Completed
251,Customer_251,user_251@example.com,South,2023-09-08,8282.0,2024-05-16,247.92,Cancelled
251,Customer_251,user_251@example.com,South,2023-09-08,8506.0,2024-05-26,78.64,Shipped
252,Customer_252,user_252@example.com,North,2023-09-09,5477.0,2024-01-20,77.17,Pending
252,Customer_252,user_252@example.com,North,2023-09-09,6673.0,2024-03-10,411.22,Shipped
252,Customer_252,user_252@example.com,North,2023-09-09,8406.0,2024-05-21,255.93,Shipped
253,Customer_253,user_253@example.com,West,2023-09-10,5335.0,2024-01-14,55.13,Shipped
253,Customer_253,user_253@example.com,West,2023-09-10,5474.0,2024-01-20,417.4,Cancelled
253,Customer_253,user_253@example.com,West,2023-09-10,6201.0,2024-02-20,116.52,Cancelled
253,Customer_253,user_253@example.com,West,2023-09-10,9559.0,2024-07-08,300.85,Shipped
254,Customer_254,user_254@example.com,North,2023-09-11,5066.0,2024-01-03,40.93,Pending
254,Customer_254,user_254@example.com,North,2023-09-11,6073.0,2024-02-14,288.18,Shipped
254,Customer_254,user_254@example.com,North,2023-09-11,7014.0,2024-03-24,470.11,Shipped
254,Customer_254,user_254@example.com,North,2023-09-11,8705.0,2024-06-03,108.12,Completed
254,Customer_254,user_254@example.com,North,2023-09-11,9377.0,2024-07-01,125.67,Completed
254,Customer_254,user_254@example.com,North,2023-09-11,9436.0,2024-07-03,327.89,Completed
254,Customer_254,user_254@example.com,North,2023-09-11,9713.0,2024-07-15,258.29,Shipped
254,Customer_254,user_254@example.com,North,2023-09-11,9994.0,2024-07-27,358.12,Completed
255,Customer_255,user_255@example.com,North,2023-09-12,5245.0,2024-01-11,348.87,Shipped
255,Customer_255,user_255@example.com,North,2023-09-12,6926.0,2024-03-21,187.85,Completed
256,Customer_256,user_256@example.com,East,2023-09-13,5505.0,2024-01-22,219.93,Shipped
256,Customer_256,user_256@example.com,East,2023-09-13,6091.0,2024-02-15,133.37,Cancelled
256,Customer_256,user_256@example.com,East,2023-09-13,7234.0,2024-04-03,91.67,Pending
256,Customer_256,user_256@example.com,East,2023-09-13,7576.0,2024-04-17,486.5,Pending
256,Customer_256,user_256@example.com,East,2023-09-13,9125.0,2024-06-20,99.85,Shipped
257,Customer_257,user_257@example.com,East,2023-09-14,5690.0,2024-01-29,128.03,Shipped
257,Customer_257,user_257@example.com,East,2023-09-14,6317.0,2024-02-24,495.63,Shipped
257,Customer_257,user_257@example.com,East,2023-09-14,7091.0,2024-03-28,180.33,Completed
257,Customer_257,user_257@example.com,East,2023-09-14,9496.0,2024-07-06,379.95,Pending
258,Customer_258,user_258@example.com,South,2023-09-15,5115.0,2024-01-05,186.06,Shipped
258,Customer_258,user_258@example.com,South,2023-09-15,5721.0,2024-01-31,310.05,Completed
258,Customer_258,user_258@example.com,South,2023-09-15,9199.0,2024-06-23,54.7,Pending
259,Customer_259,user_259@example.com,West,2023-09-16,5964.0,2024-02-10,409.6,Shipped
259,Customer_259,user_259@example.com,West,2023-09-16,7080.0,2024-03-27,493.73,Cancelled
259,Customer_259,user_259@example.com,West,2023-09-16,7863.0,2024-04-29,145.12,Pending
259,Customer_259,user_259@example.com,West,2023-09-16,9791.0,2024-07-18,409.71,Completed
260,Customer_260,user_260@example.com,East,2023-09-17,5711.0,2024-01-30,320.77,Cancelled
260,Customer_260,user_260@example.com,East,2023-09-17,6998.0,2024-03-24,418.85,Shipped
260,Customer_260,user_260@example.com,East,2023-09-17,7149.0,2024-03-30,314.16,Completed
260,Customer_260,user_260@example.com,East,2023-09-17,8241.0,2024-05-15,322.16,Cancelled
260,Customer_260,user_260@example.com,East,2023-09-17,9029.0,2024-06-16,254.89,Shipped
260,Customer_260,user_260@example.com,East,2023-09-17,9139.0,2024-06-21,436.8,Cancelled
260,Customer_260,user_260@example.com,East,2023-09-17,9207.0,2024-06-24,400.62,Pending
260,Customer_260,user_260@example.com,East,2023-09-17,9508.0,2024-07-06,107.52,Completed
261,Customer_261,user_261@example.com,North,2023-09-18,5648.0,2024-01-27,178.79,Completed
261,Customer_261,user_261@example.com,North,2023-09-18,5719.0,2024-01-30,122.71,Cancelled
261,Customer_261,user_261@example.com,North,2023-09-18,5734.0,2024-01-31,396.47,Cancelled
261,Customer_261,user_261@example.com,North,2023-09-18,5792.0,2024-02-02,427.22,Cancelled
261,Customer_261,user_261@example.com,North,2023-09-18,5862.0,2024-02-05,406.15,Cancelled
261,Customer_261,user_261@example.com,North,2023-09-18,7609.0,2024-04-18,207.23,Completed
261,Customer_261,user_261@example.com,North,2023-09-18,9213.0,2024-06-24,90.62,Shipped
261,Customer_261,user_261@example.com,North,2023-09-18,9725.0,2024-07-15,247.58,Completed
262,Customer_262,user_262@example.com,South,2023-09-19,5280.0,2024-01-12,260.24,Completed
262,Customer_262,user_262@example.com,South,2023-09-19,5827.0,2024-02-04,76.52,Shipped
262,Customer_262,user_262@example.com,South,2023-09-19,7113.0,2024-03-29,383.46,Cancelled
262,Customer_262,user_262@example.com,South,2023-09-19,7707.0,2024-04-22,185.93,Pending
262,Customer_262,user_262@example.com,South,2023-09-19,8244.0,2024-05-15,153.16,Shipped
262,Customer_262,user_262@example.com,South,2023-09-19,8985.0,2024-06-15,65.67,Completed
262,Customer_262,user_262@example.com,South,2023-09-19,9051.0,2024-06-17,326.86,Cancelled
263,Customer_263,user_263@example.com,North,2023-09-20,5699.0,2024-01-30,418.64,Pending
263,Customer_263,user_263@example.com,North,2023-09-20,6775.0,2024-03-14,280.11,Completed
263,Customer_263,user_263@example.com,North,2023-09-20,8587.0,2024-05-29,155.52,Pending
263,Customer_263,user_263@example.com,North,2023-09-20,9857.0,2024-07-21,487.36,Completed
264,Customer_264,user_264@example.com,North,2023-09-21,6432.0,2024-02-29,24.84,Shipped
264,Customer_264,user_264@example.com,North,2023-09-21,7054.0,2024-03-26,422.01,Pending
264,Customer_264,user_264@example.com,North,2023-09-21,8413.0,2024-05-22,498.56,Cancelled
264,Customer_264,user_264@example.com,North,2023-09-21,9115.0,2024-06-20,160.61,Completed
264,Customer_264,user_264@example.com,North,2023-09-21,9192.0,2024-06-23,67.45,Cancelled
265,Customer_265,user_265@example.com,East,2023-09-22,5513.0,2024-01-22,258.39,Pending
265,Customer_265,user_265@example.com,East,2023-09-22,5970.0,2024-02-10,421.7,Pending
265,Customer_265,user_265@example.com,East,2023-09-22,8978.0,2024-06-14,79.18,Shipped
265,Customer_265,user_265@example.com,East,2023-09-22,9905.0,2024-07-23,88.35,Cancelled
266,Customer_266,user_266@example.com,South,2023-09-23,5670.0,2024-01-28,415.97,Cancelled
266,Customer_266,user_266@example.com,South,2023-09-23,7689.0,2024-04-22,148.44,Cancelled
266,Customer_266,user_266@example.com,South,2023-09-23,7771.0,2024-04-25,404.48,Pending
266,Customer_266,user_266@example.com,South,2023-09-23,8777.0,2024-06-06,156.03,Cancelled
266,Customer_266,user_266@example.com,South,2023-09-23,9425.0,2024-07-03,123.61,Completed
267,Customer_267,user_267@example.com,West,2023-09-24,5306.0,2024-01-13,187.85,Pending
267,Customer_267,user_267@example.com,West,2023-09-24,7830.0,2024-04-27,70.54,Completed
267,Customer_267,user_267@example.com,West,2023-09-24,8344.0,2024-05-19,345.25,Completed
267,Customer_267,user_267@example.com,West,2023-09-24,8361.0,2024-05-20,216.63,Pending
268,Customer_268,user_268@example.com,West,2023-09-25,5519.0,2024-01-22,449.01,Shipped
268,Customer_268,user_268@example.com,West,2023-09-25,6849.0,2024-03-18,30.34,Pending
268,Customer_268,user_268@example.com,West,2023-09-25,7284.0,2024-04-05,322.65,Shipped
268,Customer_268,user_268@example.com,West,2023-09-25,7691.0,2024-04-22,396.35,Pending
268,Customer_268,user_268@example.com,West,2023-09-25,7895.0,2024-04-30,333.68,Shipped
268,Customer_268,user_268@example.com,West,2023-09-25,8312.0,2024-05-17,231.45,Completed
268,Customer_268,user_268@example.com,West,2023-09-25,8619.0,2024-05-30,420.42,Pending
268,Customer_268,user_268@example.com,West,2023-09-25,8845.0,2024-06-09,81.08,Shipped
268,Customer_268,user_268@example.com,West,2023-09-25,9664.0,2024-07-13,72.91,Shipped
269,Customer_269,user_269@example.com,East,2023-09-26,9471.0,2024-07-05,375.36,Pending
270,Customer_270,user_270@example.com,East,2023-09-27,6454.0,2024-03-01,180.43,Completed
270,Customer_270,user_270@example.com,East,2023-09-27,6812.0,2024-03-16,453.63,Shipped
270,Customer_270,user_270@example.com,East,2023-09-27,7247.0,2024-04-03,317.59,Pending
270,Customer_270,user_270@example.com,East,2023-09-27,8768.0,2024-06-05,351.4,Shipped
270,Customer_270,user_270@example.com,East,2023-09-27,9302.0,2024-06-28,217.17,Pending
270,Customer_270,user_270@example.com,East,2023-09-27,9864.0,2024-07-21,212.57,Shipped
271,Customer_271,user_271@example.com,South,2023-09-28,5991.0,2024-02-11,442.72,Completed
271,Customer_271,user_271@example.com,South,2023-09-28,6132.0,2024-02-17,371.69,Shipped
271,Customer_271,user_271@example.com,South,2023-09-28,8029.0,2024-05-06,293.04,Pending
271,Customer_271,user_271@example.com,South,2023-09-28,9071.0,2024-06-18,248.16,Completed
272,Customer_272,user_272@example.com,West,2023-09-29,5512.0,2024-01-22,346.68,Cancelled
272,Customer_272,user_272@example.com,West,2023-09-29,7268.0,2024-04-04,401.02,Cancelled
272,Customer_272,user_272@example.com,West,2023-09-29,7305.0,2024-04-06,388.76,Shipped
272,Customer_272,user_272@example.com,West,2023-09-29,7336.0,2024-04-07,263.42,Cancelled
273,Customer_273,user_273@example.com,West,2023-09-30,5314.0,2024-01-14,80.35,Shipped
273,Customer_273,user_273@example.com,West,2023-09-30,5485.0,2024-01-21,93.65,Pending
273,Customer_273,user_273@example.com,West,2023-09-30,6361.0,2024-02-26,220.34,Shipped
273,Customer_273,user_273@example.com,West,2023-09-30,6875.0,2024-03-19,128.13,Shipped
273,Customer_273,user_273@example.com,West,2023-09-30,6883.0,2024-03-19,377.74,Completed
273,Customer_273,user_273@example.com,West,2023-09-30,7209.0,2024-04-02,268.78,Cancelled
273,Customer_273,user_273@example.com,West,2023-09-30,7282.0,2024-04-05,395.49,Cancelled
273,Customer_273,user_273@example.com,West,2023-09-30,7365.0,2024-04-08,123.41,Completed
274,Customer_274,user_274@example.com,West,2023-10-01,6043.0,2024-02-13,339.55,Completed
274,Customer_274,user_274@example.com,West,2023-10-01,7131.0,2024-03-29,287.96,Shipped
274,Customer_274,user_274@example.com,West,2023-10-01,7376.0,2024-04-08,82.49,Shipped
274,Customer_274,user_274@example.com,West,2023-10-01,7463.0,2024-04-12,197.9,Completed
274,Customer_274,user_274@example.com,West,2023-10-01,7571.0,2024-04-17,87.11,Pending
274,Customer_274,user_274@example.com,West,2023-10-01,9393.0,2024-07-02,413.22,Completed
275,Customer_275,user_275@example.com,North,2023-10-02,7958.0,2024-05-03,442.85,Cancelled
275,Customer_275,user_275@example.com,North,2023-10-02,8178.0,2024-05-12,71.55,Cancelled
275,Customer_275,user_275@example.com,North,2023-10-02,8277.0,2024-05-16,49.51,Pending
276,Customer_276,user_276@example.com,West,2023-10-03,5590.0,2024-01-25,480.95,Cancelled
276,Customer_276,user_276@example.com,West,2023-10-03,7404.0,2024-04-10,382.83,Completed
276,Customer_276,user_276@example.com,West,2023-10-03,8409.0,2024-05-22,38.55,Shipped
277,Customer_277,user_277@example.com,North,2023-10-04,5213.0,2024-01-09,140.04,Completed
277,Customer_277,user_277@example.com,North,2023-10-04,7040.0,2024-03-25,69.12,Cancelled
277,Customer_277,user_277@example.com,North,2023-10-04,7043.0,2024-03-26,109.92,Completed
277,Customer_277,user_277@example.com,North,2023-10-04,7183.0,2024-03-31,164.25,Shipped
277,Customer_277,user_277@example.com,North,2023-10-04,7233.0,2024-04-03,268.51,Shipped
277,Customer_277,user_277@example.com,North,2023-10-04,7328.0,2024-04-06,416.8,Pending
277,Customer_277,user_277@example.com,North,2023-10-04,7543.0,2024-04-15,355.33,Cancelled
277,Customer_277,user_277@example.com,North,2023-10-04,8651.0,2024-06-01,123.59,Pending
277,Customer_277,user_277@example.com,North,2023-10-04,9856.0,2024-07-21,24.11,Pending
278,Customer_278,user_278@example.com,South,2023-10-05,6048.0,2024-02-13,387.96,Completed
278,Customer_278,user_278@example.com,South,2023-10-05,6176.0,2024-02-18,64.6,Pending
278,Customer_278,user_278@example.com,South,2023-10-05,8107.0,2024-05-09,423.83,Completed
278,Customer_278,user_278@example.com,South,2023-10-05,8873.0,2024-06-10,311.49,Completed
278,Customer_278,user_278@example.com,South,2023-10-05,9596.0,2024-07-10,150.47,Shipped
278,Customer_278,user_278@example.com,South,2023-10-05,9727.0,2024-07-15,383.07,Shipped
279,Customer_279,user_279@example.com,North,2023-10-06,5632.0,2024-01-27,211.36,Completed
279,Customer_279,user_279@example.com,North,2023-10-06,5872.0,2024-02-06,93.82,Shipped
279,Customer_279,user_279@example.com,North,2023-10-06,6066.0,2024-02-14,33.12,Shipped
279,Customer_279,user_279@example.com,North,2023-10-06,9790.0,2024-07-18,236.12,Cancelled
279,Customer_279,user_279@example.com,North,2023-10-06,9928.0,2024-07-24,383.14,Shipped
280,Customer_280,user_280@example.com,South,2023-10-07,7679.0,2024-04-21,216.95,Shipped
280,Customer_280,user_280@example.com,South,2023-10-07,8529.0,2024-05-27,208.98,Shipped
280,Customer_280,user_280@example.com,South,2023-10-07,8784.0,2024-06-06,169.52,Completed
280,Customer_280,user_280@example.com,South,2023-10-07,8965.0,2024-06-14,481.41,Completed
281,Customer_281,user_281@example.com,West,2023-10-08,5087.0,2024-01-04,445.46,Shipped
281,Customer_281,user_281@example.com,West,2023-10-08,5385.0,2024-01-17,465.76,Pending
281,Customer_281,user_281@example.com,West,2023-10-08,6022.0,2024-02-12,292.04,Cancelled
281,Customer_281,user_281@example.com,West,2023-10-08,7762.0,2024-04-25,478.94,Shipped
281,Customer_281,user_281@example.com,West,2023-10-08,8128.0,2024-05-10,86.5,Completed
282,Customer_282,user_282@example.com,West,2023-10-09,6565.0,2024-03-06,144.13,Cancelled
282,Customer_282,user_282@example.com,West,2023-10-09,6950.0,2024-03-22,167.31,Shipped
282,Customer_282,user_282@example.com,West,2023-10-09,8225.0,2024-05-14,251.1,Shipped
282,Customer_282,user_282@example.com,West,2023-10-09,9753.0,2024-07-17,412.28,Cancelled
283,Customer_283,user_283@example.com,South,2023-10-10,6539.0,2024-03-05,220.61,Cancelled
283,Customer_283,user_283@example.com,South,2023-10-10,7747.0,2024-04-24,427.38,Pending
283,Customer_283,user_283@example.com,South,2023-10-10,8765.0,2024-06-05,162.62,Pending
283,Customer_283,user_283@example.com,South,2023-10-10,8919.0,2024-06-12,127.65,Shipped
283,Customer_283,user_283@example.com,South,2023-10-10,9023.0,2024-06-16,99.97,Shipped
283,Customer_283,user_283@example.com,South,2023-10-10,9027.0,2024-06-16,272.73,Pending
283,Customer_283,user_283@example.com,South,2023-10-10,9454.0,2024-07-04,21.42,Shipped
283,Customer_283,user_283@example.com,South,2023-10-10,9473.0,2024-07-05,427.64,Cancelled
283,Customer_283,user_283@example.com,South,2023-10-10,9574.0,2024-07-09,160.18,Shipped
284,Customer_284,user_284@example.com,East,2023-10-11,5304.0,2024-01-13,182.94,Cancelled
284,Customer_284,user_284@example.com,East,2023-10-11,6407.0,2024-02-28,329.88,Cancelled
284,Customer_284,user_284@example.com,East,2023-10-11,8046.0,2024-05-06,243.7,Shipped
284,Customer_284,user_284@example.com,East,2023-10-11,8690.0,2024-06-02,24.71,Completed
284,Customer_284,user_284@example.com,East,2023-10-11,9088.0,2024-06-19,463.98,Shipped
285,Customer_285,user_285@example.com,South,2023-10-12,5773.0,2024-02-02,487.56,Completed
285,Customer_285,user_285@example.com,South,2023-10-12,6754.0,2024-03-14,297.44,Pending
285,Customer_285,user_285@example.com,South,2023-10-12,6888.0,2024-03-19,118.48,Shipped
285,Customer_285,user_285@example.com,South,2023-10-12,7388.0,2024-04-09,382.34,Cancelled
285,Customer_285,user_285@example.com,South,2023-10-12,9382.0,2024-07-01,303.91,Pending
286,Customer_286,user_286@example.com,East,2023-10-13,5700.0,2024-01-30,148.28,Completed
286,Customer_286,user_286@example.com,East,2023-10-13,7158.0,2024-03-30,261.2,Cancelled
286,Customer_286,user_286@example.com,East,2023-10-13,7458.0,2024-04-12,489.02,Cancelled
286,Customer_286,user_286@example.com,East,2023-10-13,9208.0,2024-06-24,21.44,Pending
287,Customer_287,user_287@example.com,North,2023-10-14,6020.0,2024-02-12,473.31,Completed
287,Customer_287,user_287@example.com,North,2023-10-14,6161.0,2024-02-18,413.5,Cancelled
287,Customer_287,user_287@example.com,North,2023-10-14,6332.0,2024-02-25,346.54,Completed
287,Customer_287,user_287@example.com,North,2023-10-14,7999.0,2024-05-04,177.52,Pending
287,Customer_287,user_287@example.com,North,2023-10-14,8062.0,2024-05-07,166.0,Pending
287,Customer_287,user_287@example.com,North,2023-10-14,8426.0,2024-05-22,186.7,Shipped
288,Customer_288,user_288@example.com,North,2023-10-15,5088.0,2024-01-04,326.01,Cancelled
288,Customer_288,user_288@example.com,North,2023-10-15,5727.0,2024-01-31,445.17,Shipped
288,Customer_288,user_288@example.com,North,2023-10-15,7136.0,2024-03-29,428.29,Shipped
288,Customer_288,user_288@example.com,North,2023-10-15,7397.0,2024-04-09,386.19,Pending
288,Customer_288,user_288@example.com,North,2023-10-15,8195.0,2024-05-13,310.14,Pending
288,Customer_288,user_288@example.com,North,2023-10-15,8611.0,2024-05-30,479.9,Pending
288,Customer_288,user_288@example.com,North,2023-10-15,8856.0,2024-06-09,144.9,Pending
289,Customer_289,user_289@example.com,North,2023-10-16,5295.0,2024-01-13,257.29,Completed
289,Customer_289,user_289@example.com,North,2023-10-16,5455.0,2024-01-19,210.3,Completed
289,Customer_289,user_289@example.com,North,2023-10-16,6397.0,2024-02-28,170.14,Pending
289,Customer_289,user_289@example.com,North,2023-10-16,7316.0,2024-04-06,340.89,Cancelled
289,Customer_289,user_289@example.com,North,2023-10-16,7523.0,2024-04-15,296.32,Completed
289,Customer_289,user_289@example.com,North,2023-10-16,7788.0,2024-04-26,196.09,Cancelled
289,Customer_289,user_289@example.com,North,2023-10-16,8517.0,2024-05-26,24.34,Cancelled
289,Customer_289,user_289@example.com,North,2023-10-16,9081.0,2024-06-19,491.12,Pending
289,Customer_289,user_289@example.com,North,2023-10-16,9707.0,2024-07-15,453.6,Shipped
290,Customer_290,user_290@example.com,West,2023-10-17,5238.0,2024-01-10,250.73,Completed
290,Customer_290,user_290@example.com,West,2023-10-17,6052.0,2024-02-13,67.42,Shipped
290,Customer_290,user_290@example.com,West,2023-10-17,6828.0,2024-03-17,197.46,Cancelled
290,Customer_290,user_290@example.com,West,2023-10-17,7675.0,2024-04-21,396.47,Shipped
290,Customer_290,user_290@example.com,West,2023-10-17,8968.0,2024-06-14,36.23,Pending
291,Customer_291,user_291@example.com,North,2023-10-18,5844.0,2024-02-05,227.03,Shipped
291,Customer_291,user_291@example.com,North,2023-10-18,8470.0,2024-05-24,393.55,Completed
291,Customer_291,user_291@example.com,North,2023-10-18,8636.0,2024-05-31,45.13,Cancelled
291,Customer_291,user_291@example.com,North,2023-10-18,9832.0,2024-07-20,282.55,Pending
292,Customer_292,user_292@example.com,East,2023-10-19,5111.0,2024-01-05,79.25,Pending
292,Customer_292,user_292@example.com,East,2023-10-19,7735.0,2024-04-23,125.5,Cancelled
292,Customer_292,user_292@example.com,East,2023-10-19,8909.0,2024-06-11,406.08,Cancelled
293,Customer_293,user_293@example.com,North,2023-10-20,5174.0,2024-01-08,260.3,Cancelled
293,Customer_293,user_293@example.com,North,2023-10-20,5293.0,2024-01-13,49.0,Completed
293,Customer_293,user_293@example.com,North,2023-10-20,7738.0,2024-04-24,416.5,Completed
293,Customer_293,user_293@example.com,North,2023-10-20,8271.0,2024-05-16,46.62,Cancelled
293,Customer_293,user_293@example.com,North,2023-10-20,8707.0,2024-06-03,146.7,Completed
293,Customer_293,user_293@example.com,North,2023-10-20,9754.0,2024-07-17,48.97,Shipped
294,Customer_294,user_294@example.com,South,2023-10-21,5026.0,2024-01-02,381.6,Cancelled
294,Customer_294,user_294@example.com,South,2023-10-21,5377.0,2024-01-16,415.35,Cancelled
294,Customer_294,user_294@example.com,South,2023-10-21,6250.0,2024-02-22,416.0,Pending
294,Customer_294,user_294@example.com,South,2023-10-21,8466.0,2024-05-24,33.4,Cancelled
294,Customer_294,user_294@example.com,South,2023-10-21,9367.0,2024-06-30,30.08,Cancelled
295,Customer_295,user_295@example.com,South,2023-10-22,6024.0,2024-02-12,148.49,Shipped
295,Customer_295,user_295@example.com,South,2023-10-22,6339.0,2024-02-25,474.22,Completed
295,Customer_295,user_295@example.com,South,2023-10-22,6415.0,2024-02-28,365.62,Shipped
295,Customer_295,user_295@example.com,South,2023-10-22,7682.0,2024-04-21,62.53,Completed
295,Customer_295,user_295@example.com,South,2023-10-22,7688.0,2024-04-21,326.63,Completed
295,Customer_295,user_295@example.com,South,2023-10-22,9525.0,2024-07-07,495.44,Pending
295,Customer_295,user_295@example.com,South,2023-10-22,9877.0,2024-07-22,33.58,Shipped
296,Customer_296,user_296@example.com,West,2023-10-23,5327.0,2024-01-14,445.01,Cancelled
296,Customer_296,user_296@example.com,West,2023-10-23,6211.0,2024-02-20,466.55,Completed
296,Customer_296,user_296@example.com,West,2023-10-23,7329.0,2024-04-07,275.82,Shipped
296,Customer_296,user_296@example.com,West,2023-10-23,7712.0,2024-04-22,477.16,Cancelled
296,Customer_296,user_296@example.com,West,2023-10-23,8399.0,2024-05-21,461.84,Cancelled
296,Customer_296,user_296@example.com,West,2023-10-23,8656.0,2024-06-01,76.38,Pending
296,Customer_296,user_296@example.com,West,2023-10-23,9866.0,2024-07-21,453.52,Pending
297,Customer_297,user_297@example.com,South,2023-10-24,5257.0,2024-01-11,54.98,Cancelled
297,Customer_297,user_297@example.com,South,2023-10-24,9693.0,2024-07-14,178.64,Shipped
298,Customer_298,user_298@example.com,East,2023-10-25,6633.0,2024-03-09,283.75,Completed
298,Customer_298,user_298@example.com,East,2023-10-25,6634.0,2024-03-09,310.23,Cancelled
299,Customer_299,user_299@example.com,North,2023-10-26,8383.0,2024-05-20,171.39,Pending
300,Customer_300,user_300@example.com,West,2023-10-27,6286.0,2024-02-23,66.22,Pending
300,Customer_300,user_300@example.com,West,2023-10-27,9067.0,2024-06-18,485.09,Pending
300,Customer_300,user_300@example.com,West,2023-10-27,9770.0,2024-07-17,387.52,Cancelled
301,Customer_301,user_301@example.com,North,2023-10-28,5165.0,2024-01-07,323.52,Cancelled
301,Customer_301,user_301@example.com,North,2023-10-28,5617.0,2024-01-26,136.07,Pending
301,Customer_301,user_301@example.com,North,2023-10-28,6374.0,2024-02-27,335.29,Pending
301,Customer_301,user_301@example.com,North,2023-10-28,7199.0,2024-04-01,148.92,Pending
301,Customer_301,user_301@example.com,North,2023-10-28,7205.0,2024-04-01,66.84,Completed
301,Customer_301,user_301@example.com,North,2023-10-28,7994.0,2024-05-04,286.39,Completed
301,Customer_301,user_301@example.com,North,2023-10-28,8156.0,2024-05-11,20.85,Completed
301,Customer_301,user_301@example.com,North,2023-10-28,8305.0,2024-05-17,245.68,Cancelled
302,Customer_302,user_302@example.com,North,2023-10-29,5225.0,2024-01-10,234.37,Shipped
302,Customer_302,user_302@example.com,North,2023-10-29,5807.0,2024-02-03,263.61,Completed
302,Customer_302,user_302@example.com,North,2023-10-29,5819.0,2024-02-04,97.16,Completed
302,Customer_302,user_302@example.com,North,2023-10-29,6274.0,2024-02-23,210.35,Shipped
302,Customer_302,user_302@example.com,North,2023-10-29,6968.0,2024-03-22,164.76,Cancelled
302,Customer_302,user_302@example.com,North,2023-10-29,7451.0,2024-04-12,187.59,Shipped
302,Customer_302,user_302@example.com,North,2023-10-29,7467.0,2024-04-12,193.99,Cancelled
302,Customer_302,user_302@example.com,North,2023-10-29,9107.0,2024-06-20,16.29,Pending
302,Customer_302,user_302@example.com,North,2023-10-29,9215.0,2024-06-24,260.59,Pending
303,Customer_303,user_303@example.com,East,2023-10-30,5196.0,2024-01-09,322.39,Shipped
303,Customer_303,user_303@example.com,East,2023-10-30,5585.0,2024-01-25,343.33,Pending
303,Customer_303,user_303@example.com,East,2023-10-30,5652.0,2024-01-28,172.44,Cancelled
303,Customer_303,user_303@example.com,East,2023-10-30,6809.0,2024-03-16,303.06,Pending
303,Customer_303,user_303@example.com,East,2023-10-30,6930.0,2024-03-21,249.55,Shipped
303,Customer_303,user_303@example.com,East,2023-10-30,7222.0,2024-04-02,198.76,Pending
303,Customer_303,user_303@example.com,East,2023-10-30,7607.0,2024-04-18,303.03,Completed
303,Customer_303,user_303@example.com,East,2023-10-30,7616.0,2024-04-18,380.2,Completed
303,Customer_303,user_303@example.com,East,2023-10-30,8187.0,2024-05-12,81.41,Pending
303,Customer_303,user_303@example.com,East,2023-10-30,8900.0,2024-06-11,474.93,Completed
303,Customer_303,user_303@example.com,East,2023-10-30,9544.0,2024-07-08,63.25,Pending
304,Customer_304,user_304@example.com,South,2023-10-31,5742.0,2024-01-31,307.22,Cancelled
304,Customer_304,user_304@example.com,South,2023-10-31,6284.0,2024-02-23,110.43,Cancelled
304,Customer_304,user_304@example.com,South,2023-10-31,8011.0,2024-05-05,371.19,Completed
304,Customer_304,user_304@example.com,South,2023-10-31,8425.0,2024-05-22,294.87,Completed
304,Customer_304,user_304@example.com,South,2023-10-31,8566.0,2024-05-28,495.14,Cancelled
304,Customer_304,user_304@example.com,South,2023-10-31,9353.0,2024-06-30,222.17,Shipped
305,Customer_305,user_305@example.com,South,2023-11-01,6025.0,2024-02-12,51.47,Pending
305,Customer_305,user_305@example.com,South,2023-11-01,6594.0,2024-03-07,383.06,Cancelled
305,Customer_305,user_305@example.com,South,2023-11-01,6996.0,2024-03-24,414.73,Completed
305,Customer_305,user_305@example.com,South,2023-11-01,7266.0,2024-04-04,137.36,Pending
305,Customer_305,user_305@example.com,South,2023-11-01,8669.0,2024-06-01,16.54,Shipped
305,Customer_305,user_305@example.com,South,2023-11-01,9178.0,2024-06-23,165.92,Completed
306,Customer_306,user_306@example.com,North,2023-11-02,5605.0,2024-01-26,24.72,Shipped
306,Customer_306,user_306@example.com,North,2023-11-02,7107.0,2024-03-28,96.59,Completed
306,Customer_306,user_306@example.com,North,2023-11-02,7745.0,2024-04-24,233.0,Completed
306,Customer_306,user_306@example.com,North,2023-11-02,7810.0,2024-04-27,299.78,Cancelled
306,Customer_306,user_306@example.com,North,2023-11-02,9996.0,2024-07-27,298.54,Cancelled
307,Customer_307,user_307@example.com,West,2023-11-03,5443.0,2024-01-19,229.3,Completed
307,Customer_307,user_307@example.com,West,2023-11-03,8099.0,2024-05-09,305.86,Completed
307,Customer_307,user_307@example.com,West,2023-11-03,8314.0,2024-05-18,276.21,Cancelled
307,Customer_307,user_307@example.com,West,2023-11-03,9489.0,2024-07-06,394.29,Cancelled
308,Customer_308,user_308@example.com,South,2023-11-04,7428.0,2024-04-11,320.51,Cancelled
308,Customer_308,user_308@example.com,South,2023-11-04,9030.0,2024-06-16,79.01,Shipped
308,Customer_308,user_308@example.com,South,2023-11-04,9464.0,2024-07-04,349.09,Pending
308,Customer_308,user_308@example.com,South,2023-11-04,9987.0,2024-07-26,398.27,Completed
309,Customer_309,user_309@example.com,West,2023-11-05,5113.0,2024-01-05,261.72,Completed
309,Customer_309,user_309@example.com,West,2023-11-05,8854.0,2024-06-09,61.01,Cancelled
309,Customer_309,user_309@example.com,West,2023-11-05,9100.0,2024-06-19,59.89,Completed
309,Customer_309,user_309@example.com,West,2023-11-05,9403.0,2024-07-02,383.17,Cancelled
310,Customer_310,user_310@example.com,South,2023-11-06,5980.0,2024-02-10,31.16,Completed
310,Customer_310,user_310@example.com,South,2023-11-06,6723.0,2024-03-12,85.34,Cancelled
310,Customer_310,user_310@example.com,South,2023-11-06,8557.0,2024-05-28,157.06,Cancelled
310,Customer_310,user_310@example.com,South,2023-11-06,9521.0,2024-07-07,490.71,Completed
311,Customer_311,user_311@example.com,West,2023-11-07,5117.0,2024-01-05,244.2,Pending
311,Customer_311,user_311@example.com,West,2023-11-07,7358.0,2024-04-08,258.2,Pending
311,Customer_311,user_311@example.com,West,2023-11-07,7647.0,2024-04-20,121.09,Pending
311,Customer_311,user_311@example.com,West,2023-11-07,9140.0,2024-06-21,342.81,Cancelled
311,Customer_311,user_311@example.com,West,2023-11-07,9906.0,2024-07-23,23.86,Pending
311,Customer_311,user_311@example.com,West,2023-11-07,9971.0,2024-07-26,141.65,Shipped
312,Customer_312,user_312@example.com,East,2023-11-08,6181.0,2024-02-19,359.83,Pending
312,Customer_312,user_312@example.com,East,2023-11-08,6711.0,2024-03-12,157.57,Completed
312,Customer_312,user_312@example.com,East,2023-11-08,6887.0,2024-03-19,190.21,Shipped
312,Customer_312,user_312@example.com,East,2023-11-08,7332.0,2024-04-07,215.4,Shipped
312,Customer_312,user_312@example.com,East,2023-11-08,8627.0,2024-05-31,162.35,Pending
313,Customer_313,user_313@example.com,West,2023-11-09,5426.0,2024-01-18,326.75,Shipped
313,Customer_313,user_313@example.com,West,2023-11-09,6005.0,2024-02-11,174.46,Completed
313,Customer_313,user_313@example.com,West,2023-11-09,6927.0,2024-03-21,171.89,Shipped
313,Customer_313,user_313@example.com,West,2023-11-09,7173.0,2024-03-31,82.06,Shipped
313,Customer_313,user_313@example.com,West,2023-11-09,7599.0,2024-04-18,364.96,Pending
313,Customer_313,user_313@example.com,West,2023-11-09,8473.0,2024-05-24,373.66,Completed
313,Customer_313,user_313@example.com,West,2023-11-09,9435.0,2024-07-03,366.4,Pending
313,Customer_313,user_313@example.com,West,2023-11-09,9908.0,2024-07-23,109.71,Pending
313,Customer_313,user_313@example.com,West,2023-11-09,9984.0,2024-07-26,272.97,Shipped
313,Customer_313,user_313@example.com,West,2023-11-09,9988.0,2024-07-26,212.56,Cancelled
314,Customer_314,user_314@example.com,East,2023-11-10,5795.0,2024-02-03,160.02,Completed
314,Customer_314,user_314@example.com,East,2023-11-10,6063.0,2024-02-14,368.17,Cancelled
314,Customer_314,user_314@example.com,East,2023-11-10,7117.0,2024-03-29,196.16,Cancelled
314,Customer_314,user_314@example.com,East,2023-11-10,7250.0,2024-04-03,327.29,Shipped
314,Customer_314,user_314@example.com,East,2023-11-10,7862.0,2024-04-29,236.92,Completed
314,Customer_314,user_314@example.com,East,2023-11-10,8142.0,2024-05-10,385.04,Completed
315,Customer_315,user_315@example.com,East,2023-11-11,5548.0,2024-01-23,434.02,Pending
315,Customer_315,user_315@example.com,East,2023-11-11,6216.0,2024-02-20,448.09,Completed
315,Customer_315,user_315@example.com,East,2023-11-11,7492.0,2024-04-13,106.48,Cancelled
315,Customer_315,user_315@example.com,East,2023-11-11,8673.0,2024-06-02,415.27,Cancelled
316,Customer_316,user_316@example.com,West,2023-11-12,5206.0,2024-01-09,122.4,Pending
316,Customer_316,user_316@example.com,West,2023-11-12,5832.0,2024-02-04,359.96,Shipped
317,Customer_317,user_317@example.com,East,2023-11-13,5653.0,2024-01-28,364.76,Cancelled
317,Customer_317,user_317@example.com,East,2023-11-13,8269.0,2024-05-16,416.28,Shipped
318,Customer_318,user_318@example.com,North,2023-11-14,5569.0,2024-01-24,432.49,Shipped
318,Customer_318,user_318@example.com,North,2023-11-14,7004.0,2024-03-24,123.77,Pending
318,Customer_318,user_318@example.com,North,2023-11-14,7612.0,2024-04-18,349.05,Pending
318,Customer_318,user_318@example.com,North,2023-11-14,7815.0,2024-04-27,458.5,Shipped
318,Customer_318,user_318@example.com,North,2023-11-14,8056.0,2024-05-07,323.92,Pending
318,Customer_318,user_318@example.com,North,2023-11-14,8203.0,2024-05-13,495.33,Cancelled
318,Customer_318,user_318@example.com,North,2023-11-14,8600.0,2024-05-29,65.08,Completed
318,Customer_318,user_318@example.com,North,2023-11-14,8891.0,2024-06-11,36.85,Completed
318,Customer_318,user_318@example.com,North,2023-11-14,9221.0,2024-06-24,387.94,Pending
318,Customer_318,user_318@example.com,North,2023-11-14,9283.0,2024-06-27,93.58,Pending
318,Customer_318,user_318@example.com,North,2023-11-14,9288.0,2024-06-27,101.56,Completed
319,Customer_319,user_319@example.com,East,2023-11-15,5864.0,2024-02-05,480.4,Cancelled
319,Customer_319,user_319@example.com,East,2023-11-15,6901.0,2024-03-20,275.96,Pending
319,Customer_319,user_319@example.com,East,2023-11-15,6949.0,2024-03-22,383.32,Cancelled
319,Customer_319,user_319@example.com,East,2023-11-15,9249.0,2024-06-26,210.58,Shipped
319,Customer_319,user_319@example.com,East,2023-11-15,9810.0,2024-07-19,295.68,Shipped
320,Customer_320,user_320@example.com,South,2023-11-16,5029.0,2024-01-02,70.97,Cancelled
320,Customer_320,user_320@example.com,South,2023-11-16,5080.0,2024-01-04,359.78,Completed
320,Customer_320,user_320@example.com,South,2023-11-16,6802.0,2024-03-16,45.85,Pending
320,Customer_320,user_320@example.com,South,2023-11-16,7296.0,2024-04-05,121.2,Shipped
320,Customer_320,user_320@example.com,South,2023-11-16,8837.0,2024-06-08,193.91,Completed
320,Customer_320,user_320@example.com,South,2023-11-16,8954.0,2024-06-13,212.88,Cancelled
320,Customer_320,user_320@example.com,South,2023-11-16,9111.0,2024-06-20,356.58,Completed
320,Customer_320,user_320@example.com,South,2023-11-16,9248.0,2024-06-25,410.62,Shipped
321,Customer_321,user_321@example.com,West,2023-11-17,6621.0,2024-03-08,468.11,Completed
321,Customer_321,user_321@example.com,West,2023-11-17,7257.0,2024-04-04,448.11,Pending
321,Customer_321,user_321@example.com,West,2023-11-17,7898.0,2024-04-30,412.94,Shipped
322,Customer_322,user_322@example.com,North,2023-11-18,6472.0,2024-03-02,294.26,Pending
322,Customer_322,user_322@example.com,North,2023-11-18,6507.0,2024-03-03,242.38,Completed
322,Customer_322,user_322@example.com,North,2023-11-18,7159.0,2024-03-30,406.86,Completed
322,Customer_322,user_322@example.com,North,2023-11-18,8817.0,2024-06-08,65.45,Cancelled
323,Customer_323,user_323@example.com,West,2023-11-19,5259.0,2024-01-11,48.85,Pending
323,Customer_323,user_323@example.com,West,2023-11-19,6972.0,2024-03-23,185.87,Shipped
323,Customer_323,user_323@example.com,West,2023-11-19,7632.0,2024-04-19,313.57,Completed
324,Customer_324,user_324@example.com,South,2023-11-20,5835.0,2024-02-04,286.79,Cancelled
324,Customer_324,user_324@example.com,South,2023-11-20,6385.0,2024-02-27,114.06,Pending
324,Customer_324,user_324@example.com,South,2023-11-20,6516.0,2024-03-04,417.39,Completed
324,Customer_324,user_324@example.com,South,2023-11-20,7703.0,2024-04-22,437.82,Cancelled
324,Customer_324,user_324@example.com,South,2023-11-20,8053.0,2024-05-07,278.46,Cancelled
324,Customer_324,user_324@example.com,South,2023-11-20,8215.0,2024-05-13,363.71,Completed
324,Customer_324,user_324@example.com,South,2023-11-20,8840.0,2024-06-08,368.0,Completed
324,Customer_324,user_324@example.com,South,2023-11-20,9057.0,2024-06-18,216.01,Shipped
324,Customer_324,user_324@example.com,South,2023-11-20,9932.0,2024-07-24,393.39,Shipped
325,Customer_325,user_325@example.com,South,2023-11-21,5730.0,2024-01-31,127.19,Pending
325,Customer_325,user_325@example.com,South,2023-11-21,6722.0,2024-03-12,165.2,Pending
325,Customer_325,user_325@example.com,South,2023-11-21,6776.0,2024-03-14,283.44,Cancelled
325,Customer_325,user_325@example.com,South,2023-11-21,8637.0,2024-05-31,386.78,Cancelled
326,Customer_326,user_326@example.com,South,2023-11-22,5458.0,2024-01-20,375.27,Pending
326,Customer_326,user_326@example.com,South,2023-11-22,5738.0,2024-01-31,426.11,Pending
326,Customer_326,user_326@example.com,South,2023-11-22,6093.0,2024-02-15,299.43,Completed
326,Customer_326,user_326@example.com,South,2023-11-22,6112.0,2024-02-16,405.29,Shipped
326,Customer_326,user_326@example.com,South,2023-11-22,6760.0,2024-03-14,140.91,Pending
326,Customer_326,user_326@example.com,South,2023-11-22,9691.0,2024-07-14,168.69,Shipped
327,Customer_327,user_327@example.com,East,2023-11-23,5985.0,2024-02-11,420.73,Shipped
327,Customer_327,user_327@example.com,East,2023-11-23,6262.0,2024-02-22,267.29,Cancelled
327,Customer_327,user_327@example.com,East,2023-11-23,6646.0,2024-03-09,38.47,Cancelled
327,Customer_327,user_327@example.com,East,2023-11-23,8106.0,2024-05-09,378.79,Cancelled
327,Customer_327,user_327@example.com,East,2023-11-23,8251.0,2024-05-15,479.69,Shipped
327,Customer_327,user_327@example.com,East,2023-11-23,8533.0,2024-05-27,485.09,Cancelled
328,Customer_328,user_328@example.com,East,2023-11-24,6393.0,2024-02-28,256.38,Pending
328,Customer_328,user_328@example.com,East,2023-11-24,7561.0,2024-04-16,43.86,Cancelled
328,Customer_328,user_328@example.com,East,2023-11-24,8018.0,2024-05-05,194.42,Pending
329,Customer_329,user_329@example.com,West,2023-11-25,5126.0,2024-01-06,92.42,Completed
329,Customer_329,user_329@example.com,West,2023-11-25,5221.0,2024-01-10,33.42,Completed
329,Customer_329,user_329@example.com,West,2023-11-25,5593.0,2024-01-25,425.09,Cancelled
329,Customer_329,user_329@example.com,West,2023-11-25,6582.0,2024-03-06,150.06,Cancelled
329,Customer_329,user_329@example.com,West,2023-11-25,6622.0,2024-03-08,56.92,Pending
329,Customer_329,user_329@example.com,West,2023-11-25,8661.0,2024-06-01,435.77,Completed
330,Customer_330,user_330@example.com,West,2023-11-26,7440.0,2024-04-11,442.12,Pending
330,Customer_330,user_330@example.com,West,2023-11-26,8217.0,2024-05-14,216.82,Cancelled
330,Customer_330,user_330@example.com,West,2023-11-26,8734.0,2024-06-04,475.19,Completed
330,Customer_330,user_330@example.com,West,2023-11-26,9632.0,2024-07-11,353.04,Pending
331,Customer_331,user_331@example.com,North,2023-11-27,5040.0,2024-01-02,403.56,Pending
331,Customer_331,user_331@example.com,North,2023-11-27,5943.0,2024-02-09,216.38,Completed
331,Customer_331,user_331@example.com,North,2023-11-27,7845.0,2024-04-28,219.55,Shipped
331,Customer_331,user_331@example.com,North,2023-11-27,8457.0,2024-05-24,487.33,Shipped
331,Customer_331,user_331@example.com,North,2023-11-27,8553.0,2024-05-28,148.25,Cancelled
331,Customer_331,user_331@example.com,North,2023-11-27,9982.0,2024-07-26,468.61,Pending
332,Customer_332,user_332@example.com,North,2023-11-28,5390.0,2024-01-17,491.76,Completed
332,Customer_332,user_332@example.com,North,2023-11-28,6651.0,2024-03-09,187.89,Completed
332,Customer_332,user_332@example.com,North,2023-11-28,8006.0,2024-05-05,98.35,Cancelled
332,Customer_332,user_332@example.com,North,2023-11-28,8013.0,2024-05-05,413.8,Pending
332,Customer_332,user_332@example.com,North,2023-11-28,9224.0,2024-06-24,371.22,Pending
332,Customer_332,user_332@example.com,North,2023-11-28,9700.0,2024-07-14,106.25,Completed
333,Customer_333,user_333@example.com,West,2023-11-29,7306.0,2024-04-06,316.58,Pending
333,Customer_333,user_333@example.com,West,2023-11-29,8672.0,2024-06-01,412.47,Shipped
334,Customer_334,user_334@example.com,East,2023-11-30,5545.0,2024-01-23,265.33,Pending
334,Customer_334,user_334@example.com,East,2023-11-30,5909.0,2024-02-07,320.82,Pending
334,Customer_334,user_334@example.com,East,2023-11-30,7331.0,2024-04-07,260.21,Completed
334,Customer_334,user_334@example.com,East,2023-11-30,8720.0,2024-06-03,124.1,Pending
334,Customer_334,user_334@example.com,East,2023-11-30,8863.0,2024-06-09,27.13,Pending
335,Customer_335,user_335@example.com,South,2023-12-01,5309.0,2024-01-13,331.51,Completed
335,Customer_335,user_335@example.com,South,2023-12-01,5898.0,2024-02-07,271.0,Completed
335,Customer_335,user_335@example.com,South,2023-12-01,6818.0,2024-03-16,217.05,Completed
335,Customer_335,user_335@example.com,South,2023-12-01,7907.0,2024-05-01,273.7,Shipped
335,Customer_335,user_335@example.com,South,2023-12-01,8396.0,2024-05-21,464.21,Pending
335,Customer_335,user_335@example.com,South,2023-12-01,9901.0,2024-07-23,478.59,Pending
336,Customer_336,user_336@example.com,West,2023-12-02,5284.0,2024-01-12,131.04,Shipped
336,Customer_336,user_336@example.com,West,2023-12-02,5303.0,2024-01-13,411.66,Pending
336,Customer_336,user_336@example.com,West,2023-12-02,6273.0,2024-02-23,216.51,Cancelled
336,Customer_336,user_336@example.com,West,2023-12-02,8629.0,2024-05-31,377.38,Shipped
336,Customer_336,user_336@example.com,West,2023-12-02,8904.0,2024-06-11,389.14,Pending
336,Customer_336,user_336@example.com,West,2023-12-02,9317.0,2024-06-28,173.03,Pending
337,Customer_337,user_337@example.com,North,2023-12-03,5270.0,2024-01-12,492.3,Shipped
337,Customer_337,user_337@example.com,North,2023-12-03,6938.0,2024-03-21,151.77,Pending
337,Customer_337,user_337@example.com,North,2023-12-03,7176.0,2024-03-31,217.27,Cancelled
337,Customer_337,user_337@example.com,North,2023-12-03,7761.0,2024-04-25,497.34,Pending
337,Customer_337,user_337@example.com,North,2023-12-03,9841.0,2024-07-20,139.1,Completed
338,Customer_338,user_338@example.com,East,2023-12-04,5556.0,2024-01-24,87.01,Pending
338,Customer_338,user_338@example.com,East,2023-12-04,6343.0,2024-02-25,490.78,Completed
338,Customer_338,user_338@example.com,East,2023-12-04,7459.0,2024-04-12,424.14,Cancelled
338,Customer_338,user_338@example.com,East,2023-12-04,7853.0,2024-04-28,79.33,Completed
338,Customer_338,user_338@example.com,East,2023-12-04,8364.0,2024-05-20,300.73,Cancelled
338,Customer_338,user_338@example.com,East,2023-12-04,9764.0,2024-07-17,52.63,Pending
339,Customer_339,user_339@example.com,West,2023-12-05,5224.0,2024-01-10,381.66,Completed
339,Customer_339,user_339@example.com,West,2023-12-05,8552.0,2024-05-27,275.1,Pending
339,Customer_339,user_339@example.com,West,2023-12-05,9634.0,2024-07-12,172.09,Shipped
340,Customer_340,user_340@example.com,West,2023-12-06,6533.0,2024-03-04,168.75,Completed
340,Customer_340,user_340@example.com,West,2023-12-06,8732.0,2024-06-04,288.44,Pending
341,Customer_341,user_341@example.com,East,2023-12-07,6414.0,2024-02-28,27.19,Completed
341,Customer_341,user_341@example.com,East,2023-12-07,6550.0,2024-03-05,95.5,Completed
341,Customer_341,user_341@example.com,East,2023-12-07,8129.0,2024-05-10,358.46,Cancelled
341,Customer_341,user_341@example.com,East,2023-12-07,8592.0,2024-05-29,220.95,Pending
341,Customer_341,user_341@example.com,East,2023-12-07,9487.0,2024-07-05,24.15,Completed
341,Customer_341,user_341@example.com,East,2023-12-07,9839.0,2024-07-20,303.29,Completed
342,Customer_342,user_342@example.com,West,2023-12-08,5837.0,2024-02-04,400.96,Pending
342,Customer_342,user_342@example.com,West,2023-12-08,6023.0,2024-02-12,415.38,Shipped
342,Customer_342,user_342@example.com,West,2023-12-08,6278.0,2024-02-23,70.5,Completed
342,Customer_342,user_342@example.com,West,2023-12-08,7620.0,2024-04-19,224.81,Completed
342,Customer_342,user_342@example.com,West,2023-12-08,8639.0,2024-05-31,442.63,Cancelled
342,Customer_342,user_342@example.com,West,2023-12-08,8741.0,2024-06-04,163.58,Cancelled
343,Customer_343,user_343@example.com,East,2023-12-09,5759.0,2024-02-01,85.6,Shipped
343,Customer_343,user_343@example.com,East,2023-12-09,6111.0,2024-02-16,146.2,Cancelled
343,Customer_343,user_343@example.com,East,2023-12-09,7704.0,2024-04-22,90.6,Cancelled
343,Customer_343,user_343@example.com,East,2023-12-09,8832.0,2024-06-08,79.5,Cancelled
343,Customer_343,user_343@example.com,East,2023-12-09,8952.0,2024-06-13,338.24,Shipped
343,Customer_343,user_343@example.com,East,2023-12-09,9185.0,2024-06-23,434.93,Shipped
344,Customer_344,user_344@example.com,South,2023-12-10,5036.0,2024-01-02,384.98,Completed
344,Customer_344,user_344@example.com,South,2023-12-10,5925.0,2024-02-08,307.74,Completed
344,Customer_344,user_344@example.com,South,2023-12-10,6581.0,2024-03-06,132.35,Shipped
344,Customer_344,user_344@example.com,South,2023-12-10,7058.0,2024-03-26,17.88,Cancelled
344,Customer_344,user_344@example.com,South,2023-12-10,7364.0,2024-04-08,382.37,Pending
344,Customer_344,user_344@example.com,South,2023-12-10,7573.0,2024-04-17,202.12,Pending
344,Customer_344,user_344@example.com,South,2023-12-10,9990.0,2024-07-26,399.56,Cancelled
345,Customer_345,user_345@example.com,East,2023-12-11,5468.0,2024-01-20,395.04,Completed
345,Customer_345,user_345@example.com,East,2023-12-11,5915.0,2024-02-08,324.65,Cancelled
345,Customer_345,user_345@example.com,East,2023-12-11,6451.0,2024-03-01,43.72,Pending
345,Customer_345,user_345@example.com,East,2023-12-11,7626.0,2024-04-19,418.52,Pending
345,Customer_345,user_345@example.com,East,2023-12-11,9537.0,2024-07-08,426.07,Pending
345,Customer_345,user_345@example.com,East,2023-12-11,9706.0,2024-07-15,32.84,Cancelled
346,Customer_346,user_346@example.com,East,2023-12-12,6466.0,2024-03-02,289.65,Cancelled
346,Customer_346,user_346@example.com,East,2023-12-12,6467.0,2024-03-02,208.22,Shipped
346,Customer_346,user_346@example.com,East,2023-12-12,8120.0,2024-05-09,342.57,Shipped
347,Customer_347,user_347@example.com,East,2023-12-13,6127.0,2024-02-16,481.14,Completed
347,Customer_347,user_347@example.com,East,2023-12-13,6247.0,2024-02-21,175.54,Pending
348,Customer_348,user_348@example.com,West,2023-12-14,8288.0,2024-05-16,139.96,Completed
348,Customer_348,user_348@example.com,West,2023-12-14,8775.0,2024-06-06,139.3,Pending
348,Customer_348,user_348@example.com,West,2023-12-14,9807.0,2024-07-19,216.78,Completed
349,Customer_349,user_349@example.com,West,2023-12-15,5190.0,2024-01-08,284.62,Cancelled
349,Customer_349,user_349@example.com,West,2023-12-15,6166.0,2024-02-18,439.09,Shipped
349,Customer_349,user_349@example.com,West,2023-12-15,6347.0,2024-02-26,192.99,Pending
349,Customer_349,user_349@example.com,West,2023-12-15,6916.0,2024-03-20,226.39,Pending
349,Customer_349,user_349@example.com,West,2023-12-15,8112.0,2024-05-09,75.25,Shipped
349,Customer_349,user_349@example.com,West,2023-12-15,8563.0,2024-05-28,446.38,Cancelled
349,Customer_349,user_349@example.com,West,2023-12-15,8722.0,2024-06-04,248.71,Pending
349,Customer_349,user_349@example.com,West,2023-12-15,9225.0,2024-06-25,243.24,Shipped
350,Customer_350,user_350@example.com,East,2023-12-16,5337.0,2024-01-15,157.27,Cancelled
350,Customer_350,user_350@example.com,East,2023-12-16,6494.0,2024-03-03,190.46,Completed
350,Customer_350,user_350@example.com,East,2023-12-16,6579.0,2024-03-06,492.7,Shipped
350,Customer_350,user_350@example.com,East,2023-12-16,7310.0,2024-04-06,468.31,Pending
350,Customer_350,user_350@example.com,East,2023-12-16,7452.0,2024-04-12,136.19,Completed
350,Customer_350,user_350@example.com,East,2023-12-16,8717.0,2024-06-03,246.42,Completed
350,Customer_350,user_350@example.com,East,2023-12-16,9515.0,2024-07-07,24.0,Shipped
351,Customer_351,user_351@example.com,West,2023-12-17,7206.0,2024-04-01,335.16,Pending
351,Customer_351,user_351@example.com,West,2023-12-17,8694.0,2024-06-02,107.34,Pending
352,Customer_352,user_352@example.com,North,2023-12-18,5486.0,2024-01-21,492.68,Shipped
352,Customer_352,user_352@example.com,North,2023-12-18,5848.0,2024-02-05,85.12,Completed
352,Customer_352,user_352@example.com,North,2023-12-18,6436.0,2024-02-29,75.48,Cancelled
352,Customer_352,user_352@example.com,North,2023-12-18,6484.0,2024-03-02,419.56,Shipped
352,Customer_352,user_352@example.com,North,2023-12-18,6833.0,2024-03-17,184.68,Completed
353,Customer_353,user_353@example.com,North,2023-12-19,5062.0,2024-01-03,433.01,Pending
353,Customer_353,user_353@example.com,North,2023-12-19,6090.0,2024-02-15,499.87,Shipped
353,Customer_353,user_353@example.com,North,2023-12-19,6202.0,2024-02-20,131.83,Cancelled
353,Customer_353,user_353@example.com,North,2023-12-19,8304.0,2024-05-17,125.33,Shipped
353,Customer_353,user_353@example.com,North,2023-12-19,8491.0,2024-05-25,91.0,Cancelled
353,Customer_353,user_353@example.com,North,2023-12-19,9773.0,2024-07-17,413.89,Shipped
354,Customer_354,user_354@example.com,West,2023-12-20,5014.0,2024-01-01,51.43,Cancelled
354,Customer_354,user_354@example.com,West,2023-12-20,5049.0,2024-01-03,341.08,Completed
354,Customer_354,user_354@example.com,West,2023-12-20,5342.0,2024-01-15,472.62,Pending
354,Customer_354,user_354@example.com,West,2023-12-20,7457.0,2024-04-12,51.05,Completed
354,Customer_354,user_354@example.com,West,2023-12-20,8453.0,2024-05-23,403.25,Cancelled
354,Customer_354,user_354@example.com,West,2023-12-20,8969.0,2024-06-14,289.97,Completed
354,Customer_354,user_354@example.com,West,2023-12-20,9357.0,2024-06-30,146.51,Pending
355,Customer_355,user_355@example.com,West,2023-12-21,7964.0,2024-05-03,363.62,Pending
355,Customer_355,user_355@example.com,West,2023-12-21,8036.0,2024-05-06,466.02,Cancelled
356,Customer_356,user_356@example.com,East,2023-12-22,5884.0,2024-02-06,410.45,Cancelled
356,Customer_356,user_356@example.com,East,2023-12-22,6016.0,2024-02-12,288.63,Pending
356,Customer_356,user_356@example.com,East,2023-12-22,6321.0,2024-02-25,175.2,Pending
356,Customer_356,user_356@example.com,East,2023-12-22,7106.0,2024-03-28,143.68,Pending
356,Customer_356,user_356@example.com,East,2023-12-22,7547.0,2024-04-16,449.84,Pending
356,Customer_356,user_356@example.com,East,2023-12-22,7902.0,2024-04-30,246.27,Cancelled
356,Customer_356,user_356@example.com,East,2023-12-22,8375.0,2024-05-20,178.16,Completed
357,Customer_357,user_357@example.com,South,2023-12-23,6242.0,2024-02-21,347.11,Completed
357,Customer_357,user_357@example.com,South,2023-12-23,6596.0,2024-03-07,324.78,Completed
357,Customer_357,user_357@example.com,South,2023-12-23,7838.0,2024-04-28,483.43,Cancelled
357,Customer_357,user_357@example.com,South,2023-12-23,9678.0,2024-07-13,312.21,Pending
358,Customer_358,user_358@example.com,West,2023-12-24,7244.0,2024-04-03,404.34,Pending
358,Customer_358,user_358@example.com,West,2023-12-24,8033.0,2024-05-06,215.94,Completed
358,Customer_358,user_358@example.com,West,2023-12-24,9331.0,2024-06-29,161.39,Completed
358,Customer_358,user_358@example.com,West,2023-12-24,9741.0,2024-07-16,57.55,Pending
359,Customer_359,user_359@example.com,North,2023-12-25,5072.0,2024-01-03,163.24,Shipped
359,Customer_359,user_359@example.com,North,2023-12-25,5953.0,2024-02-09,477.32,Pending
359,Customer_359,user_359@example.com,North,2023-12-25,6448.0,2024-03-01,199.99,Completed
359,Customer_359,user_359@example.com,North,2023-12-25,7165.0,2024-03-31,286.77,Pending
359,Customer_359,user_359@example.com,North,2023-12-25,7988.0,2024-05-04,436.64,Cancelled
359,Customer_359,user_359@example.com,North,2023-12-25,8620.0,2024-05-30,410.06,Completed
360,Customer_360,user_360@example.com,East,2023-12-26,5506.0,2024-01-22,159.69,Pending
360,Customer_360,user_360@example.com,East,2023-12-26,5998.0,2024-02-11,103.72,Completed
360,Customer_360,user_360@example.com,East,2023-12-26,6076.0,2024-02-14,85.38,Shipped
360,Customer_360,user_360@example.com,East,2023-12-26,8110.0,2024-05-09,205.46,Cancelled
360,Customer_360,user_360@example.com,East,2023-12-26,8724.0,2024-06-04,302.94,Cancelled
360,Customer_360,user_360@example.com,East,2023-12-26,8754.0,2024-06-05,68.24,Pending
360,Customer_360,user_360@example.com,East,2023-12-26,9627.0,2024-07-11,183.6,Cancelled
361,Customer_361,user_361@example.com,West,2023-12-27,5624.0,2024-01-26,351.29,Cancelled
361,Customer_361,user_361@example.com,West,2023-12-27,6380.0,2024-02-27,34.69,Shipped
361,Customer_361,user_361@example.com,West,2023-12-27,7079.0,2024-03-27,415.31,Pending
361,Customer_361,user_361@example.com,West,2023-12-27,7690.0,2024-04-22,260.96,Cancelled
361,Customer_361,user_361@example.com,West,2023-12-27,8089.0,2024-05-08,365.77,Completed
361,Customer_361,user_361@example.com,West,2023-12-27,8390.0,2024-05-21,104.37,Pending
361,Customer_361,user_361@example.com,West,2023-12-27,8961.0,2024-06-14,66.63,Shipped
362,Customer_362,user_362@example.com,North,2023-12-28,5234.0,2024-01-10,499.14,Cancelled
362,Customer_362,user_362@example.com,North,2023-12-28,6244.0,2024-02-21,396.44,Shipped
362,Customer_362,user_362@example.com,North,2023-12-28,6555.0,2024-03-05,455.32,Completed
362,Customer_362,user_362@example.com,North,2023-12-28,8982.0,2024-06-14,360.3,Shipped
362,Customer_362,user_362@example.com,North,2023-12-28,9080.0,2024-06-18,454.35,Cancelled
363,Customer_363,user_363@example.com,North,2023-12-29,5058.0,2024-01-03,333.25,Cancelled
363,Customer_363,user_363@example.com,North,2023-12-29,5282.0,2024-01-12,163.51,Shipped
363,Customer_363,user_363@example.com,North,2023-12-29,6266.0,2024-02-22,398.44,Shipped
363,Customer_363,user_363@example.com,North,2023-12-29,6297.0,2024-02-24,59.26,Cancelled
363,Customer_363,user_363@example.com,North,2023-12-29,6575.0,2024-03-06,278.32,Cancelled
363,Customer_363,user_363@example.com,North,2023-12-29,6759.0,2024-03-14,182.55,Shipped
363,Customer_363,user_363@example.com,North,2023-12-29,8706.0,2024-06-03,124.06,Cancelled
363,Customer_363,user_363@example.com,North,2023-12-29,9929.0,2024-07-24,47.94,Shipped
364,Customer_364,user_364@example.com,South,2023-12-30,5231.0,2024-01-10,148.58,Pending
364,Customer_364,user_364@example.com,South,2023-12-30,5504.0,2024-01-21,159.56,Pending
364,Customer_364,user_364@example.com,South,2023-12-30,5842.0,2024-02-05,59.61,Shipped
364,Customer_364,user_364@example.com,South,2023-12-30,7578.0,2024-04-17,306.64,Cancelled
364,Customer_364,user_364@example.com,South,2023-12-30,7835.0,2024-04-28,340.87,Cancelled
364,Customer_364,user_364@example.com,South,2023-12-30,8565.0,2024-05-28,340.12,Cancelled
364,Customer_364,user_364@example.com,South,2023-12-30,8966.0,2024-06-14,281.24,Shipped
364,Customer_364,user_364@example.com,South,2023-12-30,9577.0,2024-07-09,283.78,Shipped
365,Customer_365,user_365@example.com,East,2023-12-31,5737.0,2024-01-31,422.71,Pending
365,Customer_365,user_365@example.com,East,2023-12-31,5899.0,2024-02-07,397.15,Pending
365,Customer_365,user_365@example.com,East,2023-12-31,6885.0,2024-03-19,391.99,Completed
365,Customer_365,user_365@example.com,East,2023-12-31,8458.0,2024-05-24,43.92,Cancelled
365,Customer_365,user_365@example.com,East,2023-12-31,8708.0,2024-06-03,232.89,Cancelled
365,Customer_365,user_365@example.com,East,2023-12-31,9523.0,2024-07-07,312.74,Pending
366,Customer_366,user_366@example.com,East,2024-01-01,5106.0,2024-01-05,427.17,Shipped
366,Customer_366,user_366@example.com,East,2024-01-01,6431.0,2024-02-29,115.77,Pending
366,Customer_366,user_366@example.com,East,2024-01-01,7629.0,2024-04-19,116.74,Cancelled
366,Customer_366,user_366@example.com,East,2024-01-01,9385.0,2024-07-01,296.13,Pending
366,Customer_366,user_366@example.com,East,2024-01-01,9776.0,2024-07-17,444.99,Cancelled
367,Customer_367,user_367@example.com,South,2024-01-02,5019.0,2024-01-01,66.55,Cancelled
367,Customer_367,user_367@example.com,South,2024-01-02,5347.0,2024-01-15,394.09,Shipped
367,Customer_367,user_367@example.com,South,2024-01-02,5769.0,2024-02-02,65.7,Completed
367,Customer_367,user_367@example.com,South,2024-01-02,6836.0,2024-03-17,329.35,Shipped
367,Customer_367,user_367@example.com,South,2024-01-02,9287.0,2024-06-27,316.37,Pending
368,Customer_368,user_368@example.com,South,2024-01-03,7802.0,2024-04-26,295.2,Pending
368,Customer_368,user_368@example.com,South,2024-01-03,8698.0,2024-06-03,269.54,Shipped
369,Customer_369,user_369@example.com,East,2024-01-04,7140.0,2024-03-30,93.38,Pending
369,Customer_369,user_369@example.com,East,2024-01-04,7649.0,2024-04-20,326.52,Shipped
369,Customer_369,user_369@example.com,East,2024-01-04,8586.0,2024-05-29,173.72,Completed
369,Customer_369,user_369@example.com,East,2024-01-04,9312.0,2024-06-28,172.82,Cancelled
369,Customer_369,user_369@example.com,East,2024-01-04,9958.0,2024-07-25,78.35,Pending
370,Customer_370,user_370@example.com,East,2024-01-05,5815.0,2024-02-03,284.43,Pending
370,Customer_370,user_370@example.com,East,2024-01-05,6046.0,2024-02-13,344.67,Shipped
370,Customer_370,user_370@example.com,East,2024-01-05,8929.0,2024-06-12,137.43,Completed
370,Customer_370,user_370@example.com,East,2024-01-05,9427.0,2024-07-03,138.21,Cancelled
371,Customer_371,user_371@example.com,West,2024-01-06,5702.0,2024-01-30,60.62,Completed
371,Customer_371,user_371@example.com,West,2024-01-06,7293.0,2024-04-05,67.49,Completed
371,Customer_371,user_371@example.com,West,2024-01-06,7943.0,2024-05-02,335.77,Pending
371,Customer_371,user_371@example.com,West,2024-01-06,8934.0,2024-06-12,269.96,Pending
371,Customer_371,user_371@example.com,West,2024-01-06,9863.0,2024-07-21,255.89,Completed
372,Customer_372,user_372@example.com,West,2024-01-07,7864.0,2024-04-29,423.38,Completed
372,Customer_372,user_372@example.com,West,2024-01-07,8646.0,2024-05-31,393.43,Cancelled
373,Customer_373,user_373@example.com,South,2024-01-08,7776.0,2024-04-25,261.31,Cancelled
373,Customer_373,user_373@example.com,South,2024-01-08,8860.0,2024-06-09,269.36,Pending
374,Customer_374,user_374@example.com,West,2024-01-09,6377.0,2024-02-27,346.9,Completed
374,Customer_374,user_374@example.com,West,2024-01-09,6739.0,2024-03-13,53.57,Completed
374,Customer_374,user_374@example.com,West,2024-01-09,7926.0,2024-05-01,251.73,Shipped
374,Customer_374,user_374@example.com,West,2024-01-09,8540.0,2024-05-27,35.36,Pending
374,Customer_374,user_374@example.com,West,2024-01-09,9342.0,2024-06-29,499.01,Completed
375,Customer_375,user_375@example.com,North,2024-01-10,5218.0,2024-01-10,301.21,Completed
375,Customer_375,user_375@example.com,North,2024-01-10,5603.0,2024-01-26,178.04,Pending
375,Customer_375,user_375@example.com,North,2024-01-10,6537.0,2024-03-05,418.76,Completed
375,Customer_375,user_375@example.com,North,2024-01-10,6864.0,2024-03-18,406.11,Completed
375,Customer_375,user_375@example.com,North,2024-01-10,7315.0,2024-04-06,102.88,Shipped
375,Customer_375,user_375@example.com,North,2024-01-10,7997.0,2024-05-04,368.27,Cancelled
376,Customer_376,user_376@example.com,West,2024-01-11,6012.0,2024-02-12,216.75,Cancelled
376,Customer_376,user_376@example.com,West,2024-01-11,6378.0,2024-02-27,189.56,Completed
376,Customer_376,user_376@example.com,West,2024-01-11,6704.0,2024-03-11,99.73,Completed
376,Customer_376,user_376@example.com,West,2024-01-11,7343.0,2024-04-07,284.11,Cancelled
376,Customer_376,user_376@example.com,West,2024-01-11,7512.0,2024-04-14,29.3,Completed
376,Customer_376,user_376@example.com,West,2024-01-11,7736.0,2024-04-23,252.76,Completed
376,Customer_376,user_376@example.com,West,2024-01-11,9273.0,2024-06-27,73.95,Completed
377,Customer_377,user_377@example.com,West,2024-01-12,5324.0,2024-01-14,382.35,Shipped
377,Customer_377,user_377@example.com,West,2024-01-12,6482.0,2024-03-02,226.61,Cancelled
377,Customer_377,user_377@example.com,West,2024-01-12,7135.0,2024-03-29,349.51,Cancelled
377,Customer_377,user_377@example.com,West,2024-01-12,7705.0,2024-04-22,115.13,Completed
377,Customer_377,user_377@example.com,West,2024-01-12,8248.0,2024-05-15,339.44,Shipped
377,Customer_377,user_377@example.com,West,2024-01-12,9009.0,2024-06-16,419.27,Pending
378,Customer_378,user_378@example.com,North,2024-01-13,5902.0,2024-02-07,179.29,Shipped
378,Customer_378,user_378@example.com,North,2024-01-13,6009.0,2024-02-12,226.33,Cancelled
378,Customer_378,user_378@example.com,North,2024-01-13,6649.0,2024-03-09,249.45,Cancelled
378,Customer_378,user_378@example.com,North,2024-01-13,6800.0,2024-03-15,332.08,Completed
378,Customer_378,user_378@example.com,North,2024-01-13,6877.0,2024-03-19,29.93,Completed
378,Customer_378,user_378@example.com,North,2024-01-13,6902.0,2024-03-20,455.19,Shipped
378,Customer_378,user_378@example.com,North,2024-01-13,8499.0,2024-05-25,182.89,Completed
378,Customer_378,user_378@example.com,North,2024-01-13,9852.0,2024-07-21,94.68,Pending
379,Customer_379,user_379@example.com,South,2024-01-14,5312.0,2024-01-13,172.48,Shipped
379,Customer_379,user_379@example.com,South,2024-01-14,6734.0,2024-03-13,380.11,Cancelled
379,Customer_379,user_379@example.com,South,2024-01-14,7237.0,2024-04-03,185.2,Pending
379,Customer_379,user_379@example.com,South,2024-01-14,7757.0,2024-04-24,287.88,Completed
379,Customer_379,user_379@example.com,South,2024-01-14,8204.0,2024-05-13,108.2,Pending
380,Customer_380,user_380@example.com,North,2024-01-15,5570.0,2024-01-24,17.64,Shipped
380,Customer_380,user_380@example.com,North,2024-01-15,7198.0,2024-04-01,414.97,Shipped
380,Customer_380,user_380@example.com,North,2024-01-15,7614.0,2024-04-18,92.7,Cancelled
380,Customer_380,user_380@example.com,North,2024-01-15,8550.0,2024-05-27,91.28,Shipped
380,Customer_380,user_380@example.com,North,2024-01-15,9460.0,2024-07-04,386.57,Completed
380,Customer_380,user_380@example.com,North,2024-01-15,9811.0,2024-07-19,191.68,Completed
381,Customer_381,user_381@example.com,West,2024-01-16,6017.0,2024-02-12,254.67,Cancelled
381,Customer_381,user_381@example.com,West,2024-01-16,7116.0,2024-03-29,311.77,Shipped
381,Customer_381,user_381@example.com,West,2024-01-16,7193.0,2024-04-01,472.95,Pending
381,Customer_381,user_381@example.com,West,2024-01-16,8055.0,2024-05-07,268.11,Completed
381,Customer_381,user_381@example.com,West,2024-01-16,8862.0,2024-06-09,283.12,Pending
381,Customer_381,user_381@example.com,West,2024-01-16,9540.0,2024-07-08,446.63,Pending
381,Customer_381,user_381@example.com,West,2024-01-16,9548.0,2024-07-08,346.29,Pending
381,Customer_381,user_381@example.com,West,2024-01-16,9843.0,2024-07-20,22.71,Shipped
382,Customer_382,user_382@example.com,South,2024-01-17,5271.0,2024-01-12,372.08,Pending
382,Customer_382,user_382@example.com,South,2024-01-17,5459.0,2024-01-20,335.87,Completed
382,Customer_382,user_382@example.com,South,2024-01-17,5646.0,2024-01-27,388.28,Pending
382,Customer_382,user_382@example.com,South,2024-01-17,6177.0,2024-02-19,375.9,Completed
382,Customer_382,user_382@example.com,South,2024-01-17,8086.0,2024-05-08,401.62,Pending
382,Customer_382,user_382@example.com,South,2024-01-17,9141.0,2024-06-21,496.91,Completed
382,Customer_382,user_382@example.com,South,2024-01-17,9344.0,2024-06-29,33.64,Completed
383,Customer_383,user_383@example.com,West,2024-01-18,7129.0,2024-03-29,398.52,Cancelled
383,Customer_383,user_383@example.com,West,2024-01-18,7272.0,2024-04-04,470.3,Pending
383,Customer_383,user_383@example.com,West,2024-01-18,9553.0,2024-07-08,384.83,Pending
384,Customer_384,user_384@example.com,North,2024-01-19,7908.0,2024-05-01,264.49,Completed
384,Customer_384,user_384@example.com,North,2024-01-19,8189.0,2024-05-12,106.05,Shipped
384,Customer_384,user_384@example.com,North,2024-01-19,8434.0,2024-05-23,150.44,Completed
384,Customer_384,user_384@example.com,North,2024-01-19,8834.0,2024-06-08,39.16,Completed
385,Customer_385,user_385@example.com,North,2024-01-20,6053.0,2024-02-13,226.58,Cancelled
385,Customer_385,user_385@example.com,North,2024-01-20,6982.0,2024-03-23,44.73,Shipped
385,Customer_385,user_385@example.com,North,2024-01-20,7583.0,2024-04-17,445.47,Completed
385,Customer_385,user_385@example.com,North,2024-01-20,7844.0,2024-04-28,329.12,Pending
385,Customer_385,user_385@example.com,North,2024-01-20,7915.0,2024-05-01,224.35,Pending
386,Customer_386,user_386@example.com,West,2024-01-21,6310.0,2024-02-24,80.05,Completed
386,Customer_386,user_386@example.com,West,2024-01-21,6820.0,2024-03-16,165.07,Shipped
386,Customer_386,user_386@example.com,West,2024-01-21,7179.0,2024-03-31,265.95,Shipped
386,Customer_386,user_386@example.com,West,2024-01-21,9237.0,2024-06-25,169.56,Shipped
386,Customer_386,user_386@example.com,West,2024-01-21,9774.0,2024-07-17,259.75,Cancelled
386,Customer_386,user_386@example.com,West,2024-01-21,9947.0,2024-07-25,410.98,Shipped
387,Customer_387,user_387@example.com,East,2024-01-22,5635.0,2024-01-27,148.98,Completed
387,Customer_387,user_387@example.com,East,2024-01-22,6429.0,2024-02-29,478.72,Cancelled
387,Customer_387,user_387@example.com,East,2024-01-22,6884.0,2024-03-19,110.51,Cancelled
387,Customer_387,user_387@example.com,East,2024-01-22,7197.0,2024-04-01,101.34,Shipped
387,Customer_387,user_387@example.com,East,2024-01-22,8793.0,2024-06-07,361.68,Pending
387,Customer_387,user_387@example.com,East,2024-01-22,8901.0,2024-06-11,124.03,Pending
387,Customer_387,user_387@example.com,East,2024-01-22,9695.0,2024-07-14,56.05,Pending
388,Customer_388,user_388@example.com,East,2024-01-23,7023.0,2024-03-25,206.81,Cancelled
389,Customer_389,user_389@example.com,North,2024-01-24,6519.0,2024-03-04,356.0,Completed
389,Customer_389,user_389@example.com,North,2024-01-24,6567.0,2024-03-06,218.67,Shipped
390,Customer_390,user_390@example.com,North,2024-01-25,5574.0,2024-01-24,233.59,Completed
390,Customer_390,user_390@example.com,North,2024-01-25,5917.0,2024-02-08,157.41,Shipped
390,Customer_390,user_390@example.com,North,2024-01-25,6240.0,2024-02-21,110.77,Completed
390,Customer_390,user_390@example.com,North,2024-01-25,7151.0,2024-03-30,156.88,Cancelled
390,Customer_390,user_390@example.com,North,2024-01-25,8042.0,2024-05-06,194.49,Completed
390,Customer_390,user_390@example.com,North,2024-01-25,8655.0,2024-06-01,58.46,Shipped
390,Customer_390,user_390@example.com,North,2024-01-25,8977.0,2024-06-14,62.12,Cancelled
390,Customer_390,user_390@example.com,North,2024-01-25,9739.0,2024-07-16,469.81,Shipped
391,Customer_391,user_391@example.com,East,2024-01-26,5767.0,2024-02-01,443.15,Completed
391,Customer_391,user_391@example.com,East,2024-01-26,7005.0,2024-03-24,62.74,Shipped
391,Customer_391,user_391@example.com,East,2024-01-26,7015.0,2024-03-24,458.37,Completed
391,Customer_391,user_391@example.com,East,2024-01-26,8212.0,2024-05-13,455.78,Cancelled
391,Customer_391,user_391@example.com,East,2024-01-26,8324.0,2024-05-18,267.21,Completed
391,Customer_391,user_391@example.com,East,2024-01-26,8345.0,2024-05-19,450.16,Pending
391,Customer_391,user_391@example.com,East,2024-01-26,9231.0,2024-06-25,43.96,Shipped
391,Customer_391,user_391@example.com,East,2024-01-26,9520.0,2024-07-07,226.58,Completed
392,Customer_392,user_392@example.com,East,2024-01-27,6732.0,2024-03-13,15.66,Shipped
392,Customer_392,user_392@example.com,East,2024-01-27,7531.0,2024-04-15,270.36,Completed
392,Customer_392,user_392@example.com,East,2024-01-27,7961.0,2024-05-03,191.73,Cancelled
392,Customer_392,user_392@example.com,East,2024-01-27,8088.0,2024-05-08,169.46,Completed
392,Customer_392,user_392@example.com,East,2024-01-27,9333.0,2024-06-29,316.17,Completed
393,Customer_393,user_393@example.com,West,2024-01-28,6368.0,2024-02-26,137.83,Shipped
393,Customer_393,user_393@example.com,West,2024-01-28,6934.0,2024-03-21,179.41,Shipped
393,Customer_393,user_393@example.com,West,2024-01-28,7822.0,2024-04-27,148.27,Completed
393,Customer_393,user_393@example.com,West,2024-01-28,9654.0,2024-07-12,261.01,Shipped
394,Customer_394,user_394@example.com,West,2024-01-29,8933.0,2024-06-12,214.24,Completed
394,Customer_394,user_394@example.com,West,2024-01-29,9184.0,2024-06-23,276.58,Shipped
394,Customer_394,user_394@example.com,West,2024-01-29,9303.0,2024-06-28,316.91,Pending
395,Customer_395,user_395@example.com,East,2024-01-30,5180.0,2024-01-08,400.71,Cancelled
395,Customer_395,user_395@example.com,East,2024-01-30,5442.0,2024-01-19,88.46,Pending
395,Customer_395,user_395@example.com,East,2024-01-30,5843.0,2024-02-05,173.44,Completed
395,Customer_395,user_395@example.com,East,2024-01-30,5845.0,2024-02-05,150.54,Pending
395,Customer_395,user_395@example.com,East,2024-01-30,6291.0,2024-02-23,343.78,Shipped
395,Customer_395,user_395@example.com,East,2024-01-30,7897.0,2024-04-30,187.37,Completed
395,Customer_395,user_395@example.com,East,2024-01-30,8957.0,2024-06-13,332.76,Cancelled
396,Customer_396,user_396@example.com,West,2024-01-31,5500.0,2024-01-21,264.61,Pending
396,Customer_396,user_396@example.com,West,2024-01-31,7325.0,2024-04-06,423.94,Completed
397,Customer_397,user_397@example.com,West,2024-02-01,5267.0,2024-01-12,17.46,Shipped
397,Customer_397,user_397@example.com,West,2024-02-01,6564.0,2024-03-06,37.44,Cancelled
397,Customer_397,user_397@example.com,West,2024-02-01,6695.0,2024-03-11,346.66,Shipped
397,Customer_397,user_397@example.com,West,2024-02-01,6936.0,2024-03-21,282.8,Shipped
397,Customer_397,user_397@example.com,West,2024-02-01,7765.0,2024-04-25,158.01,Cancelled
397,Customer_397,user_397@example.com,West,2024-02-01,9260.0,2024-06-26,452.56,Pending
397,Customer_397,user_397@example.com,West,2024-02-01,9624.0,2024-07-11,484.56,Cancelled
398,Customer_398,user_398@example.com,South,2024-02-02,7075.0,2024-03-27,167.48,Completed
398,Customer_398,user_398@example.com,South,2024-02-02,8481.0,2024-05-25,253.66,Shipped
399,Customer_399,user_399@example.com,West,2024-02-03,5195.0,2024-01-09,226.74,Cancelled
399,Customer_399,user_399@example.com,West,2024-02-03,5873.0,2024-02-06,341.99,Cancelled
399,Customer_399,user_399@example.com,West,2024-02-03,5976.0,2024-02-10,344.92,Shipped
399,Customer_399,user_399@example.com,West,2024-02-03,6078.0,2024-02-14,484.88,Completed
399,Customer_399,user_399@example.com,West,2024-02-03,6714.0,2024-03-12,166.65,Shipped
399,Customer_399,user_399@example.com,West,2024-02-03,7308.0,2024-04-06,279.83,Shipped
399,Customer_399,user_399@example.com,West,2024-02-03,7386.0,2024-04-09,119.91,Shipped
399,Customer_399,user_399@example.com,West,2024-02-03,8117.0,2024-05-09,309.98,Cancelled
400,Customer_400,user_400@example.com,North,2024-02-04,5285.0,2024-01-12,151.06,Completed
400,Customer_400,user_400@example.com,North,2024-02-04,6243.0,2024-02-21,75.84,Pending
400,Customer_400,user_400@example.com,North,2024-02-04,7190.0,2024-04-01,359.9,Pending
400,Customer_400,user_400@example.com,North,2024-02-04,8180.0,2024-05-12,27.34,Cancelled
401,Customer_401,user_401@example.com,West,2024-02-05,5007.0,2024-01-01,153.18,Completed
401,Customer_401,user_401@example.com,West,2024-02-05,5638.0,2024-01-27,345.51,Completed
401,Customer_401,user_401@example.com,West,2024-02-05,5822.0,2024-02-04,291.22,Shipped
401,Customer_401,user_401@example.com,West,2024-02-05,6684.0,2024-03-11,188.37,Pending
401,Customer_401,user_401@example.com,West,2024-02-05,7026.0,2024-03-25,159.62,Pending
401,Customer_401,user_401@example.com,West,2024-02-05,7737.0,2024-04-24,188.77,Completed
401,Customer_401,user_401@example.com,West,2024-02-05,7973.0,2024-05-03,396.82,Shipped
401,Customer_401,user_401@example.com,West,2024-02-05,8738.0,2024-06-04,217.41,Shipped
401,Customer_401,user_401@example.com,West,2024-02-05,8802.0,2024-06-07,238.96,Shipped
401,Customer_401,user_401@example.com,West,2024-02-05,8868.0,2024-06-10,248.82,Pending
401,Customer_401,user_401@example.com,West,2024-02-05,9752.0,2024-07-16,157.28,Shipped
402,Customer_402,user_402@example.com,West,2024-02-06,5288.0,2024-01-12,261.64,Shipped
402,Customer_402,user_402@example.com,West,2024-02-06,9189.0,2024-06-23,219.81,Pending
402,Customer_402,user_402@example.com,West,2024-02-06,9563.0,2024-07-09,175.04,Cancelled
403,Customer_403,user_403@example.com,East,2024-02-07,5484.0,2024-01-21,21.56,Cancelled
403,Customer_403,user_403@example.com,East,2024-02-07,6561.0,2024-03-06,437.68,Cancelled
403,Customer_403,user_403@example.com,East,2024-02-07,7670.0,2024-04-21,307.23,Completed
403,Customer_403,user_403@example.com,East,2024-02-07,8585.0,2024-05-29,442.07,Shipped
403,Customer_403,user_403@example.com,East,2024-02-07,8949.0,2024-06-13,90.61,Pending
404,Customer_404,user_404@example.com,North,2024-02-08,5735.0,2024-01-31,166.58,Cancelled
404,Customer_404,user_404@example.com,North,2024-02-08,5790.0,2024-02-02,364.82,Shipped
404,Customer_404,user_404@example.com,North,2024-02-08,6994.0,2024-03-24,420.25,Cancelled
404,Customer_404,user_404@example.com,North,2024-02-08,8570.0,2024-05-28,224.99,Completed
404,Customer_404,user_404@example.com,North,2024-02-08,9096.0,2024-06-19,464.19,Cancelled
405,Customer_405,user_405@example.com,West,2024-02-09,5415.0,2024-01-18,442.29,Cancelled
405,Customer_405,user_405@example.com,West,2024-02-09,6089.0,2024-02-15,441.77,Pending
405,Customer_405,user_405@example.com,West,2024-02-09,6371.0,2024-02-27,38.84,Cancelled
405,Customer_405,user_405@example.com,West,2024-02-09,6556.0,2024-03-05,218.26,Cancelled
405,Customer_405,user_405@example.com,West,2024-02-09,7606.0,2024-04-18,168.16,Shipped
405,Customer_405,user_405@example.com,West,2024-02-09,8923.0,2024-06-12,225.13,Cancelled
405,Customer_405,user_405@example.com,West,2024-02-09,9534.0,2024-07-07,220.92,Pending
405,Customer_405,user_405@example.com,West,2024-02-09,9933.0,2024-07-24,155.92,Shipped
406,Customer_406,user_406@example.com,West,2024-02-10,6421.0,2024-02-29,450.3,Pending
406,Customer_406,user_406@example.com,West,2024-02-10,6961.0,2024-03-22,423.34,Cancelled
406,Customer_406,user_406@example.com,West,2024-02-10,7172.0,2024-03-31,492.55,Shipped
406,Customer_406,user_406@example.com,West,2024-02-10,8630.0,2024-05-31,239.34,Pending
406,Customer_406,user_406@example.com,West,2024-02-10,9177.0,2024-06-23,238.65,Shipped
406,Customer_406,user_406@example.com,West,2024-02-10,9228.0,2024-06-25,479.62,Cancelled
407,Customer_407,user_407@example.com,South,2024-02-11,6670.0,2024-03-10,478.6,Pending
407,Customer_407,user_407@example.com,South,2024-02-11,7504.0,2024-04-14,433.5,Shipped
407,Customer_407,user_407@example.com,South,2024-02-11,7642.0,2024-04-20,44.9,Shipped
407,Customer_407,user_407@example.com,South,2024-02-11,7823.0,2024-04-27,68.06,Pending
407,Customer_407,user_407@example.com,South,2024-02-11,8087.0,2024-05-08,229.78,Cancelled
407,Customer_407,user_407@example.com,South,2024-02-11,8310.0,2024-05-17,242.62,Pending
407,Customer_407,user_407@example.com,South,2024-02-11,9679.0,2024-07-13,35.86,Shipped
408,Customer_408,user_408@example.com,West,2024-02-12,5643.0,2024-01-27,123.82,Completed
408,Customer_408,user_408@example.com,West,2024-02-12,7957.0,2024-05-03,490.29,Pending
408,Customer_408,user_408@example.com,West,2024-02-12,9404.0,2024-07-02,385.08,Cancelled
408,Customer_408,user_408@example.com,West,2024-02-12,9468.0,2024-07-05,239.61,Cancelled
409,Customer_409,user_409@example.com,West,2024-02-13,7360.0,2024-04-08,232.46,Pending
409,Customer_409,user_409@example.com,West,2024-02-13,7917.0,2024-05-01,61.34,Shipped
410,Customer_410,user_410@example.com,South,2024-02-14,5514.0,2024-01-22,392.3,Shipped
410,Customer_410,user_410@example.com,South,2024-02-14,8880.0,2024-06-10,99.73,Shipped
410,Customer_410,user_410@example.com,South,2024-02-14,9828.0,2024-07-20,96.52,Completed
411,Customer_411,user_411@example.com,East,2024-02-15,8273.0,2024-05-16,154.67,Pending
411,Customer_411,user_411@example.com,East,2024-02-15,8766.0,2024-06-05,346.01,Cancelled
411,Customer_411,user_411@example.com,East,2024-02-15,8931.0,2024-06-12,354.12,Pending
412,Customer_412,user_412@example.com,West,2024-02-16,5626.0,2024-01-27,146.78,Pending
412,Customer_412,user_412@example.com,West,2024-02-16,5857.0,2024-02-05,465.24,Shipped
412,Customer_412,user_412@example.com,West,2024-02-16,6270.0,2024-02-22,350.11,Shipped
412,Customer_412,user_412@example.com,West,2024-02-16,6787.0,2024-03-15,228.77,Completed
412,Customer_412,user_412@example.com,West,2024-02-16,9230.0,2024-06-25,20.36,Cancelled
412,Customer_412,user_412@example.com,West,2024-02-16,9595.0,2024-07-10,205.34,Completed
413,Customer_413,user_413@example.com,South,2024-02-17,6592.0,2024-03-07,375.31,Completed
413,Customer_413,user_413@example.com,South,2024-02-17,9728.0,2024-07-15,143.91,Shipped
414,Customer_414,user_414@example.com,North,2024-02-18,5300.0,2024-01-13,381.77,Pending
414,Customer_414,user_414@example.com,North,2024-02-18,5687.0,2024-01-29,138.79,Pending
414,Customer_414,user_414@example.com,North,2024-02-18,5952.0,2024-02-09,321.05,Shipped
414,Customer_414,user_414@example.com,North,2024-02-18,6383.0,2024-02-27,404.46,Shipped
414,Customer_414,user_414@example.com,North,2024-02-18,6691.0,2024-03-11,139.64,Completed
414,Customer_414,user_414@example.com,North,2024-02-18,7515.0,2024-04-14,361.81,Cancelled
414,Customer_414,user_414@example.com,North,2024-02-18,8751.0,2024-06-05,467.57,Shipped
414,Customer_414,user_414@example.com,North,2024-02-18,9159.0,2024-06-22,240.98,Pending
415,Customer_415,user_415@example.com,East,2024-02-19,,,,
416,Customer_416,user_416@example.com,North,2024-02-20,6312.0,2024-02-24,436.12,Shipped
416,Customer_416,user_416@example.com,North,2024-02-20,7274.0,2024-04-04,304.03,Pending
416,Customer_416,user_416@example.com,North,2024-02-20,8714.0,2024-06-03,448.78,Pending
416,Customer_416,user_416@example.com,North,2024-02-20,8893.0,2024-06-11,468.25,Shipped
417,Customer_417,user_417@example.com,North,2024-02-21,7981.0,2024-05-04,18.29,Shipped
417,Customer_417,user_417@example.com,North,2024-02-21,8516.0,2024-05-26,183.02,Pending
417,Customer_417,user_417@example.com,North,2024-02-21,9058.0,2024-06-18,66.76,Cancelled
418,Customer_418,user_418@example.com,South,2024-02-22,5068.0,2024-01-03,38.93,Completed
418,Customer_418,user_418@example.com,South,2024-02-22,6008.0,2024-02-11,22.49,Completed
418,Customer_418,user_418@example.com,South,2024-02-22,8992.0,2024-06-15,214.46,Shipped
418,Customer_418,user_418@example.com,South,2024-02-22,9298.0,2024-06-28,296.46,Shipped
418,Customer_418,user_418@example.com,South,2024-02-22,9912.0,2024-07-23,121.34,Shipped
419,Customer_419,user_419@example.com,West,2024-02-23,5223.0,2024-01-10,248.76,Cancelled
419,Customer_419,user_419@example.com,West,2024-02-23,5320.0,2024-01-14,85.29,Shipped
419,Customer_419,user_419@example.com,West,2024-02-23,7255.0,2024-04-03,441.92,Shipped
419,Customer_419,user_419@example.com,West,2024-02-23,7445.0,2024-04-11,284.18,Pending
419,Customer_419,user_419@example.com,West,2024-02-23,7884.0,2024-04-30,180.63,Completed
419,Customer_419,user_419@example.com,West,2024-02-23,8739.0,2024-06-04,481.99,Shipped
419,Customer_419,user_419@example.com,West,2024-02-23,8967.0,2024-06-14,401.38,Shipped
419,Customer_419,user_419@example.com,West,2024-02-23,9432.0,2024-07-03,183.62,Pending
420,Customer_420,user_420@example.com,South,2024-02-24,6137.0,2024-02-17,211.25,Cancelled
420,Customer_420,user_420@example.com,South,2024-02-24,6606.0,2024-03-07,455.29,Cancelled
420,Customer_420,user_420@example.com,South,2024-02-24,6620.0,2024-03-08,23.75,Completed
420,Customer_420,user_420@example.com,South,2024-02-24,6751.0,2024-03-13,327.35,Completed
420,Customer_420,user_420@example.com,South,2024-02-24,6813.0,2024-03-16,499.47,Completed
420,Customer_420,user_420@example.com,South,2024-02-24,7074.0,2024-03-27,70.55,Completed
420,Customer_420,user_420@example.com,South,2024-02-24,9351.0,2024-06-30,466.94,Completed
420,Customer_420,user_420@example.com,South,2024-02-24,9447.0,2024-07-04,421.57,Completed
420,Customer_420,user_420@example.com,South,2024-02-24,9546.0,2024-07-08,342.6,Pending
420,Customer_420,user_420@example.com,South,2024-02-24,9618.0,2024-07-11,342.67,Pending
421,Customer_421,user_421@example.com,South,2024-02-25,5357.0,2024-01-15,138.76,Completed
421,Customer_421,user_421@example.com,South,2024-02-25,5969.0,2024-02-10,454.34,Completed
421,Customer_421,user_421@example.com,South,2024-02-25,7208.0,2024-04-01,363.45,Pending
421,Customer_421,user_421@example.com,South,2024-02-25,7806.0,2024-04-26,220.76,Cancelled
421,Customer_421,user_421@example.com,South,2024-02-25,8811.0,2024-06-07,476.1,Completed
421,Customer_421,user_421@example.com,South,2024-02-25,8828.0,2024-06-08,49.65,Pending
422,Customer_422,user_422@example.com,South,2024-02-26,6062.0,2024-02-14,61.05,Pending
422,Customer_422,user_422@example.com,South,2024-02-26,6757.0,2024-03-14,419.54,Cancelled
422,Customer_422,user_422@example.com,South,2024-02-26,7665.0,2024-04-21,125.28,Completed
422,Customer_422,user_422@example.com,South,2024-02-26,8323.0,2024-05-18,25.5,Pending
422,Customer_422,user_422@example.com,South,2024-02-26,9628.0,2024-07-11,483.09,Pending
422,Customer_422,user_422@example.com,South,2024-02-26,9758.0,2024-07-17,237.31,Shipped
423,Customer_423,user_423@example.com,South,2024-02-27,5318.0,2024-01-14,243.61,Cancelled
423,Customer_423,user_423@example.com,South,2024-02-27,9076.0,2024-06-18,457.21,Pending
423,Customer_423,user_423@example.com,South,2024-02-27,9206.0,2024-06-24,230.2,Shipped
424,Customer_424,user_424@example.com,East,2024-02-28,5479.0,2024-01-20,315.49,Shipped
424,Customer_424,user_424@example.com,East,2024-02-28,7617.0,2024-04-19,66.59,Shipped
424,Customer_424,user_424@example.com,East,2024-02-28,8040.0,2024-05-06,320.8,Shipped
424,Customer_424,user_424@example.com,East,2024-02-28,8667.0,2024-06-01,400.92,Cancelled
424,Customer_424,user_424@example.com,East,2024-02-28,9315.0,2024-06-28,291.0,Pending
425,Customer_425,user_425@example.com,West,2024-02-29,5097.0,2024-01-05,219.59,Completed
425,Customer_425,user_425@example.com,West,2024-02-29,6446.0,2024-03-01,473.71,Pending
425,Customer_425,user_425@example.com,West,2024-02-29,7708.0,2024-04-22,360.81,Pending
425,Customer_425,user_425@example.com,West,2024-02-29,7867.0,2024-04-29,222.85,Pending
425,Customer_425,user_425@example.com,West,2024-02-29,7910.0,2024-05-01,31.92,Completed
425,Customer_425,user_425@example.com,West,2024-02-29,9514.0,2024-07-07,199.58,Cancelled
426,Customer_426,user_426@example.com,North,2024-03-01,5850.0,2024-02-05,83.94,Pending
426,Customer_426,user_426@example.com,North,2024-03-01,6871.0,2024-03-18,221.67,Pending
426,Customer_426,user_426@example.com,North,2024-03-01,8091.0,2024-05-08,398.98,Completed
426,Customer_426,user_426@example.com,North,2024-03-01,8864.0,2024-06-09,307.88,Shipped
426,Customer_426,user_426@example.com,North,2024-03-01,9332.0,2024-06-29,263.53,Cancelled
427,Customer_427,user_427@example.com,North,2024-03-02,5749.0,2024-02-01,39.54,Cancelled
427,Customer_427,user_427@example.com,North,2024-03-02,6476.0,2024-03-02,21.03,Completed
427,Customer_427,user_427@example.com,North,2024-03-02,6640.0,2024-03-09,189.68,Pending
427,Customer_427,user_427@example.com,North,2024-03-02,8861.0,2024-06-09,490.74,Pending
427,Customer_427,user_427@example.com,North,2024-03-02,9466.0,2024-07-05,179.82,Cancelled
427,Customer_427,user_427@example.com,North,2024-03-02,9792.0,2024-07-18,199.64,Cancelled
428,Customer_428,user_428@example.com,West,2024-03-03,6150.0,2024-02-17,146.92,Completed
428,Customer_428,user_428@example.com,West,2024-03-03,6630.0,2024-03-08,82.56,Completed
428,Customer_428,user_428@example.com,West,2024-03-03,7077.0,2024-03-27,144.09,Pending
428,Customer_428,user_428@example.com,West,2024-03-03,7890.0,2024-04-30,48.9,Cancelled
428,Customer_428,user_428@example.com,West,2024-03-03,7989.0,2024-05-04,249.41,Pending
428,Customer_428,user_428@example.com,West,2024-03-03,8663.0,2024-06-01,293.37,Shipped
429,Customer_429,user_429@example.com,North,2024-03-04,6666.0,2024-03-10,294.83,Shipped
429,Customer_429,user_429@example.com,North,2024-03-04,7387.0,2024-04-09,406.49,Completed
429,Customer_429,user_429@example.com,North,2024-03-04,7454.0,2024-04-12,256.95,Cancelled
429,Customer_429,user_429@example.com,North,2024-03-04,9156.0,2024-06-22,357.51,Cancelled
430,Customer_430,user_430@example.com,West,2024-03-05,5274.0,2024-01-12,243.76,Completed
430,Customer_430,user_430@example.com,West,2024-03-05,5607.0,2024-01-26,353.93,Shipped
430,Customer_430,user_430@example.com,West,2024-03-05,9155.0,2024-06-22,49.76,Completed
431,Customer_431,user_431@example.com,North,2024-03-06,5825.0,2024-02-04,443.0,Pending
431,Customer_431,user_431@example.com,North,2024-03-06,6118.0,2024-02-16,171.69,Completed
431,Customer_431,user_431@example.com,North,2024-03-06,9110.0,2024-06-20,168.73,Pending
431,Customer_431,user_431@example.com,North,2024-03-06,9783.0,2024-07-18,199.91,Completed
431,Customer_431,user_431@example.com,North,2024-03-06,9829.0,2024-07-20,71.97,Completed
432,Customer_432,user_432@example.com,South,2024-03-07,5159.0,2024-01-07,370.36,Pending
432,Customer_432,user_432@example.com,South,2024-03-07,5799.0,2024-02-03,367.35,Shipped
432,Customer_432,user_432@example.com,South,2024-03-07,9112.0,2024-06-20,137.61,Pending
432,Customer_432,user_432@example.com,South,2024-03-07,9411.0,2024-07-02,386.29,Cancelled
432,Customer_432,user_432@example.com,South,2024-03-07,9640.0,2024-07-12,251.89,Completed
433,Customer_433,user_433@example.com,North,2024-03-08,8442.0,2024-05-23,217.43,Shipped
434,Customer_434,user_434@example.com,West,2024-03-09,5662.0,2024-01-28,147.04,Pending
434,Customer_434,user_434@example.com,West,2024-03-09,5667.0,2024-01-28,253.79,Completed
434,Customer_434,user_434@example.com,West,2024-03-09,8394.0,2024-05-21,264.52,Shipped
435,Customer_435,user_435@example.com,West,2024-03-10,5255.0,2024-01-11,395.38,Pending
435,Customer_435,user_435@example.com,West,2024-03-10,5582.0,2024-01-25,109.63,Pending
435,Customer_435,user_435@example.com,West,2024-03-10,5935.0,2024-02-08,340.21,Completed
435,Customer_435,user_435@example.com,West,2024-03-10,5995.0,2024-02-11,293.8,Pending
435,Customer_435,user_435@example.com,West,2024-03-10,6881.0,2024-03-19,466.81,Shipped
435,Customer_435,user_435@example.com,West,2024-03-10,8052.0,2024-05-07,162.75,Completed
435,Customer_435,user_435@example.com,West,2024-03-10,8422.0,2024-05-22,43.78,Cancelled
435,Customer_435,user_435@example.com,West,2024-03-10,8504.0,2024-05-25,284.14,Completed
435,Customer_435,user_435@example.com,West,2024-03-10,9974.0,2024-07-26,225.82,Completed
436,Customer_436,user_436@example.com,West,2024-03-11,5085.0,2024-01-04,60.16,Completed
436,Customer_436,user_436@example.com,West,2024-03-11,5229.0,2024-01-10,421.6,Shipped
436,Customer_436,user_436@example.com,West,2024-03-11,5537.0,2024-01-23,298.76,Cancelled
436,Customer_436,user_436@example.com,West,2024-03-11,7249.0,2024-04-03,210.03,Pending
436,Customer_436,user_436@example.com,West,2024-03-11,7425.0,2024-04-11,293.22,Pending
436,Customer_436,user_436@example.com,West,2024-03-11,7654.0,2024-04-20,483.56,Completed
436,Customer_436,user_436@example.com,West,2024-03-11,9017.0,2024-06-16,302.6,Shipped
436,Customer_436,user_436@example.com,West,2024-03-11,9314.0,2024-06-28,322.4,Completed
437,Customer_437,user_437@example.com,West,2024-03-12,7083.0,2024-03-27,208.3,Cancelled
437,Customer_437,user_437@example.com,West,2024-03-12,7252.0,2024-04-03,136.53,Cancelled
437,Customer_437,user_437@example.com,West,2024-03-12,7803.0,2024-04-26,264.82,Pending
437,Customer_437,user_437@example.com,West,2024-03-12,7834.0,2024-04-28,260.59,Pending
437,Customer_437,user_437@example.com,West,2024-03-12,9018.0,2024-06-16,381.62,Pending
437,Customer_437,user_437@example.com,West,2024-03-12,9516.0,2024-07-07,366.48,Pending
438,Customer_438,user_438@example.com,West,2024-03-13,5997.0,2024-02-11,196.7,Completed
438,Customer_438,user_438@example.com,West,2024-03-13,6832.0,2024-03-17,237.86,Completed
438,Customer_438,user_438@example.com,West,2024-03-13,7630.0,2024-04-19,50.94,Pending
438,Customer_438,user_438@example.com,West,2024-03-13,8906.0,2024-06-11,446.04,Completed
438,Customer_438,user_438@example.com,West,2024-03-13,9400.0,2024-07-02,323.72,Cancelled
438,Customer_438,user_438@example.com,West,2024-03-13,9677.0,2024-07-13,161.27,Shipped
439,Customer_439,user_439@example.com,East,2024-03-14,6061.0,2024-02-14,61.09,Pending
439,Customer_439,user_439@example.com,East,2024-03-14,7590.0,2024-04-17,162.87,Pending
440,Customer_440,user_440@example.com,East,2024-03-15,5055.0,2024-01-03,427.5,Completed
440,Customer_440,user_440@example.com,East,2024-03-15,5252.0,2024-01-11,69.94,Cancelled
440,Customer_440,user_440@example.com,East,2024-03-15,5801.0,2024-02-03,216.35,Completed
440,Customer_440,user_440@example.com,East,2024-03-15,6532.0,2024-03-04,192.99,Cancelled
440,Customer_440,user_440@example.com,East,2024-03-15,9680.0,2024-07-13,74.06,Completed
441,Customer_441,user_441@example.com,North,2024-03-16,5559.0,2024-01-24,371.1,Cancelled
441,Customer_441,user_441@example.com,North,2024-03-16,5798.0,2024-02-03,30.25,Pending
441,Customer_441,user_441@example.com,North,2024-03-16,6965.0,2024-03-22,19.01,Shipped
441,Customer_441,user_441@example.com,North,2024-03-16,8357.0,2024-05-19,321.02,Cancelled
441,Customer_441,user_441@example.com,North,2024-03-16,8648.0,2024-05-31,171.31,Pending
441,Customer_441,user_441@example.com,North,2024-03-16,8879.0,2024-06-10,418.47,Cancelled
441,Customer_441,user_441@example.com,North,2024-03-16,9611.0,2024-07-11,293.92,Completed
442,Customer_442,user_442@example.com,West,2024-03-17,7047.0,2024-03-26,417.88,Pending
442,Customer_442,user_442@example.com,West,2024-03-17,9013.0,2024-06-16,226.38,Completed
442,Customer_442,user_442@example.com,West,2024-03-17,9380.0,2024-07-01,183.81,Completed
442,Customer_442,user_442@example.com,West,2024-03-17,9831.0,2024-07-20,485.54,Cancelled
443,Customer_443,user_443@example.com,North,2024-03-18,5061.0,2024-01-03,365.16,Shipped
443,Customer_443,user_443@example.com,North,2024-03-18,5783.0,2024-02-02,24.73,Completed
443,Customer_443,user_443@example.com,North,2024-03-18,5818.0,2024-02-04,147.06,Cancelled
443,Customer_443,user_443@example.com,North,2024-03-18,5968.0,2024-02-10,115.62,Pending
443,Customer_443,user_443@example.com,North,2024-03-18,6241.0,2024-02-21,318.93,Completed
443,Customer_443,user_443@example.com,North,2024-03-18,7281.0,2024-04-05,419.56,Cancelled
443,Customer_443,user_443@example.com,North,2024-03-18,8779.0,2024-06-06,243.09,Shipped
443,Customer_443,user_443@example.com,North,2024-03-18,9561.0,2024-07-09,194.42,Cancelled
443,Customer_443,user_443@example.com,North,2024-03-18,9927.0,2024-07-24,233.05,Cancelled
444,Customer_444,user_444@example.com,West,2024-03-19,6948.0,2024-03-22,56.93,Completed
444,Customer_444,user_444@example.com,West,2024-03-19,9356.0,2024-06-30,352.83,Completed
445,Customer_445,user_445@example.com,West,2024-03-20,5092.0,2024-01-04,261.84,Pending
445,Customer_445,user_445@example.com,West,2024-03-20,5876.0,2024-02-06,495.02,Cancelled
445,Customer_445,user_445@example.com,West,2024-03-20,6099.0,2024-02-15,348.84,Completed
445,Customer_445,user_445@example.com,West,2024-03-20,7122.0,2024-03-29,237.45,Cancelled
445,Customer_445,user_445@example.com,West,2024-03-20,8851.0,2024-06-09,192.4,Shipped
445,Customer_445,user_445@example.com,West,2024-03-20,9803.0,2024-07-19,443.81,Pending
446,Customer_446,user_446@example.com,East,2024-03-21,6038.0,2024-02-13,165.14,Cancelled
446,Customer_446,user_446@example.com,East,2024-03-21,6896.0,2024-03-19,135.73,Completed
446,Customer_446,user_446@example.com,East,2024-03-21,7082.0,2024-03-27,149.85,Pending
446,Customer_446,user_446@example.com,East,2024-03-21,7726.0,2024-04-23,358.31,Pending
446,Customer_446,user_446@example.com,East,2024-03-21,7940.0,2024-05-02,302.97,Pending
446,Customer_446,user_446@example.com,East,2024-03-21,7951.0,2024-05-02,148.22,Cancelled
447,Customer_447,user_447@example.com,East,2024-03-22,7476.0,2024-04-13,200.71,Shipped
447,Customer_447,user_447@example.com,East,2024-03-22,9365.0,2024-06-30,419.81,Completed
447,Customer_447,user_447@example.com,East,2024-03-22,9649.0,2024-07-12,404.91,Cancelled
448,Customer_448,user_448@example.com,South,2024-03-23,6230.0,2024-02-21,377.89,Cancelled
448,Customer_448,user_448@example.com,South,2024-03-23,7055.0,2024-03-26,331.7,Cancelled
448,Customer_448,user_448@example.com,South,2024-03-23,7434.0,2024-04-11,140.45,Shipped
449,Customer_449,user_449@example.com,East,2024-03-24,5565.0,2024-01-24,224.36,Cancelled
449,Customer_449,user_449@example.com,East,2024-03-24,5718.0,2024-01-30,200.72,Completed
449,Customer_449,user_449@example.com,East,2024-03-24,7211.0,2024-04-02,467.72,Completed
449,Customer_449,user_449@example.com,East,2024-03-24,7347.0,2024-04-07,304.31,Completed
449,Customer_449,user_449@example.com,East,2024-03-24,7409.0,2024-04-10,327.67,Pending
449,Customer_449,user_449@example.com,East,2024-03-24,9028.0,2024-06-16,161.83,Cancelled
449,Customer_449,user_449@example.com,East,2024-03-24,9062.0,2024-06-18,139.15,Shipped
450,Customer_450,user_450@example.com,South,2024-03-25,5116.0,2024-01-05,172.97,Completed
450,Customer_450,user_450@example.com,South,2024-03-25,5202.0,2024-01-09,268.05,Pending
450,Customer_450,user_450@example.com,South,2024-03-25,5974.0,2024-02-10,369.05,Cancelled
450,Customer_450,user_450@example.com,South,2024-03-25,6304.0,2024-02-24,111.46,Pending
450,Customer_450,user_450@example.com,South,2024-03-25,6844.0,2024-03-17,362.85,Pending
450,Customer_450,user_450@example.com,South,2024-03-25,7323.0,2024-04-06,242.85,Shipped
450,Customer_450,user_450@example.com,South,2024-03-25,7631.0,2024-04-19,240.39,Completed
450,Customer_450,user_450@example.com,South,2024-03-25,7769.0,2024-04-25,460.36,Shipped
450,Customer_450,user_450@example.com,South,2024-03-25,8084.0,2024-05-08,272.18,Completed
450,Customer_450,user_450@example.com,South,2024-03-25,9795.0,2024-07-18,458.19,Shipped
451,Customer_451,user_451@example.com,South,2024-03-26,6611.0,2024-03-08,90.49,Cancelled
451,Customer_451,user_451@example.com,South,2024-03-26,7351.0,2024-04-07,398.09,Cancelled
451,Customer_451,user_451@example.com,South,2024-03-26,9330.0,2024-06-29,395.06,Pending
451,Customer_451,user_451@example.com,South,2024-03-26,9638.0,2024-07-12,67.99,Shipped
452,Customer_452,user_452@example.com,South,2024-03-27,5740.0,2024-01-31,442.23,Completed
452,Customer_452,user_452@example.com,South,2024-03-27,5754.0,2024-02-01,59.75,Shipped
452,Customer_452,user_452@example.com,South,2024-03-27,7501.0,2024-04-14,313.39,Shipped
452,Customer_452,user_452@example.com,South,2024-03-27,7673.0,2024-04-21,117.04,Shipped
452,Customer_452,user_452@example.com,South,2024-03-27,9032.0,2024-06-16,403.17,Completed
452,Customer_452,user_452@example.com,South,2024-03-27,9099.0,2024-06-19,457.73,Completed
452,Customer_452,user_452@example.com,South,2024-03-27,9920.0,2024-07-23,334.98,Pending
452,Customer_452,user_452@example.com,South,2024-03-27,9983.0,2024-07-26,192.03,Shipped
453,Customer_453,user_453@example.com,South,2024-03-28,5044.0,2024-01-02,43.24,Completed
453,Customer_453,user_453@example.com,South,2024-03-28,5752.0,2024-02-01,106.9,Cancelled
453,Customer_453,user_453@example.com,South,2024-03-28,6485.0,2024-03-02,252.51,Shipped
453,Customer_453,user_453@example.com,South,2024-03-28,9480.0,2024-07-05,423.6,Shipped
453,Customer_453,user_453@example.com,South,2024-03-28,9526.0,2024-07-07,230.88,Completed
454,Customer_454,user_454@example.com,South,2024-03-29,5308.0,2024-01-13,481.52,Shipped
454,Customer_454,user_454@example.com,South,2024-03-29,5874.0,2024-02-06,79.73,Pending
454,Customer_454,user_454@example.com,South,2024-03-29,7406.0,2024-04-10,52.16,Completed
454,Customer_454,user_454@example.com,South,2024-03-29,7584.0,2024-04-17,152.26,Cancelled
454,Customer_454,user_454@example.com,South,2024-03-29,8342.0,2024-05-19,260.03,Pending
454,Customer_454,user_454@example.com,South,2024-03-29,9123.0,2024-06-20,49.07,Pending
455,Customer_455,user_455@example.com,North,2024-03-30,5960.0,2024-02-09,226.88,Completed
455,Customer_455,user_455@example.com,North,2024-03-30,7184.0,2024-03-31,69.12,Cancelled
455,Customer_455,user_455@example.com,North,2024-03-30,7236.0,2024-04-03,106.36,Cancelled
455,Customer_455,user_455@example.com,North,2024-03-30,8219.0,2024-05-14,314.75,Pending
455,Customer_455,user_455@example.com,North,2024-03-30,8420.0,2024-05-22,478.43,Cancelled
455,Customer_455,user_455@example.com,North,2024-03-30,8583.0,2024-05-29,306.09,Shipped
455,Customer_455,user_455@example.com,North,2024-03-30,8759.0,2024-06-05,361.46,Completed
455,Customer_455,user_455@example.com,North,2024-03-30,9090.0,2024-06-19,212.75,Cancelled
455,Customer_455,user_455@example.com,North,2024-03-30,9598.0,2024-07-10,346.42,Pending
456,Customer_456,user_456@example.com,East,2024-03-31,5608.0,2024-01-26,429.13,Pending
456,Customer_456,user_456@example.com,East,2024-03-31,6463.0,2024-03-01,100.9,Completed
456,Customer_456,user_456@example.com,East,2024-03-31,6619.0,2024-03-08,385.56,Cancelled
456,Customer_456,user_456@example.com,East,2024-03-31,9755.0,2024-07-17,398.72,Cancelled
456,Customer_456,user_456@example.com,East,2024-03-31,9757.0,2024-07-17,292.9,Completed
456,Customer_456,user_456@example.com,East,2024-03-31,9799.0,2024-07-18,352.46,Completed
457,Customer_457,user_457@example.com,South,2024-04-01,6406.0,2024-02-28,444.57,Completed
457,Customer_457,user_457@example.com,South,2024-04-01,7727.0,2024-04-23,89.35,Pending
457,Customer_457,user_457@example.com,South,2024-04-01,8382.0,2024-05-20,466.74,Cancelled
457,Customer_457,user_457@example.com,South,2024-04-01,9527.0,2024-07-07,322.55,Pending
458,Customer_458,user_458@example.com,West,2024-04-02,6367.0,2024-02-26,229.74,Completed
458,Customer_458,user_458@example.com,West,2024-04-02,8136.0,2024-05-10,379.31,Shipped
458,Customer_458,user_458@example.com,West,2024-04-02,9769.0,2024-07-17,351.78,Completed
459,Customer_459,user_459@example.com,East,2024-04-03,5911.0,2024-02-07,227.11,Shipped
459,Customer_459,user_459@example.com,East,2024-04-03,6624.0,2024-03-08,450.83,Completed
459,Customer_459,user_459@example.com,East,2024-04-03,6645.0,2024-03-09,430.74,Pending
459,Customer_459,user_459@example.com,East,2024-04-03,7154.0,2024-03-30,69.74,Completed
459,Customer_459,user_459@example.com,East,2024-04-03,7254.0,2024-04-03,222.64,Pending
459,Customer_459,user_459@example.com,East,2024-04-03,7569.0,2024-04-17,352.77,Completed
459,Customer_459,user_459@example.com,East,2024-04-03,9089.0,2024-06-19,93.89,Cancelled
459,Customer_459,user_459@example.com,East,2024-04-03,9702.0,2024-07-14,407.07,Completed
460,Customer_460,user_460@example.com,East,2024-04-04,5191.0,2024-01-08,210.93,Shipped
460,Customer_460,user_460@example.com,East,2024-04-04,5680.0,2024-01-29,471.78,Cancelled
460,Customer_460,user_460@example.com,East,2024-04-04,8956.0,2024-06-13,411.06,Pending
460,Customer_460,user_460@example.com,East,2024-04-04,9152.0,2024-06-21,449.27,Completed
460,Customer_460,user_460@example.com,East,2024-04-04,9589.0,2024-07-10,126.82,Shipped
461,Customer_461,user_461@example.com,South,2024-04-05,6546.0,2024-03-05,384.22,Pending
461,Customer_461,user_461@example.com,South,2024-04-05,6678.0,2024-03-10,410.69,Cancelled
461,Customer_461,user_461@example.com,South,2024-04-05,8688.0,2024-06-02,198.42,Cancelled
461,Customer_461,user_461@example.com,South,2024-04-05,9101.0,2024-06-19,365.02,Completed
462,Customer_462,user_462@example.com,North,2024-04-06,7219.0,2024-04-02,429.2,Cancelled
462,Customer_462,user_462@example.com,North,2024-04-06,8913.0,2024-06-12,166.38,Shipped
462,Customer_462,user_462@example.com,North,2024-04-06,9066.0,2024-06-18,219.11,Shipped
463,Customer_463,user_463@example.com,South,2024-04-07,5003.0,2024-01-01,222.34,Pending
463,Customer_463,user_463@example.com,South,2024-04-07,5840.0,2024-02-04,247.57,Pending
463,Customer_463,user_463@example.com,South,2024-04-07,6763.0,2024-03-14,131.44,Shipped
463,Customer_463,user_463@example.com,South,2024-04-07,9164.0,2024-06-22,22.6,Shipped
463,Customer_463,user_463@example.com,South,2024-04-07,9375.0,2024-07-01,181.53,Pending
463,Customer_463,user_463@example.com,South,2024-04-07,9742.0,2024-07-16,421.63,Completed
464,Customer_464,user_464@example.com,North,2024-04-08,9672.0,2024-07-13,179.45,Pending
465,Customer_465,user_465@example.com,West,2024-04-09,5002.0,2024-01-01,143.03,Pending
465,Customer_465,user_465@example.com,West,2024-04-09,7031.0,2024-03-25,270.7,Completed
465,Customer_465,user_465@example.com,West,2024-04-09,8179.0,2024-05-12,193.38,Cancelled
465,Customer_465,user_465@example.com,West,2024-04-09,9844.0,2024-07-20,275.4,Shipped
466,Customer_466,user_466@example.com,East,2024-04-10,5384.0,2024-01-16,419.11,Pending
466,Customer_466,user_466@example.com,East,2024-04-10,6336.0,2024-02-25,212.03,Completed
466,Customer_466,user_466@example.com,East,2024-04-10,6419.0,2024-02-29,453.1,Cancelled
466,Customer_466,user_466@example.com,East,2024-04-10,7001.0,2024-03-24,350.55,Shipped
466,Customer_466,user_466@example.com,East,2024-04-10,7411.0,2024-04-10,498.39,Pending
466,Customer_466,user_466@example.com,East,2024-04-10,8803.0,2024-06-07,139.36,Completed
467,Customer_467,user_467@example.com,West,2024-04-11,5823.0,2024-02-04,373.1,Cancelled
467,Customer_467,user_467@example.com,West,2024-04-11,5978.0,2024-02-10,125.81,Cancelled
467,Customer_467,user_467@example.com,West,2024-04-11,6180.0,2024-02-19,243.73,Pending
467,Customer_467,user_467@example.com,West,2024-04-11,6427.0,2024-02-29,420.65,Shipped
467,Customer_467,user_467@example.com,West,2024-04-11,7354.0,2024-04-08,205.38,Shipped
467,Customer_467,user_467@example.com,West,2024-04-11,7824.0,2024-04-27,335.01,Shipped
468,Customer_468,user_468@example.com,North,2024-04-12,6724.0,2024-03-12,372.35,Shipped
468,Customer_468,user_468@example.com,North,2024-04-12,8943.0,2024-06-13,170.8,Shipped
468,Customer_468,user_468@example.com,North,2024-04-12,10000.0,2024-07-27,367.4,Cancelled
469,Customer_469,user_469@example.com,North,2024-04-13,6069.0,2024-02-14,185.42,Shipped
469,Customer_469,user_469@example.com,North,2024-04-13,9542.0,2024-07-08,159.02,Cancelled
469,Customer_469,user_469@example.com,North,2024-04-13,9879.0,2024-07-22,447.88,Pending
469,Customer_469,user_469@example.com,North,2024-04-13,9888.0,2024-07-22,435.81,Cancelled
470,Customer_470,user_470@example.com,West,2024-04-14,6428.0,2024-02-29,417.64,Cancelled
470,Customer_470,user_470@example.com,West,2024-04-14,7471.0,2024-04-12,352.21,Completed
471,Customer_471,user_471@example.com,North,2024-04-15,5241.0,2024-01-11,485.18,Cancelled
471,Customer_471,user_471@example.com,North,2024-04-15,5788.0,2024-02-02,107.08,Pending
471,Customer_471,user_471@example.com,North,2024-04-15,6461.0,2024-03-01,453.25,Cancelled
471,Customer_471,user_471@example.com,North,2024-04-15,6702.0,2024-03-11,477.03,Pending
471,Customer_471,user_471@example.com,North,2024-04-15,7366.0,2024-04-08,42.0,Shipped
471,Customer_471,user_471@example.com,North,2024-04-15,8291.0,2024-05-17,78.59,Shipped
471,Customer_471,user_471@example.com,North,2024-04-15,9197.0,2024-06-23,330.83,Shipped
472,Customer_472,user_472@example.com,West,2024-04-16,9663.0,2024-07-13,61.2,Cancelled
473,Customer_473,user_473@example.com,East,2024-04-17,5204.0,2024-01-09,24.43,Completed
473,Customer_473,user_473@example.com,East,2024-04-17,6834.0,2024-03-17,319.34,Shipped
474,Customer_474,user_474@example.com,West,2024-04-18,5120.0,2024-01-05,405.34,Cancelled
474,Customer_474,user_474@example.com,West,2024-04-18,5209.0,2024-01-09,461.76,Completed
474,Customer_474,user_474@example.com,West,2024-04-18,5817.0,2024-02-04,257.13,Shipped
474,Customer_474,user_474@example.com,West,2024-04-18,8677.0,2024-06-02,170.54,Shipped
474,Customer_474,user_474@example.com,West,2024-04-18,9279.0,2024-06-27,92.58,Completed
474,Customer_474,user_474@example.com,West,2024-04-18,9412.0,2024-07-02,48.53,Pending
475,Customer_475,user_475@example.com,East,2024-04-19,7987.0,2024-05-04,475.55,Completed
475,Customer_475,user_475@example.com,East,2024-04-19,8524.0,2024-05-26,407.53,Pending
475,Customer_475,user_475@example.com,East,2024-04-19,9936.0,2024-07-24,449.49,Shipped
476,Customer_476,user_476@example.com,West,2024-04-20,5395.0,2024-01-17,213.26,Shipped
476,Customer_476,user_476@example.com,West,2024-04-20,5765.0,2024-02-01,444.89,Shipped
476,Customer_476,user_476@example.com,West,2024-04-20,6612.0,2024-03-08,205.09,Pending
476,Customer_476,user_476@example.com,West,2024-04-20,6910.0,2024-03-20,150.11,Cancelled
476,Customer_476,user_476@example.com,West,2024-04-20,7702.0,2024-04-22,166.02,Completed
476,Customer_476,user_476@example.com,West,2024-04-20,7874.0,2024-04-29,236.87,Pending
476,Customer_476,user_476@example.com,West,2024-04-20,8145.0,2024-05-11,252.6,Pending
476,Customer_476,user_476@example.com,West,2024-04-20,8520.0,2024-05-26,165.13,Cancelled
476,Customer_476,user_476@example.com,West,2024-04-20,8597.0,2024-05-29,352.58,Pending
477,Customer_477,user_477@example.com,North,2024-04-21,6174.0,2024-02-18,471.95,Cancelled
477,Customer_477,user_477@example.com,North,2024-04-21,6305.0,2024-02-24,131.55,Completed
477,Customer_477,user_477@example.com,North,2024-04-21,6373.0,2024-02-27,174.11,Pending
477,Customer_477,user_477@example.com,North,2024-04-21,6956.0,2024-03-22,355.93,Completed
477,Customer_477,user_477@example.com,North,2024-04-21,7261.0,2024-04-04,470.47,Pending
477,Customer_477,user_477@example.com,North,2024-04-21,7935.0,2024-05-02,241.2,Completed
477,Customer_477,user_477@example.com,North,2024-04-21,8871.0,2024-06-10,253.66,Cancelled
477,Customer_477,user_477@example.com,North,2024-04-21,9420.0,2024-07-03,37.99,Shipped
478,Customer_478,user_478@example.com,West,2024-04-22,5122.0,2024-01-06,429.49,Cancelled
478,Customer_478,user_478@example.com,West,2024-04-22,5733.0,2024-01-31,100.38,Shipped
478,Customer_478,user_478@example.com,West,2024-04-22,6200.0,2024-02-19,412.83,Cancelled
478,Customer_478,user_478@example.com,West,2024-04-22,9284.0,2024-06-27,373.67,Completed
479,Customer_479,user_479@example.com,North,2024-04-23,7232.0,2024-04-02,389.21,Completed
480,Customer_480,user_480@example.com,West,2024-04-24,5011.0,2024-01-01,356.53,Cancelled
480,Customer_480,user_480@example.com,West,2024-04-24,5219.0,2024-01-10,269.22,Cancelled
480,Customer_480,user_480@example.com,West,2024-04-24,5686.0,2024-01-29,272.39,Pending
480,Customer_480,user_480@example.com,West,2024-04-24,8608.0,2024-05-30,456.52,Shipped
481,Customer_481,user_481@example.com,West,2024-04-25,5233.0,2024-01-10,170.95,Completed
481,Customer_481,user_481@example.com,West,2024-04-25,6925.0,2024-03-21,319.36,Cancelled
481,Customer_481,user_481@example.com,West,2024-04-25,7187.0,2024-04-01,156.92,Cancelled
481,Customer_481,user_481@example.com,West,2024-04-25,9203.0,2024-06-24,188.33,Pending
482,Customer_482,user_482@example.com,South,2024-04-26,6489.0,2024-03-03,447.69,Pending
482,Customer_482,user_482@example.com,South,2024-04-26,7750.0,2024-04-24,95.11,Completed
482,Customer_482,user_482@example.com,South,2024-04-26,8377.0,2024-05-20,262.32,Cancelled
482,Customer_482,user_482@example.com,South,2024-04-26,9204.0,2024-06-24,483.51,Cancelled
482,Customer_482,user_482@example.com,South,2024-04-26,9313.0,2024-06-28,111.73,Pending
483,Customer_483,user_483@example.com,North,2024-04-27,5192.0,2024-01-08,238.16,Cancelled
483,Customer_483,user_483@example.com,North,2024-04-27,6151.0,2024-02-17,365.63,Shipped
483,Customer_483,user_483@example.com,North,2024-04-27,7314.0,2024-04-06,96.14,Pending
483,Customer_483,user_483@example.com,North,2024-04-27,7655.0,2024-04-20,418.64,Cancelled
483,Customer_483,user_483@example.com,North,2024-04-27,7755.0,2024-04-24,460.16,Shipped
483,Customer_483,user_483@example.com,North,2024-04-27,8080.0,2024-05-08,458.13,Cancelled
483,Customer_483,user_483@example.com,North,2024-04-27,8771.0,2024-06-06,385.84,Shipped
483,Customer_483,user_483@example.com,North,2024-04-27,8795.0,2024-06-07,263.55,Shipped
483,Customer_483,user_483@example.com,North,2024-04-27,9979.0,2024-07-26,29.83,Cancelled
484,Customer_484,user_484@example.com,South,2024-04-28,5592.0,2024-01-25,498.2,Completed
484,Customer_484,user_484@example.com,South,2024-04-28,5806.0,2024-02-03,493.37,Pending
484,Customer_484,user_484@example.com,South,2024-04-28,9651.0,2024-07-12,468.86,Pending
485,Customer_485,user_485@example.com,North,2024-04-29,6194.0,2024-02-19,225.23,Pending
485,Customer_485,user_485@example.com,North,2024-04-29,6342.0,2024-02-25,408.25,Cancelled
485,Customer_485,user_485@example.com,North,2024-04-29,6580.0,2024-03-06,165.22,Pending
485,Customer_485,user_485@example.com,North,2024-04-29,7218.0,2024-04-02,318.14,Completed
485,Customer_485,user_485@example.com,North,2024-04-29,8140.0,2024-05-10,193.73,Pending
485,Customer_485,user_485@example.com,North,2024-04-29,9705.0,2024-07-15,192.67,Completed
485,Customer_485,user_485@example.com,North,2024-04-29,9714.0,2024-07-15,26.29,Completed
486,Customer_486,user_486@example.com,South,2024-04-30,6353.0,2024-02-26,405.09,Pending
486,Customer_486,user_486@example.com,South,2024-04-30,7448.0,2024-04-11,254.11,Completed
486,Customer_486,user_486@example.com,South,2024-04-30,8783.0,2024-06-06,190.71,Shipped
487,Customer_487,user_487@example.com,East,2024-05-01,8680.0,2024-06-02,254.88,Completed
488,Customer_488,user_488@example.com,West,2024-05-02,5891.0,2024-02-07,286.35,Pending
488,Customer_488,user_488@example.com,West,2024-05-02,6134.0,2024-02-17,182.49,Cancelled
488,Customer_488,user_488@example.com,West,2024-05-02,6908.0,2024-03-20,179.49,Completed
488,Customer_488,user_488@example.com,West,2024-05-02,8159.0,2024-05-11,150.36,Shipped
488,Customer_488,user_488@example.com,West,2024-05-02,8633.0,2024-05-31,119.38,Pending
488,Customer_488,user_488@example.com,West,2024-05-02,9787.0,2024-07-18,223.22,Cancelled
489,Customer_489,user_489@example.com,North,2024-05-03,5249.0,2024-01-11,173.54,Pending
489,Customer_489,user_489@example.com,North,2024-05-03,5851.0,2024-02-05,325.29,Pending
489,Customer_489,user_489@example.com,North,2024-05-03,6109.0,2024-02-16,214.24,Cancelled
489,Customer_489,user_489@example.com,North,2024-05-03,6245.0,2024-02-21,23.76,Cancelled
489,Customer_489,user_489@example.com,North,2024-05-03,6553.0,2024-03-05,244.49,Completed
489,Customer_489,user_489@example.com,North,2024-05-03,6781.0,2024-03-15,212.75,Pending
489,Customer_489,user_489@example.com,North,2024-05-03,7447.0,2024-04-11,307.05,Cancelled
489,Customer_489,user_489@example.com,North,2024-05-03,8030.0,2024-05-06,121.82,Pending
490,Customer_490,user_490@example.com,North,2024-05-04,5107.0,2024-01-05,156.87,Completed
490,Customer_490,user_490@example.com,North,2024-05-04,5307.0,2024-01-13,63.96,Cancelled
490,Customer_490,user_490@example.com,North,2024-05-04,5947.0,2024-02-09,190.82,Shipped
490,Customer_490,user_490@example.com,North,2024-05-04,6728.0,2024-03-12,464.85,Cancelled
490,Customer_490,user_490@example.com,North,2024-05-04,6900.0,2024-03-20,141.6,Completed
490,Customer_490,user_490@example.com,North,2024-05-04,8139.0,2024-05-10,470.58,Pending
491,Customer_491,user_491@example.com,West,2024-05-05,5642.0,2024-01-27,105.18,Shipped
491,Customer_491,user_491@example.com,West,2024-05-05,8451.0,2024-05-23,398.23,Completed
491,Customer_491,user_491@example.com,West,2024-05-05,9187.0,2024-06-23,303.81,Cancelled
491,Customer_491,user_491@example.com,West,2024-05-05,9443.0,2024-07-04,372.29,Completed
491,Customer_491,user_491@example.com,West,2024-05-05,9485.0,2024-07-05,210.98,Shipped
492,Customer_492,user_492@example.com,North,2024-05-06,7094.0,2024-03-28,324.6,Shipped
492,Customer_492,user_492@example.com,North,2024-05-06,8161.0,2024-05-11,113.1,Pending
492,Customer_492,user_492@example.com,North,2024-05-06,8610.0,2024-05-30,256.88,Completed
492,Customer_492,user_492@example.com,North,2024-05-06,9388.0,2024-07-01,291.57,Completed
492,Customer_492,user_492@example.com,North,2024-05-06,9607.0,2024-07-10,123.14,Shipped
493,Customer_493,user_493@example.com,North,2024-05-07,5144.0,2024-01-06,95.88,Pending
493,Customer_493,user_493@example.com,North,2024-05-07,5984.0,2024-02-10,136.29,Pending
493,Customer_493,user_493@example.com,North,2024-05-07,7337.0,2024-04-07,211.12,Completed
493,Customer_493,user_493@example.com,North,2024-05-07,8148.0,2024-05-11,217.16,Shipped
493,Customer_493,user_493@example.com,North,2024-05-07,9047.0,2024-06-17,315.68,Pending
494,Customer_494,user_494@example.com,South,2024-05-08,5860.0,2024-02-05,358.15,Shipped
494,Customer_494,user_494@example.com,South,2024-05-08,5992.0,2024-02-11,213.55,Cancelled
494,Customer_494,user_494@example.com,South,2024-05-08,6054.0,2024-02-13,486.4,Completed
494,Customer_494,user_494@example.com,South,2024-05-08,6388.0,2024-02-27,65.14,Completed
494,Customer_494,user_494@example.com,South,2024-05-08,6404.0,2024-02-28,254.96,Completed
494,Customer_494,user_494@example.com,South,2024-05-08,7456.0,2024-04-12,239.25,Completed
494,Customer_494,user_494@example.com,South,2024-05-08,7526.0,2024-04-15,322.38,Pending
494,Customer_494,user_494@example.com,South,2024-05-08,7694.0,2024-04-22,297.36,Pending
494,Customer_494,user_494@example.com,South,2024-05-08,8287.0,2024-05-16,276.3,Shipped
494,Customer_494,user_494@example.com,South,2024-05-08,8780.0,2024-06-06,237.52,Cancelled
495,Customer_495,user_495@example.com,North,2024-05-09,5649.0,2024-01-28,281.4,Pending
495,Customer_495,user_495@example.com,North,2024-05-09,5761.0,2024-02-01,69.65,Shipped
495,Customer_495,user_495@example.com,North,2024-05-09,6455.0,2024-03-01,278.62,Shipped
495,Customer_495,user_495@example.com,North,2024-05-09,7828.0,2024-04-27,451.61,Pending
495,Customer_495,user_495@example.com,North,2024-05-09,8505.0,2024-05-26,103.72,Completed
496,Customer_496,user_496@example.com,East,2024-05-10,6643.0,2024-03-09,443.78,Cancelled
496,Customer_496,user_496@example.com,East,2024-05-10,7955.0,2024-05-03,245.58,Completed
497,Customer_497,user_497@example.com,East,2024-05-11,5409.0,2024-01-18,224.32,Shipped
497,Customer_497,user_497@example.com,East,2024-05-11,5758.0,2024-02-01,195.85,Shipped
497,Customer_497,user_497@example.com,East,2024-05-11,6169.0,2024-02-18,145.49,Cancelled
497,Customer_497,user_497@example.com,East,2024-05-11,6705.0,2024-03-12,111.35,Completed
497,Customer_497,user_497@example.com,East,2024-05-11,8027.0,2024-05-06,400.12,Cancelled
497,Customer_497,user_497@example.com,East,2024-05-11,8547.0,2024-05-27,108.87,Pending
497,Customer_497,user_497@example.com,East,2024-05-11,9020.0,2024-06-16,128.71,Cancelled
498,Customer_498,user_498@example.com,West,2024-05-12,5248.0,2024-01-11,165.85,Cancelled
498,Customer_498,user_498@example.com,West,2024-05-12,5352.0,2024-01-15,281.09,Shipped
498,Customer_498,user_498@example.com,West,2024-05-12,6549.0,2024-03-05,169.32,Cancelled
499,Customer_499,user_499@example.com,North,2024-05-13,5543.0,2024-01-23,225.38,Completed
499,Customer_499,user_499@example.com,North,2024-05-13,5973.0,2024-02-10,129.74,Shipped
499,Customer_499,user_499@example.com,North,2024-05-13,6226.0,2024-02-21,80.23,Pending
499,Customer_499,user_499@example.com,North,2024-05-13,6977.0,2024-03-23,76.19,Shipped
500,Customer_500,user_500@example.com,West,2024-05-14,5157.0,2024-01-07,209.88,Shipped
500,Customer_500,user_500@example.com,West,2024-05-14,6599.0,2024-03-07,164.79,Completed
500,Customer_500,user_500@example.com,West,2024-05-14,7481.0,2024-04-13,207.17,Completed
500,Customer_500,user_500@example.com,West,2024-05-14,7503.0,2024-04-14,321.86,Shipped
500,Customer_500,user_500@example.com,West,2024-05-14,7633.0,2024-04-19,61.1,Completed
500,Customer_500,user_500@example.com,West,2024-05-14,7730.0,2024-04-23,41.69,Completed
500,Customer_500,user_500@example.com,West,2024-05-14,8043.0,2024-05-06,23.89,Pending
500,Customer_500,user_500@example.com,West,2024-05-14,8439.0,2024-05-23,37.57,Cancelled
500,Customer_500,user_500@example.com,West,2024-05-14,9512.0,2024-07-06,200.98,Shipped
501,Customer_501,user_501@example.com,East,2024-05-15,5493.0,2024-01-21,145.77,Pending
501,Customer_501,user_501@example.com,East,2024-05-15,5515.0,2024-01-22,423.05,Cancelled
501,Customer_501,user_501@example.com,East,2024-05-15,7894.0,2024-04-30,367.0,Cancelled
501,Customer_501,user_501@example.com,East,2024-05-15,8709.0,2024-06-03,331.61,Completed
501,Customer_501,user_501@example.com,East,2024-05-15,9418.0,2024-07-03,40.91,Shipped
502,Customer_502,user_502@example.com,North,2024-05-16,5136.0,2024-01-06,349.66,Cancelled
502,Customer_502,user_502@example.com,North,2024-05-16,5326.0,2024-01-14,407.74,Pending
502,Customer_502,user_502@example.com,North,2024-05-16,8096.0,2024-05-08,15.09,Completed
502,Customer_502,user_502@example.com,North,2024-05-16,8522.0,2024-05-26,134.31,Shipped
502,Customer_502,user_502@example.com,North,2024-05-16,8895.0,2024-06-11,373.78,Pending
503,Customer_503,user_503@example.com,North,2024-05-17,5041.0,2024-01-02,197.93,Pending
503,Customer_503,user_503@example.com,North,2024-05-17,8009.0,2024-05-05,217.91,Completed
503,Customer_503,user_503@example.com,North,2024-05-17,8660.0,2024-06-01,361.32,Shipped
504,Customer_504,user_504@example.com,West,2024-05-18,6500.0,2024-03-03,433.54,Shipped
504,Customer_504,user_504@example.com,West,2024-05-18,6528.0,2024-03-04,295.17,Completed
504,Customer_504,user_504@example.com,West,2024-05-18,6865.0,2024-03-18,262.47,Completed
504,Customer_504,user_504@example.com,West,2024-05-18,8176.0,2024-05-12,317.23,Shipped
504,Customer_504,user_504@example.com,West,2024-05-18,8201.0,2024-05-13,451.43,Pending
504,Customer_504,user_504@example.com,West,2024-05-18,9661.0,2024-07-13,482.46,Completed
505,Customer_505,user_505@example.com,East,2024-05-19,5849.0,2024-02-05,352.2,Cancelled
505,Customer_505,user_505@example.com,East,2024-05-19,6044.0,2024-02-13,370.23,Pending
505,Customer_505,user_505@example.com,East,2024-05-19,6848.0,2024-03-17,45.98,Completed
505,Customer_505,user_505@example.com,East,2024-05-19,7934.0,2024-05-02,486.17,Pending
505,Customer_505,user_505@example.com,East,2024-05-19,8488.0,2024-05-25,316.97,Shipped
505,Customer_505,user_505@example.com,East,2024-05-19,9775.0,2024-07-17,444.48,Cancelled
506,Customer_506,user_506@example.com,North,2024-05-20,5894.0,2024-02-07,294.93,Shipped
506,Customer_506,user_506@example.com,North,2024-05-20,8549.0,2024-05-27,200.65,Shipped
506,Customer_506,user_506@example.com,North,2024-05-20,8877.0,2024-06-10,333.39,Completed
506,Customer_506,user_506@example.com,North,2024-05-20,8912.0,2024-06-11,254.51,Cancelled
507,Customer_507,user_507@example.com,West,2024-05-21,8462.0,2024-05-24,155.69,Shipped
507,Customer_507,user_507@example.com,West,2024-05-21,8589.0,2024-05-29,85.25,Cancelled
507,Customer_507,user_507@example.com,West,2024-05-21,9033.0,2024-06-17,338.97,Pending
507,Customer_507,user_507@example.com,West,2024-05-21,9348.0,2024-06-30,42.6,Completed
507,Customer_507,user_507@example.com,West,2024-05-21,9709.0,2024-07-15,474.75,Shipped
508,Customer_508,user_508@example.com,East,2024-05-22,5824.0,2024-02-04,83.64,Shipped
508,Customer_508,user_508@example.com,East,2024-05-22,5989.0,2024-02-11,212.82,Cancelled
508,Customer_508,user_508@example.com,East,2024-05-22,6459.0,2024-03-01,356.57,Cancelled
508,Customer_508,user_508@example.com,East,2024-05-22,9073.0,2024-06-18,132.76,Pending
508,Customer_508,user_508@example.com,East,2024-05-22,9352.0,2024-06-30,153.67,Pending
508,Customer_508,user_508@example.com,East,2024-05-22,9565.0,2024-07-09,78.35,Shipped
509,Customer_509,user_509@example.com,West,2024-05-23,5986.0,2024-02-11,263.47,Completed
509,Customer_509,user_509@example.com,West,2024-05-23,7553.0,2024-04-16,118.33,Cancelled
509,Customer_509,user_509@example.com,West,2024-05-23,8333.0,2024-05-18,305.0,Pending
509,Customer_509,user_509@example.com,West,2024-05-23,8747.0,2024-06-05,403.49,Shipped
509,Customer_509,user_509@example.com,West,2024-05-23,9212.0,2024-06-24,44.67,Completed
509,Customer_509,user_509@example.com,West,2024-05-23,9268.0,2024-06-26,231.79,Shipped
510,Customer_510,user_510@example.com,South,2024-05-24,6162.0,2024-02-18,43.85,Pending
510,Customer_510,user_510@example.com,South,2024-05-24,6796.0,2024-03-15,466.59,Cancelled
511,Customer_511,user_511@example.com,North,2024-05-25,5345.0,2024-01-15,49.56,Cancelled
511,Customer_511,user_511@example.com,North,2024-05-25,7498.0,2024-04-14,404.3,Cancelled
511,Customer_511,user_511@example.com,North,2024-05-25,8576.0,2024-05-28,89.7,Completed
511,Customer_511,user_511@example.com,North,2024-05-25,8645.0,2024-05-31,353.76,Completed
511,Customer_511,user_511@example.com,North,2024-05-25,9327.0,2024-06-29,106.51,Shipped
512,Customer_512,user_512@example.com,South,2024-05-26,6772.0,2024-03-14,188.7,Completed
512,Customer_512,user_512@example.com,South,2024-05-26,6911.0,2024-03-20,389.22,Cancelled
512,Customer_512,user_512@example.com,South,2024-05-26,7817.0,2024-04-27,481.74,Pending
512,Customer_512,user_512@example.com,South,2024-05-26,8531.0,2024-05-27,318.7,Shipped
513,Customer_513,user_513@example.com,East,2024-05-27,5461.0,2024-01-20,62.46,Pending
513,Customer_513,user_513@example.com,East,2024-05-27,8295.0,2024-05-17,214.61,Shipped
513,Customer_513,user_513@example.com,East,2024-05-27,8983.0,2024-06-14,254.22,Shipped
514,Customer_514,user_514@example.com,South,2024-05-28,5701.0,2024-01-30,370.58,Pending
514,Customer_514,user_514@example.com,South,2024-05-28,7213.0,2024-04-02,376.74,Cancelled
514,Customer_514,user_514@example.com,South,2024-05-28,7756.0,2024-04-24,202.73,Pending
514,Customer_514,user_514@example.com,South,2024-05-28,8614.0,2024-05-30,137.38,Pending
514,Customer_514,user_514@example.com,South,2024-05-28,8836.0,2024-06-08,46.53,Shipped
514,Customer_514,user_514@example.com,South,2024-05-28,8905.0,2024-06-11,16.06,Cancelled
515,Customer_515,user_515@example.com,South,2024-05-29,5032.0,2024-01-02,248.57,Shipped
515,Customer_515,user_515@example.com,South,2024-05-29,5305.0,2024-01-13,406.75,Shipped
515,Customer_515,user_515@example.com,South,2024-05-29,5575.0,2024-01-24,380.5,Cancelled
515,Customer_515,user_515@example.com,South,2024-05-29,6029.0,2024-02-12,491.6,Shipped
515,Customer_515,user_515@example.com,South,2024-05-29,6456.0,2024-03-01,360.17,Cancelled
515,Customer_515,user_515@example.com,South,2024-05-29,7415.0,2024-04-10,410.67,Shipped
515,Customer_515,user_515@example.com,South,2024-05-29,7517.0,2024-04-14,37.81,Shipped
516,Customer_516,user_516@example.com,East,2024-05-30,5343.0,2024-01-15,452.73,Shipped
516,Customer_516,user_516@example.com,East,2024-05-30,6566.0,2024-03-06,256.14,Completed
516,Customer_516,user_516@example.com,East,2024-05-30,6602.0,2024-03-07,61.35,Completed
516,Customer_516,user_516@example.com,East,2024-05-30,6992.0,2024-03-23,235.3,Cancelled
516,Customer_516,user_516@example.com,East,2024-05-30,8945.0,2024-06-13,139.23,Cancelled
516,Customer_516,user_516@example.com,East,2024-05-30,9493.0,2024-07-06,190.02,Pending
516,Customer_516,user_516@example.com,East,2024-05-30,9630.0,2024-07-11,69.14,Pending
517,Customer_517,user_517@example.com,West,2024-05-31,5959.0,2024-02-09,104.35,Completed
517,Customer_517,user_517@example.com,West,2024-05-31,6082.0,2024-02-15,182.68,Completed
517,Customer_517,user_517@example.com,West,2024-05-31,6248.0,2024-02-21,374.05,Pending
517,Customer_517,user_517@example.com,West,2024-05-31,7156.0,2024-03-30,64.11,Completed
517,Customer_517,user_517@example.com,West,2024-05-31,7947.0,2024-05-02,440.74,Cancelled
517,Customer_517,user_517@example.com,West,2024-05-31,8293.0,2024-05-17,408.08,Completed
517,Customer_517,user_517@example.com,West,2024-05-31,8530.0,2024-05-27,220.31,Cancelled
517,Customer_517,user_517@example.com,West,2024-05-31,8650.0,2024-06-01,432.72,Pending
517,Customer_517,user_517@example.com,West,2024-05-31,9477.0,2024-07-05,254.34,Pending
517,Customer_517,user_517@example.com,West,2024-05-31,9602.0,2024-07-10,209.79,Completed
518,Customer_518,user_518@example.com,South,2024-06-01,5124.0,2024-01-06,184.15,Shipped
518,Customer_518,user_518@example.com,South,2024-06-01,7243.0,2024-04-03,356.61,Shipped
518,Customer_518,user_518@example.com,South,2024-06-01,8233.0,2024-05-14,309.33,Completed
518,Customer_518,user_518@example.com,South,2024-06-01,9762.0,2024-07-17,298.12,Completed
519,Customer_519,user_519@example.com,West,2024-06-02,5675.0,2024-01-29,217.69,Shipped
519,Customer_519,user_519@example.com,West,2024-06-02,8622.0,2024-05-30,83.47,Pending
519,Customer_519,user_519@example.com,West,2024-06-02,9042.0,2024-06-17,102.31,Pending
519,Customer_519,user_519@example.com,West,2024-06-02,9445.0,2024-07-04,43.4,Cancelled
519,Customer_519,user_519@example.com,West,2024-06-02,9815.0,2024-07-19,378.06,Pending
520,Customer_520,user_520@example.com,South,2024-06-03,5082.0,2024-01-04,398.43,Pending
520,Customer_520,user_520@example.com,South,2024-06-03,5083.0,2024-01-04,132.83,Pending
520,Customer_520,user_520@example.com,South,2024-06-03,5599.0,2024-01-25,419.7,Cancelled
520,Customer_520,user_520@example.com,South,2024-06-03,6376.0,2024-02-27,234.83,Shipped
520,Customer_520,user_520@example.com,South,2024-06-03,7965.0,2024-05-03,307.76,Pending
520,Customer_520,user_520@example.com,South,2024-06-03,8070.0,2024-05-07,55.13,Shipped
520,Customer_520,user_520@example.com,South,2024-06-03,8936.0,2024-06-12,303.67,Cancelled
520,Customer_520,user_520@example.com,South,2024-06-03,9390.0,2024-07-01,417.16,Cancelled
520,Customer_520,user_520@example.com,South,2024-06-03,9557.0,2024-07-08,53.61,Shipped
521,Customer_521,user_521@example.com,West,2024-06-04,6033.0,2024-02-13,172.41,Cancelled
521,Customer_521,user_521@example.com,West,2024-06-04,6632.0,2024-03-08,436.52,Shipped
521,Customer_521,user_521@example.com,West,2024-06-04,6680.0,2024-03-10,425.17,Shipped
521,Customer_521,user_521@example.com,West,2024-06-04,7396.0,2024-04-09,101.65,Shipped
521,Customer_521,user_521@example.com,West,2024-06-04,7400.0,2024-04-09,479.3,Cancelled
521,Customer_521,user_521@example.com,West,2024-06-04,9915.0,2024-07-23,356.64,Completed
522,Customer_522,user_522@example.com,East,2024-06-05,6307.0,2024-02-24,456.22,Pending
522,Customer_522,user_522@example.com,East,2024-06-05,9837.0,2024-07-20,176.39,Shipped
523,Customer_523,user_523@example.com,South,2024-06-06,5618.0,2024-01-26,440.69,Shipped
523,Customer_523,user_523@example.com,South,2024-06-06,6101.0,2024-02-15,468.87,Pending
523,Customer_523,user_523@example.com,South,2024-06-06,7062.0,2024-03-26,67.52,Pending
523,Customer_523,user_523@example.com,South,2024-06-06,7635.0,2024-04-19,490.5,Pending
523,Customer_523,user_523@example.com,South,2024-06-06,8582.0,2024-05-29,15.5,Shipped
524,Customer_524,user_524@example.com,East,2024-06-07,6173.0,2024-02-18,236.62,Shipped
524,Customer_524,user_524@example.com,East,2024-06-07,6255.0,2024-02-22,492.7,Completed
524,Customer_524,user_524@example.com,East,2024-06-07,6675.0,2024-03-10,431.78,Shipped
524,Customer_524,user_524@example.com,East,2024-06-07,7701.0,2024-04-22,252.45,Shipped
524,Customer_524,user_524@example.com,East,2024-06-07,9276.0,2024-06-27,55.88,Pending
524,Customer_524,user_524@example.com,East,2024-06-07,9690.0,2024-07-14,252.82,Cancelled
524,Customer_524,user_524@example.com,East,2024-06-07,9853.0,2024-07-21,380.33,Cancelled
524,Customer_524,user_524@example.com,East,2024-06-07,9941.0,2024-07-24,355.61,Cancelled
525,Customer_525,user_525@example.com,South,2024-06-08,7088.0,2024-03-27,27.9,Pending
525,Customer_525,user_525@example.com,South,2024-06-08,7114.0,2024-03-29,390.22,Cancelled
525,Customer_525,user_525@example.com,South,2024-06-08,8410.0,2024-05-22,307.81,Shipped
525,Customer_525,user_525@example.com,South,2024-06-08,8508.0,2024-05-26,322.0,Cancelled
525,Customer_525,user_525@example.com,South,2024-06-08,9086.0,2024-06-19,30.82,Pending
526,Customer_526,user_526@example.com,East,2024-06-09,5525.0,2024-01-22,300.8,Pending
526,Customer_526,user_526@example.com,East,2024-06-09,5664.0,2024-01-28,420.43,Cancelled
526,Customer_526,user_526@example.com,East,2024-06-09,6462.0,2024-03-01,68.83,Cancelled
526,Customer_526,user_526@example.com,East,2024-06-09,6470.0,2024-03-02,177.64,Cancelled
526,Customer_526,user_526@example.com,East,2024-06-09,6805.0,2024-03-16,279.76,Completed
526,Customer_526,user_526@example.com,East,2024-06-09,7466.0,2024-04-12,81.82,Pending
526,Customer_526,user_526@example.com,East,2024-06-09,8665.0,2024-06-01,208.11,Shipped
526,Customer_526,user_526@example.com,East,2024-06-09,9349.0,2024-06-30,40.46,Pending
526,Customer_526,user_526@example.com,East,2024-06-09,9606.0,2024-07-10,277.04,Cancelled
526,Customer_526,user_526@example.com,East,2024-06-09,9720.0,2024-07-15,433.58,Completed
527,Customer_527,user_527@example.com,East,2024-06-10,6057.0,2024-02-14,167.34,Cancelled
527,Customer_527,user_527@example.com,East,2024-06-10,6413.0,2024-02-28,124.5,Completed
527,Customer_527,user_527@example.com,East,2024-06-10,7188.0,2024-04-01,188.53,Cancelled
527,Customer_527,user_527@example.com,East,2024-06-10,8941.0,2024-06-13,276.6,Cancelled
528,Customer_528,user_528@example.com,South,2024-06-11,5631.0,2024-01-27,477.05,Completed
528,Customer_528,user_528@example.com,South,2024-06-11,5707.0,2024-01-30,214.87,Pending
528,Customer_528,user_528@example.com,South,2024-06-11,5954.0,2024-02-09,277.38,Cancelled
528,Customer_528,user_528@example.com,South,2024-06-11,7610.0,2024-04-18,52.75,Cancelled
528,Customer_528,user_528@example.com,South,2024-06-11,9719.0,2024-07-15,177.53,Completed
529,Customer_529,user_529@example.com,South,2024-06-12,6719.0,2024-03-12,391.35,Completed
529,Customer_529,user_529@example.com,South,2024-06-12,7223.0,2024-04-02,31.84,Shipped
529,Customer_529,user_529@example.com,South,2024-06-12,7809.0,2024-04-27,263.92,Shipped
529,Customer_529,user_529@example.com,South,2024-06-12,8459.0,2024-05-24,409.04,Completed
529,Customer_529,user_529@example.com,South,2024-06-12,8937.0,2024-06-13,334.07,Shipped
530,Customer_530,user_530@example.com,South,2024-06-13,6768.0,2024-03-14,284.52,Cancelled
530,Customer_530,user_530@example.com,South,2024-06-13,8631.0,2024-05-31,306.67,Completed
530,Customer_530,user_530@example.com,South,2024-06-13,8800.0,2024-06-07,48.83,Completed
531,Customer_531,user_531@example.com,North,2024-06-14,8695.0,2024-06-02,471.36,Cancelled
531,Customer_531,user_531@example.com,North,2024-06-14,9499.0,2024-07-06,285.58,Shipped
532,Customer_532,user_532@example.com,West,2024-06-15,7148.0,2024-03-30,388.68,Completed
532,Customer_532,user_532@example.com,West,2024-06-15,7248.0,2024-04-03,287.82,Pending
532,Customer_532,user_532@example.com,West,2024-06-15,8218.0,2024-05-14,23.2,Cancelled
532,Customer_532,user_532@example.com,West,2024-06-15,9629.0,2024-07-11,252.51,Completed
532,Customer_532,user_532@example.com,West,2024-06-15,9772.0,2024-07-17,74.51,Shipped
533,Customer_533,user_533@example.com,North,2024-06-16,5920.0,2024-02-08,257.64,Pending
533,Customer_533,user_533@example.com,North,2024-06-16,6060.0,2024-02-14,319.84,Shipped
533,Customer_533,user_533@example.com,North,2024-06-16,6259.0,2024-02-22,142.22,Pending
533,Customer_533,user_533@example.com,North,2024-06-16,7017.0,2024-03-25,187.76,Cancelled
533,Customer_533,user_533@example.com,North,2024-06-16,7618.0,2024-04-19,54.94,Shipped
533,Customer_533,user_533@example.com,North,2024-06-16,8429.0,2024-05-22,278.93,Cancelled
533,Customer_533,user_533@example.com,North,2024-06-16,8579.0,2024-05-29,312.56,Pending
533,Customer_533,user_533@example.com,North,2024-06-16,9603.0,2024-07-10,417.53,Cancelled
534,Customer_534,user_534@example.com,North,2024-06-17,6668.0,2024-03-10,100.67,Cancelled
534,Customer_534,user_534@example.com,North,2024-06-17,9616.0,2024-07-11,277.97,Completed
535,Customer_535,user_535@example.com,East,2024-06-18,7494.0,2024-04-13,280.14,Completed
535,Customer_535,user_535@example.com,East,2024-06-18,7706.0,2024-04-22,348.38,Cancelled
535,Customer_535,user_535@example.com,East,2024-06-18,8946.0,2024-06-13,138.49,Shipped
536,Customer_536,user_536@example.com,South,2024-06-19,5536.0,2024-01-23,259.65,Pending
536,Customer_536,user_536@example.com,South,2024-06-19,7321.0,2024-04-06,492.36,Shipped
536,Customer_536,user_536@example.com,South,2024-06-19,7724.0,2024-04-23,123.96,Pending
536,Customer_536,user_536@example.com,South,2024-06-19,8229.0,2024-05-14,143.77,Pending
536,Customer_536,user_536@example.com,South,2024-06-19,9004.0,2024-06-15,499.68,Pending
536,Customer_536,user_536@example.com,South,2024-06-19,9079.0,2024-06-18,185.55,Shipped
536,Customer_536,user_536@example.com,South,2024-06-19,9246.0,2024-06-25,220.36,Cancelled
537,Customer_537,user_537@example.com,West,2024-06-20,5222.0,2024-01-10,497.38,Completed
537,Customer_537,user_537@example.com,West,2024-06-20,5436.0,2024-01-19,339.94,Shipped
537,Customer_537,user_537@example.com,West,2024-06-20,6227.0,2024-02-21,170.29,Pending
537,Customer_537,user_537@example.com,West,2024-06-20,7217.0,2024-04-02,370.81,Completed
537,Customer_537,user_537@example.com,West,2024-06-20,7401.0,2024-04-10,169.31,Cancelled
537,Customer_537,user_537@example.com,West,2024-06-20,8151.0,2024-05-11,483.54,Pending
537,Customer_537,user_537@example.com,West,2024-06-20,9245.0,2024-06-25,477.24,Completed
537,Customer_537,user_537@example.com,West,2024-06-20,9655.0,2024-07-12,404.95,Cancelled
537,Customer_537,user_537@example.com,West,2024-06-20,9862.0,2024-07-21,78.04,Pending
538,Customer_538,user_538@example.com,East,2024-06-21,7402.0,2024-04-10,121.52,Completed
538,Customer_538,user_538@example.com,East,2024-06-21,7825.0,2024-04-27,169.75,Completed
538,Customer_538,user_538@example.com,East,2024-06-21,8559.0,2024-05-28,377.16,Shipped
539,Customer_539,user_539@example.com,North,2024-06-22,6447.0,2024-03-01,465.98,Shipped
539,Customer_539,user_539@example.com,North,2024-06-22,6648.0,2024-03-09,215.77,Pending
539,Customer_539,user_539@example.com,North,2024-06-22,6909.0,2024-03-20,68.87,Pending
539,Customer_539,user_539@example.com,North,2024-06-22,9068.0,2024-06-18,42.2,Completed
540,Customer_540,user_540@example.com,South,2024-06-23,5277.0,2024-01-12,317.62,Pending
540,Customer_540,user_540@example.com,South,2024-06-23,6144.0,2024-02-17,423.87,Pending
540,Customer_540,user_540@example.com,South,2024-06-23,6471.0,2024-03-02,309.86,Cancelled
540,Customer_540,user_540@example.com,South,2024-06-23,6697.0,2024-03-11,156.98,Completed
540,Customer_540,user_540@example.com,South,2024-06-23,7288.0,2024-04-05,333.21,Cancelled
540,Customer_540,user_540@example.com,South,2024-06-23,9167.0,2024-06-22,60.67,Shipped
541,Customer_541,user_541@example.com,East,2024-06-24,6747.0,2024-03-13,206.33,Pending
541,Customer_541,user_541@example.com,East,2024-06-24,9673.0,2024-07-13,234.23,Pending
541,Customer_541,user_541@example.com,East,2024-06-24,9998.0,2024-07-27,306.96,Shipped
542,Customer_542,user_542@example.com,South,2024-06-25,5568.0,2024-01-24,267.42,Shipped
542,Customer_542,user_542@example.com,South,2024-06-25,6526.0,2024-03-04,100.17,Shipped
542,Customer_542,user_542@example.com,South,2024-06-25,6569.0,2024-03-06,176.9,Completed
542,Customer_542,user_542@example.com,South,2024-06-25,7002.0,2024-03-24,324.14,Shipped
542,Customer_542,user_542@example.com,South,2024-06-25,7479.0,2024-04-13,441.73,Shipped
542,Customer_542,user_542@example.com,South,2024-06-25,7729.0,2024-04-23,46.24,Pending
542,Customer_542,user_542@example.com,South,2024-06-25,8164.0,2024-05-11,488.15,Cancelled
543,Customer_543,user_543@example.com,East,2024-06-26,8973.0,2024-06-14,209.82,Completed
543,Customer_543,user_543@example.com,East,2024-06-26,9182.0,2024-06-23,387.24,Pending
543,Customer_543,user_543@example.com,East,2024-06-26,9495.0,2024-07-06,108.3,Completed
544,Customer_544,user_544@example.com,South,2024-06-27,6042.0,2024-02-13,405.75,Cancelled
544,Customer_544,user_544@example.com,South,2024-06-27,6072.0,2024-02-14,38.44,Cancelled
544,Customer_544,user_544@example.com,South,2024-06-27,7985.0,2024-05-04,371.91,Pending
544,Customer_544,user_544@example.com,South,2024-06-27,8014.0,2024-05-05,287.89,Shipped
544,Customer_544,user_544@example.com,South,2024-06-27,8454.0,2024-05-23,138.09,Pending
545,Customer_545,user_545@example.com,North,2024-06-28,,,,
546,Customer_546,user_546@example.com,West,2024-06-29,5167.0,2024-01-07,433.76,Shipped
546,Customer_546,user_546@example.com,West,2024-06-29,5364.0,2024-01-16,385.85,Shipped
546,Customer_546,user_546@example.com,West,2024-06-29,7640.0,2024-04-19,34.11,Pending
546,Customer_546,user_546@example.com,West,2024-06-29,8932.0,2024-06-12,327.72,Completed
546,Customer_546,user_546@example.com,West,2024-06-29,9003.0,2024-06-15,367.57,Completed
546,Customer_546,user_546@example.com,West,2024-06-29,9275.0,2024-06-27,114.16,Shipped
547,Customer_547,user_547@example.com,North,2024-06-30,7072.0,2024-03-27,381.56,Cancelled
547,Customer_547,user_547@example.com,North,2024-06-30,7146.0,2024-03-30,458.51,Shipped
547,Customer_547,user_547@example.com,North,2024-06-30,8298.0,2024-05-17,342.1,Shipped
547,Customer_547,user_547@example.com,North,2024-06-30,8984.0,2024-06-14,430.8,Shipped
547,Customer_547,user_547@example.com,North,2024-06-30,9768.0,2024-07-17,430.37,Completed
547,Customer_547,user_547@example.com,North,2024-06-30,9886.0,2024-07-22,297.8,Completed
548,Customer_548,user_548@example.com,West,2024-07-01,5024.0,2024-01-01,246.37,Pending
548,Customer_548,user_548@example.com,West,2024-07-01,5587.0,2024-01-25,60.59,Shipped
548,Customer_548,user_548@example.com,West,2024-07-01,5673.0,2024-01-29,439.33,Completed
548,Customer_548,user_548@example.com,West,2024-07-01,8494.0,2024-05-25,42.92,Cancelled
548,Customer_548,user_548@example.com,West,2024-07-01,8662.0,2024-06-01,35.92,Shipped
548,Customer_548,user_548@example.com,West,2024-07-01,9328.0,2024-06-29,290.99,Pending
549,Customer_549,user_549@example.com,South,2024-07-02,5133.0,2024-01-06,335.75,Shipped
549,Customer_549,user_549@example.com,South,2024-07-02,5348.0,2024-01-15,65.2,Cancelled
549,Customer_549,user_549@example.com,South,2024-07-02,5471.0,2024-01-20,480.88,Pending
549,Customer_549,user_549@example.com,South,2024-07-02,6687.0,2024-03-11,496.52,Shipped
549,Customer_549,user_549@example.com,South,2024-07-02,9570.0,2024-07-09,176.16,Completed
549,Customer_549,user_549@example.com,South,2024-07-02,9723.0,2024-07-15,481.31,Cancelled
549,Customer_549,user_549@example.com,South,2024-07-02,9778.0,2024-07-18,200.69,Cancelled
550,Customer_550,user_550@example.com,East,2024-07-03,5317.0,2024-01-14,246.83,Pending
550,Customer_550,user_550@example.com,East,2024-07-03,5526.0,2024-01-22,286.6,Cancelled
550,Customer_550,user_550@example.com,East,2024-07-03,6577.0,2024-03-06,300.03,Completed
550,Customer_550,user_550@example.com,East,2024-07-03,7178.0,2024-03-31,252.57,Pending
550,Customer_550,user_550@example.com,East,2024-07-03,7421.0,2024-04-10,318.85,Cancelled
550,Customer_550,user_550@example.com,East,2024-07-03,7548.0,2024-04-16,326.08,Shipped
550,Customer_550,user_550@example.com,East,2024-07-03,7651.0,2024-04-20,120.46,Completed
550,Customer_550,user_550@example.com,East,2024-07-03,7919.0,2024-05-01,328.85,Shipped
550,Customer_550,user_550@example.com,East,2024-07-03,9387.0,2024-07-01,451.82,Cancelled
551,Customer_551,user_551@example.com,North,2024-07-04,7096.0,2024-03-28,477.74,Cancelled
551,Customer_551,user_551@example.com,North,2024-07-04,7580.0,2024-04-17,80.34,Cancelled
551,Customer_551,user_551@example.com,North,2024-07-04,7754.0,2024-04-24,243.4,Shipped
551,Customer_551,user_551@example.com,North,2024-07-04,8424.0,2024-05-22,443.31,Cancelled
551,Customer_551,user_551@example.com,North,2024-07-04,8872.0,2024-06-10,206.06,Pending
551,Customer_551,user_551@example.com,North,2024-07-04,9163.0,2024-06-22,107.61,Cancelled
552,Customer_552,user_552@example.com,West,2024-07-05,5586.0,2024-01-25,256.16,Completed
552,Customer_552,user_552@example.com,West,2024-07-05,6264.0,2024-02-22,287.16,Shipped
552,Customer_552,user_552@example.com,West,2024-07-05,7993.0,2024-05-04,192.75,Cancelled
552,Customer_552,user_552@example.com,West,2024-07-05,8464.0,2024-05-24,186.59,Pending
553,Customer_553,user_553@example.com,North,2024-07-06,5589.0,2024-01-25,492.11,Pending
553,Customer_553,user_553@example.com,North,2024-07-06,5967.0,2024-02-10,336.01,Shipped
553,Customer_553,user_553@example.com,North,2024-07-06,6625.0,2024-03-08,471.45,Shipped
553,Customer_553,user_553@example.com,North,2024-07-06,6921.0,2024-03-21,70.09,Cancelled
553,Customer_553,user_553@example.com,North,2024-07-06,7011.0,2024-03-24,97.24,Cancelled
553,Customer_553,user_553@example.com,North,2024-07-06,7582.0,2024-04-17,399.45,Cancelled
553,Customer_553,user_553@example.com,North,2024-07-06,9657.0,2024-07-13,193.43,Cancelled
554,Customer_554,user_554@example.com,West,2024-07-07,6352.0,2024-02-26,465.43,Pending
554,Customer_554,user_554@example.com,West,2024-07-07,6879.0,2024-03-19,383.92,Shipped
554,Customer_554,user_554@example.com,West,2024-07-07,6952.0,2024-03-22,129.85,Cancelled
554,Customer_554,user_554@example.com,West,2024-07-07,7887.0,2024-04-30,492.86,Completed
554,Customer_554,user_554@example.com,West,2024-07-07,8213.0,2024-05-13,25.27,Completed
554,Customer_554,user_554@example.com,West,2024-07-07,8302.0,2024-05-17,238.99,Cancelled
554,Customer_554,user_554@example.com,West,2024-07-07,8824.0,2024-06-08,77.21,Shipped
554,Customer_554,user_554@example.com,West,2024-07-07,9335.0,2024-06-29,384.27,Completed
554,Customer_554,user_554@example.com,West,2024-07-07,9698.0,2024-07-14,181.7,Shipped
555,Customer_555,user_555@example.com,North,2024-07-08,7666.0,2024-04-21,124.46,Completed
555,Customer_555,user_555@example.com,North,2024-07-08,9220.0,2024-06-24,66.04,Shipped
555,Customer_555,user_555@example.com,North,2024-07-08,9737.0,2024-07-16,447.26,Cancelled
556,Customer_556,user_556@example.com,West,2024-07-09,5434.0,2024-01-19,157.07,Completed
556,Customer_556,user_556@example.com,West,2024-07-09,6617.0,2024-03-08,32.26,Cancelled
557,Customer_557,user_557@example.com,West,2024-07-10,6124.0,2024-02-16,457.95,Cancelled
557,Customer_557,user_557@example.com,West,2024-07-10,6458.0,2024-03-01,341.17,Cancelled
557,Customer_557,user_557@example.com,West,2024-07-10,6876.0,2024-03-19,371.03,Cancelled
557,Customer_557,user_557@example.com,West,2024-07-10,9823.0,2024-07-19,99.01,Completed
558,Customer_558,user_558@example.com,South,2024-07-11,5423.0,2024-01-18,481.5,Pending
558,Customer_558,user_558@example.com,South,2024-07-11,5527.0,2024-01-22,373.38,Completed
558,Customer_558,user_558@example.com,South,2024-07-11,5743.0,2024-01-31,158.47,Cancelled
558,Customer_558,user_558@example.com,South,2024-07-11,6272.0,2024-02-22,439.56,Pending
558,Customer_558,user_558@example.com,South,2024-07-11,6682.0,2024-03-11,485.14,Pending
558,Customer_558,user_558@example.com,South,2024-07-11,7686.0,2024-04-21,467.28,Completed
558,Customer_558,user_558@example.com,South,2024-07-11,8100.0,2024-05-09,101.12,Pending
558,Customer_558,user_558@example.com,South,2024-07-11,8831.0,2024-06-08,79.68,Pending
558,Customer_558,user_558@example.com,South,2024-07-11,9449.0,2024-07-04,337.2,Shipped
559,Customer_559,user_559@example.com,West,2024-07-12,5009.0,2024-01-01,102.61,Pending
559,Customer_559,user_559@example.com,West,2024-07-12,6165.0,2024-02-18,400.04,Cancelled
559,Customer_559,user_559@example.com,West,2024-07-12,6563.0,2024-03-06,360.69,Pending
559,Customer_559,user_559@example.com,West,2024-07-12,6572.0,2024-03-06,49.83,Shipped
559,Customer_559,user_559@example.com,West,2024-07-12,7007.0,2024-03-24,286.68,Completed
559,Customer_559,user_559@example.com,West,2024-07-12,7798.0,2024-04-26,42.29,Completed
559,Customer_559,user_559@example.com,West,2024-07-12,8621.0,2024-05-30,273.8,Shipped
559,Customer_559,user_559@example.com,West,2024-07-12,9785.0,2024-07-18,476.31,Cancelled
559,Customer_559,user_559@example.com,West,2024-07-12,9911.0,2024-07-23,201.3,Shipped
560,Customer_560,user_560@example.com,South,2024-07-13,5230.0,2024-01-10,332.3,Cancelled
560,Customer_560,user_560@example.com,South,2024-07-13,5654.0,2024-01-28,334.03,Pending
560,Customer_560,user_560@example.com,South,2024-07-13,5831.0,2024-02-04,143.36,Cancelled
560,Customer_560,user_560@example.com,South,2024-07-13,5900.0,2024-02-07,422.59,Completed
560,Customer_560,user_560@example.com,South,2024-07-13,8476.0,2024-05-24,417.32,Shipped
560,Customer_560,user_560@example.com,South,2024-07-13,8816.0,2024-06-07,463.45,Completed
561,Customer_561,user_561@example.com,West,2024-07-14,5446.0,2024-01-19,17.62,Pending
561,Customer_561,user_561@example.com,West,2024-07-14,5928.0,2024-02-08,86.24,Pending
561,Customer_561,user_561@example.com,West,2024-07-14,5942.0,2024-02-09,131.02,Shipped
561,Customer_561,user_561@example.com,West,2024-07-14,5946.0,2024-02-09,237.86,Completed
561,Customer_561,user_561@example.com,West,2024-07-14,6408.0,2024-02-28,94.32,Cancelled
561,Customer_561,user_561@example.com,West,2024-07-14,6839.0,2024-03-17,433.82,Shipped
561,Customer_561,user_561@example.com,West,2024-07-14,7455.0,2024-04-12,494.76,Pending
561,Customer_561,user_561@example.com,West,2024-07-14,9763.0,2024-07-17,151.56,Cancelled
562,Customer_562,user_562@example.com,East,2024-07-15,5987.0,2024-02-11,80.59,Cancelled
562,Customer_562,user_562@example.com,East,2024-07-15,6725.0,2024-03-12,306.67,Cancelled
562,Customer_562,user_562@example.com,East,2024-07-15,7214.0,2024-04-02,400.42,Pending
562,Customer_562,user_562@example.com,East,2024-07-15,7318.0,2024-04-06,496.01,Cancelled
562,Customer_562,user_562@example.com,East,2024-07-15,9733.0,2024-07-16,77.69,Completed
563,Customer_563,user_563@example.com,East,2024-07-16,5541.0,2024-01-23,49.52,Pending
563,Customer_563,user_563@example.com,East,2024-07-16,7419.0,2024-04-10,310.51,Shipped
563,Customer_563,user_563@example.com,East,2024-07-16,7453.0,2024-04-12,313.87,Completed
563,Customer_563,user_563@example.com,East,2024-07-16,7984.0,2024-05-04,270.87,Shipped
563,Customer_563,user_563@example.com,East,2024-07-16,8254.0,2024-05-15,346.26,Completed
563,Customer_563,user_563@example.com,East,2024-07-16,8386.0,2024-05-21,462.38,Completed
563,Customer_563,user_563@example.com,East,2024-07-16,9408.0,2024-07-02,226.59,Pending
564,Customer_564,user_564@example.com,East,2024-07-17,6590.0,2024-03-07,424.04,Cancelled
564,Customer_564,user_564@example.com,East,2024-07-17,8026.0,2024-05-06,377.91,Pending
564,Customer_564,user_564@example.com,East,2024-07-17,8186.0,2024-05-12,263.34,Completed
564,Customer_564,user_564@example.com,East,2024-07-17,8412.0,2024-05-22,298.72,Shipped
564,Customer_564,user_564@example.com,East,2024-07-17,8571.0,2024-05-28,84.91,Cancelled
565,Customer_565,user_565@example.com,West,2024-07-18,5499.0,2024-01-21,429.99,Pending
565,Customer_565,user_565@example.com,West,2024-07-18,7930.0,2024-05-02,173.81,Completed
565,Customer_565,user_565@example.com,West,2024-07-18,8279.0,2024-05-16,445.77,Cancelled
565,Customer_565,user_565@example.com,West,2024-07-18,9130.0,2024-06-21,266.15,Pending
566,Customer_566,user_566@example.com,South,2024-07-19,5038.0,2024-01-02,187.79,Cancelled
566,Customer_566,user_566@example.com,South,2024-07-19,6906.0,2024-03-20,274.6,Shipped
566,Customer_566,user_566@example.com,South,2024-07-19,7538.0,2024-04-15,61.56,Completed
566,Customer_566,user_566@example.com,South,2024-07-19,8103.0,2024-05-09,290.4,Completed
566,Customer_566,user_566@example.com,South,2024-07-19,8596.0,2024-05-29,267.3,Pending
567,Customer_567,user_567@example.com,South,2024-07-20,5508.0,2024-01-22,94.35,Pending
567,Customer_567,user_567@example.com,South,2024-07-20,6842.0,2024-03-17,324.29,Cancelled
567,Customer_567,user_567@example.com,South,2024-07-20,8135.0,2024-05-10,458.51,Completed
567,Customer_567,user_567@example.com,South,2024-07-20,8510.0,2024-05-26,132.86,Pending
567,Customer_567,user_567@example.com,South,2024-07-20,8917.0,2024-06-12,339.63,Shipped
568,Customer_568,user_568@example.com,West,2024-07-21,5164.0,2024-01-07,140.81,Pending
568,Customer_568,user_568@example.com,West,2024-07-21,5370.0,2024-01-16,94.82,Pending
568,Customer_568,user_568@example.com,West,2024-07-21,7976.0,2024-05-03,345.09,Cancelled
568,Customer_568,user_568@example.com,West,2024-07-21,8380.0,2024-05-20,63.13,Cancelled
569,Customer_569,user_569@example.com,East,2024-07-22,7778.0,2024-04-25,216.93,Pending
569,Customer_569,user_569@example.com,East,2024-07-22,8220.0,2024-05-14,45.6,Pending
569,Customer_569,user_569@example.com,East,2024-07-22,8423.0,2024-05-22,333.92,Cancelled
569,Customer_569,user_569@example.com,East,2024-07-22,9124.0,2024-06-20,349.14,Pending
569,Customer_569,user_569@example.com,East,2024-07-22,9635.0,2024-07-12,264.33,Cancelled
570,Customer_570,user_570@example.com,East,2024-07-23,5251.0,2024-01-11,354.99,Pending
570,Customer_570,user_570@example.com,East,2024-07-23,5905.0,2024-02-07,159.8,Cancelled
570,Customer_570,user_570@example.com,East,2024-07-23,7983.0,2024-05-04,453.43,Pending
570,Customer_570,user_570@example.com,East,2024-07-23,8727.0,2024-06-04,23.67,Pending
571,Customer_571,user_571@example.com,South,2024-07-24,5054.0,2024-01-03,98.5,Cancelled
571,Customer_571,user_571@example.com,South,2024-07-24,5100.0,2024-01-05,427.46,Cancelled
571,Customer_571,user_571@example.com,South,2024-07-24,5242.0,2024-01-11,366.13,Cancelled
571,Customer_571,user_571@example.com,South,2024-07-24,7292.0,2024-04-05,285.11,Completed
571,Customer_571,user_571@example.com,South,2024-07-24,7345.0,2024-04-07,16.83,Shipped
571,Customer_571,user_571@example.com,South,2024-07-24,7960.0,2024-05-03,208.03,Cancelled
571,Customer_571,user_571@example.com,South,2024-07-24,8278.0,2024-05-16,448.64,Shipped
571,Customer_571,user_571@example.com,South,2024-07-24,8616.0,2024-05-30,54.94,Pending
571,Customer_571,user_571@example.com,South,2024-07-24,8635.0,2024-05-31,272.93,Pending
571,Customer_571,user_571@example.com,South,2024-07-24,9108.0,2024-06-20,448.5,Completed
572,Customer_572,user_572@example.com,East,2024-07-25,6175.0,2024-02-18,445.61,Cancelled
572,Customer_572,user_572@example.com,East,2024-07-25,6501.0,2024-03-03,232.68,Cancelled
572,Customer_572,user_572@example.com,East,2024-07-25,7968.0,2024-05-03,90.31,Shipped
572,Customer_572,user_572@example.com,East,2024-07-25,9217.0,2024-06-24,228.39,Shipped
573,Customer_573,user_573@example.com,North,2024-07-26,5497.0,2024-01-21,369.86,Cancelled
573,Customer_573,user_573@example.com,North,2024-07-26,6701.0,2024-03-11,113.01,Cancelled
573,Customer_573,user_573@example.com,North,2024-07-26,6721.0,2024-03-12,275.89,Pending
573,Customer_573,user_573@example.com,North,2024-07-26,6846.0,2024-03-17,375.22,Completed
573,Customer_573,user_573@example.com,North,2024-07-26,7350.0,2024-04-07,134.78,Cancelled
573,Customer_573,user_573@example.com,North,2024-07-26,7758.0,2024-04-24,404.44,Cancelled
573,Customer_573,user_573@example.com,North,2024-07-26,8253.0,2024-05-15,495.33,Cancelled
573,Customer_573,user_573@example.com,North,2024-07-26,8740.0,2024-06-04,26.72,Pending
573,Customer_573,user_573@example.com,North,2024-07-26,9444.0,2024-07-04,159.2,Cancelled
574,Customer_574,user_574@example.com,South,2024-07-27,5150.0,2024-01-07,50.55,Completed
574,Customer_574,user_574@example.com,South,2024-07-27,6051.0,2024-02-13,327.13,Completed
574,Customer_574,user_574@example.com,South,2024-07-27,6958.0,2024-03-22,217.1,Completed
574,Customer_574,user_574@example.com,South,2024-07-27,7045.0,2024-03-26,405.43,Completed
574,Customer_574,user_574@example.com,South,2024-07-27,8289.0,2024-05-17,192.63,Cancelled
574,Customer_574,user_574@example.com,South,2024-07-27,8835.0,2024-06-08,142.88,Completed
574,Customer_574,user_574@example.com,South,2024-07-27,9949.0,2024-07-25,181.29,Shipped
575,Customer_575,user_575@example.com,East,2024-07-28,5246.0,2024-01-11,91.85,Completed
575,Customer_575,user_575@example.com,East,2024-07-28,5398.0,2024-01-17,53.63,Pending
575,Customer_575,user_575@example.com,East,2024-07-28,6258.0,2024-02-22,67.31,Completed
575,Customer_575,user_575@example.com,East,2024-07-28,6288.0,2024-02-23,257.28,Completed
575,Customer_575,user_575@example.com,East,2024-07-28,6562.0,2024-03-06,29.73,Cancelled
575,Customer_575,user_575@example.com,East,2024-07-28,7820.0,2024-04-27,139.38,Completed
575,Customer_575,user_575@example.com,East,2024-07-28,8744.0,2024-06-04,139.36,Pending
575,Customer_575,user_575@example.com,East,2024-07-28,9200.0,2024-06-23,160.89,Shipped
576,Customer_576,user_576@example.com,South,2024-07-29,6340.0,2024-02-25,241.78,Shipped
576,Customer_576,user_576@example.com,South,2024-07-29,6545.0,2024-03-05,389.62,Pending
576,Customer_576,user_576@example.com,South,2024-07-29,7925.0,2024-05-01,33.49,Completed
576,Customer_576,user_576@example.com,South,2024-07-29,8182.0,2024-05-12,447.98,Cancelled
577,Customer_577,user_577@example.com,North,2024-07-30,6083.0,2024-02-15,98.13,Cancelled
577,Customer_577,user_577@example.com,North,2024-07-30,7469.0,2024-04-12,99.48,Completed
577,Customer_577,user_577@example.com,North,2024-07-30,7931.0,2024-05-02,80.88,Completed
578,Customer_578,user_578@example.com,South,2024-07-31,5764.0,2024-02-01,270.75,Completed
578,Customer_578,user_578@example.com,South,2024-07-31,7888.0,2024-04-30,135.04,Cancelled
578,Customer_578,user_578@example.com,South,2024-07-31,9524.0,2024-07-07,166.15,Completed
578,Customer_578,user_578@example.com,South,2024-07-31,9579.0,2024-07-09,217.48,Pending
579,Customer_579,user_579@example.com,South,2024-08-01,5838.0,2024-02-04,180.0,Completed
579,Customer_579,user_579@example.com,South,2024-08-01,7038.0,2024-03-25,437.86,Shipped
579,Customer_579,user_579@example.com,South,2024-08-01,7480.0,2024-04-13,172.46,Shipped
579,Customer_579,user_579@example.com,South,2024-08-01,7534.0,2024-04-15,423.14,Pending
579,Customer_579,user_579@example.com,South,2024-08-01,7753.0,2024-04-24,150.2,Completed
579,Customer_579,user_579@example.com,South,2024-08-01,9670.0,2024-07-13,280.19,Shipped
580,Customer_580,user_580@example.com,South,2024-08-02,5079.0,2024-01-04,86.3,Shipped
580,Customer_580,user_580@example.com,South,2024-08-02,6249.0,2024-02-22,166.69,Pending
580,Customer_580,user_580@example.com,South,2024-08-02,6922.0,2024-03-21,180.64,Shipped
580,Customer_580,user_580@example.com,South,2024-08-02,7194.0,2024-04-01,408.73,Shipped
580,Customer_580,user_580@example.com,South,2024-08-02,7300.0,2024-04-05,184.03,Shipped
580,Customer_580,user_580@example.com,South,2024-08-02,8822.0,2024-06-08,496.07,Pending
580,Customer_580,user_580@example.com,South,2024-08-02,8894.0,2024-06-11,488.76,Pending
581,Customer_581,user_581@example.com,South,2024-08-03,5772.0,2024-02-02,448.58,Cancelled
581,Customer_581,user_581@example.com,South,2024-08-03,6512.0,2024-03-03,180.23,Pending
581,Customer_581,user_581@example.com,South,2024-08-03,8102.0,2024-05-09,178.34,Shipped
581,Customer_581,user_581@example.com,South,2024-08-03,9271.0,2024-06-26,191.8,Cancelled
581,Customer_581,user_581@example.com,South,2024-08-03,9483.0,2024-07-05,104.85,Completed
581,Customer_581,user_581@example.com,South,2024-08-03,9859.0,2024-07-21,413.74,Shipped
582,Customer_582,user_582@example.com,North,2024-08-04,5177.0,2024-01-08,52.99,Pending
582,Customer_582,user_582@example.com,North,2024-08-04,5544.0,2024-01-23,187.56,Completed
582,Customer_582,user_582@example.com,North,2024-08-04,6208.0,2024-02-20,284.25,Completed
582,Customer_582,user_582@example.com,North,2024-08-04,7163.0,2024-03-31,151.53,Completed
582,Customer_582,user_582@example.com,North,2024-08-04,8384.0,2024-05-20,464.18,Cancelled
582,Customer_582,user_582@example.com,North,2024-08-04,9274.0,2024-06-27,71.46,Pending
582,Customer_582,user_582@example.com,North,2024-08-04,9931.0,2024-07-24,498.64,Completed
583,Customer_583,user_583@example.com,West,2024-08-05,6257.0,2024-02-22,179.0,Completed
583,Customer_583,user_583@example.com,West,2024-08-05,7030.0,2024-03-25,471.98,Cancelled
583,Customer_583,user_583@example.com,West,2024-08-05,7800.0,2024-04-26,295.77,Cancelled
584,Customer_584,user_584@example.com,South,2024-08-06,5750.0,2024-02-01,464.25,Completed
584,Customer_584,user_584@example.com,South,2024-08-06,5895.0,2024-02-07,469.08,Completed
584,Customer_584,user_584@example.com,South,2024-08-06,7161.0,2024-03-31,75.66,Cancelled
584,Customer_584,user_584@example.com,South,2024-08-06,7162.0,2024-03-31,35.13,Shipped
584,Customer_584,user_584@example.com,South,2024-08-06,7493.0,2024-04-13,70.03,Pending
584,Customer_584,user_584@example.com,South,2024-08-06,8715.0,2024-06-03,19.78,Cancelled
584,Customer_584,user_584@example.com,South,2024-08-06,8986.0,2024-06-15,232.91,Shipped
584,Customer_584,user_584@example.com,South,2024-08-06,9865.0,2024-07-21,353.96,Shipped
585,Customer_585,user_585@example.com,South,2024-08-07,5428.0,2024-01-18,449.46,Shipped
585,Customer_585,user_585@example.com,South,2024-08-07,5729.0,2024-01-31,196.54,Completed
585,Customer_585,user_585@example.com,South,2024-08-07,8603.0,2024-05-30,317.23,Completed
586,Customer_586,user_586@example.com,East,2024-08-08,5944.0,2024-02-09,313.32,Completed
586,Customer_586,user_586@example.com,East,2024-08-08,5999.0,2024-02-11,223.58,Completed
586,Customer_586,user_586@example.com,East,2024-08-08,7554.0,2024-04-16,313.8,Pending
586,Customer_586,user_586@example.com,East,2024-08-08,8263.0,2024-05-15,112.37,Shipped
586,Customer_586,user_586@example.com,East,2024-08-08,9252.0,2024-06-26,70.69,Shipped
587,Customer_587,user_587@example.com,South,2024-08-09,5745.0,2024-02-01,422.69,Shipped
587,Customer_587,user_587@example.com,South,2024-08-09,7749.0,2024-04-24,155.88,Pending
588,Customer_588,user_588@example.com,East,2024-08-10,5012.0,2024-01-01,29.45,Completed
588,Customer_588,user_588@example.com,East,2024-08-10,5283.0,2024-01-12,332.98,Completed
588,Customer_588,user_588@example.com,East,2024-08-10,5354.0,2024-01-15,227.76,Cancelled
588,Customer_588,user_588@example.com,East,2024-08-10,5616.0,2024-01-26,362.48,Shipped
588,Customer_588,user_588@example.com,East,2024-08-10,5710.0,2024-01-30,251.73,Pending
588,Customer_588,user_588@example.com,East,2024-08-10,6088.0,2024-02-15,458.18,Cancelled
588,Customer_588,user_588@example.com,East,2024-08-10,9122.0,2024-06-20,403.67,Pending
588,Customer_588,user_588@example.com,East,2024-08-10,9441.0,2024-07-04,244.62,Pending
589,Customer_589,user_589@example.com,West,2024-08-11,6123.0,2024-02-16,348.13,Cancelled
589,Customer_589,user_589@example.com,West,2024-08-11,6168.0,2024-02-18,391.94,Pending
589,Customer_589,user_589@example.com,West,2024-08-11,7379.0,2024-04-09,106.6,Shipped
589,Customer_589,user_589@example.com,West,2024-08-11,8477.0,2024-05-24,487.91,Completed
589,Customer_589,user_589@example.com,West,2024-08-11,8644.0,2024-05-31,96.06,Completed
590,Customer_590,user_590@example.com,North,2024-08-12,5454.0,2024-01-19,309.73,Shipped
590,Customer_590,user_590@example.com,North,2024-08-12,6694.0,2024-03-11,483.22,Completed
590,Customer_590,user_590@example.com,North,2024-08-12,7711.0,2024-04-22,90.97,Completed
590,Customer_590,user_590@example.com,North,2024-08-12,9503.0,2024-07-06,295.22,Completed
591,Customer_591,user_591@example.com,North,2024-08-13,7568.0,2024-04-16,294.4,Completed
591,Customer_591,user_591@example.com,North,2024-08-13,8330.0,2024-05-18,338.59,Pending
591,Customer_591,user_591@example.com,North,2024-08-13,9038.0,2024-06-17,92.78,Pending
591,Customer_591,user_591@example.com,North,2024-08-13,9478.0,2024-07-05,70.98,Shipped
592,Customer_592,user_592@example.com,West,2024-08-14,5546.0,2024-01-23,162.85,Pending
592,Customer_592,user_592@example.com,West,2024-08-14,6282.0,2024-02-23,132.18,Shipped
592,Customer_592,user_592@example.com,West,2024-08-14,7133.0,2024-03-29,35.0,Cancelled
592,Customer_592,user_592@example.com,West,2024-08-14,8419.0,2024-05-22,94.55,Pending
593,Customer_593,user_593@example.com,North,2024-08-15,6552.0,2024-03-05,198.46,Completed
593,Customer_593,user_593@example.com,North,2024-08-15,7228.0,2024-04-02,233.78,Pending
593,Customer_593,user_593@example.com,North,2024-08-15,7899.0,2024-04-30,36.68,Completed
593,Customer_593,user_593@example.com,North,2024-08-15,9180.0,2024-06-23,389.78,Completed
593,Customer_593,user_593@example.com,North,2024-08-15,9744.0,2024-07-16,418.05,Shipped
594,Customer_594,user_594@example.com,West,2024-08-16,5175.0,2024-01-08,23.72,Pending
594,Customer_594,user_594@example.com,West,2024-08-16,5488.0,2024-01-21,344.21,Shipped
594,Customer_594,user_594@example.com,West,2024-08-16,6862.0,2024-03-18,220.97,Shipped
594,Customer_594,user_594@example.com,West,2024-08-16,7039.0,2024-03-25,348.38,Pending
594,Customer_594,user_594@example.com,West,2024-08-16,8108.0,2024-05-09,243.0,Pending
594,Customer_594,user_594@example.com,West,2024-08-16,8192.0,2024-05-12,275.41,Shipped
594,Customer_594,user_594@example.com,West,2024-08-16,8479.0,2024-05-24,125.17,Pending
594,Customer_594,user_594@example.com,West,2024-08-16,9789.0,2024-07-18,96.73,Pending
595,Customer_595,user_595@example.com,West,2024-08-17,5927.0,2024-02-08,113.66,Shipped
595,Customer_595,user_595@example.com,West,2024-08-17,7160.0,2024-03-30,193.52,Completed
595,Customer_595,user_595@example.com,West,2024-08-17,7627.0,2024-04-19,292.35,Completed
595,Customer_595,user_595@example.com,West,2024-08-17,9361.0,2024-06-30,323.69,Completed
596,Customer_596,user_596@example.com,West,2024-08-18,5090.0,2024-01-04,157.01,Cancelled
596,Customer_596,user_596@example.com,West,2024-08-18,5243.0,2024-01-11,117.84,Shipped
596,Customer_596,user_596@example.com,West,2024-08-18,5804.0,2024-02-03,171.3,Pending
596,Customer_596,user_596@example.com,West,2024-08-18,6236.0,2024-02-21,477.88,Shipped
596,Customer_596,user_596@example.com,West,2024-08-18,6402.0,2024-02-28,45.42,Pending
596,Customer_596,user_596@example.com,West,2024-08-18,6474.0,2024-03-02,75.59,Cancelled
596,Customer_596,user_596@example.com,West,2024-08-18,6940.0,2024-03-21,268.14,Shipped
596,Customer_596,user_596@example.com,West,2024-08-18,8788.0,2024-06-06,102.7,Completed
597,Customer_597,user_597@example.com,North,2024-08-19,5378.0,2024-01-16,42.16,Completed
597,Customer_597,user_597@example.com,North,2024-08-19,8216.0,2024-05-13,386.96,Completed
598,Customer_598,user_598@example.com,East,2024-08-20,5549.0,2024-01-23,159.95,Pending
598,Customer_598,user_598@example.com,East,2024-08-20,6445.0,2024-03-01,432.22,Shipped
598,Customer_598,user_598@example.com,East,2024-08-20,6703.0,2024-03-11,230.33,Cancelled
598,Customer_598,user_598@example.com,East,2024-08-20,6920.0,2024-03-20,104.69,Pending
598,Customer_598,user_598@example.com,East,2024-08-20,7102.0,2024-03-28,281.5,Shipped
598,Customer_598,user_598@example.com,East,2024-08-20,8346.0,2024-05-19,447.05,Pending
598,Customer_598,user_598@example.com,East,2024-08-20,9397.0,2024-07-02,302.99,Shipped
598,Customer_598,user_598@example.com,East,2024-08-20,9576.0,2024-07-09,322.04,Shipped
599,Customer_599,user_599@example.com,West,2024-08-21,6559.0,2024-03-05,353.52,Completed
599,Customer_599,user_599@example.com,West,2024-08-21,7475.0,2024-04-13,243.98,Completed
599,Customer_599,user_599@example.com,West,2024-08-21,7671.0,2024-04-21,49.59,Shipped
600,Customer_600,user_600@example.com,South,2024-08-22,7685.0,2024-04-21,165.34,Shipped
601,Customer_601,user_601@example.com,North,2024-08-23,5010.0,2024-01-01,250.53,Cancelled
601,Customer_601,user_601@example.com,North,2024-08-23,7319.0,2024-04-06,125.04,Pending
601,Customer_601,user_601@example.com,North,2024-08-23,7546.0,2024-04-16,163.08,Completed
601,Customer_601,user_601@example.com,North,2024-08-23,8654.0,2024-06-01,496.18,Shipped
601,Customer_601,user_601@example.com,North,2024-08-23,9236.0,2024-06-25,485.12,Shipped
602,Customer_602,user_602@example.com,West,2024-08-24,6573.0,2024-03-06,377.45,Pending
602,Customer_602,user_602@example.com,West,2024-08-24,6736.0,2024-03-13,441.51,Pending
602,Customer_602,user_602@example.com,West,2024-08-24,7212.0,2024-04-02,357.16,Completed
602,Customer_602,user_602@example.com,West,2024-08-24,7713.0,2024-04-23,211.62,Cancelled
602,Customer_602,user_602@example.com,West,2024-08-24,8199.0,2024-05-13,440.53,Cancelled
602,Customer_602,user_602@example.com,West,2024-08-24,8908.0,2024-06-11,338.95,Completed
602,Customer_602,user_602@example.com,West,2024-08-24,9031.0,2024-06-16,478.58,Cancelled
602,Customer_602,user_602@example.com,West,2024-08-24,9261.0,2024-06-26,261.55,Cancelled
602,Customer_602,user_602@example.com,West,2024-08-24,9376.0,2024-07-01,339.16,Shipped
603,Customer_603,user_603@example.com,West,2024-08-25,5073.0,2024-01-04,302.6,Shipped
603,Customer_603,user_603@example.com,West,2024-08-25,8789.0,2024-06-06,277.36,Pending
603,Customer_603,user_603@example.com,West,2024-08-25,8925.0,2024-06-12,358.02,Shipped
603,Customer_603,user_603@example.com,West,2024-08-25,9760.0,2024-07-17,240.07,Shipped
604,Customer_604,user_604@example.com,South,2024-08-26,5379.0,2024-01-16,247.85,Cancelled
604,Customer_604,user_604@example.com,South,2024-08-26,6416.0,2024-02-28,408.03,Completed
604,Customer_604,user_604@example.com,South,2024-08-26,6821.0,2024-03-16,309.01,Shipped
604,Customer_604,user_604@example.com,South,2024-08-26,7482.0,2024-04-13,212.21,Completed
604,Customer_604,user_604@example.com,South,2024-08-26,7866.0,2024-04-29,421.77,Cancelled
604,Customer_604,user_604@example.com,South,2024-08-26,8226.0,2024-05-14,489.61,Cancelled
604,Customer_604,user_604@example.com,South,2024-08-26,8328.0,2024-05-18,375.66,Cancelled
604,Customer_604,user_604@example.com,South,2024-08-26,8719.0,2024-06-03,170.7,Pending
605,Customer_605,user_605@example.com,East,2024-08-27,5715.0,2024-01-30,342.86,Cancelled
605,Customer_605,user_605@example.com,East,2024-08-27,7340.0,2024-04-07,464.5,Cancelled
605,Customer_605,user_605@example.com,East,2024-08-27,7600.0,2024-04-18,151.96,Cancelled
605,Customer_605,user_605@example.com,East,2024-08-27,8116.0,2024-05-09,477.29,Completed
605,Customer_605,user_605@example.com,East,2024-08-27,8208.0,2024-05-13,268.72,Cancelled
605,Customer_605,user_605@example.com,East,2024-08-27,9457.0,2024-07-04,357.83,Completed
605,Customer_605,user_605@example.com,East,2024-08-27,9860.0,2024-07-21,287.5,Completed
606,Customer_606,user_606@example.com,East,2024-08-28,5623.0,2024-01-26,431.49,Shipped
606,Customer_606,user_606@example.com,East,2024-08-28,5870.0,2024-02-06,367.58,Shipped
606,Customer_606,user_606@example.com,East,2024-08-28,7099.0,2024-03-28,272.83,Shipped
606,Customer_606,user_606@example.com,East,2024-08-28,7676.0,2024-04-21,92.3,Cancelled
606,Customer_606,user_606@example.com,East,2024-08-28,8898.0,2024-06-11,328.21,Pending
606,Customer_606,user_606@example.com,East,2024-08-28,9601.0,2024-07-10,426.56,Cancelled
607,Customer_607,user_607@example.com,East,2024-08-29,6065.0,2024-02-14,489.05,Completed
607,Customer_607,user_607@example.com,East,2024-08-29,6235.0,2024-02-21,202.29,Pending
607,Customer_607,user_607@example.com,East,2024-08-29,9002.0,2024-06-15,244.02,Shipped
608,Customer_608,user_608@example.com,West,2024-08-30,6253.0,2024-02-22,494.83,Cancelled
608,Customer_608,user_608@example.com,West,2024-08-30,6478.0,2024-03-02,36.87,Completed
608,Customer_608,user_608@example.com,West,2024-08-30,6637.0,2024-03-09,350.06,Shipped
608,Customer_608,user_608@example.com,West,2024-08-30,7224.0,2024-04-02,64.51,Pending
609,Customer_609,user_609@example.com,West,2024-08-31,5975.0,2024-02-10,78.9,Pending
609,Customer_609,user_609@example.com,West,2024-08-31,8785.0,2024-06-06,448.95,Completed
610,Customer_610,user_610@example.com,West,2024-09-01,5013.0,2024-01-01,19.74,Shipped
610,Customer_610,user_610@example.com,West,2024-09-01,5169.0,2024-01-08,498.45,Pending
610,Customer_610,user_610@example.com,West,2024-09-01,5380.0,2024-01-16,274.65,Pending
610,Customer_610,user_610@example.com,West,2024-09-01,5538.0,2024-01-23,263.89,Pending
610,Customer_610,user_610@example.com,West,2024-09-01,7010.0,2024-03-24,458.74,Pending
610,Customer_610,user_610@example.com,West,2024-09-01,7399.0,2024-04-09,289.78,Shipped
610,Customer_610,user_610@example.com,West,2024-09-01,7485.0,2024-04-13,413.77,Pending
610,Customer_610,user_610@example.com,West,2024-09-01,9118.0,2024-06-20,454.46,Completed
610,Customer_610,user_610@example.com,West,2024-09-01,9201.0,2024-06-24,123.87,Completed
611,Customer_611,user_611@example.com,North,2024-09-02,6306.0,2024-02-24,334.78,Shipped
611,Customer_611,user_611@example.com,North,2024-09-02,7016.0,2024-03-24,280.01,Completed
611,Customer_611,user_611@example.com,North,2024-09-02,9431.0,2024-07-03,213.93,Pending
612,Customer_612,user_612@example.com,South,2024-09-03,6030.0,2024-02-12,208.57,Pending
612,Customer_612,user_612@example.com,South,2024-09-03,6372.0,2024-02-27,17.58,Shipped
612,Customer_612,user_612@example.com,South,2024-09-03,7287.0,2024-04-05,165.54,Shipped
612,Customer_612,user_612@example.com,South,2024-09-03,7752.0,2024-04-24,220.19,Cancelled
612,Customer_612,user_612@example.com,South,2024-09-03,8755.0,2024-06-05,292.92,Pending
613,Customer_613,user_613@example.com,West,2024-09-04,5657.0,2024-01-28,397.85,Completed
613,Customer_613,user_613@example.com,West,2024-09-04,6362.0,2024-02-26,17.18,Cancelled
613,Customer_613,user_613@example.com,West,2024-09-04,6439.0,2024-02-29,496.68,Shipped
613,Customer_613,user_613@example.com,West,2024-09-04,6659.0,2024-03-10,272.0,Cancelled
613,Customer_613,user_613@example.com,West,2024-09-04,7006.0,2024-03-24,459.65,Completed
613,Customer_613,user_613@example.com,West,2024-09-04,7793.0,2024-04-26,209.17,Pending
613,Customer_613,user_613@example.com,West,2024-09-04,8246.0,2024-05-15,318.13,Completed
613,Customer_613,user_613@example.com,West,2024-09-04,9102.0,2024-06-19,83.14,Cancelled
613,Customer_613,user_613@example.com,West,2024-09-04,9732.0,2024-07-16,462.5,Shipped
614,Customer_614,user_614@example.com,South,2024-09-05,5261.0,2024-01-11,98.59,Pending
614,Customer_614,user_614@example.com,South,2024-09-05,5951.0,2024-02-09,49.13,Shipped
614,Customer_614,user_614@example.com,South,2024-09-05,6028.0,2024-02-12,449.8,Cancelled
614,Customer_614,user_614@example.com,South,2024-09-05,6315.0,2024-02-24,123.55,Cancelled
614,Customer_614,user_614@example.com,South,2024-09-05,8519.0,2024-05-26,84.22,Cancelled
615,Customer_615,user_615@example.com,South,2024-09-06,5490.0,2024-01-21,362.61,Shipped
615,Customer_615,user_615@example.com,South,2024-09-06,5948.0,2024-02-09,299.52,Shipped
615,Customer_615,user_615@example.com,South,2024-09-06,7474.0,2024-04-13,443.84,Pending
615,Customer_615,user_615@example.com,South,2024-09-06,7826.0,2024-04-27,387.08,Completed
616,Customer_616,user_616@example.com,East,2024-09-07,6136.0,2024-02-17,64.45,Shipped
616,Customer_616,user_616@example.com,East,2024-09-07,6192.0,2024-02-19,432.14,Pending
616,Customer_616,user_616@example.com,East,2024-09-07,6355.0,2024-02-26,135.86,Completed
616,Customer_616,user_616@example.com,East,2024-09-07,7743.0,2024-04-24,241.76,Completed
616,Customer_616,user_616@example.com,East,2024-09-07,8432.0,2024-05-22,373.16,Pending
616,Customer_616,user_616@example.com,East,2024-09-07,9615.0,2024-07-11,49.44,Cancelled
617,Customer_617,user_617@example.com,North,2024-09-08,5170.0,2024-01-08,89.54,Shipped
617,Customer_617,user_617@example.com,North,2024-09-08,6395.0,2024-02-28,452.23,Pending
617,Customer_617,user_617@example.com,North,2024-09-08,8236.0,2024-05-14,117.47,Shipped
618,Customer_618,user_618@example.com,West,2024-09-09,7489.0,2024-04-13,299.16,Pending
618,Customer_618,user_618@example.com,West,2024-09-09,7506.0,2024-04-14,392.32,Pending
618,Customer_618,user_618@example.com,West,2024-09-09,7873.0,2024-04-29,221.22,Pending
618,Customer_618,user_618@example.com,West,2024-09-09,8209.0,2024-05-13,322.02,Completed
618,Customer_618,user_618@example.com,West,2024-09-09,9394.0,2024-07-02,279.74,Shipped
619,Customer_619,user_619@example.com,East,2024-09-10,5397.0,2024-01-17,376.26,Shipped
619,Customer_619,user_619@example.com,East,2024-09-10,5651.0,2024-01-28,395.21,Completed
619,Customer_619,user_619@example.com,East,2024-09-10,6294.0,2024-02-23,253.33,Pending
619,Customer_619,user_619@example.com,East,2024-09-10,6605.0,2024-03-07,40.42,Pending
619,Customer_619,user_619@example.com,East,2024-09-10,7166.0,2024-03-31,25.54,Pending
619,Customer_619,user_619@example.com,East,2024-09-10,7382.0,2024-04-09,418.82,Completed
619,Customer_619,user_619@example.com,East,2024-09-10,9379.0,2024-07-01,481.94,Completed
619,Customer_619,user_619@example.com,East,2024-09-10,9740.0,2024-07-16,77.32,Cancelled
620,Customer_620,user_620@example.com,East,2024-09-11,5158.0,2024-01-07,52.01,Completed
620,Customer_620,user_620@example.com,East,2024-09-11,5547.0,2024-01-23,348.64,Cancelled
620,Customer_620,user_620@example.com,East,2024-09-11,6178.0,2024-02-19,405.81,Shipped
620,Customer_620,user_620@example.com,East,2024-09-11,8815.0,2024-06-07,84.38,Completed
620,Customer_620,user_620@example.com,East,2024-09-11,8853.0,2024-06-09,174.6,Shipped
620,Customer_620,user_620@example.com,East,2024-09-11,9251.0,2024-06-26,475.7,Completed
620,Customer_620,user_620@example.com,East,2024-09-11,9486.0,2024-07-05,332.01,Cancelled
621,Customer_621,user_621@example.com,West,2024-09-12,6303.0,2024-02-24,330.67,Completed
621,Customer_621,user_621@example.com,West,2024-09-12,7186.0,2024-04-01,498.63,Cancelled
621,Customer_621,user_621@example.com,West,2024-09-12,7195.0,2024-04-01,374.79,Shipped
621,Customer_621,user_621@example.com,West,2024-09-12,8048.0,2024-05-06,143.02,Pending
621,Customer_621,user_621@example.com,West,2024-09-12,9683.0,2024-07-14,360.35,Pending
622,Customer_622,user_622@example.com,South,2024-09-13,5247.0,2024-01-11,397.02,Shipped
622,Customer_622,user_622@example.com,South,2024-09-13,6422.0,2024-02-29,231.87,Completed
622,Customer_622,user_622@example.com,South,2024-09-13,7718.0,2024-04-23,48.22,Shipped
622,Customer_622,user_622@example.com,South,2024-09-13,9049.0,2024-06-17,44.21,Completed
623,Customer_623,user_623@example.com,East,2024-09-14,5351.0,2024-01-15,20.5,Pending
623,Customer_623,user_623@example.com,East,2024-09-14,6103.0,2024-02-15,55.93,Completed
623,Customer_623,user_623@example.com,East,2024-09-14,6693.0,2024-03-11,218.4,Pending
623,Customer_623,user_623@example.com,East,2024-09-14,6744.0,2024-03-13,220.42,Cancelled
623,Customer_623,user_623@example.com,East,2024-09-14,7277.0,2024-04-04,321.97,Shipped
623,Customer_623,user_623@example.com,East,2024-09-14,7941.0,2024-05-02,22.63,Pending
623,Customer_623,user_623@example.com,East,2024-09-14,8634.0,2024-05-31,46.98,Shipped
623,Customer_623,user_623@example.com,East,2024-09-14,8870.0,2024-06-10,85.38,Shipped
623,Customer_623,user_623@example.com,East,2024-09-14,9205.0,2024-06-24,482.32,Shipped
624,Customer_624,user_624@example.com,South,2024-09-15,5027.0,2024-01-02,249.45,Cancelled
624,Customer_624,user_624@example.com,South,2024-09-15,5820.0,2024-02-04,316.1,Shipped
624,Customer_624,user_624@example.com,South,2024-09-15,7073.0,2024-03-27,482.73,Shipped
624,Customer_624,user_624@example.com,South,2024-09-15,7301.0,2024-04-05,79.05,Cancelled
624,Customer_624,user_624@example.com,South,2024-09-15,8130.0,2024-05-10,226.2,Completed
625,Customer_625,user_625@example.com,North,2024-09-16,5580.0,2024-01-25,96.58,Pending
625,Customer_625,user_625@example.com,North,2024-09-16,6488.0,2024-03-02,183.79,Cancelled
625,Customer_625,user_625@example.com,North,2024-09-16,8750.0,2024-06-05,456.95,Completed
625,Customer_625,user_625@example.com,North,2024-09-16,8951.0,2024-06-13,365.18,Shipped
625,Customer_625,user_625@example.com,North,2024-09-16,9174.0,2024-06-22,140.72,Completed
626,Customer_626,user_626@example.com,South,2024-09-17,5264.0,2024-01-11,283.75,Pending
626,Customer_626,user_626@example.com,South,2024-09-17,7439.0,2024-04-11,254.36,Cancelled
626,Customer_626,user_626@example.com,South,2024-09-17,7773.0,2024-04-25,108.68,Pending
626,Customer_626,user_626@example.com,South,2024-09-17,8024.0,2024-05-05,495.41,Cancelled
627,Customer_627,user_627@example.com,North,2024-09-18,7557.0,2024-04-16,29.71,Pending
627,Customer_627,user_627@example.com,North,2024-09-18,8972.0,2024-06-14,33.64,Shipped
628,Customer_628,user_628@example.com,South,2024-09-19,6976.0,2024-03-23,55.09,Shipped
628,Customer_628,user_628@example.com,South,2024-09-19,7018.0,2024-03-25,18.53,Cancelled
628,Customer_628,user_628@example.com,South,2024-09-19,8191.0,2024-05-12,458.66,Completed
628,Customer_628,user_628@example.com,South,2024-09-19,8262.0,2024-05-15,225.88,Cancelled
628,Customer_628,user_628@example.com,South,2024-09-19,8903.0,2024-06-11,255.43,Cancelled
628,Customer_628,user_628@example.com,South,2024-09-19,9646.0,2024-07-12,207.51,Completed
628,Customer_628,user_628@example.com,South,2024-09-19,9681.0,2024-07-14,434.62,Completed
629,Customer_629,user_629@example.com,East,2024-09-20,7028.0,2024-03-25,258.88,Completed
629,Customer_629,user_629@example.com,East,2024-09-20,7525.0,2024-04-15,60.71,Cancelled
629,Customer_629,user_629@example.com,East,2024-09-20,7559.0,2024-04-16,317.46,Cancelled
629,Customer_629,user_629@example.com,East,2024-09-20,7856.0,2024-04-28,141.41,Completed
629,Customer_629,user_629@example.com,East,2024-09-20,8174.0,2024-05-12,20.61,Shipped
629,Customer_629,user_629@example.com,East,2024-09-20,8729.0,2024-06-04,104.18,Pending
629,Customer_629,user_629@example.com,East,2024-09-20,8866.0,2024-06-10,402.29,Completed
629,Customer_629,user_629@example.com,East,2024-09-20,9285.0,2024-06-27,225.27,Completed
630,Customer_630,user_630@example.com,East,2024-09-21,6113.0,2024-02-16,313.51,Pending
630,Customer_630,user_630@example.com,East,2024-09-21,6593.0,2024-03-07,347.52,Pending
630,Customer_630,user_630@example.com,East,2024-09-21,7070.0,2024-03-27,347.99,Cancelled
630,Customer_630,user_630@example.com,East,2024-09-21,7507.0,2024-04-14,254.12,Shipped
630,Customer_630,user_630@example.com,East,2024-09-21,7722.0,2024-04-23,335.0,Shipped
630,Customer_630,user_630@example.com,East,2024-09-21,9255.0,2024-06-26,328.43,Cancelled
631,Customer_631,user_631@example.com,North,2024-09-22,6195.0,2024-02-19,207.41,Pending
631,Customer_631,user_631@example.com,North,2024-09-22,6337.0,2024-02-25,388.95,Cancelled
631,Customer_631,user_631@example.com,North,2024-09-22,6410.0,2024-02-28,83.44,Shipped
631,Customer_631,user_631@example.com,North,2024-09-22,6460.0,2024-03-01,285.93,Shipped
631,Customer_631,user_631@example.com,North,2024-09-22,6943.0,2024-03-21,308.59,Pending
631,Customer_631,user_631@example.com,North,2024-09-22,9295.0,2024-06-27,20.77,Shipped
632,Customer_632,user_632@example.com,West,2024-09-23,6148.0,2024-02-17,160.74,Shipped
632,Customer_632,user_632@example.com,West,2024-09-23,6641.0,2024-03-09,484.58,Shipped
632,Customer_632,user_632@example.com,West,2024-09-23,7796.0,2024-04-26,306.12,Shipped
632,Customer_632,user_632@example.com,West,2024-09-23,8146.0,2024-05-11,30.6,Pending
632,Customer_632,user_632@example.com,West,2024-09-23,8237.0,2024-05-14,249.02,Shipped
632,Customer_632,user_632@example.com,West,2024-09-23,9077.0,2024-06-18,475.35,Completed
633,Customer_633,user_633@example.com,North,2024-09-24,5067.0,2024-01-03,231.16,Completed
633,Customer_633,user_633@example.com,North,2024-09-24,5564.0,2024-01-24,103.95,Completed
633,Customer_633,user_633@example.com,North,2024-09-24,6064.0,2024-02-14,172.21,Completed
633,Customer_633,user_633@example.com,North,2024-09-24,6540.0,2024-03-05,47.24,Shipped
633,Customer_633,user_633@example.com,North,2024-09-24,7378.0,2024-04-09,232.27,Shipped
633,Customer_633,user_633@example.com,North,2024-09-24,7896.0,2024-04-30,370.17,Pending
634,Customer_634,user_634@example.com,North,2024-09-25,5830.0,2024-02-04,450.32,Pending
634,Customer_634,user_634@example.com,North,2024-09-25,6852.0,2024-03-18,414.47,Completed
634,Customer_634,user_634@example.com,North,2024-09-25,7033.0,2024-03-25,91.69,Completed
635,Customer_635,user_635@example.com,South,2024-09-26,8131.0,2024-05-10,136.37,Completed
635,Customer_635,user_635@example.com,South,2024-09-26,8613.0,2024-05-30,377.65,Pending
635,Customer_635,user_635@example.com,South,2024-09-26,9963.0,2024-07-25,396.68,Cancelled
635,Customer_635,user_635@example.com,South,2024-09-26,9978.0,2024-07-26,318.64,Cancelled
636,Customer_636,user_636@example.com,South,2024-09-27,5413.0,2024-01-18,39.47,Shipped
636,Customer_636,user_636@example.com,South,2024-09-27,8742.0,2024-06-04,338.1,Pending
637,Customer_637,user_637@example.com,North,2024-09-28,5016.0,2024-01-01,429.41,Completed
637,Customer_637,user_637@example.com,North,2024-09-28,5914.0,2024-02-08,154.82,Cancelled
637,Customer_637,user_637@example.com,North,2024-09-28,6125.0,2024-02-16,310.16,Shipped
637,Customer_637,user_637@example.com,North,2024-09-28,6574.0,2024-03-06,40.73,Shipped
637,Customer_637,user_637@example.com,North,2024-09-28,7432.0,2024-04-11,27.8,Cancelled
637,Customer_637,user_637@example.com,North,2024-09-28,9551.0,2024-07-08,156.07,Completed
637,Customer_637,user_637@example.com,North,2024-09-28,9585.0,2024-07-10,268.36,Cancelled
638,Customer_638,user_638@example.com,East,2024-09-29,5472.0,2024-01-20,84.19,Shipped
638,Customer_638,user_638@example.com,East,2024-09-29,5724.0,2024-01-31,38.2,Cancelled
638,Customer_638,user_638@example.com,East,2024-09-29,6070.0,2024-02-14,499.14,Pending
638,Customer_638,user_638@example.com,East,2024-09-29,6238.0,2024-02-21,481.72,Shipped
638,Customer_638,user_638@example.com,East,2024-09-29,8511.0,2024-05-26,400.8,Pending
638,Customer_638,user_638@example.com,East,2024-09-29,9798.0,2024-07-18,163.12,Shipped
639,Customer_639,user_639@example.com,South,2024-09-30,6829.0,2024-03-17,45.63,Shipped
639,Customer_639,user_639@example.com,South,2024-09-30,7239.0,2024-04-03,402.84,Completed
639,Customer_639,user_639@example.com,South,2024-09-30,7555.0,2024-04-16,196.99,Pending
639,Customer_639,user_639@example.com,South,2024-09-30,7634.0,2024-04-19,476.01,Completed
639,Customer_639,user_639@example.com,South,2024-09-30,9593.0,2024-07-10,285.01,Pending
640,Customer_640,user_640@example.com,West,2024-10-01,5744.0,2024-01-31,445.78,Pending
640,Customer_640,user_640@example.com,West,2024-10-01,8073.0,2024-05-08,111.47,Cancelled
640,Customer_640,user_640@example.com,West,2024-10-01,9309.0,2024-06-28,150.83,Shipped
641,Customer_641,user_641@example.com,South,2024-10-02,6698.0,2024-03-11,53.41,Completed
641,Customer_641,user_641@example.com,South,2024-10-02,7359.0,2024-04-08,267.6,Pending
641,Customer_641,user_641@example.com,South,2024-10-02,7540.0,2024-04-15,41.32,Cancelled
642,Customer_642,user_642@example.com,South,2024-10-03,7939.0,2024-05-02,139.4,Completed
642,Customer_642,user_642@example.com,South,2024-10-03,8397.0,2024-05-21,57.89,Shipped
642,Customer_642,user_642@example.com,South,2024-10-03,8415.0,2024-05-22,378.18,Cancelled
642,Customer_642,user_642@example.com,South,2024-10-03,9976.0,2024-07-26,270.47,Completed
643,Customer_643,user_643@example.com,West,2024-10-04,5841.0,2024-02-05,22.69,Pending
643,Customer_643,user_643@example.com,West,2024-10-04,6193.0,2024-02-19,74.47,Shipped
643,Customer_643,user_643@example.com,West,2024-10-04,9232.0,2024-06-25,496.54,Pending
644,Customer_644,user_644@example.com,North,2024-10-05,6283.0,2024-02-23,341.02,Pending
644,Customer_644,user_644@example.com,North,2024-10-05,8119.0,2024-05-09,247.42,Pending
644,Customer_644,user_644@example.com,North,2024-10-05,8843.0,2024-06-09,168.62,Completed
644,Customer_644,user_644@example.com,North,2024-10-05,9026.0,2024-06-16,248.55,Cancelled
644,Customer_644,user_644@example.com,North,2024-10-05,9612.0,2024-07-11,70.85,Cancelled
645,Customer_645,user_645@example.com,West,2024-10-06,5509.0,2024-01-22,190.94,Completed
645,Customer_645,user_645@example.com,West,2024-10-06,5531.0,2024-01-23,349.47,Completed
645,Customer_645,user_645@example.com,West,2024-10-06,5671.0,2024-01-28,417.92,Completed
645,Customer_645,user_645@example.com,West,2024-10-06,5929.0,2024-02-08,430.07,Pending
645,Customer_645,user_645@example.com,West,2024-10-06,6049.0,2024-02-13,231.68,Pending
645,Customer_645,user_645@example.com,West,2024-10-06,7339.0,2024-04-07,354.9,Pending
645,Customer_645,user_645@example.com,West,2024-10-06,7441.0,2024-04-11,207.66,Pending
645,Customer_645,user_645@example.com,West,2024-10-06,7970.0,2024-05-03,188.88,Cancelled
645,Customer_645,user_645@example.com,West,2024-10-06,7992.0,2024-05-04,209.16,Cancelled
646,Customer_646,user_646@example.com,North,2024-10-07,6743.0,2024-03-13,174.71,Shipped
646,Customer_646,user_646@example.com,North,2024-10-07,6915.0,2024-03-20,94.32,Pending
646,Customer_646,user_646@example.com,North,2024-10-07,7342.0,2024-04-07,132.17,Completed
646,Customer_646,user_646@example.com,North,2024-10-07,7362.0,2024-04-08,73.37,Pending
646,Customer_646,user_646@example.com,North,2024-10-07,7876.0,2024-04-29,418.43,Cancelled
646,Customer_646,user_646@example.com,North,2024-10-07,9014.0,2024-06-16,284.58,Completed
646,Customer_646,user_646@example.com,North,2024-10-07,9571.0,2024-07-09,451.85,Shipped
647,Customer_647,user_647@example.com,North,2024-10-08,6483.0,2024-03-02,481.72,Shipped
647,Customer_647,user_647@example.com,North,2024-10-08,7112.0,2024-03-28,142.27,Shipped
647,Customer_647,user_647@example.com,North,2024-10-08,9074.0,2024-06-18,172.03,Cancelled
648,Customer_648,user_648@example.com,North,2024-10-09,5932.0,2024-02-08,145.64,Shipped
648,Customer_648,user_648@example.com,North,2024-10-09,6783.0,2024-03-15,387.46,Completed
648,Customer_648,user_648@example.com,North,2024-10-09,6899.0,2024-03-20,27.75,Cancelled
648,Customer_648,user_648@example.com,North,2024-10-09,7695.0,2024-04-22,135.68,Shipped
648,Customer_648,user_648@example.com,North,2024-10-09,8268.0,2024-05-16,318.23,Cancelled
648,Customer_648,user_648@example.com,North,2024-10-09,9065.0,2024-06-18,298.54,Completed
648,Customer_648,user_648@example.com,North,2024-10-09,9594.0,2024-07-10,169.84,Shipped
648,Customer_648,user_648@example.com,North,2024-10-09,9962.0,2024-07-25,111.52,Cancelled
649,Customer_649,user_649@example.com,West,2024-10-10,5228.0,2024-01-10,170.25,Cancelled
649,Customer_649,user_649@example.com,West,2024-10-10,6779.0,2024-03-15,464.7,Completed
649,Customer_649,user_649@example.com,West,2024-10-10,7714.0,2024-04-23,178.55,Shipped
649,Customer_649,user_649@example.com,West,2024-10-10,9166.0,2024-06-22,56.53,Shipped
650,Customer_650,user_650@example.com,North,2024-10-11,5052.0,2024-01-03,408.91,Completed
650,Customer_650,user_650@example.com,North,2024-10-11,7313.0,2024-04-06,107.87,Shipped
650,Customer_650,user_650@example.com,North,2024-10-11,7656.0,2024-04-20,153.04,Cancelled
650,Customer_650,user_650@example.com,North,2024-10-11,8016.0,2024-05-05,120.35,Completed
650,Customer_650,user_650@example.com,North,2024-10-11,8562.0,2024-05-28,158.86,Pending
650,Customer_650,user_650@example.com,North,2024-10-11,8745.0,2024-06-05,466.28,Shipped
650,Customer_650,user_650@example.com,North,2024-10-11,9318.0,2024-06-28,130.24,Completed
650,Customer_650,user_650@example.com,North,2024-10-11,9641.0,2024-07-12,258.85,Cancelled
651,Customer_651,user_651@example.com,East,2024-10-12,5800.0,2024-02-03,420.35,Pending
651,Customer_651,user_651@example.com,East,2024-10-12,8331.0,2024-05-18,133.75,Completed
651,Customer_651,user_651@example.com,East,2024-10-12,8939.0,2024-06-13,95.51,Cancelled
651,Customer_651,user_651@example.com,East,2024-10-12,9035.0,2024-06-17,399.2,Cancelled
651,Customer_651,user_651@example.com,East,2024-10-12,9656.0,2024-07-12,360.58,Completed
652,Customer_652,user_652@example.com,West,2024-10-13,8374.0,2024-05-20,260.43,Shipped
652,Customer_652,user_652@example.com,West,2024-10-13,9817.0,2024-07-19,409.26,Shipped
653,Customer_653,user_653@example.com,East,2024-10-14,5868.0,2024-02-06,288.48,Shipped
653,Customer_653,user_653@example.com,East,2024-10-14,8746.0,2024-06-05,303.15,Completed
653,Customer_653,user_653@example.com,East,2024-10-14,9050.0,2024-06-17,54.52,Cancelled
653,Customer_653,user_653@example.com,East,2024-10-14,9642.0,2024-07-12,316.28,Completed
654,Customer_654,user_654@example.com,North,2024-10-15,6164.0,2024-02-18,198.43,Pending
654,Customer_654,user_654@example.com,North,2024-10-15,7721.0,2024-04-23,387.08,Pending
654,Customer_654,user_654@example.com,North,2024-10-15,8885.0,2024-06-10,366.44,Cancelled
654,Customer_654,user_654@example.com,North,2024-10-15,9476.0,2024-07-05,403.38,Completed
654,Customer_654,user_654@example.com,North,2024-10-15,9806.0,2024-07-19,207.44,Pending
655,Customer_655,user_655@example.com,South,2024-10-16,5269.0,2024-01-12,110.76,Completed
655,Customer_655,user_655@example.com,South,2024-10-16,5990.0,2024-02-11,335.8,Shipped
655,Customer_655,user_655@example.com,South,2024-10-16,6504.0,2024-03-03,349.28,Cancelled
655,Customer_655,user_655@example.com,South,2024-10-16,7615.0,2024-04-18,18.78,Pending
655,Customer_655,user_655@example.com,South,2024-10-16,8974.0,2024-06-14,402.55,Completed
655,Customer_655,user_655@example.com,South,2024-10-16,9953.0,2024-07-25,223.64,Cancelled
656,Customer_656,user_656@example.com,North,2024-10-17,6676.0,2024-03-10,303.49,Pending
656,Customer_656,user_656@example.com,North,2024-10-17,7370.0,2024-04-08,179.24,Pending
656,Customer_656,user_656@example.com,North,2024-10-17,9850.0,2024-07-21,266.53,Pending
657,Customer_657,user_657@example.com,East,2024-10-18,5452.0,2024-01-19,435.81,Pending
657,Customer_657,user_657@example.com,East,2024-10-18,5746.0,2024-02-01,244.35,Cancelled
657,Customer_657,user_657@example.com,East,2024-10-18,6560.0,2024-03-05,15.77,Cancelled
657,Customer_657,user_657@example.com,East,2024-10-18,7854.0,2024-04-28,266.54,Completed
657,Customer_657,user_657@example.com,East,2024-10-18,7974.0,2024-05-03,213.24,Completed
658,Customer_658,user_658@example.com,East,2024-10-19,5135.0,2024-01-06,193.82,Completed
658,Customer_658,user_658@example.com,East,2024-10-19,5235.0,2024-01-10,498.14,Shipped
658,Customer_658,user_658@example.com,East,2024-10-19,5957.0,2024-02-09,429.55,Shipped
658,Customer_658,user_658@example.com,East,2024-10-19,7814.0,2024-04-27,51.21,Shipped
658,Customer_658,user_658@example.com,East,2024-10-19,8321.0,2024-05-18,220.09,Shipped
658,Customer_658,user_658@example.com,East,2024-10-19,9573.0,2024-07-09,71.8,Pending
659,Customer_659,user_659@example.com,West,2024-10-20,6159.0,2024-02-18,20.18,Completed
659,Customer_659,user_659@example.com,West,2024-10-20,6738.0,2024-03-13,320.86,Cancelled
659,Customer_659,user_659@example.com,West,2024-10-20,6947.0,2024-03-22,157.73,Shipped
659,Customer_659,user_659@example.com,West,2024-10-20,8019.0,2024-05-05,150.3,Pending
659,Customer_659,user_659@example.com,West,2024-10-20,8545.0,2024-05-27,50.12,Completed
659,Customer_659,user_659@example.com,West,2024-10-20,8609.0,2024-05-30,173.47,Pending
659,Customer_659,user_659@example.com,West,2024-10-20,9069.0,2024-06-18,301.84,Cancelled
659,Customer_659,user_659@example.com,West,2024-10-20,9334.0,2024-06-29,412.45,Pending
660,Customer_660,user_660@example.com,South,2024-10-21,5882.0,2024-02-06,77.38,Completed
660,Customer_660,user_660@example.com,South,2024-10-21,6897.0,2024-03-20,301.33,Pending
660,Customer_660,user_660@example.com,South,2024-10-21,8012.0,2024-05-05,293.67,Cancelled
660,Customer_660,user_660@example.com,South,2024-10-21,9011.0,2024-06-16,481.57,Shipped
660,Customer_660,user_660@example.com,South,2024-10-21,9426.0,2024-07-03,428.78,Cancelled
660,Customer_660,user_660@example.com,South,2024-10-21,9463.0,2024-07-04,142.04,Pending
660,Customer_660,user_660@example.com,South,2024-10-21,9881.0,2024-07-22,445.11,Shipped
661,Customer_661,user_661@example.com,West,2024-10-22,5388.0,2024-01-17,138.21,Pending
661,Customer_661,user_661@example.com,West,2024-10-22,5463.0,2024-01-20,283.53,Cancelled
661,Customer_661,user_661@example.com,West,2024-10-22,5495.0,2024-01-21,204.19,Pending
661,Customer_661,user_661@example.com,West,2024-10-22,6037.0,2024-02-13,36.66,Completed
661,Customer_661,user_661@example.com,West,2024-10-22,6107.0,2024-02-16,458.71,Completed
661,Customer_661,user_661@example.com,West,2024-10-22,7717.0,2024-04-23,219.25,Cancelled
661,Customer_661,user_661@example.com,West,2024-10-22,8075.0,2024-05-08,420.96,Pending
661,Customer_661,user_661@example.com,West,2024-10-22,9708.0,2024-07-15,76.98,Completed
661,Customer_661,user_661@example.com,West,2024-10-22,9900.0,2024-07-23,448.12,Pending
662,Customer_662,user_662@example.com,East,2024-10-23,6014.0,2024-02-12,60.5,Shipped
662,Customer_662,user_662@example.com,East,2024-10-23,6623.0,2024-03-08,402.63,Pending
662,Customer_662,user_662@example.com,East,2024-10-23,7100.0,2024-03-28,105.59,Pending
662,Customer_662,user_662@example.com,East,2024-10-23,7418.0,2024-04-10,327.18,Pending
662,Customer_662,user_662@example.com,East,2024-10-23,7527.0,2024-04-15,153.89,Cancelled
662,Customer_662,user_662@example.com,East,2024-10-23,7914.0,2024-05-01,35.01,Shipped
662,Customer_662,user_662@example.com,East,2024-10-23,8021.0,2024-05-05,282.96,Shipped
662,Customer_662,user_662@example.com,East,2024-10-23,8808.0,2024-06-07,227.01,Pending
662,Customer_662,user_662@example.com,East,2024-10-23,9384.0,2024-07-01,491.79,Pending
662,Customer_662,user_662@example.com,East,2024-10-23,9620.0,2024-07-11,293.19,Cancelled
663,Customer_663,user_663@example.com,North,2024-10-24,5726.0,2024-01-31,498.83,Completed
663,Customer_663,user_663@example.com,North,2024-10-24,7605.0,2024-04-18,96.82,Shipped
663,Customer_663,user_663@example.com,North,2024-10-24,9043.0,2024-06-17,225.3,Pending
663,Customer_663,user_663@example.com,North,2024-10-24,9766.0,2024-07-17,354.1,Shipped
664,Customer_664,user_664@example.com,South,2024-10-25,5210.0,2024-01-09,439.09,Cancelled
664,Customer_664,user_664@example.com,South,2024-10-25,5678.0,2024-01-29,237.6,Pending
664,Customer_664,user_664@example.com,South,2024-10-25,6382.0,2024-02-27,398.56,Pending
664,Customer_664,user_664@example.com,South,2024-10-25,7044.0,2024-03-26,28.51,Shipped
664,Customer_664,user_664@example.com,South,2024-10-25,7491.0,2024-04-13,371.49,Completed
664,Customer_664,user_664@example.com,South,2024-10-25,7804.0,2024-04-26,347.57,Cancelled
664,Customer_664,user_664@example.com,South,2024-10-25,7933.0,2024-05-02,391.44,Completed
664,Customer_664,user_664@example.com,South,2024-10-25,8652.0,2024-06-01,471.51,Pending
664,Customer_664,user_664@example.com,South,2024-10-25,9586.0,2024-07-10,223.92,Cancelled
664,Customer_664,user_664@example.com,South,2024-10-25,9970.0,2024-07-26,424.17,Shipped
665,Customer_665,user_665@example.com,North,2024-10-26,5419.0,2024-01-18,464.92,Cancelled
665,Customer_665,user_665@example.com,North,2024-10-26,5956.0,2024-02-09,285.02,Cancelled
665,Customer_665,user_665@example.com,North,2024-10-26,6469.0,2024-03-02,97.45,Cancelled
665,Customer_665,user_665@example.com,North,2024-10-26,6999.0,2024-03-24,112.4,Completed
665,Customer_665,user_665@example.com,North,2024-10-26,7036.0,2024-03-25,191.33,Pending
665,Customer_665,user_665@example.com,North,2024-10-26,7138.0,2024-03-30,273.08,Pending
665,Customer_665,user_665@example.com,North,2024-10-26,9322.0,2024-06-29,376.04,Completed
666,Customer_666,user_666@example.com,North,2024-10-27,6450.0,2024-03-01,98.36,Pending
666,Customer_666,user_666@example.com,North,2024-10-27,6510.0,2024-03-03,257.61,Shipped
666,Customer_666,user_666@example.com,North,2024-10-27,7042.0,2024-03-26,222.64,Shipped
666,Customer_666,user_666@example.com,North,2024-10-27,7289.0,2024-04-05,117.07,Pending
666,Customer_666,user_666@example.com,North,2024-10-27,7639.0,2024-04-19,27.33,Cancelled
666,Customer_666,user_666@example.com,North,2024-10-27,8105.0,2024-05-09,467.26,Completed
666,Customer_666,user_666@example.com,North,2024-10-27,9142.0,2024-06-21,59.67,Pending
666,Customer_666,user_666@example.com,North,2024-10-27,9176.0,2024-06-22,472.07,Completed
666,Customer_666,user_666@example.com,North,2024-10-27,9346.0,2024-06-30,419.91,Completed
666,Customer_666,user_666@example.com,North,2024-10-27,9694.0,2024-07-14,74.58,Shipped
667,Customer_667,user_667@example.com,South,2024-10-28,6827.0,2024-03-17,17.87,Completed
667,Customer_667,user_667@example.com,South,2024-10-28,7090.0,2024-03-28,118.91,Pending
667,Customer_667,user_667@example.com,South,2024-10-28,7145.0,2024-03-30,334.83,Completed
667,Customer_667,user_667@example.com,South,2024-10-28,9036.0,2024-06-17,254.96,Cancelled
667,Customer_667,user_667@example.com,South,2024-10-28,9474.0,2024-07-05,262.36,Pending
668,Customer_668,user_668@example.com,West,2024-10-29,5682.0,2024-01-29,66.05,Cancelled
668,Customer_668,user_668@example.com,West,2024-10-29,5961.0,2024-02-10,205.31,Cancelled
668,Customer_668,user_668@example.com,West,2024-10-29,7978.0,2024-05-04,410.38,Shipped
669,Customer_669,user_669@example.com,North,2024-10-30,5555.0,2024-01-24,331.77,Completed
669,Customer_669,user_669@example.com,North,2024-10-30,6010.0,2024-02-12,123.77,Completed
669,Customer_669,user_669@example.com,North,2024-10-30,7021.0,2024-03-25,208.67,Pending
669,Customer_669,user_669@example.com,North,2024-10-30,7781.0,2024-04-25,169.21,Shipped
669,Customer_669,user_669@example.com,North,2024-10-30,7812.0,2024-04-27,172.97,Pending
669,Customer_669,user_669@example.com,North,2024-10-30,8188.0,2024-05-12,180.39,Shipped
669,Customer_669,user_669@example.com,North,2024-10-30,9689.0,2024-07-14,178.76,Completed
670,Customer_670,user_670@example.com,East,2024-10-31,5483.0,2024-01-21,328.19,Cancelled
670,Customer_670,user_670@example.com,East,2024-10-31,5630.0,2024-01-27,435.53,Pending
670,Customer_670,user_670@example.com,East,2024-10-31,5695.0,2024-01-29,184.55,Pending
670,Customer_670,user_670@example.com,East,2024-10-31,6122.0,2024-02-16,81.44,Shipped
670,Customer_670,user_670@example.com,East,2024-10-31,6135.0,2024-02-17,495.66,Shipped
670,Customer_670,user_670@example.com,East,2024-10-31,6874.0,2024-03-19,151.85,Shipped
670,Customer_670,user_670@example.com,East,2024-10-31,8267.0,2024-05-16,250.93,Completed
670,Customer_670,user_670@example.com,East,2024-10-31,8421.0,2024-05-22,338.87,Pending
670,Customer_670,user_670@example.com,East,2024-10-31,9417.0,2024-07-03,122.81,Completed
670,Customer_670,user_670@example.com,East,2024-10-31,9724.0,2024-07-15,170.63,Shipped
670,Customer_670,user_670@example.com,East,2024-10-31,9909.0,2024-07-23,35.6,Completed
671,Customer_671,user_671@example.com,North,2024-11-01,,,,
672,Customer_672,user_672@example.com,South,2024-11-02,5142.0,2024-01-06,135.63,Pending
672,Customer_672,user_672@example.com,South,2024-11-02,5996.0,2024-02-11,210.1,Cancelled
672,Customer_672,user_672@example.com,South,2024-11-02,7157.0,2024-03-30,438.2,Pending
672,Customer_672,user_672@example.com,South,2024-11-02,7556.0,2024-04-16,492.33,Cancelled
672,Customer_672,user_672@example.com,South,2024-11-02,7643.0,2024-04-20,479.89,Pending
672,Customer_672,user_672@example.com,South,2024-11-02,7677.0,2024-04-21,36.38,Pending
672,Customer_672,user_672@example.com,South,2024-11-02,8497.0,2024-05-25,175.23,Cancelled
672,Customer_672,user_672@example.com,South,2024-11-02,9531.0,2024-07-07,232.58,Pending
673,Customer_673,user_673@example.com,South,2024-11-03,5641.0,2024-01-27,287.32,Completed
673,Customer_673,user_673@example.com,South,2024-11-03,6357.0,2024-02-26,96.61,Completed
673,Customer_673,user_673@example.com,South,2024-11-03,7022.0,2024-03-25,104.59,Pending
673,Customer_673,user_673@example.com,South,2024-11-03,7497.0,2024-04-14,48.66,Pending
673,Customer_673,user_673@example.com,South,2024-11-03,7832.0,2024-04-27,115.28,Pending
673,Customer_673,user_673@example.com,South,2024-11-03,8682.0,2024-06-02,200.26,Cancelled
673,Customer_673,user_673@example.com,South,2024-11-03,9401.0,2024-07-02,442.55,Completed
674,Customer_674,user_674@example.com,South,2024-11-04,7516.0,2024-04-14,313.1,Pending
674,Customer_674,user_674@example.com,South,2024-11-04,8418.0,2024-05-22,360.91,Shipped
674,Customer_674,user_674@example.com,South,2024-11-04,8664.0,2024-06-01,428.94,Cancelled
674,Customer_674,user_674@example.com,South,2024-11-04,8798.0,2024-06-07,330.97,Cancelled
674,Customer_674,user_674@example.com,South,2024-11-04,9341.0,2024-06-29,457.08,Pending
675,Customer_675,user_675@example.com,West,2024-11-05,5278.0,2024-01-12,318.66,Pending
675,Customer_675,user_675@example.com,West,2024-11-05,5560.0,2024-01-24,41.73,Completed
675,Customer_675,user_675@example.com,West,2024-11-05,6585.0,2024-03-07,369.38,Shipped
675,Customer_675,user_675@example.com,West,2024-11-05,7355.0,2024-04-08,156.32,Completed
675,Customer_675,user_675@example.com,West,2024-11-05,7611.0,2024-04-18,196.21,Completed
676,Customer_676,user_676@example.com,North,2024-11-06,5125.0,2024-01-06,351.53,Completed
676,Customer_676,user_676@example.com,North,2024-11-06,6075.0,2024-02-14,116.62,Shipped
676,Customer_676,user_676@example.com,North,2024-11-06,6782.0,2024-03-15,330.82,Cancelled
676,Customer_676,user_676@example.com,North,2024-11-06,7581.0,2024-04-17,88.19,Shipped
676,Customer_676,user_676@example.com,North,2024-11-06,8240.0,2024-05-14,342.47,Pending
676,Customer_676,user_676@example.com,North,2024-11-06,8551.0,2024-05-27,326.73,Cancelled
676,Customer_676,user_676@example.com,North,2024-11-06,9291.0,2024-06-27,480.18,Completed
676,Customer_676,user_676@example.com,North,2024-11-06,9300.0,2024-06-28,46.48,Cancelled
677,Customer_677,user_677@example.com,West,2024-11-07,7783.0,2024-04-25,262.98,Completed
677,Customer_677,user_677@example.com,West,2024-11-07,8250.0,2024-05-15,459.22,Completed
677,Customer_677,user_677@example.com,West,2024-11-07,9934.0,2024-07-24,149.74,Pending
678,Customer_678,user_678@example.com,West,2024-11-08,7330.0,2024-04-07,89.23,Completed
678,Customer_678,user_678@example.com,West,2024-11-08,7420.0,2024-04-10,241.67,Pending
678,Customer_678,user_678@example.com,West,2024-11-08,8332.0,2024-05-18,362.53,Shipped
678,Customer_678,user_678@example.com,West,2024-11-08,9294.0,2024-06-27,452.56,Completed
679,Customer_679,user_679@example.com,South,2024-11-09,5104.0,2024-01-05,294.88,Completed
679,Customer_679,user_679@example.com,South,2024-11-09,5551.0,2024-01-23,71.35,Completed
679,Customer_679,user_679@example.com,South,2024-11-09,6869.0,2024-03-18,232.28,Pending
679,Customer_679,user_679@example.com,South,2024-11-09,6967.0,2024-03-22,338.32,Shipped
680,Customer_680,user_680@example.com,South,2024-11-10,6185.0,2024-02-19,457.14,Shipped
680,Customer_680,user_680@example.com,South,2024-11-10,7311.0,2024-04-06,19.16,Cancelled
680,Customer_680,user_680@example.com,South,2024-11-10,8899.0,2024-06-11,72.04,Shipped
680,Customer_680,user_680@example.com,South,2024-11-10,9371.0,2024-07-01,340.42,Shipped
681,Customer_681,user_681@example.com,West,2024-11-11,5416.0,2024-01-18,270.84,Cancelled
681,Customer_681,user_681@example.com,West,2024-11-11,5424.0,2024-01-18,280.49,Pending
681,Customer_681,user_681@example.com,West,2024-11-11,5594.0,2024-01-25,311.32,Completed
681,Customer_681,user_681@example.com,West,2024-11-11,5858.0,2024-02-05,41.57,Pending
681,Customer_681,user_681@example.com,West,2024-11-11,6502.0,2024-03-03,45.49,Completed
681,Customer_681,user_681@example.com,West,2024-11-11,8286.0,2024-05-16,252.62,Shipped
681,Customer_681,user_681@example.com,West,2024-11-11,8379.0,2024-05-20,378.78,Shipped
681,Customer_681,user_681@example.com,West,2024-11-11,8543.0,2024-05-27,288.01,Shipped
682,Customer_682,user_682@example.com,North,2024-11-12,5391.0,2024-01-17,463.61,Shipped
682,Customer_682,user_682@example.com,North,2024-11-12,5922.0,2024-02-08,205.1,Completed
682,Customer_682,user_682@example.com,North,2024-11-12,9339.0,2024-06-29,139.18,Pending
683,Customer_683,user_683@example.com,East,2024-11-13,5386.0,2024-01-17,319.79,Completed
683,Customer_683,user_683@example.com,East,2024-11-13,5676.0,2024-01-29,377.98,Completed
683,Customer_683,user_683@example.com,East,2024-11-13,9597.0,2024-07-10,466.73,Completed
683,Customer_683,user_683@example.com,East,2024-11-13,9991.0,2024-07-26,147.41,Pending
684,Customer_684,user_684@example.com,West,2024-11-14,6441.0,2024-03-01,399.91,Completed
685,Customer_685,user_685@example.com,North,2024-11-15,5296.0,2024-01-13,227.68,Cancelled
685,Customer_685,user_685@example.com,North,2024-11-15,5358.0,2024-01-15,431.36,Cancelled
685,Customer_685,user_685@example.com,North,2024-11-15,5918.0,2024-02-08,208.81,Cancelled
685,Customer_685,user_685@example.com,North,2024-11-15,7087.0,2024-03-27,439.43,Completed
685,Customer_685,user_685@example.com,North,2024-11-15,8833.0,2024-06-08,25.85,Shipped
685,Customer_685,user_685@example.com,North,2024-11-15,9121.0,2024-06-20,138.06,Shipped
685,Customer_685,user_685@example.com,North,2024-11-15,9134.0,2024-06-21,280.06,Shipped
685,Customer_685,user_685@example.com,North,2024-11-15,9173.0,2024-06-22,445.28,Cancelled
685,Customer_685,user_685@example.com,North,2024-11-15,9967.0,2024-07-25,373.76,Shipped
686,Customer_686,user_686@example.com,South,2024-11-16,5949.0,2024-02-09,317.82,Completed
686,Customer_686,user_686@example.com,South,2024-11-16,6706.0,2024-03-12,151.14,Completed
686,Customer_686,user_686@example.com,South,2024-11-16,7660.0,2024-04-20,98.61,Shipped
686,Customer_686,user_686@example.com,South,2024-11-16,8256.0,2024-05-15,22.38,Cancelled
686,Customer_686,user_686@example.com,South,2024-11-16,8484.0,2024-05-25,153.07,Cancelled
686,Customer_686,user_686@example.com,South,2024-11-16,9259.0,2024-06-26,327.12,Completed
687,Customer_687,user_687@example.com,South,2024-11-17,7303.0,2024-04-05,227.64,Completed
687,Customer_687,user_687@example.com,South,2024-11-17,7383.0,2024-04-09,209.89,Pending
687,Customer_687,user_687@example.com,South,2024-11-17,7986.0,2024-05-04,421.67,Completed
687,Customer_687,user_687@example.com,South,2024-11-17,8810.0,2024-06-07,290.23,Cancelled
687,Customer_687,user_687@example.com,South,2024-11-17,8990.0,2024-06-15,262.73,Cancelled
687,Customer_687,user_687@example.com,South,2024-11-17,9183.0,2024-06-23,378.48,Cancelled
687,Customer_687,user_687@example.com,South,2024-11-17,9243.0,2024-06-25,241.4,Completed
687,Customer_687,user_687@example.com,South,2024-11-17,9674.0,2024-07-13,64.45,Cancelled
688,Customer_688,user_688@example.com,North,2024-11-18,5467.0,2024-01-20,496.49,Pending
688,Customer_688,user_688@example.com,North,2024-11-18,7285.0,2024-04-05,411.88,Cancelled
688,Customer_688,user_688@example.com,North,2024-11-18,7361.0,2024-04-08,139.2,Cancelled
688,Customer_688,user_688@example.com,North,2024-11-18,9730.0,2024-07-16,354.84,Pending
688,Customer_688,user_688@example.com,North,2024-11-18,9878.0,2024-07-22,93.7,Cancelled
689,Customer_689,user_689@example.com,East,2024-11-19,5427.0,2024-01-18,300.03,Completed
689,Customer_689,user_689@example.com,East,2024-11-19,5562.0,2024-01-24,355.95,Cancelled
689,Customer_689,user_689@example.com,East,2024-11-19,6452.0,2024-03-01,66.12,Pending
689,Customer_689,user_689@example.com,East,2024-11-19,6584.0,2024-03-06,323.57,Shipped
689,Customer_689,user_689@example.com,East,2024-11-19,6986.0,2024-03-23,461.33,Cancelled
689,Customer_689,user_689@example.com,East,2024-11-19,8335.0,2024-05-18,427.79,Completed
689,Customer_689,user_689@example.com,East,2024-11-19,9098.0,2024-06-19,99.18,Pending
689,Customer_689,user_689@example.com,East,2024-11-19,9796.0,2024-07-18,119.65,Shipped
690,Customer_690,user_690@example.com,South,2024-11-20,5598.0,2024-01-25,436.21,Completed
690,Customer_690,user_690@example.com,South,2024-11-20,5736.0,2024-01-31,458.5,Pending
690,Customer_690,user_690@example.com,South,2024-11-20,6854.0,2024-03-18,354.87,Shipped
690,Customer_690,user_690@example.com,South,2024-11-20,7995.0,2024-05-04,337.77,Cancelled
690,Customer_690,user_690@example.com,South,2024-11-20,8373.0,2024-05-20,147.75,Shipped
690,Customer_690,user_690@example.com,South,2024-11-20,8487.0,2024-05-25,168.92,Shipped
690,Customer_690,user_690@example.com,South,2024-11-20,8889.0,2024-06-11,152.41,Shipped
691,Customer_691,user_691@example.com,South,2024-11-21,5316.0,2024-01-14,250.47,Cancelled
691,Customer_691,user_691@example.com,South,2024-11-21,6205.0,2024-02-20,48.55,Pending
691,Customer_691,user_691@example.com,South,2024-11-21,7443.0,2024-04-11,183.59,Shipped
691,Customer_691,user_691@example.com,South,2024-11-21,7514.0,2024-04-14,493.43,Shipped
691,Customer_691,user_691@example.com,South,2024-11-21,8223.0,2024-05-14,166.56,Pending
691,Customer_691,user_691@example.com,South,2024-11-21,9363.0,2024-06-30,159.71,Shipped
691,Customer_691,user_691@example.com,South,2024-11-21,9562.0,2024-07-09,232.76,Completed
692,Customer_692,user_692@example.com,South,2024-11-22,6942.0,2024-03-21,338.31,Cancelled
692,Customer_692,user_692@example.com,South,2024-11-22,7882.0,2024-04-30,423.09,Cancelled
692,Customer_692,user_692@example.com,South,2024-11-22,8963.0,2024-06-14,111.83,Shipped
693,Customer_693,user_693@example.com,North,2024-11-23,6116.0,2024-02-16,165.22,Completed
693,Customer_693,user_693@example.com,North,2024-11-23,6598.0,2024-03-07,64.03,Completed
693,Customer_693,user_693@example.com,North,2024-11-23,6957.0,2024-03-22,81.31,Shipped
693,Customer_693,user_693@example.com,North,2024-11-23,7484.0,2024-04-13,125.78,Completed
693,Customer_693,user_693@example.com,North,2024-11-23,8194.0,2024-05-13,73.91,Completed
693,Customer_693,user_693@example.com,North,2024-11-23,8252.0,2024-05-15,20.11,Completed
693,Customer_693,user_693@example.com,North,2024-11-23,8311.0,2024-05-17,228.23,Completed
693,Customer_693,user_693@example.com,North,2024-11-23,9558.0,2024-07-08,303.36,Completed
693,Customer_693,user_693@example.com,North,2024-11-23,9968.0,2024-07-25,437.3,Pending
694,Customer_694,user_694@example.com,West,2024-11-24,6618.0,2024-03-08,81.32,Pending
694,Customer_694,user_694@example.com,West,2024-11-24,9034.0,2024-06-17,276.02,Pending
695,Customer_695,user_695@example.com,South,2024-11-25,6799.0,2024-03-15,98.27,Shipped
695,Customer_695,user_695@example.com,South,2024-11-25,7786.0,2024-04-26,354.07,Shipped
695,Customer_695,user_695@example.com,South,2024-11-25,9414.0,2024-07-02,351.7,Shipped
696,Customer_696,user_696@example.com,West,2024-11-26,5521.0,2024-01-22,184.07,Cancelled
696,Customer_696,user_696@example.com,West,2024-11-26,5896.0,2024-02-07,435.35,Shipped
696,Customer_696,user_696@example.com,West,2024-11-26,6708.0,2024-03-12,144.99,Cancelled
696,Customer_696,user_696@example.com,West,2024-11-26,6985.0,2024-03-23,84.92,Completed
696,Customer_696,user_696@example.com,West,2024-11-26,7841.0,2024-04-28,257.49,Completed
696,Customer_696,user_696@example.com,West,2024-11-26,9746.0,2024-07-16,190.68,Shipped
697,Customer_697,user_697@example.com,East,2024-11-27,8170.0,2024-05-12,388.45,Cancelled
698,Customer_698,user_698@example.com,South,2024-11-28,5214.0,2024-01-09,212.31,Cancelled
698,Customer_698,user_698@example.com,South,2024-11-28,5661.0,2024-01-28,222.34,Completed
698,Customer_698,user_698@example.com,South,2024-11-28,5694.0,2024-01-29,320.96,Completed
698,Customer_698,user_698@example.com,South,2024-11-28,6360.0,2024-02-26,384.31,Cancelled
698,Customer_698,user_698@example.com,South,2024-11-28,7185.0,2024-04-01,422.29,Completed
698,Customer_698,user_698@example.com,South,2024-11-28,7191.0,2024-04-01,158.38,Cancelled
699,Customer_699,user_699@example.com,South,2024-11-29,5429.0,2024-01-18,331.8,Pending
699,Customer_699,user_699@example.com,South,2024-11-29,7558.0,2024-04-16,499.32,Completed
699,Customer_699,user_699@example.com,South,2024-11-29,8758.0,2024-06-05,162.13,Cancelled
700,Customer_700,user_700@example.com,East,2024-11-30,5418.0,2024-01-18,430.46,Pending
700,Customer_700,user_700@example.com,East,2024-11-30,5705.0,2024-01-30,357.76,Shipped
700,Customer_700,user_700@example.com,East,2024-11-30,6319.0,2024-02-24,114.29,Completed
700,Customer_700,user_700@example.com,East,2024-11-30,6654.0,2024-03-09,400.01,Completed
700,Customer_700,user_700@example.com,East,2024-11-30,6758.0,2024-03-14,402.88,Pending
700,Customer_700,user_700@example.com,East,2024-11-30,7356.0,2024-04-08,414.03,Shipped
700,Customer_700,user_700@example.com,East,2024-11-30,7566.0,2024-04-16,499.76,Cancelled
700,Customer_700,user_700@example.com,East,2024-11-30,8767.0,2024-06-05,426.07,Pending
700,Customer_700,user_700@example.com,East,2024-11-30,9910.0,2024-07-23,92.65,Cancelled
701,Customer_701,user_701@example.com,South,2024-12-01,5457.0,2024-01-20,409.5,Shipped
701,Customer_701,user_701@example.com,South,2024-12-01,6444.0,2024-03-01,325.38,Cancelled
701,Customer_701,user_701@example.com,South,2024-12-01,6543.0,2024-03-05,181.88,Completed
701,Customer_701,user_701@example.com,South,2024-12-01,7431.0,2024-04-11,57.92,Pending
701,Customer_701,user_701@example.com,South,2024-12-01,9572.0,2024-07-09,62.95,Cancelled
701,Customer_701,user_701@example.com,South,2024-12-01,9985.0,2024-07-26,477.75,Completed
702,Customer_702,user_702@example.com,West,2024-12-02,5250.0,2024-01-11,20.24,Completed
702,Customer_702,user_702@example.com,West,2024-12-02,6933.0,2024-03-21,253.95,Cancelled
702,Customer_702,user_702@example.com,West,2024-12-02,7596.0,2024-04-18,236.96,Pending
702,Customer_702,user_702@example.com,West,2024-12-02,9564.0,2024-07-09,406.96,Shipped
703,Customer_703,user_703@example.com,North,2024-12-03,5112.0,2024-01-05,341.06,Pending
703,Customer_703,user_703@example.com,North,2024-12-03,5491.0,2024-01-21,357.41,Pending
703,Customer_703,user_703@example.com,North,2024-12-03,5912.0,2024-02-07,467.33,Cancelled
703,Customer_703,user_703@example.com,North,2024-12-03,6600.0,2024-03-07,311.51,Pending
703,Customer_703,user_703@example.com,North,2024-12-03,9235.0,2024-06-25,186.22,Shipped
704,Customer_704,user_704@example.com,West,2024-12-04,5338.0,2024-01-15,252.99,Shipped
704,Customer_704,user_704@example.com,West,2024-12-04,5369.0,2024-01-16,352.5,Pending
704,Customer_704,user_704@example.com,West,2024-12-04,6375.0,2024-02-27,369.25,Pending
704,Customer_704,user_704@example.com,West,2024-12-04,6778.0,2024-03-15,163.41,Pending
704,Customer_704,user_704@example.com,West,2024-12-04,7710.0,2024-04-22,137.35,Pending
704,Customer_704,user_704@example.com,West,2024-12-04,7998.0,2024-05-04,327.22,Pending
704,Customer_704,user_704@example.com,West,2024-12-04,8492.0,2024-05-25,374.64,Cancelled
704,Customer_704,user_704@example.com,West,2024-12-04,8681.0,2024-06-02,117.46,Shipped
704,Customer_704,user_704@example.com,West,2024-12-04,9997.0,2024-07-27,494.51,Shipped
705,Customer_705,user_705@example.com,North,2024-12-05,6316.0,2024-02-24,180.11,Shipped
705,Customer_705,user_705@example.com,North,2024-12-05,8778.0,2024-06-06,348.44,Completed
705,Customer_705,user_705@example.com,North,2024-12-05,9386.0,2024-07-01,15.53,Pending
706,Customer_706,user_706@example.com,North,2024-12-06,,,,
707,Customer_707,user_707@example.com,West,2024-12-07,6309.0,2024-02-24,111.05,Shipped
707,Customer_707,user_707@example.com,West,2024-12-07,6433.0,2024-02-29,247.52,Shipped
707,Customer_707,user_707@example.com,West,2024-12-07,6889.0,2024-03-19,201.75,Cancelled
707,Customer_707,user_707@example.com,West,2024-12-07,8308.0,2024-05-17,277.94,Pending
708,Customer_708,user_708@example.com,West,2024-12-08,6720.0,2024-03-12,401.81,Cancelled
708,Customer_708,user_708@example.com,West,2024-12-08,6997.0,2024-03-24,365.95,Completed
708,Customer_708,user_708@example.com,West,2024-12-08,7625.0,2024-04-19,97.13,Pending
708,Customer_708,user_708@example.com,West,2024-12-08,7698.0,2024-04-22,20.19,Shipped
708,Customer_708,user_708@example.com,West,2024-12-08,9019.0,2024-06-16,327.75,Shipped
709,Customer_709,user_709@example.com,West,2024-12-09,5554.0,2024-01-24,106.19,Completed
709,Customer_709,user_709@example.com,West,2024-12-09,6359.0,2024-02-26,488.09,Completed
709,Customer_709,user_709@example.com,West,2024-12-09,7267.0,2024-04-04,299.56,Shipped
709,Customer_709,user_709@example.com,West,2024-12-09,7394.0,2024-04-09,225.81,Pending
709,Customer_709,user_709@example.com,West,2024-12-09,8071.0,2024-05-07,414.63,Completed
710,Customer_710,user_710@example.com,West,2024-12-10,5403.0,2024-01-17,76.18,Pending
710,Customer_710,user_710@example.com,West,2024-12-10,6638.0,2024-03-09,396.68,Pending
710,Customer_710,user_710@example.com,West,2024-12-10,7128.0,2024-03-29,476.61,Shipped
710,Customer_710,user_710@example.com,West,2024-12-10,7928.0,2024-05-01,436.44,Cancelled
710,Customer_710,user_710@example.com,West,2024-12-10,9325.0,2024-06-29,45.49,Completed
710,Customer_710,user_710@example.com,West,2024-12-10,9697.0,2024-07-14,68.81,Shipped
711,Customer_711,user_711@example.com,East,2024-12-11,6741.0,2024-03-13,90.09,Completed
711,Customer_711,user_711@example.com,East,2024-12-11,8165.0,2024-05-11,313.89,Shipped
711,Customer_711,user_711@example.com,East,2024-12-11,9151.0,2024-06-21,30.06,Pending
712,Customer_712,user_712@example.com,South,2024-12-12,6220.0,2024-02-20,427.43,Cancelled
712,Customer_712,user_712@example.com,South,2024-12-12,9292.0,2024-06-27,49.86,Pending
713,Customer_713,user_713@example.com,North,2024-12-13,5004.0,2024-01-01,370.43,Cancelled
713,Customer_713,user_713@example.com,North,2024-12-13,5826.0,2024-02-04,297.46,Shipped
713,Customer_713,user_713@example.com,North,2024-12-13,8987.0,2024-06-15,154.25,Completed
713,Customer_713,user_713@example.com,North,2024-12-13,9304.0,2024-06-28,117.11,Pending
714,Customer_714,user_714@example.com,West,2024-12-14,5396.0,2024-01-17,173.48,Cancelled
714,Customer_714,user_714@example.com,West,2024-12-14,6147.0,2024-02-17,209.75,Cancelled
714,Customer_714,user_714@example.com,West,2024-12-14,6686.0,2024-03-11,96.02,Pending
714,Customer_714,user_714@example.com,West,2024-12-14,6742.0,2024-03-13,194.28,Shipped
714,Customer_714,user_714@example.com,West,2024-12-14,7019.0,2024-03-25,44.54,Completed
714,Customer_714,user_714@example.com,West,2024-12-14,7304.0,2024-04-05,29.69,Pending
714,Customer_714,user_714@example.com,West,2024-12-14,8475.0,2024-05-24,235.9,Completed
714,Customer_714,user_714@example.com,West,2024-12-14,8726.0,2024-06-04,255.34,Completed
715,Customer_715,user_715@example.com,West,2024-12-15,6866.0,2024-03-18,489.05,Cancelled
715,Customer_715,user_715@example.com,West,2024-12-15,7389.0,2024-04-09,188.11,Cancelled
715,Customer_715,user_715@example.com,West,2024-12-15,7948.0,2024-05-02,385.97,Completed
715,Customer_715,user_715@example.com,West,2024-12-15,9059.0,2024-06-18,462.76,Pending
715,Customer_715,user_715@example.com,West,2024-12-15,9813.0,2024-07-19,445.19,Cancelled
716,Customer_716,user_716@example.com,West,2024-12-16,8326.0,2024-05-18,56.59,Cancelled
716,Customer_716,user_716@example.com,West,2024-12-16,8593.0,2024-05-29,238.57,Pending
716,Customer_716,user_716@example.com,West,2024-12-16,9458.0,2024-07-04,323.28,Cancelled
716,Customer_716,user_716@example.com,West,2024-12-16,9749.0,2024-07-16,163.9,Pending
717,Customer_717,user_717@example.com,East,2024-12-17,5503.0,2024-01-21,266.79,Cancelled
717,Customer_717,user_717@example.com,East,2024-12-17,7060.0,2024-03-26,425.99,Shipped
718,Customer_718,user_718@example.com,West,2024-12-18,5182.0,2024-01-08,232.07,Pending
718,Customer_718,user_718@example.com,West,2024-12-18,6847.0,2024-03-17,425.58,Pending
718,Customer_718,user_718@example.com,West,2024-12-18,7969.0,2024-05-03,397.78,Completed
719,Customer_719,user_719@example.com,West,2024-12-19,7869.0,2024-04-29,262.38,Completed
719,Customer_719,user_719@example.com,West,2024-12-19,9532.0,2024-07-07,443.32,Pending
719,Customer_719,user_719@example.com,West,2024-12-19,9736.0,2024-07-16,356.1,Cancelled
720,Customer_720,user_720@example.com,West,2024-12-20,7520.0,2024-04-14,337.43,Shipped
720,Customer_720,user_720@example.com,West,2024-12-20,8197.0,2024-05-13,234.59,Cancelled
720,Customer_720,user_720@example.com,West,2024-12-20,8920.0,2024-06-12,450.28,Pending
721,Customer_721,user_721@example.com,South,2024-12-21,5516.0,2024-01-22,296.19,Pending
721,Customer_721,user_721@example.com,South,2024-12-21,6959.0,2024-03-22,201.93,Shipped
721,Customer_721,user_721@example.com,South,2024-12-21,7624.0,2024-04-19,359.56,Pending
721,Customer_721,user_721@example.com,South,2024-12-21,8641.0,2024-05-31,47.59,Cancelled
722,Customer_722,user_722@example.com,East,2024-12-22,6423.0,2024-02-29,226.92,Shipped
722,Customer_722,user_722@example.com,East,2024-12-22,7775.0,2024-04-25,60.33,Shipped
723,Customer_723,user_723@example.com,West,2024-12-23,5937.0,2024-02-09,199.9,Cancelled
723,Customer_723,user_723@example.com,West,2024-12-23,6334.0,2024-02-25,466.49,Completed
723,Customer_723,user_723@example.com,West,2024-12-23,8976.0,2024-06-14,281.77,Completed
724,Customer_724,user_724@example.com,North,2024-12-24,5966.0,2024-02-10,271.19,Completed
724,Customer_724,user_724@example.com,North,2024-12-24,7392.0,2024-04-09,138.58,Pending
724,Customer_724,user_724@example.com,North,2024-12-24,7653.0,2024-04-20,252.96,Completed
725,Customer_725,user_725@example.com,North,2024-12-25,5290.0,2024-01-13,369.5,Pending
725,Customer_725,user_725@example.com,North,2024-12-25,7297.0,2024-04-05,255.83,Shipped
725,Customer_725,user_725@example.com,North,2024-12-25,7496.0,2024-04-13,39.27,Completed
725,Customer_725,user_725@example.com,North,2024-12-25,7550.0,2024-04-16,83.65,Pending
725,Customer_725,user_725@example.com,North,2024-12-25,8095.0,2024-05-08,430.88,Completed
725,Customer_725,user_725@example.com,North,2024-12-25,8177.0,2024-05-12,242.61,Shipped
725,Customer_725,user_725@example.com,North,2024-12-25,9277.0,2024-06-27,315.72,Shipped
726,Customer_726,user_726@example.com,North,2024-12-26,5035.0,2024-01-02,320.0,Completed
726,Customer_726,user_726@example.com,North,2024-12-26,5057.0,2024-01-03,281.47,Cancelled
726,Customer_726,user_726@example.com,North,2024-12-26,5360.0,2024-01-15,291.2,Completed
726,Customer_726,user_726@example.com,North,2024-12-26,6326.0,2024-02-25,126.91,Completed
726,Customer_726,user_726@example.com,North,2024-12-26,6578.0,2024-03-06,141.74,Completed
726,Customer_726,user_726@example.com,North,2024-12-26,7572.0,2024-04-17,236.31,Pending
726,Customer_726,user_726@example.com,North,2024-12-26,8118.0,2024-05-09,121.7,Pending
726,Customer_726,user_726@example.com,North,2024-12-26,8255.0,2024-05-15,327.11,Completed
726,Customer_726,user_726@example.com,North,2024-12-26,8292.0,2024-05-17,235.85,Pending
726,Customer_726,user_726@example.com,North,2024-12-26,8401.0,2024-05-21,189.76,Pending
726,Customer_726,user_726@example.com,North,2024-12-26,8435.0,2024-05-23,193.47,Cancelled
727,Customer_727,user_727@example.com,East,2024-12-27,5102.0,2024-01-05,69.51,Pending
727,Customer_727,user_727@example.com,East,2024-12-27,6344.0,2024-02-25,464.38,Shipped
727,Customer_727,user_727@example.com,East,2024-12-27,8351.0,2024-05-19,357.11,Completed
727,Customer_727,user_727@example.com,East,2024-12-27,8445.0,2024-05-23,108.51,Shipped
727,Customer_727,user_727@example.com,East,2024-12-27,8749.0,2024-06-05,117.91,Completed
727,Customer_727,user_727@example.com,East,2024-12-27,9143.0,2024-06-21,131.73,Completed
727,Customer_727,user_727@example.com,East,2024-12-27,9179.0,2024-06-23,252.82,Completed
727,Customer_727,user_727@example.com,East,2024-12-27,9241.0,2024-06-25,450.42,Completed
728,Customer_728,user_728@example.com,East,2024-12-28,5669.0,2024-01-28,109.94,Completed
728,Customer_728,user_728@example.com,East,2024-12-28,6525.0,2024-03-04,376.93,Pending
728,Customer_728,user_728@example.com,East,2024-12-28,6548.0,2024-03-05,445.55,Cancelled
728,Customer_728,user_728@example.com,East,2024-12-28,9419.0,2024-07-03,313.34,Cancelled
728,Customer_728,user_728@example.com,East,2024-12-28,9590.0,2024-07-10,242.86,Completed
728,Customer_728,user_728@example.com,East,2024-12-28,9872.0,2024-07-21,237.45,Shipped
729,Customer_729,user_729@example.com,North,2024-12-29,5152.0,2024-01-07,125.66,Cancelled
729,Customer_729,user_729@example.com,North,2024-12-29,6473.0,2024-03-02,94.36,Completed
729,Customer_729,user_729@example.com,North,2024-12-29,6928.0,2024-03-21,26.23,Pending
729,Customer_729,user_729@example.com,North,2024-12-29,9440.0,2024-07-03,494.02,Completed
729,Customer_729,user_729@example.com,North,2024-12-29,9892.0,2024-07-22,265.88,Cancelled
730,Customer_730,user_730@example.com,West,2024-12-30,7623.0,2024-04-19,158.59,Pending
730,Customer_730,user_730@example.com,West,2024-12-30,8558.0,2024-05-28,182.86,Cancelled
730,Customer_730,user_730@example.com,West,2024-12-30,9782.0,2024-07-18,137.29,Completed
731,Customer_731,user_731@example.com,East,2024-12-31,5417.0,2024-01-18,415.05,Pending
731,Customer_731,user_731@example.com,East,2024-12-31,6263.0,2024-02-22,290.06,Shipped
731,Customer_731,user_731@example.com,East,2024-12-31,6661.0,2024-03-10,316.63,Cancelled
731,Customer_731,user_731@example.com,East,2024-12-31,7672.0,2024-04-21,48.58,Pending
731,Customer_731,user_731@example.com,East,2024-12-31,8068.0,2024-05-07,396.66,Cancelled
731,Customer_731,user_731@example.com,East,2024-12-31,8604.0,2024-05-30,422.67,Pending
732,Customer_732,user_732@example.com,North,2025-01-01,6608.0,2024-03-07,343.4,Pending
732,Customer_732,user_732@example.com,North,2025-01-01,7913.0,2024-05-01,454.4,Pending
732,Customer_732,user_732@example.com,North,2025-01-01,9504.0,2024-07-06,46.59,Shipped
733,Customer_733,user_733@example.com,North,2025-01-02,5656.0,2024-01-28,466.58,Cancelled
733,Customer_733,user_733@example.com,North,2025-01-02,6655.0,2024-03-09,335.76,Shipped
733,Customer_733,user_733@example.com,North,2025-01-02,8077.0,2024-05-08,59.31,Completed
733,Customer_733,user_733@example.com,North,2025-01-02,8202.0,2024-05-13,411.93,Cancelled
734,Customer_734,user_734@example.com,West,2025-01-03,6660.0,2024-03-10,204.96,Pending
734,Customer_734,user_734@example.com,West,2025-01-03,7322.0,2024-04-06,418.4,Completed
734,Customer_734,user_734@example.com,West,2025-01-03,7681.0,2024-04-21,416.05,Pending
734,Customer_734,user_734@example.com,West,2025-01-03,8796.0,2024-06-07,360.38,Completed
734,Customer_734,user_734@example.com,West,2025-01-03,8881.0,2024-06-10,265.02,Pending
734,Customer_734,user_734@example.com,West,2025-01-03,8897.0,2024-06-11,141.35,Cancelled
735,Customer_735,user_735@example.com,South,2025-01-04,5094.0,2024-01-04,484.95,Cancelled
735,Customer_735,user_735@example.com,South,2025-01-04,8337.0,2024-05-19,481.56,Shipped
735,Customer_735,user_735@example.com,South,2025-01-04,9904.0,2024-07-23,482.79,Completed
736,Customer_736,user_736@example.com,East,2025-01-05,5239.0,2024-01-10,337.09,Completed
736,Customer_736,user_736@example.com,East,2025-01-05,6923.0,2024-03-21,482.84,Pending
736,Customer_736,user_736@example.com,East,2025-01-05,7587.0,2024-04-17,50.19,Cancelled
736,Customer_736,user_736@example.com,East,2025-01-05,7687.0,2024-04-21,135.51,Completed
736,Customer_736,user_736@example.com,East,2025-01-05,9097.0,2024-06-19,198.74,Completed
736,Customer_736,user_736@example.com,East,2025-01-05,9160.0,2024-06-22,60.33,Shipped
736,Customer_736,user_736@example.com,East,2025-01-05,9712.0,2024-07-15,255.33,Shipped
737,Customer_737,user_737@example.com,West,2025-01-06,6296.0,2024-02-23,469.8,Completed
737,Customer_737,user_737@example.com,West,2025-01-06,6503.0,2024-03-03,245.89,Cancelled
737,Customer_737,user_737@example.com,West,2025-01-06,6677.0,2024-03-10,177.63,Shipped
737,Customer_737,user_737@example.com,West,2025-01-06,7464.0,2024-04-12,454.6,Cancelled
737,Customer_737,user_737@example.com,West,2025-01-06,9535.0,2024-07-07,419.88,Pending
738,Customer_738,user_738@example.com,North,2025-01-07,5412.0,2024-01-18,334.63,Shipped
738,Customer_738,user_738@example.com,North,2025-01-07,5561.0,2024-01-24,445.62,Completed
738,Customer_738,user_738@example.com,North,2025-01-07,6067.0,2024-02-14,230.88,Shipped
738,Customer_738,user_738@example.com,North,2025-01-07,6664.0,2024-03-10,204.16,Completed
738,Customer_738,user_738@example.com,North,2025-01-07,7594.0,2024-04-18,232.39,Completed
738,Customer_738,user_738@example.com,North,2025-01-07,8057.0,2024-05-07,128.64,Completed
739,Customer_739,user_739@example.com,North,2025-01-08,5350.0,2024-01-15,64.06,Shipped
739,Customer_739,user_739@example.com,North,2025-01-08,6331.0,2024-02-25,290.0,Pending
739,Customer_739,user_739@example.com,North,2025-01-08,7954.0,2024-05-03,433.49,Shipped
739,Customer_739,user_739@example.com,North,2025-01-08,8065.0,2024-05-07,450.6,Shipped
739,Customer_739,user_739@example.com,North,2025-01-08,8546.0,2024-05-27,158.2,Shipped
739,Customer_739,user_739@example.com,North,2025-01-08,9639.0,2024-07-12,475.23,Cancelled
740,Customer_740,user_740@example.com,West,2025-01-09,5236.0,2024-01-10,107.74,Pending
740,Customer_740,user_740@example.com,West,2025-01-09,6568.0,2024-03-06,108.04,Cancelled
740,Customer_740,user_740@example.com,West,2025-01-09,6652.0,2024-03-09,93.95,Pending
740,Customer_740,user_740@example.com,West,2025-01-09,7693.0,2024-04-22,421.77,Pending
740,Customer_740,user_740@example.com,West,2025-01-09,7792.0,2024-04-26,146.17,Shipped
740,Customer_740,user_740@example.com,West,2025-01-09,7813.0,2024-04-27,365.0,Shipped
740,Customer_740,user_740@example.com,West,2025-01-09,9398.0,2024-07-02,115.9,Completed
741,Customer_741,user_741@example.com,East,2025-01-10,5936.0,2024-02-08,169.4,Shipped
741,Customer_741,user_741@example.com,East,2025-01-10,7181.0,2024-03-31,495.97,Pending
741,Customer_741,user_741@example.com,East,2025-01-10,8001.0,2024-05-05,154.74,Cancelled
741,Customer_741,user_741@example.com,East,2025-01-10,8554.0,2024-05-28,247.69,Cancelled
741,Customer_741,user_741@example.com,East,2025-01-10,9103.0,2024-06-19,203.85,Shipped
742,Customer_742,user_742@example.com,South,2025-01-11,6851.0,2024-03-18,451.82,Shipped
742,Customer_742,user_742@example.com,South,2025-01-11,7816.0,2024-04-27,25.01,Pending
742,Customer_742,user_742@example.com,South,2025-01-11,8376.0,2024-05-20,367.2,Cancelled
743,Customer_743,user_743@example.com,South,2025-01-12,6913.0,2024-03-20,408.81,Shipped
743,Customer_743,user_743@example.com,South,2025-01-12,7522.0,2024-04-15,49.19,Shipped
743,Customer_743,user_743@example.com,South,2025-01-12,9253.0,2024-06-26,478.93,Shipped
744,Customer_744,user_744@example.com,North,2025-01-13,5875.0,2024-02-06,405.84,Shipped
744,Customer_744,user_744@example.com,North,2025-01-13,6280.0,2024-02-23,393.91,Completed
744,Customer_744,user_744@example.com,North,2025-01-13,6954.0,2024-03-22,161.22,Completed
744,Customer_744,user_744@example.com,North,2025-01-13,7089.0,2024-03-28,287.56,Cancelled
744,Customer_744,user_744@example.com,North,2025-01-13,7251.0,2024-04-03,282.05,Completed
744,Customer_744,user_744@example.com,North,2025-01-13,8074.0,2024-05-08,53.67,Completed
745,Customer_745,user_745@example.com,East,2025-01-14,5266.0,2024-01-12,385.52,Shipped
745,Customer_745,user_745@example.com,East,2025-01-14,6279.0,2024-02-23,163.13,Pending
745,Customer_745,user_745@example.com,East,2025-01-14,6945.0,2024-03-22,32.71,Completed
745,Customer_745,user_745@example.com,East,2025-01-14,8886.0,2024-06-10,153.16,Shipped
746,Customer_746,user_746@example.com,South,2025-01-15,5366.0,2024-01-16,445.49,Pending
746,Customer_746,user_746@example.com,South,2025-01-15,7093.0,2024-03-28,108.14,Pending
746,Customer_746,user_746@example.com,South,2025-01-15,7932.0,2024-05-02,129.91,Completed
746,Customer_746,user_746@example.com,South,2025-01-15,8733.0,2024-06-04,117.16,Pending
747,Customer_747,user_747@example.com,East,2025-01-16,7900.0,2024-04-30,381.38,Completed
747,Customer_747,user_747@example.com,East,2025-01-16,8501.0,2024-05-25,406.92,Cancelled
748,Customer_748,user_748@example.com,East,2025-01-17,5757.0,2024-02-01,345.31,Completed
748,Customer_748,user_748@example.com,East,2025-01-17,5810.0,2024-02-03,156.42,Cancelled
748,Customer_748,user_748@example.com,East,2025-01-17,6576.0,2024-03-06,141.13,Shipped
748,Customer_748,user_748@example.com,East,2025-01-17,9072.0,2024-06-18,16.44,Cancelled
748,Customer_748,user_748@example.com,East,2025-01-17,9608.0,2024-07-10,212.46,Shipped
749,Customer_749,user_749@example.com,North,2025-01-18,5361.0,2024-01-16,181.44,Pending
749,Customer_749,user_749@example.com,North,2025-01-18,7134.0,2024-03-29,136.64,Pending
749,Customer_749,user_749@example.com,North,2025-01-18,7483.0,2024-04-13,286.99,Completed
749,Customer_749,user_749@example.com,North,2025-01-18,8427.0,2024-05-22,413.14,Pending
749,Customer_749,user_749@example.com,North,2025-01-18,8807.0,2024-06-07,378.05,Pending
749,Customer_749,user_749@example.com,North,2025-01-18,8964.0,2024-06-14,44.04,Shipped
749,Customer_749,user_749@example.com,North,2025-01-18,9409.0,2024-07-02,36.44,Shipped
750,Customer_750,user_750@example.com,South,2025-01-19,5930.0,2024-02-08,345.24,Cancelled
750,Customer_750,user_750@example.com,South,2025-01-19,7962.0,2024-05-03,20.88,Pending
750,Customer_750,user_750@example.com,South,2025-01-19,9858.0,2024-07-21,108.79,Completed
751,Customer_751,user_751@example.com,West,2025-01-20,5145.0,2024-01-07,309.23,Cancelled
751,Customer_751,user_751@example.com,West,2025-01-20,5208.0,2024-01-09,43.26,Shipped
751,Customer_751,user_751@example.com,West,2025-01-20,5542.0,2024-01-23,58.42,Shipped
751,Customer_751,user_751@example.com,West,2025-01-20,6529.0,2024-03-04,188.54,Cancelled
751,Customer_751,user_751@example.com,West,2025-01-20,6939.0,2024-03-21,121.12,Shipped
751,Customer_751,user_751@example.com,West,2025-01-20,7423.0,2024-04-10,484.98,Shipped
752,Customer_752,user_752@example.com,North,2025-01-21,5615.0,2024-01-26,54.31,Cancelled
752,Customer_752,user_752@example.com,North,2025-01-21,5923.0,2024-02-08,142.85,Completed
752,Customer_752,user_752@example.com,North,2025-01-21,6715.0,2024-03-12,66.37,Completed
752,Customer_752,user_752@example.com,North,2025-01-21,8776.0,2024-06-06,271.34,Pending
752,Customer_752,user_752@example.com,North,2025-01-21,9437.0,2024-07-03,151.95,Completed
753,Customer_753,user_753@example.com,South,2025-01-22,5571.0,2024-01-24,32.06,Pending
753,Customer_753,user_753@example.com,South,2025-01-22,6110.0,2024-02-16,23.91,Completed
753,Customer_753,user_753@example.com,South,2025-01-22,6814.0,2024-03-16,493.8,Pending
753,Customer_753,user_753@example.com,South,2025-01-22,6892.0,2024-03-19,372.28,Completed
753,Customer_753,user_753@example.com,South,2025-01-22,7231.0,2024-04-02,267.04,Pending
753,Customer_753,user_753@example.com,South,2025-01-22,9015.0,2024-06-16,211.5,Cancelled
753,Customer_753,user_753@example.com,South,2025-01-22,9233.0,2024-06-25,49.89,Shipped
753,Customer_753,user_753@example.com,South,2025-01-22,9880.0,2024-07-22,44.37,Pending
754,Customer_754,user_754@example.com,South,2025-01-23,6644.0,2024-03-09,234.26,Shipped
754,Customer_754,user_754@example.com,South,2025-01-23,6689.0,2024-03-11,187.96,Shipped
754,Customer_754,user_754@example.com,South,2025-01-23,7444.0,2024-04-11,360.69,Cancelled
754,Customer_754,user_754@example.com,South,2025-01-23,9995.0,2024-07-27,247.55,Shipped
755,Customer_755,user_755@example.com,South,2025-01-24,6318.0,2024-02-24,268.92,Pending
755,Customer_755,user_755@example.com,South,2025-01-24,7410.0,2024-04-10,149.77,Cancelled
755,Customer_755,user_755@example.com,South,2025-01-24,8812.0,2024-06-07,304.93,Shipped
755,Customer_755,user_755@example.com,South,2025-01-24,9541.0,2024-07-08,424.99,Cancelled
755,Customer_755,user_755@example.com,South,2025-01-24,9722.0,2024-07-15,271.25,Pending
756,Customer_756,user_756@example.com,South,2025-01-25,6635.0,2024-03-09,464.59,Pending
756,Customer_756,user_756@example.com,South,2025-01-25,6748.0,2024-03-13,490.85,Completed
757,Customer_757,user_757@example.com,South,2025-01-26,6669.0,2024-03-10,153.4,Completed
757,Customer_757,user_757@example.com,South,2025-01-26,7768.0,2024-04-25,403.39,Cancelled
757,Customer_757,user_757@example.com,South,2025-01-26,8211.0,2024-05-13,140.73,Pending
757,Customer_757,user_757@example.com,South,2025-01-26,9455.0,2024-07-04,346.97,Shipped
757,Customer_757,user_757@example.com,South,2025-01-26,9580.0,2024-07-09,382.67,Pending
758,Customer_758,user_758@example.com,East,2025-01-27,5553.0,2024-01-24,230.27,Shipped
758,Customer_758,user_758@example.com,East,2025-01-27,7210.0,2024-04-02,36.88,Cancelled
758,Customer_758,user_758@example.com,East,2025-01-27,7637.0,2024-04-19,475.78,Completed
758,Customer_758,user_758@example.com,East,2025-01-27,8649.0,2024-06-01,285.53,Shipped
759,Customer_759,user_759@example.com,North,2025-01-28,5086.0,2024-01-04,242.05,Completed
759,Customer_759,user_759@example.com,North,2025-01-28,5336.0,2024-01-14,458.82,Cancelled
759,Customer_759,user_759@example.com,North,2025-01-28,5779.0,2024-02-02,73.15,Cancelled
759,Customer_759,user_759@example.com,North,2025-01-28,7278.0,2024-04-04,218.64,Shipped
759,Customer_759,user_759@example.com,North,2025-01-28,7740.0,2024-04-24,133.26,Pending
759,Customer_759,user_759@example.com,North,2025-01-28,8090.0,2024-05-08,403.78,Completed
759,Customer_759,user_759@example.com,North,2025-01-28,9209.0,2024-06-24,280.69,Shipped
760,Customer_760,user_760@example.com,East,2025-01-29,5697.0,2024-01-30,205.41,Pending
760,Customer_760,user_760@example.com,East,2025-01-29,5703.0,2024-01-30,476.43,Pending
760,Customer_760,user_760@example.com,East,2025-01-29,5836.0,2024-02-04,351.99,Pending
760,Customer_760,user_760@example.com,East,2025-01-29,6126.0,2024-02-16,286.53,Pending
760,Customer_760,user_760@example.com,East,2025-01-29,7699.0,2024-04-22,228.02,Pending
760,Customer_760,user_760@example.com,East,2025-01-29,9461.0,2024-07-04,48.15,Completed
761,Customer_761,user_761@example.com,West,2025-01-30,5408.0,2024-01-17,335.04,Shipped
761,Customer_761,user_761@example.com,West,2025-01-30,6354.0,2024-02-26,94.11,Completed
761,Customer_761,user_761@example.com,West,2025-01-30,6971.0,2024-03-23,394.92,Shipped
761,Customer_761,user_761@example.com,West,2025-01-30,7486.0,2024-04-13,158.37,Completed
761,Customer_761,user_761@example.com,West,2025-01-30,7860.0,2024-04-29,294.01,Cancelled
761,Customer_761,user_761@example.com,West,2025-01-30,9040.0,2024-06-17,465.77,Pending
761,Customer_761,user_761@example.com,West,2025-01-30,9267.0,2024-06-26,200.43,Shipped
762,Customer_762,user_762@example.com,South,2025-01-31,6172.0,2024-02-18,40.59,Cancelled
762,Customer_762,user_762@example.com,South,2025-01-31,6218.0,2024-02-20,272.28,Shipped
762,Customer_762,user_762@example.com,South,2025-01-31,7942.0,2024-05-02,140.88,Completed
762,Customer_762,user_762@example.com,South,2025-01-31,9847.0,2024-07-20,145.33,Shipped
763,Customer_763,user_763@example.com,North,2025-02-01,6251.0,2024-02-22,303.55,Cancelled
763,Customer_763,user_763@example.com,North,2025-02-01,6493.0,2024-03-03,424.0,Completed
763,Customer_763,user_763@example.com,North,2025-02-01,7545.0,2024-04-16,43.76,Completed
763,Customer_763,user_763@example.com,North,2025-02-01,8155.0,2024-05-11,301.93,Shipped
763,Customer_763,user_763@example.com,North,2025-02-01,8569.0,2024-05-28,203.5,Completed
763,Customer_763,user_763@example.com,North,2025-02-01,9052.0,2024-06-17,240.58,Pending
763,Customer_763,user_763@example.com,North,2025-02-01,9868.0,2024-07-21,148.11,Pending
764,Customer_764,user_764@example.com,South,2025-02-02,5476.0,2024-01-20,221.04,Cancelled
764,Customer_764,user_764@example.com,South,2025-02-02,6268.0,2024-02-22,165.63,Cancelled
764,Customer_764,user_764@example.com,South,2025-02-02,6541.0,2024-03-05,15.77,Completed
764,Customer_764,user_764@example.com,South,2025-02-02,6588.0,2024-03-07,373.39,Cancelled
764,Customer_764,user_764@example.com,South,2025-02-02,7076.0,2024-03-27,407.91,Cancelled
764,Customer_764,user_764@example.com,South,2025-02-02,8555.0,2024-05-28,376.68,Pending
765,Customer_765,user_765@example.com,North,2025-02-03,,,,
766,Customer_766,user_766@example.com,East,2025-02-04,9078.0,2024-06-18,415.49,Cancelled
767,Customer_767,user_767@example.com,North,2025-02-05,5439.0,2024-01-19,361.24,Completed
767,Customer_767,user_767@example.com,North,2025-02-05,6188.0,2024-02-19,188.81,Cancelled
767,Customer_767,user_767@example.com,North,2025-02-05,6369.0,2024-02-27,455.98,Shipped
767,Customer_767,user_767@example.com,North,2025-02-05,6607.0,2024-03-07,364.81,Shipped
767,Customer_767,user_767@example.com,North,2025-02-05,7269.0,2024-04-04,245.41,Cancelled
768,Customer_768,user_768@example.com,West,2025-02-06,8051.0,2024-05-07,455.23,Cancelled
768,Customer_768,user_768@example.com,West,2025-02-06,8416.0,2024-05-22,338.6,Shipped
768,Customer_768,user_768@example.com,West,2025-02-06,8507.0,2024-05-26,301.88,Pending
768,Customer_768,user_768@example.com,West,2025-02-06,9311.0,2024-06-28,99.73,Pending
768,Customer_768,user_768@example.com,West,2025-02-06,9631.0,2024-07-11,237.42,Pending
769,Customer_769,user_769@example.com,West,2025-02-07,5099.0,2024-01-05,452.87,Shipped
769,Customer_769,user_769@example.com,West,2025-02-07,6653.0,2024-03-09,252.23,Cancelled
769,Customer_769,user_769@example.com,West,2025-02-07,7167.0,2024-03-31,267.48,Cancelled
769,Customer_769,user_769@example.com,West,2025-02-07,9710.0,2024-07-15,292.36,Shipped
769,Customer_769,user_769@example.com,West,2025-02-07,9814.0,2024-07-19,111.2,Shipped
770,Customer_770,user_770@example.com,North,2025-02-08,5473.0,2024-01-20,261.9,Shipped
770,Customer_770,user_770@example.com,North,2025-02-08,5888.0,2024-02-06,339.8,Pending
770,Customer_770,user_770@example.com,North,2025-02-08,6086.0,2024-02-15,395.59,Shipped
770,Customer_770,user_770@example.com,North,2025-02-08,6905.0,2024-03-20,32.97,Cancelled
770,Customer_770,user_770@example.com,North,2025-02-08,7295.0,2024-04-05,176.75,Pending
770,Customer_770,user_770@example.com,North,2025-02-08,7395.0,2024-04-09,175.44,Shipped
770,Customer_770,user_770@example.com,North,2025-02-08,8320.0,2024-05-18,21.51,Cancelled
770,Customer_770,user_770@example.com,North,2025-02-08,9623.0,2024-07-11,349.39,Shipped
771,Customer_771,user_771@example.com,North,2025-02-09,5533.0,2024-01-23,318.6,Pending
771,Customer_771,user_771@example.com,North,2025-02-09,6271.0,2024-02-22,211.01,Pending
771,Customer_771,user_771@example.com,North,2025-02-09,7787.0,2024-04-26,462.07,Shipped
771,Customer_771,user_771@example.com,North,2025-02-09,9465.0,2024-07-05,462.99,Completed
771,Customer_771,user_771@example.com,North,2025-02-09,9889.0,2024-07-22,176.33,Pending
772,Customer_772,user_772@example.com,North,2025-02-10,5286.0,2024-01-12,412.93,Pending
772,Customer_772,user_772@example.com,North,2025-02-10,6041.0,2024-02-13,57.47,Cancelled
772,Customer_772,user_772@example.com,North,2025-02-10,6114.0,2024-02-16,380.58,Completed
772,Customer_772,user_772@example.com,North,2025-02-10,6345.0,2024-02-26,450.59,Shipped
772,Customer_772,user_772@example.com,North,2025-02-10,7564.0,2024-04-16,186.81,Shipped
772,Customer_772,user_772@example.com,North,2025-02-10,8865.0,2024-06-10,85.48,Completed
772,Customer_772,user_772@example.com,North,2025-02-10,9613.0,2024-07-11,217.64,Pending
772,Customer_772,user_772@example.com,North,2025-02-10,9956.0,2024-07-25,106.42,Cancelled
773,Customer_773,user_773@example.com,North,2025-02-11,9171.0,2024-06-22,48.46,Shipped
773,Customer_773,user_773@example.com,North,2025-02-11,9370.0,2024-07-01,278.74,Completed
774,Customer_774,user_774@example.com,West,2025-02-12,5294.0,2024-01-13,434.3,Shipped
774,Customer_774,user_774@example.com,West,2025-02-12,6709.0,2024-03-12,174.47,Cancelled
774,Customer_774,user_774@example.com,West,2025-02-12,7235.0,2024-04-03,75.5,Shipped
774,Customer_774,user_774@example.com,West,2025-02-12,7264.0,2024-04-04,349.46,Shipped
774,Customer_774,user_774@example.com,West,2025-02-12,7657.0,2024-04-20,191.24,Shipped
774,Customer_774,user_774@example.com,West,2025-02-12,7763.0,2024-04-25,424.09,Shipped
775,Customer_775,user_775@example.com,South,2025-02-13,6219.0,2024-02-20,216.65,Pending
775,Customer_775,user_775@example.com,South,2025-02-13,9091.0,2024-06-19,418.05,Completed
775,Customer_775,user_775@example.com,South,2025-02-13,9833.0,2024-07-20,242.03,Pending
776,Customer_776,user_776@example.com,North,2025-02-14,5171.0,2024-01-08,433.54,Completed
776,Customer_776,user_776@example.com,North,2025-02-14,5871.0,2024-02-06,296.22,Pending
776,Customer_776,user_776@example.com,North,2025-02-14,6104.0,2024-02-15,140.72,Completed
776,Customer_776,user_776@example.com,North,2025-02-14,6287.0,2024-02-23,357.68,Completed
776,Customer_776,user_776@example.com,North,2025-02-14,6346.0,2024-02-26,369.83,Completed
776,Customer_776,user_776@example.com,North,2025-02-14,6426.0,2024-02-29,267.62,Completed
776,Customer_776,user_776@example.com,North,2025-02-14,6988.0,2024-03-23,497.36,Completed
776,Customer_776,user_776@example.com,North,2025-02-14,7253.0,2024-04-03,207.9,Completed
776,Customer_776,user_776@example.com,North,2025-02-14,7430.0,2024-04-11,277.46,Shipped
776,Customer_776,user_776@example.com,North,2025-02-14,7541.0,2024-04-15,304.37,Shipped
776,Customer_776,user_776@example.com,North,2025-02-14,8955.0,2024-06-13,66.78,Completed
776,Customer_776,user_776@example.com,North,2025-02-14,9794.0,2024-07-18,447.53,Shipped
777,Customer_777,user_777@example.com,North,2025-02-15,6003.0,2024-02-11,391.6,Shipped
777,Customer_777,user_777@example.com,North,2025-02-15,7842.0,2024-04-28,83.34,Pending
777,Customer_777,user_777@example.com,North,2025-02-15,8628.0,2024-05-31,262.1,Shipped
778,Customer_778,user_778@example.com,West,2025-02-16,5919.0,2024-02-08,428.43,Shipped
778,Customer_778,user_778@example.com,West,2025-02-16,7273.0,2024-04-04,273.96,Pending
778,Customer_778,user_778@example.com,West,2025-02-16,7725.0,2024-04-23,367.53,Completed
778,Customer_778,user_778@example.com,West,2025-02-16,8111.0,2024-05-09,313.78,Shipped
778,Customer_778,user_778@example.com,West,2025-02-16,8468.0,2024-05-24,459.78,Completed
778,Customer_778,user_778@example.com,West,2025-02-16,8691.0,2024-06-02,291.44,Completed
778,Customer_778,user_778@example.com,West,2025-02-16,9600.0,2024-07-10,327.84,Cancelled
779,Customer_779,user_779@example.com,West,2025-02-17,5211.0,2024-01-09,291.98,Shipped
779,Customer_779,user_779@example.com,West,2025-02-17,5313.0,2024-01-14,491.0,Pending
779,Customer_779,user_779@example.com,West,2025-02-17,5768.0,2024-02-01,462.19,Shipped
779,Customer_779,user_779@example.com,West,2025-02-17,7603.0,2024-04-18,366.67,Pending
779,Customer_779,user_779@example.com,West,2025-02-17,8058.0,2024-05-07,295.78,Pending
779,Customer_779,user_779@example.com,West,2025-02-17,8185.0,2024-05-12,240.9,Shipped
779,Customer_779,user_779@example.com,West,2025-02-17,8716.0,2024-06-03,343.77,Shipped
779,Customer_779,user_779@example.com,West,2025-02-17,9587.0,2024-07-10,329.34,Completed
779,Customer_779,user_779@example.com,West,2025-02-17,9715.0,2024-07-15,187.4,Shipped
780,Customer_780,user_780@example.com,East,2025-02-18,8666.0,2024-06-01,161.66,Completed
780,Customer_780,user_780@example.com,East,2025-02-18,8814.0,2024-06-07,186.15,Pending
780,Customer_780,user_780@example.com,East,2025-02-18,9797.0,2024-07-18,36.14,Shipped
781,Customer_781,user_781@example.com,North,2025-02-19,5141.0,2024-01-06,342.81,Pending
781,Customer_781,user_781@example.com,North,2025-02-19,5207.0,2024-01-09,405.72,Shipped
781,Customer_781,user_781@example.com,North,2025-02-19,6290.0,2024-02-23,76.2,Completed
781,Customer_781,user_781@example.com,North,2025-02-19,7827.0,2024-04-27,115.35,Completed
781,Customer_781,user_781@example.com,North,2025-02-19,7883.0,2024-04-30,329.01,Completed
781,Customer_781,user_781@example.com,North,2025-02-19,8300.0,2024-05-17,231.06,Pending
781,Customer_781,user_781@example.com,North,2025-02-19,9165.0,2024-06-22,217.73,Shipped
781,Customer_781,user_781@example.com,North,2025-02-19,9186.0,2024-06-23,79.09,Completed
782,Customer_782,user_782@example.com,East,2025-02-20,7518.0,2024-04-14,441.37,Pending
782,Customer_782,user_782@example.com,East,2025-02-20,8438.0,2024-05-23,16.74,Completed
782,Customer_782,user_782@example.com,East,2025-02-20,9870.0,2024-07-21,419.19,Cancelled
783,Customer_783,user_783@example.com,West,2025-02-21,6117.0,2024-02-16,249.16,Cancelled
783,Customer_783,user_783@example.com,West,2025-02-21,6468.0,2024-03-02,153.03,Pending
783,Customer_783,user_783@example.com,West,2025-02-21,7450.0,2024-04-12,474.55,Cancelled
783,Customer_783,user_783@example.com,West,2025-02-21,7509.0,2024-04-14,332.16,Shipped
783,Customer_783,user_783@example.com,West,2025-02-21,7760.0,2024-04-24,128.27,Completed
783,Customer_783,user_783@example.com,West,2025-02-21,7811.0,2024-04-27,246.1,Shipped
783,Customer_783,user_783@example.com,West,2025-02-21,8578.0,2024-05-29,138.87,Completed
784,Customer_784,user_784@example.com,West,2025-02-22,6983.0,2024-03-23,269.91,Pending
784,Customer_784,user_784@example.com,West,2025-02-22,8168.0,2024-05-11,115.93,Shipped
784,Customer_784,user_784@example.com,West,2025-02-22,9037.0,2024-06-17,160.49,Completed
785,Customer_785,user_785@example.com,South,2025-02-23,6453.0,2024-03-01,104.56,Pending
785,Customer_785,user_785@example.com,South,2025-02-23,7807.0,2024-04-26,221.12,Cancelled
785,Customer_785,user_785@example.com,South,2025-02-23,8358.0,2024-05-19,244.4,Shipped
785,Customer_785,user_785@example.com,South,2025-02-23,8804.0,2024-06-07,367.94,Completed
785,Customer_785,user_785@example.com,South,2025-02-23,9686.0,2024-07-14,384.11,Shipped
785,Customer_785,user_785@example.com,South,2025-02-23,9966.0,2024-07-25,421.96,Shipped
786,Customer_786,user_786@example.com,North,2025-02-24,6475.0,2024-03-02,27.94,Shipped
786,Customer_786,user_786@example.com,North,2025-02-24,8025.0,2024-05-06,403.85,Pending
786,Customer_786,user_786@example.com,North,2025-02-24,8247.0,2024-05-15,137.5,Pending
787,Customer_787,user_787@example.com,East,2025-02-25,6032.0,2024-02-12,212.86,Cancelled
787,Customer_787,user_787@example.com,East,2025-02-25,6522.0,2024-03-04,478.78,Pending
787,Customer_787,user_787@example.com,East,2025-02-25,6914.0,2024-03-20,169.97,Cancelled
787,Customer_787,user_787@example.com,East,2025-02-25,7742.0,2024-04-24,431.71,Shipped
787,Customer_787,user_787@example.com,East,2025-02-25,8205.0,2024-05-13,57.07,Shipped
787,Customer_787,user_787@example.com,East,2025-02-25,8365.0,2024-05-20,329.12,Completed
787,Customer_787,user_787@example.com,East,2025-02-25,9734.0,2024-07-16,169.38,Shipped
788,Customer_788,user_788@example.com,West,2025-02-26,6158.0,2024-02-18,118.58,Cancelled
788,Customer_788,user_788@example.com,West,2025-02-26,8245.0,2024-05-15,26.76,Pending
789,Customer_789,user_789@example.com,West,2025-02-27,5046.0,2024-01-02,329.5,Shipped
789,Customer_789,user_789@example.com,West,2025-02-27,5755.0,2024-02-01,368.82,Cancelled
789,Customer_789,user_789@example.com,West,2025-02-27,6142.0,2024-02-17,42.39,Pending
789,Customer_789,user_789@example.com,West,2025-02-27,6699.0,2024-03-11,251.59,Cancelled
789,Customer_789,user_789@example.com,West,2025-02-27,9135.0,2024-06-21,260.39,Cancelled
790,Customer_790,user_790@example.com,East,2025-02-28,6716.0,2024-03-12,24.04,Shipped
790,Customer_790,user_790@example.com,East,2025-02-28,7529.0,2024-04-15,276.71,Pending
790,Customer_790,user_790@example.com,East,2025-02-28,7728.0,2024-04-23,458.65,Pending
791,Customer_791,user_791@example.com,South,2025-03-01,6034.0,2024-02-13,394.12,Completed
791,Customer_791,user_791@example.com,South,2025-03-01,6710.0,2024-03-12,334.77,Cancelled
792,Customer_792,user_792@example.com,West,2025-03-02,6189.0,2024-02-19,103.85,Shipped
792,Customer_792,user_792@example.com,West,2025-03-02,7307.0,2024-04-06,306.66,Pending
792,Customer_792,user_792@example.com,West,2025-03-02,9717.0,2024-07-15,262.38,Pending
792,Customer_792,user_792@example.com,West,2025-03-02,9845.0,2024-07-20,287.11,Shipped
792,Customer_792,user_792@example.com,West,2025-03-02,9937.0,2024-07-24,295.31,Pending
793,Customer_793,user_793@example.com,North,2025-03-03,6400.0,2024-02-28,247.86,Shipped
793,Customer_793,user_793@example.com,North,2025-03-03,7035.0,2024-03-25,24.95,Shipped
793,Customer_793,user_793@example.com,North,2025-03-03,8407.0,2024-05-21,34.99,Shipped
793,Customer_793,user_793@example.com,North,2025-03-03,8679.0,2024-06-02,317.22,Pending
793,Customer_793,user_793@example.com,North,2025-03-03,9666.0,2024-07-13,184.8,Completed
794,Customer_794,user_794@example.com,West,2025-03-04,5198.0,2024-01-09,178.84,Cancelled
794,Customer_794,user_794@example.com,West,2025-03-04,5602.0,2024-01-26,156.34,Pending
794,Customer_794,user_794@example.com,West,2025-03-04,5666.0,2024-01-28,236.24,Completed
794,Customer_794,user_794@example.com,West,2025-03-04,6239.0,2024-02-21,222.54,Pending
794,Customer_794,user_794@example.com,West,2025-03-04,6275.0,2024-02-23,32.56,Pending
794,Customer_794,user_794@example.com,West,2025-03-04,6769.0,2024-03-14,474.31,Shipped
794,Customer_794,user_794@example.com,West,2025-03-04,6870.0,2024-03-18,73.58,Completed
794,Customer_794,user_794@example.com,West,2025-03-04,8193.0,2024-05-13,367.97,Cancelled
794,Customer_794,user_794@example.com,West,2025-03-04,8847.0,2024-06-09,132.65,Completed
795,Customer_795,user_795@example.com,North,2025-03-05,6793.0,2024-03-15,487.28,Cancelled
795,Customer_795,user_795@example.com,North,2025-03-05,7126.0,2024-03-29,318.1,Cancelled
795,Customer_795,user_795@example.com,North,2025-03-05,7280.0,2024-04-04,45.54,Pending
795,Customer_795,user_795@example.com,North,2025-03-05,9848.0,2024-07-20,331.25,Shipped
796,Customer_796,user_796@example.com,East,2025-03-06,5577.0,2024-01-25,389.46,Pending
796,Customer_796,user_796@example.com,East,2025-03-06,8882.0,2024-06-10,141.82,Pending
796,Customer_796,user_796@example.com,East,2025-03-06,9075.0,2024-06-18,483.51,Shipped
796,Customer_796,user_796@example.com,East,2025-03-06,9925.0,2024-07-24,370.39,Pending
797,Customer_797,user_797@example.com,North,2025-03-07,5363.0,2024-01-16,50.47,Shipped
797,Customer_797,user_797@example.com,North,2025-03-07,5908.0,2024-02-07,378.52,Pending
797,Customer_797,user_797@example.com,North,2025-03-07,7226.0,2024-04-02,438.8,Cancelled
797,Customer_797,user_797@example.com,North,2025-03-07,7795.0,2024-04-26,189.19,Shipped
797,Customer_797,user_797@example.com,North,2025-03-07,8624.0,2024-05-30,401.4,Shipped
797,Customer_797,user_797@example.com,North,2025-03-07,9128.0,2024-06-20,381.21,Shipped
797,Customer_797,user_797@example.com,North,2025-03-07,9591.0,2024-07-10,287.06,Pending
797,Customer_797,user_797@example.com,North,2025-03-07,9688.0,2024-07-14,123.03,Pending
798,Customer_798,user_798@example.com,East,2025-03-08,5972.0,2024-02-10,214.41,Shipped
798,Customer_798,user_798@example.com,East,2025-03-08,6000.0,2024-02-11,492.45,Completed
798,Customer_798,user_798@example.com,East,2025-03-08,6031.0,2024-02-12,216.49,Pending
798,Customer_798,user_798@example.com,East,2025-03-08,6717.0,2024-03-12,405.25,Pending
798,Customer_798,user_798@example.com,East,2025-03-08,9170.0,2024-06-22,272.01,Completed
799,Customer_799,user_799@example.com,North,2025-03-09,5256.0,2024-01-11,298.2,Cancelled
799,Customer_799,user_799@example.com,North,2025-03-09,9780.0,2024-07-18,344.0,Pending
800,Customer_800,user_800@example.com,East,2025-03-10,5017.0,2024-01-01,17.37,Completed
800,Customer_800,user_800@example.com,East,2025-03-10,5563.0,2024-01-24,119.82,Pending
800,Customer_800,user_800@example.com,East,2025-03-10,6131.0,2024-02-17,357.07,Completed
800,Customer_800,user_800@example.com,East,2025-03-10,6517.0,2024-03-04,287.75,Pending
800,Customer_800,user_800@example.com,East,2025-03-10,6571.0,2024-03-06,339.59,Cancelled
800,Customer_800,user_800@example.com,East,2025-03-10,7751.0,2024-04-24,461.9,Pending
800,Customer_800,user_800@example.com,East,2025-03-10,7808.0,2024-04-26,83.28,Completed
800,Customer_800,user_800@example.com,East,2025-03-10,8823.0,2024-06-08,33.73,Shipped
800,Customer_800,user_800@example.com,East,2025-03-10,9214.0,2024-06-24,229.3,Pending
800,Customer_800,user_800@example.com,East,2025-03-10,9575.0,2024-07-09,480.49,Completed
801,Customer_801,user_801@example.com,North,2025-03-11,5110.0,2024-01-05,186.48,Cancelled
801,Customer_801,user_801@example.com,North,2025-03-11,5200.0,2024-01-09,132.51,Completed
801,Customer_801,user_801@example.com,North,2025-03-11,5645.0,2024-01-27,481.38,Completed
801,Customer_801,user_801@example.com,North,2025-03-11,5677.0,2024-01-29,481.25,Completed
801,Customer_801,user_801@example.com,North,2025-03-11,6534.0,2024-03-04,427.24,Pending
802,Customer_802,user_802@example.com,South,2025-03-12,5450.0,2024-01-19,73.16,Shipped
802,Customer_802,user_802@example.com,South,2025-03-12,7613.0,2024-04-18,340.43,Completed
802,Customer_802,user_802@example.com,South,2025-03-12,7836.0,2024-04-28,457.13,Cancelled
802,Customer_802,user_802@example.com,South,2025-03-12,8349.0,2024-05-19,258.62,Shipped
802,Customer_802,user_802@example.com,South,2025-03-12,8849.0,2024-06-09,475.84,Completed
802,Customer_802,user_802@example.com,South,2025-03-12,9266.0,2024-06-26,470.96,Shipped
803,Customer_803,user_803@example.com,North,2025-03-13,5051.0,2024-01-03,62.95,Completed
803,Customer_803,user_803@example.com,North,2025-03-13,6330.0,2024-02-25,349.16,Cancelled
803,Customer_803,user_803@example.com,North,2025-03-13,6389.0,2024-02-27,102.62,Completed
803,Customer_803,user_803@example.com,North,2025-03-13,6509.0,2024-03-03,149.51,Cancelled
803,Customer_803,user_803@example.com,North,2025-03-13,7668.0,2024-04-21,308.0,Pending
803,Customer_803,user_803@example.com,North,2025-03-13,8296.0,2024-05-17,266.62,Pending
803,Customer_803,user_803@example.com,North,2025-03-13,8683.0,2024-06-02,278.64,Pending
803,Customer_803,user_803@example.com,North,2025-03-13,9008.0,2024-06-15,135.1,Completed
804,Customer_804,user_804@example.com,North,2025-03-14,5183.0,2024-01-08,417.27,Cancelled
804,Customer_804,user_804@example.com,North,2025-03-14,6119.0,2024-02-16,421.9,Shipped
804,Customer_804,user_804@example.com,North,2025-03-14,7855.0,2024-04-28,392.85,Cancelled
804,Customer_804,user_804@example.com,North,2025-03-14,8309.0,2024-05-17,349.47,Cancelled
804,Customer_804,user_804@example.com,North,2025-03-14,8792.0,2024-06-06,418.78,Cancelled
804,Customer_804,user_804@example.com,North,2025-03-14,9227.0,2024-06-25,275.27,Completed
805,Customer_805,user_805@example.com,South,2025-03-15,5627.0,2024-01-27,118.17,Pending
805,Customer_805,user_805@example.com,South,2025-03-15,7488.0,2024-04-13,263.91,Shipped
805,Customer_805,user_805@example.com,South,2025-03-15,7700.0,2024-04-22,423.98,Pending
805,Customer_805,user_805@example.com,South,2025-03-15,8334.0,2024-05-18,117.72,Completed
805,Customer_805,user_805@example.com,South,2025-03-15,8702.0,2024-06-03,137.0,Pending
805,Customer_805,user_805@example.com,South,2025-03-15,8743.0,2024-06-04,447.07,Shipped
805,Customer_805,user_805@example.com,South,2025-03-15,9001.0,2024-06-15,425.31,Cancelled
805,Customer_805,user_805@example.com,South,2025-03-15,9190.0,2024-06-23,137.49,Cancelled
805,Customer_805,user_805@example.com,South,2025-03-15,9729.0,2024-07-16,88.28,Completed
806,Customer_806,user_806@example.com,West,2025-03-16,5129.0,2024-01-06,235.98,Cancelled
806,Customer_806,user_806@example.com,West,2025-03-16,6186.0,2024-02-19,331.46,Completed
806,Customer_806,user_806@example.com,West,2025-03-16,6234.0,2024-02-21,385.05,Cancelled
806,Customer_806,user_806@example.com,West,2025-03-16,6299.0,2024-02-24,405.77,Completed
806,Customer_806,user_806@example.com,West,2025-03-16,7078.0,2024-03-27,119.33,Completed
806,Customer_806,user_806@example.com,West,2025-03-16,7338.0,2024-04-07,93.55,Cancelled
806,Customer_806,user_806@example.com,West,2025-03-16,8101.0,2024-05-09,162.31,Completed
807,Customer_807,user_807@example.com,West,2025-03-17,5453.0,2024-01-19,127.8,Completed
807,Customer_807,user_807@example.com,West,2025-03-17,5604.0,2024-01-26,164.61,Pending
807,Customer_807,user_807@example.com,West,2025-03-17,6068.0,2024-02-14,69.87,Completed
807,Customer_807,user_807@example.com,West,2025-03-17,9867.0,2024-07-21,405.55,Completed
807,Customer_807,user_807@example.com,West,2025-03-17,9913.0,2024-07-23,163.05,Pending
808,Customer_808,user_808@example.com,North,2025-03-18,,,,
809,Customer_809,user_809@example.com,South,2025-03-19,7312.0,2024-04-06,38.18,Pending
809,Customer_809,user_809@example.com,South,2025-03-19,8940.0,2024-06-13,160.96,Shipped
810,Customer_810,user_810@example.com,North,2025-03-20,6140.0,2024-02-17,59.79,Pending
810,Customer_810,user_810@example.com,North,2025-03-20,7797.0,2024-04-26,72.26,Shipped
811,Customer_811,user_811@example.com,East,2025-03-21,6531.0,2024-03-04,406.5,Shipped
811,Customer_811,user_811@example.com,East,2025-03-21,7144.0,2024-03-30,237.27,Cancelled
811,Customer_811,user_811@example.com,East,2025-03-21,8257.0,2024-05-15,432.7,Pending
812,Customer_812,user_812@example.com,East,2025-03-22,7991.0,2024-05-04,89.93,Cancelled
812,Customer_812,user_812@example.com,East,2025-03-22,8234.0,2024-05-14,252.06,Cancelled
812,Customer_812,user_812@example.com,East,2025-03-22,8367.0,2024-05-20,484.82,Cancelled
812,Customer_812,user_812@example.com,East,2025-03-22,9374.0,2024-07-01,300.33,Completed
813,Customer_813,user_813@example.com,North,2025-03-23,5621.0,2024-01-26,443.62,Completed
813,Customer_813,user_813@example.com,North,2025-03-23,7821.0,2024-04-27,19.88,Pending
813,Customer_813,user_813@example.com,North,2025-03-23,9326.0,2024-06-29,316.94,Completed
813,Customer_813,user_813@example.com,North,2025-03-23,9345.0,2024-06-30,148.4,Pending
813,Customer_813,user_813@example.com,North,2025-03-23,9849.0,2024-07-21,80.31,Shipped
813,Customer_813,user_813@example.com,North,2025-03-23,9946.0,2024-07-25,285.86,Cancelled
814,Customer_814,user_814@example.com,West,2025-03-24,6011.0,2024-02-12,203.49,Cancelled
814,Customer_814,user_814@example.com,West,2025-03-24,6327.0,2024-02-25,185.11,Completed
814,Customer_814,user_814@example.com,West,2025-03-24,6443.0,2024-03-01,493.17,Completed
814,Customer_814,user_814@example.com,West,2025-03-24,7103.0,2024-03-28,344.03,Completed
814,Customer_814,user_814@example.com,West,2025-03-24,7398.0,2024-04-09,396.37,Shipped
814,Customer_814,user_814@example.com,West,2025-03-24,8896.0,2024-06-11,137.32,Cancelled
815,Customer_815,user_815@example.com,West,2025-03-25,6207.0,2024-02-20,152.01,Completed
815,Customer_815,user_815@example.com,West,2025-03-25,6215.0,2024-02-20,373.32,Completed
815,Customer_815,user_815@example.com,West,2025-03-25,6535.0,2024-03-04,425.45,Pending
815,Customer_815,user_815@example.com,West,2025-03-25,6856.0,2024-03-18,472.16,Completed
815,Customer_815,user_815@example.com,West,2025-03-25,7956.0,2024-05-03,497.31,Shipped
815,Customer_815,user_815@example.com,West,2025-03-25,8626.0,2024-05-31,359.8,Cancelled
815,Customer_815,user_815@example.com,West,2025-03-25,9855.0,2024-07-21,44.06,Cancelled
815,Customer_815,user_815@example.com,West,2025-03-25,9948.0,2024-07-25,122.67,Cancelled
815,Customer_815,user_815@example.com,West,2025-03-25,9957.0,2024-07-25,405.89,Pending
816,Customer_816,user_816@example.com,North,2025-03-26,8988.0,2024-06-15,65.75,Cancelled
816,Customer_816,user_816@example.com,North,2025-03-26,9056.0,2024-06-17,248.29,Shipped
817,Customer_817,user_817@example.com,North,2025-03-27,5050.0,2024-01-03,272.63,Shipped
817,Customer_817,user_817@example.com,North,2025-03-27,5197.0,2024-01-09,233.28,Cancelled
817,Customer_817,user_817@example.com,North,2025-03-27,5399.0,2024-01-17,38.55,Cancelled
817,Customer_817,user_817@example.com,North,2025-03-27,7110.0,2024-03-28,348.38,Pending
817,Customer_817,user_817@example.com,North,2025-03-27,7246.0,2024-04-03,35.28,Shipped
817,Customer_817,user_817@example.com,North,2025-03-27,8050.0,2024-05-07,193.06,Completed
817,Customer_817,user_817@example.com,North,2025-03-27,8303.0,2024-05-17,25.28,Cancelled
817,Customer_817,user_817@example.com,North,2025-03-27,9529.0,2024-07-07,370.52,Completed
818,Customer_818,user_818@example.com,East,2025-03-28,7309.0,2024-04-06,301.3,Shipped
818,Customer_818,user_818@example.com,East,2025-03-28,7936.0,2024-05-02,163.1,Cancelled
819,Customer_819,user_819@example.com,West,2025-03-29,5065.0,2024-01-03,92.08,Shipped
819,Customer_819,user_819@example.com,West,2025-03-29,6746.0,2024-03-13,452.9,Pending
819,Customer_819,user_819@example.com,West,2025-03-29,7298.0,2024-04-05,149.34,Cancelled
819,Customer_819,user_819@example.com,West,2025-03-29,8696.0,2024-06-02,267.76,Cancelled
819,Customer_819,user_819@example.com,West,2025-03-29,9517.0,2024-07-07,184.64,Completed
820,Customer_820,user_820@example.com,North,2025-03-30,5071.0,2024-01-03,382.24,Pending
820,Customer_820,user_820@example.com,North,2025-03-30,6496.0,2024-03-03,318.69,Pending
820,Customer_820,user_820@example.com,North,2025-03-30,7764.0,2024-04-25,348.86,Cancelled
820,Customer_820,user_820@example.com,North,2025-03-30,7766.0,2024-04-25,458.01,Cancelled
820,Customer_820,user_820@example.com,North,2025-03-30,7789.0,2024-04-26,452.53,Pending
820,Customer_820,user_820@example.com,North,2025-03-30,8653.0,2024-06-01,305.57,Pending
821,Customer_821,user_821@example.com,East,2025-03-31,5887.0,2024-02-06,289.04,Shipped
821,Customer_821,user_821@example.com,East,2025-03-31,6798.0,2024-03-15,21.34,Completed
821,Customer_821,user_821@example.com,East,2025-03-31,8752.0,2024-06-05,256.32,Cancelled
821,Customer_821,user_821@example.com,East,2025-03-31,8757.0,2024-06-05,207.5,Cancelled
821,Customer_821,user_821@example.com,East,2025-03-31,9643.0,2024-07-12,16.72,Cancelled
822,Customer_822,user_822@example.com,West,2025-04-01,5329.0,2024-01-14,123.91,Cancelled
822,Customer_822,user_822@example.com,West,2025-04-01,5712.0,2024-01-30,371.12,Shipped
822,Customer_822,user_822@example.com,West,2025-04-01,6191.0,2024-02-19,173.97,Shipped
822,Customer_822,user_822@example.com,West,2025-04-01,6674.0,2024-03-10,76.87,Pending
822,Customer_822,user_822@example.com,West,2025-04-01,7326.0,2024-04-06,248.28,Completed
822,Customer_822,user_822@example.com,West,2025-04-01,7502.0,2024-04-14,229.94,Shipped
822,Customer_822,user_822@example.com,West,2025-04-01,7801.0,2024-04-26,205.46,Pending
822,Customer_822,user_822@example.com,West,2025-04-01,7819.0,2024-04-27,215.14,Cancelled
822,Customer_822,user_822@example.com,West,2025-04-01,7850.0,2024-04-28,50.69,Pending
822,Customer_822,user_822@example.com,West,2025-04-01,8355.0,2024-05-19,439.43,Cancelled
822,Customer_822,user_822@example.com,West,2025-04-01,9943.0,2024-07-24,160.59,Shipped
822,Customer_822,user_822@example.com,West,2025-04-01,9993.0,2024-07-27,416.55,Shipped
823,Customer_823,user_823@example.com,South,2025-04-02,5963.0,2024-02-10,75.88,Pending
823,Customer_823,user_823@example.com,South,2025-04-02,7847.0,2024-04-28,247.31,Shipped
823,Customer_823,user_823@example.com,South,2025-04-02,8109.0,2024-05-09,204.04,Shipped
823,Customer_823,user_823@example.com,South,2025-04-02,8366.0,2024-05-20,234.09,Completed
823,Customer_823,user_823@example.com,South,2025-04-02,9116.0,2024-06-20,209.11,Cancelled
823,Customer_823,user_823@example.com,South,2025-04-02,9822.0,2024-07-19,370.99,Completed
824,Customer_824,user_824@example.com,East,2025-04-03,5022.0,2024-01-01,334.79,Completed
824,Customer_824,user_824@example.com,East,2025-04-03,5683.0,2024-01-29,292.75,Completed
824,Customer_824,user_824@example.com,East,2025-04-03,6108.0,2024-02-16,185.73,Completed
824,Customer_824,user_824@example.com,East,2025-04-03,7598.0,2024-04-18,362.05,Shipped
824,Customer_824,user_824@example.com,East,2025-04-03,8953.0,2024-06-13,80.34,Shipped
824,Customer_824,user_824@example.com,East,2025-04-03,9711.0,2024-07-15,163.2,Pending
825,Customer_825,user_825@example.com,West,2025-04-04,5291.0,2024-01-13,154.54,Cancelled
825,Customer_825,user_825@example.com,West,2025-04-04,5511.0,2024-01-22,346.47,Shipped
825,Customer_825,user_825@example.com,West,2025-04-04,6146.0,2024-02-17,268.23,Pending
825,Customer_825,user_825@example.com,West,2025-04-04,7119.0,2024-03-29,420.32,Shipped
825,Customer_825,user_825@example.com,West,2025-04-04,7124.0,2024-03-29,344.71,Completed
825,Customer_825,user_825@example.com,West,2025-04-04,7405.0,2024-04-10,124.08,Cancelled
825,Customer_825,user_825@example.com,West,2025-04-04,8123.0,2024-05-10,297.97,Pending
825,Customer_825,user_825@example.com,West,2025-04-04,8446.0,2024-05-23,203.84,Pending
825,Customer_825,user_825@example.com,West,2025-04-04,9092.0,2024-06-19,335.59,Shipped
826,Customer_826,user_826@example.com,West,2025-04-05,5965.0,2024-02-10,32.35,Shipped
826,Customer_826,user_826@example.com,West,2025-04-05,6786.0,2024-03-15,69.37,Shipped
826,Customer_826,user_826@example.com,West,2025-04-05,8035.0,2024-05-06,214.46,Completed
826,Customer_826,user_826@example.com,West,2025-04-05,8601.0,2024-05-30,40.26,Completed
826,Customer_826,user_826@example.com,West,2025-04-05,9238.0,2024-06-25,213.79,Shipped
826,Customer_826,user_826@example.com,West,2025-04-05,9748.0,2024-07-16,465.47,Cancelled
827,Customer_827,user_827@example.com,East,2025-04-06,5121.0,2024-01-06,193.96,Shipped
827,Customer_827,user_827@example.com,East,2025-04-06,5276.0,2024-01-12,37.51,Shipped
827,Customer_827,user_827@example.com,East,2025-04-06,5796.0,2024-02-03,168.55,Completed
827,Customer_827,user_827@example.com,East,2025-04-06,8830.0,2024-06-08,376.11,Pending
828,Customer_828,user_828@example.com,South,2025-04-07,5368.0,2024-01-16,84.27,Shipped
828,Customer_828,user_828@example.com,South,2025-04-07,5456.0,2024-01-19,115.8,Completed
828,Customer_828,user_828@example.com,South,2025-04-07,5539.0,2024-01-23,255.41,Completed
828,Customer_828,user_828@example.com,South,2025-04-07,6152.0,2024-02-17,115.01,Cancelled
828,Customer_828,user_828@example.com,South,2025-04-07,6153.0,2024-02-18,136.18,Completed
828,Customer_828,user_828@example.com,South,2025-04-07,7192.0,2024-04-01,296.81,Pending
828,Customer_828,user_828@example.com,South,2025-04-07,8153.0,2024-05-11,378.38,Cancelled
828,Customer_828,user_828@example.com,South,2025-04-07,8207.0,2024-05-13,77.57,Shipped
828,Customer_828,user_828@example.com,South,2025-04-07,9137.0,2024-06-21,279.22,Cancelled
828,Customer_828,user_828@example.com,South,2025-04-07,9146.0,2024-06-21,241.16,Shipped
829,Customer_829,user_829@example.com,East,2025-04-08,6396.0,2024-02-28,31.85,Pending
829,Customer_829,user_829@example.com,East,2025-04-08,8157.0,2024-05-11,31.63,Pending
830,Customer_830,user_830@example.com,West,2025-04-09,5383.0,2024-01-16,228.51,Pending
830,Customer_830,user_830@example.com,West,2025-04-09,5886.0,2024-02-06,266.91,Pending
830,Customer_830,user_830@example.com,West,2025-04-09,8297.0,2024-05-17,31.32,Cancelled
831,Customer_831,user_831@example.com,North,2025-04-10,5402.0,2024-01-17,449.39,Completed
831,Customer_831,user_831@example.com,North,2025-04-10,7532.0,2024-04-15,206.93,Shipped
831,Customer_831,user_831@example.com,North,2025-04-10,8078.0,2024-05-08,222.29,Shipped
831,Customer_831,user_831@example.com,North,2025-04-10,8258.0,2024-05-15,85.56,Pending
831,Customer_831,user_831@example.com,North,2025-04-10,8261.0,2024-05-15,328.29,Shipped
831,Customer_831,user_831@example.com,North,2025-04-10,9085.0,2024-06-19,105.77,Shipped
831,Customer_831,user_831@example.com,North,2025-04-10,9321.0,2024-06-29,347.57,Cancelled
831,Customer_831,user_831@example.com,North,2025-04-10,9547.0,2024-07-08,57.62,Pending
832,Customer_832,user_832@example.com,North,2025-04-11,5078.0,2024-01-04,442.88,Pending
832,Customer_832,user_832@example.com,North,2025-04-11,5339.0,2024-01-15,227.73,Pending
832,Customer_832,user_832@example.com,North,2025-04-11,7344.0,2024-04-07,401.15,Shipped
832,Customer_832,user_832@example.com,North,2025-04-11,8171.0,2024-05-12,435.38,Completed
832,Customer_832,user_832@example.com,North,2025-04-11,8483.0,2024-05-25,112.61,Shipped
832,Customer_832,user_832@example.com,North,2025-04-11,8878.0,2024-06-10,23.95,Completed
832,Customer_832,user_832@example.com,North,2025-04-11,9439.0,2024-07-03,473.33,Completed
833,Customer_833,user_833@example.com,East,2025-04-12,5913.0,2024-02-08,321.75,Cancelled
833,Customer_833,user_833@example.com,East,2025-04-12,6731.0,2024-03-13,210.32,Completed
833,Customer_833,user_833@example.com,East,2025-04-12,7858.0,2024-04-29,178.36,Shipped
833,Customer_833,user_833@example.com,East,2025-04-12,7923.0,2024-05-01,385.05,Cancelled
833,Customer_833,user_833@example.com,East,2025-04-12,7949.0,2024-05-02,25.75,Completed
833,Customer_833,user_833@example.com,East,2025-04-12,7967.0,2024-05-03,39.26,Shipped
833,Customer_833,user_833@example.com,East,2025-04-12,8113.0,2024-05-09,296.05,Pending
833,Customer_833,user_833@example.com,East,2025-04-12,8456.0,2024-05-23,396.48,Shipped
833,Customer_833,user_833@example.com,East,2025-04-12,9148.0,2024-06-21,268.08,Shipped
833,Customer_833,user_833@example.com,East,2025-04-12,9566.0,2024-07-09,482.03,Completed
834,Customer_834,user_834@example.com,West,2025-04-13,7530.0,2024-04-15,77.58,Pending
834,Customer_834,user_834@example.com,West,2025-04-13,7652.0,2024-04-20,138.28,Pending
835,Customer_835,user_835@example.com,North,2025-04-14,5281.0,2024-01-12,52.42,Shipped
835,Customer_835,user_835@example.com,North,2025-04-14,5793.0,2024-02-03,367.2,Completed
835,Customer_835,user_835@example.com,North,2025-04-14,6597.0,2024-03-07,477.36,Shipped
835,Customer_835,user_835@example.com,North,2025-04-14,7265.0,2024-04-04,344.43,Cancelled
835,Customer_835,user_835@example.com,North,2025-04-14,7912.0,2024-05-01,66.68,Cancelled
835,Customer_835,user_835@example.com,North,2025-04-14,8329.0,2024-05-18,493.12,Shipped
835,Customer_835,user_835@example.com,North,2025-04-14,8809.0,2024-06-07,357.06,Shipped
836,Customer_836,user_836@example.com,West,2025-04-15,5344.0,2024-01-15,438.0,Pending
836,Customer_836,user_836@example.com,West,2025-04-15,5619.0,2024-01-26,409.38,Shipped
836,Customer_836,user_836@example.com,West,2025-04-15,6479.0,2024-03-02,369.64,Cancelled
836,Customer_836,user_836@example.com,West,2025-04-15,7276.0,2024-04-04,97.58,Cancelled
836,Customer_836,user_836@example.com,West,2025-04-15,8826.0,2024-06-08,408.39,Pending
836,Customer_836,user_836@example.com,West,2025-04-15,9820.0,2024-07-19,62.59,Cancelled
837,Customer_837,user_837@example.com,East,2025-04-16,6570.0,2024-03-06,367.94,Completed
837,Customer_837,user_837@example.com,East,2025-04-16,6767.0,2024-03-14,407.86,Completed
837,Customer_837,user_837@example.com,East,2025-04-16,7202.0,2024-04-01,430.97,Shipped
837,Customer_837,user_837@example.com,East,2025-04-16,9337.0,2024-06-29,18.92,Completed
837,Customer_837,user_837@example.com,East,2025-04-16,9362.0,2024-06-30,206.03,Pending
837,Customer_837,user_837@example.com,East,2025-04-16,9671.0,2024-07-13,375.64,Shipped
837,Customer_837,user_837@example.com,East,2025-04-16,9914.0,2024-07-23,488.02,Pending
838,Customer_838,user_838@example.com,North,2025-04-17,5753.0,2024-02-01,343.05,Completed
838,Customer_838,user_838@example.com,North,2025-04-17,6420.0,2024-02-29,341.06,Shipped
838,Customer_838,user_838@example.com,North,2025-04-17,6730.0,2024-03-13,192.9,Pending
838,Customer_838,user_838@example.com,North,2025-04-17,8045.0,2024-05-06,380.8,Shipped
838,Customer_838,user_838@example.com,North,2025-04-17,9897.0,2024-07-23,232.04,Shipped
839,Customer_839,user_839@example.com,West,2025-04-18,,,,
840,Customer_840,user_840@example.com,North,2025-04-19,5353.0,2024-01-15,487.1,Pending
840,Customer_840,user_840@example.com,North,2025-04-19,6435.0,2024-02-29,131.53,Completed
840,Customer_840,user_840@example.com,North,2025-04-19,6657.0,2024-03-10,251.48,Completed
840,Customer_840,user_840@example.com,North,2025-04-19,6867.0,2024-03-18,151.61,Completed
840,Customer_840,user_840@example.com,North,2025-04-19,7422.0,2024-04-10,400.68,Cancelled
840,Customer_840,user_840@example.com,North,2025-04-19,7446.0,2024-04-11,453.53,Pending
840,Customer_840,user_840@example.com,North,2025-04-19,7865.0,2024-04-29,167.08,Completed
840,Customer_840,user_840@example.com,North,2025-04-19,9114.0,2024-06-20,287.14,Cancelled
840,Customer_840,user_840@example.com,North,2025-04-19,9685.0,2024-07-14,239.96,Pending
840,Customer_840,user_840@example.com,North,2025-04-19,9955.0,2024-07-25,456.12,Pending
840,Customer_840,user_840@example.com,North,2025-04-19,9989.0,2024-07-26,288.7,Cancelled
841,Customer_841,user_841@example.com,East,2025-04-20,7683.0,2024-04-21,356.41,Cancelled
842,Customer_842,user_842@example.com,West,2025-04-21,5816.0,2024-02-03,373.72,Completed
842,Customer_842,user_842@example.com,West,2025-04-21,5883.0,2024-02-06,231.2,Pending
842,Customer_842,user_842@example.com,West,2025-04-21,7779.0,2024-04-25,419.0,Pending
842,Customer_842,user_842@example.com,West,2025-04-21,8718.0,2024-06-03,93.11,Cancelled
842,Customer_842,user_842@example.com,West,2025-04-21,8786.0,2024-06-06,255.91,Shipped
842,Customer_842,user_842@example.com,West,2025-04-21,9222.0,2024-06-24,348.98,Shipped
843,Customer_843,user_843@example.com,North,2025-04-22,5168.0,2024-01-07,459.73,Cancelled
843,Customer_843,user_843@example.com,North,2025-04-22,7780.0,2024-04-25,493.78,Cancelled
843,Customer_843,user_843@example.com,North,2025-04-22,8283.0,2024-05-16,101.05,Pending
844,Customer_844,user_844@example.com,East,2025-04-23,5405.0,2024-01-17,86.51,Completed
844,Customer_844,user_844@example.com,East,2025-04-23,7911.0,2024-05-01,213.98,Pending
844,Customer_844,user_844@example.com,East,2025-04-23,9282.0,2024-06-27,408.96,Shipped
845,Customer_845,user_845@example.com,North,2025-04-24,5155.0,2024-01-07,431.49,Completed
845,Customer_845,user_845@example.com,North,2025-04-24,7320.0,2024-04-06,165.75,Pending
845,Customer_845,user_845@example.com,North,2025-04-24,8017.0,2024-05-05,361.35,Shipped
845,Customer_845,user_845@example.com,North,2025-04-24,8072.0,2024-05-07,343.39,Pending
845,Customer_845,user_845@example.com,North,2025-04-24,8674.0,2024-06-02,47.21,Shipped
846,Customer_846,user_846@example.com,North,2025-04-25,6726.0,2024-03-12,332.89,Shipped
846,Customer_846,user_846@example.com,North,2025-04-25,6919.0,2024-03-20,71.77,Cancelled
846,Customer_846,user_846@example.com,North,2025-04-25,7260.0,2024-04-04,349.29,Completed
846,Customer_846,user_846@example.com,North,2025-04-25,8991.0,2024-06-15,285.03,Shipped
847,Customer_847,user_847@example.com,South,2025-04-26,5411.0,2024-01-18,496.41,Completed
847,Customer_847,user_847@example.com,South,2025-04-26,6434.0,2024-02-29,264.15,Cancelled
847,Customer_847,user_847@example.com,South,2025-04-26,6898.0,2024-03-20,49.01,Shipped
847,Customer_847,user_847@example.com,South,2025-04-26,8437.0,2024-05-23,361.03,Completed
848,Customer_848,user_848@example.com,South,2025-04-27,5047.0,2024-01-02,199.11,Shipped
848,Customer_848,user_848@example.com,South,2025-04-27,5610.0,2024-01-26,278.93,Cancelled
848,Customer_848,user_848@example.com,South,2025-04-27,7259.0,2024-04-04,298.72,Cancelled
848,Customer_848,user_848@example.com,South,2025-04-27,7669.0,2024-04-21,340.29,Shipped
848,Customer_848,user_848@example.com,South,2025-04-27,8962.0,2024-06-14,485.08,Completed
849,Customer_849,user_849@example.com,East,2025-04-28,6214.0,2024-02-20,392.17,Cancelled
849,Customer_849,user_849@example.com,East,2025-04-28,6544.0,2024-03-05,498.61,Pending
849,Customer_849,user_849@example.com,East,2025-04-28,6770.0,2024-03-14,259.86,Shipped
849,Customer_849,user_849@example.com,East,2025-04-28,7009.0,2024-03-24,399.82,Completed
849,Customer_849,user_849@example.com,East,2025-04-28,8478.0,2024-05-24,438.63,Shipped
849,Customer_849,user_849@example.com,East,2025-04-28,9350.0,2024-06-30,222.3,Shipped
849,Customer_849,user_849@example.com,East,2025-04-28,9609.0,2024-07-11,494.18,Pending
850,Customer_850,user_850@example.com,South,2025-04-29,5498.0,2024-01-21,89.76,Shipped
850,Customer_850,user_850@example.com,South,2025-04-29,6314.0,2024-02-24,15.88,Pending
850,Customer_850,user_850@example.com,South,2025-04-29,6442.0,2024-03-01,313.98,Shipped
850,Customer_850,user_850@example.com,South,2025-04-29,7034.0,2024-03-25,179.19,Pending
850,Customer_850,user_850@example.com,South,2025-04-29,8493.0,2024-05-25,305.72,Completed
850,Customer_850,user_850@example.com,South,2025-04-29,9605.0,2024-07-10,414.05,Cancelled
850,Customer_850,user_850@example.com,South,2025-04-29,9777.0,2024-07-18,26.73,Pending
850,Customer_850,user_850@example.com,South,2025-04-29,9999.0,2024-07-27,396.02,Shipped
851,Customer_851,user_851@example.com,East,2025-04-30,6106.0,2024-02-16,32.41,Completed
851,Customer_851,user_851@example.com,East,2025-04-30,8047.0,2024-05-06,87.67,Shipped
851,Customer_851,user_851@example.com,East,2025-04-30,9127.0,2024-06-20,420.31,Completed
851,Customer_851,user_851@example.com,East,2025-04-30,9191.0,2024-06-23,195.56,Cancelled
852,Customer_852,user_852@example.com,South,2025-05-01,5042.0,2024-01-02,453.12,Pending
852,Customer_852,user_852@example.com,South,2025-05-01,6737.0,2024-03-13,251.54,Shipped
852,Customer_852,user_852@example.com,South,2025-05-01,6766.0,2024-03-14,489.55,Shipped
852,Customer_852,user_852@example.com,South,2025-05-01,7286.0,2024-04-05,325.81,Completed
852,Customer_852,user_852@example.com,South,2025-05-01,7367.0,2024-04-08,401.8,Cancelled
852,Customer_852,user_852@example.com,South,2025-05-01,7843.0,2024-04-28,120.68,Pending
852,Customer_852,user_852@example.com,South,2025-05-01,8341.0,2024-05-19,246.88,Shipped
853,Customer_853,user_853@example.com,North,2025-05-02,5460.0,2024-01-20,129.62,Cancelled
853,Customer_853,user_853@example.com,North,2025-05-02,6001.0,2024-02-11,159.41,Shipped
853,Customer_853,user_853@example.com,North,2025-05-02,6209.0,2024-02-20,369.25,Shipped
853,Customer_853,user_853@example.com,North,2025-05-02,7371.0,2024-04-08,76.34,Pending
853,Customer_853,user_853@example.com,North,2025-05-02,7413.0,2024-04-10,263.99,Completed
853,Customer_853,user_853@example.com,North,2025-05-02,8370.0,2024-05-20,218.25,Shipped
853,Customer_853,user_853@example.com,North,2025-05-02,8378.0,2024-05-20,77.93,Completed
854,Customer_854,user_854@example.com,East,2025-05-03,6002.0,2024-02-11,305.86,Cancelled
854,Customer_854,user_854@example.com,East,2025-05-03,6756.0,2024-03-14,323.67,Cancelled
854,Customer_854,user_854@example.com,East,2025-05-03,7241.0,2024-04-03,254.14,Cancelled
854,Customer_854,user_854@example.com,East,2025-05-03,8482.0,2024-05-25,272.71,Completed
854,Customer_854,user_854@example.com,East,2025-05-03,9851.0,2024-07-21,387.52,Completed
855,Customer_855,user_855@example.com,East,2025-05-04,6424.0,2024-02-29,395.5,Completed
855,Customer_855,user_855@example.com,East,2025-05-04,7927.0,2024-05-01,360.33,Shipped
855,Customer_855,user_855@example.com,East,2025-05-04,9270.0,2024-06-26,335.41,Shipped
855,Customer_855,user_855@example.com,East,2025-05-04,9965.0,2024-07-25,499.56,Pending
856,Customer_856,user_856@example.com,North,2025-05-05,6497.0,2024-03-03,356.4,Completed
856,Customer_856,user_856@example.com,North,2025-05-05,7739.0,2024-04-24,25.96,Cancelled
856,Customer_856,user_856@example.com,North,2025-05-05,7977.0,2024-05-04,398.14,Completed
856,Customer_856,user_856@example.com,North,2025-05-05,8299.0,2024-05-17,211.23,Completed
856,Customer_856,user_856@example.com,North,2025-05-05,8884.0,2024-06-10,170.86,Cancelled
856,Customer_856,user_856@example.com,North,2025-05-05,9498.0,2024-07-06,57.41,Completed
857,Customer_857,user_857@example.com,East,2025-05-06,5778.0,2024-02-02,325.49,Pending
857,Customer_857,user_857@example.com,East,2025-05-06,5880.0,2024-02-06,21.66,Cancelled
857,Customer_857,user_857@example.com,East,2025-05-06,6019.0,2024-02-12,201.14,Pending
857,Customer_857,user_857@example.com,East,2025-05-06,6438.0,2024-02-29,385.66,Cancelled
858,Customer_858,user_858@example.com,East,2025-05-07,5143.0,2024-01-06,22.52,Pending
858,Customer_858,user_858@example.com,East,2025-05-07,5576.0,2024-01-24,478.49,Shipped
859,Customer_859,user_859@example.com,South,2025-05-08,7417.0,2024-04-10,422.85,Pending
859,Customer_859,user_859@example.com,South,2025-05-08,7641.0,2024-04-20,299.94,Pending
859,Customer_859,user_859@example.com,South,2025-05-08,8306.0,2024-05-17,220.83,Shipped
859,Customer_859,user_859@example.com,South,2025-05-08,8617.0,2024-05-30,309.17,Cancelled
859,Customer_859,user_859@example.com,South,2025-05-08,9045.0,2024-06-17,157.55,Completed
859,Customer_859,user_859@example.com,South,2025-05-08,9256.0,2024-06-26,31.85,Completed
859,Customer_859,user_859@example.com,South,2025-05-08,9960.0,2024-07-25,133.02,Shipped
860,Customer_860,user_860@example.com,East,2025-05-09,5584.0,2024-01-25,237.45,Pending
860,Customer_860,user_860@example.com,East,2025-05-09,7774.0,2024-04-25,338.94,Cancelled
860,Customer_860,user_860@example.com,East,2025-05-09,8548.0,2024-05-27,283.61,Cancelled
860,Customer_860,user_860@example.com,East,2025-05-09,9898.0,2024-07-23,336.15,Cancelled
861,Customer_861,user_861@example.com,West,2025-05-10,5771.0,2024-02-02,285.15,Pending
861,Customer_861,user_861@example.com,West,2025-05-10,5945.0,2024-02-09,248.38,Cancelled
861,Customer_861,user_861@example.com,West,2025-05-10,6081.0,2024-02-15,336.8,Shipped
861,Customer_861,user_861@example.com,West,2025-05-10,6265.0,2024-02-22,245.52,Pending
862,Customer_862,user_862@example.com,North,2025-05-11,5020.0,2024-01-01,423.36,Completed
862,Customer_862,user_862@example.com,North,2025-05-11,5262.0,2024-01-11,379.88,Completed
862,Customer_862,user_862@example.com,North,2025-05-11,8692.0,2024-06-02,177.24,Completed
862,Customer_862,user_862@example.com,North,2025-05-11,8996.0,2024-06-15,224.74,Completed
863,Customer_863,user_863@example.com,South,2025-05-12,6324.0,2024-02-25,352.17,Cancelled
863,Customer_863,user_863@example.com,South,2025-05-12,7238.0,2024-04-03,466.31,Completed
863,Customer_863,user_863@example.com,South,2025-05-12,8235.0,2024-05-14,212.88,Pending
863,Customer_863,user_863@example.com,South,2025-05-12,8489.0,2024-05-25,331.59,Pending
864,Customer_864,user_864@example.com,South,2025-05-13,5658.0,2024-01-28,365.85,Shipped
864,Customer_864,user_864@example.com,South,2025-05-13,6604.0,2024-03-07,42.04,Completed
864,Customer_864,user_864@example.com,South,2025-05-13,8085.0,2024-05-08,186.49,Pending
864,Customer_864,user_864@example.com,South,2025-05-13,8284.0,2024-05-16,246.58,Pending
864,Customer_864,user_864@example.com,South,2025-05-13,8960.0,2024-06-13,104.36,Cancelled
865,Customer_865,user_865@example.com,West,2025-05-14,5601.0,2024-01-26,353.61,Pending
865,Customer_865,user_865@example.com,West,2025-05-14,7050.0,2024-03-26,307.88,Pending
865,Customer_865,user_865@example.com,West,2025-05-14,7069.0,2024-03-27,45.5,Pending
865,Customer_865,user_865@example.com,West,2025-05-14,8584.0,2024-05-29,152.77,Shipped
865,Customer_865,user_865@example.com,West,2025-05-14,8588.0,2024-05-29,145.71,Completed
866,Customer_866,user_866@example.com,North,2025-05-15,6115.0,2024-02-16,231.9,Pending
866,Customer_866,user_866@example.com,North,2025-05-15,6647.0,2024-03-09,87.03,Pending
866,Customer_866,user_866@example.com,North,2025-05-15,6929.0,2024-03-21,257.66,Completed
866,Customer_866,user_866@example.com,North,2025-05-15,7375.0,2024-04-08,264.05,Cancelled
866,Customer_866,user_866@example.com,North,2025-05-15,7709.0,2024-04-22,91.49,Pending
866,Customer_866,user_866@example.com,North,2025-05-15,8518.0,2024-05-26,415.23,Cancelled
866,Customer_866,user_866@example.com,North,2025-05-15,8773.0,2024-06-06,218.48,Pending
866,Customer_866,user_866@example.com,North,2025-05-15,9801.0,2024-07-19,52.36,Completed
866,Customer_866,user_866@example.com,North,2025-05-15,9964.0,2024-07-25,238.98,Shipped
867,Customer_867,user_867@example.com,North,2025-05-16,5173.0,2024-01-08,301.55,Shipped
867,Customer_867,user_867@example.com,North,2025-05-16,6391.0,2024-02-27,173.91,Shipped
867,Customer_867,user_867@example.com,North,2025-05-16,6639.0,2024-03-09,71.43,Shipped
867,Customer_867,user_867@example.com,North,2025-05-16,7027.0,2024-03-25,305.3,Pending
867,Customer_867,user_867@example.com,North,2025-05-16,7799.0,2024-04-26,214.82,Pending
867,Customer_867,user_867@example.com,North,2025-05-16,9306.0,2024-06-28,287.42,Completed
867,Customer_867,user_867@example.com,North,2025-05-16,9578.0,2024-07-09,357.1,Shipped
868,Customer_868,user_868@example.com,South,2025-05-17,6281.0,2024-02-23,192.47,Pending
868,Customer_868,user_868@example.com,South,2025-05-17,7372.0,2024-04-08,216.02,Pending
868,Customer_868,user_868@example.com,South,2025-05-17,7542.0,2024-04-15,57.13,Completed
868,Customer_868,user_868@example.com,South,2025-05-17,8930.0,2024-06-12,24.0,Completed
869,Customer_869,user_869@example.com,East,2025-05-18,5406.0,2024-01-17,29.42,Shipped
869,Customer_869,user_869@example.com,East,2025-05-18,8082.0,2024-05-08,291.04,Completed
869,Customer_869,user_869@example.com,East,2025-05-18,8338.0,2024-05-19,365.61,Shipped
869,Customer_869,user_869@example.com,East,2025-05-18,9053.0,2024-06-17,485.92,Cancelled
869,Customer_869,user_869@example.com,East,2025-05-18,9492.0,2024-07-06,33.03,Completed
870,Customer_870,user_870@example.com,South,2025-05-19,5376.0,2024-01-16,352.27,Shipped
870,Customer_870,user_870@example.com,South,2025-05-19,8924.0,2024-06-12,197.78,Pending
870,Customer_870,user_870@example.com,South,2025-05-19,9369.0,2024-07-01,239.44,Completed
871,Customer_871,user_871@example.com,North,2025-05-20,5091.0,2024-01-04,196.92,Pending
871,Customer_871,user_871@example.com,North,2025-05-20,5421.0,2024-01-18,284.09,Completed
871,Customer_871,user_871@example.com,North,2025-05-20,6231.0,2024-02-21,70.03,Cancelled
871,Customer_871,user_871@example.com,North,2025-05-20,9509.0,2024-07-06,443.24,Shipped
871,Customer_871,user_871@example.com,North,2025-05-20,9883.0,2024-07-22,32.79,Shipped
872,Customer_872,user_872@example.com,West,2025-05-21,7829.0,2024-04-27,268.65,Cancelled
872,Customer_872,user_872@example.com,West,2025-05-21,8290.0,2024-05-17,225.58,Completed
872,Customer_872,user_872@example.com,West,2025-05-21,9095.0,2024-06-19,450.07,Pending
872,Customer_872,user_872@example.com,West,2025-05-21,9329.0,2024-06-29,373.66,Pending
873,Customer_873,user_873@example.com,South,2025-05-22,5994.0,2024-02-11,22.04,Shipped
873,Customer_873,user_873@example.com,South,2025-05-22,6228.0,2024-02-21,458.02,Cancelled
873,Customer_873,user_873@example.com,South,2025-05-22,6616.0,2024-03-08,168.5,Pending
873,Customer_873,user_873@example.com,South,2025-05-22,8281.0,2024-05-16,424.86,Shipped
873,Customer_873,user_873@example.com,South,2025-05-22,8452.0,2024-05-23,220.04,Completed
873,Customer_873,user_873@example.com,South,2025-05-22,8782.0,2024-06-06,205.34,Shipped
874,Customer_874,user_874@example.com,North,2025-05-23,7215.0,2024-04-02,377.66,Pending
874,Customer_874,user_874@example.com,North,2025-05-23,8748.0,2024-06-05,207.65,Completed
874,Customer_874,user_874@example.com,North,2025-05-23,9519.0,2024-07-07,305.1,Shipped
874,Customer_874,user_874@example.com,North,2025-05-23,9703.0,2024-07-14,267.46,Cancelled
875,Customer_875,user_875@example.com,South,2025-05-24,8126.0,2024-05-10,454.46,Completed
875,Customer_875,user_875@example.com,South,2025-05-24,9522.0,2024-07-07,187.78,Cancelled
875,Customer_875,user_875@example.com,South,2025-05-24,9626.0,2024-07-11,81.26,Shipped
876,Customer_876,user_876@example.com,East,2025-05-25,6311.0,2024-02-24,42.35,Cancelled
876,Customer_876,user_876@example.com,East,2025-05-25,6980.0,2024-03-23,496.24,Shipped
876,Customer_876,user_876@example.com,East,2025-05-25,8138.0,2024-05-10,168.78,Pending
876,Customer_876,user_876@example.com,East,2025-05-25,8405.0,2024-05-21,363.73,Cancelled
876,Customer_876,user_876@example.com,East,2025-05-25,8449.0,2024-05-23,284.03,Shipped
876,Customer_876,user_876@example.com,East,2025-05-25,8841.0,2024-06-09,60.55,Completed
877,Customer_877,user_877@example.com,South,2025-05-26,5596.0,2024-01-25,452.2,Cancelled
877,Customer_877,user_877@example.com,South,2025-05-26,5786.0,2024-02-02,408.78,Completed
877,Customer_877,user_877@example.com,South,2025-05-26,6184.0,2024-02-19,357.35,Shipped
877,Customer_877,user_877@example.com,South,2025-05-26,7744.0,2024-04-24,211.05,Completed
877,Customer_877,user_877@example.com,South,2025-05-26,8564.0,2024-05-28,499.69,Cancelled
877,Customer_877,user_877@example.com,South,2025-05-26,8806.0,2024-06-07,123.03,Cancelled
877,Customer_877,user_877@example.com,South,2025-05-26,9738.0,2024-07-16,323.4,Pending
877,Customer_877,user_877@example.com,South,2025-05-26,9767.0,2024-07-17,25.91,Pending
877,Customer_877,user_877@example.com,South,2025-05-26,9838.0,2024-07-20,200.33,Completed
878,Customer_878,user_878@example.com,South,2025-05-27,5394.0,2024-01-17,411.25,Pending
878,Customer_878,user_878@example.com,South,2025-05-27,6629.0,2024-03-08,221.87,Shipped
878,Customer_878,user_878@example.com,South,2025-05-27,7720.0,2024-04-23,235.68,Cancelled
878,Customer_878,user_878@example.com,South,2025-05-27,7903.0,2024-04-30,413.98,Cancelled
878,Customer_878,user_878@example.com,South,2025-05-27,8122.0,2024-05-10,53.63,Completed
879,Customer_879,user_879@example.com,North,2025-05-28,5540.0,2024-01-23,176.38,Completed
880,Customer_880,user_880@example.com,North,2025-05-29,5199.0,2024-01-09,203.23,Cancelled
880,Customer_880,user_880@example.com,North,2025-05-29,6685.0,2024-03-11,46.96,Shipped
880,Customer_880,user_880@example.com,North,2025-05-29,7513.0,2024-04-14,101.46,Pending
881,Customer_881,user_881@example.com,North,2025-05-30,5501.0,2024-01-21,66.26,Pending
881,Customer_881,user_881@example.com,North,2025-05-30,5613.0,2024-01-26,41.29,Shipped
881,Customer_881,user_881@example.com,North,2025-05-30,6100.0,2024-02-15,308.0,Completed
881,Customer_881,user_881@example.com,North,2025-05-30,6197.0,2024-02-19,89.27,Completed
881,Customer_881,user_881@example.com,North,2025-05-30,6837.0,2024-03-17,377.88,Shipped
881,Customer_881,user_881@example.com,North,2025-05-30,7147.0,2024-03-30,58.71,Cancelled
881,Customer_881,user_881@example.com,North,2025-05-30,7435.0,2024-04-11,180.22,Pending
881,Customer_881,user_881@example.com,North,2025-05-30,7938.0,2024-05-02,162.83,Completed
881,Customer_881,user_881@example.com,North,2025-05-30,8353.0,2024-05-19,152.23,Pending
881,Customer_881,user_881@example.com,North,2025-05-30,9093.0,2024-06-19,206.47,Completed
882,Customer_882,user_882@example.com,South,2025-05-31,5422.0,2024-01-18,180.39,Cancelled
882,Customer_882,user_882@example.com,South,2025-05-31,7473.0,2024-04-13,351.53,Completed
882,Customer_882,user_882@example.com,South,2025-05-31,7521.0,2024-04-15,179.48,Cancelled
882,Customer_882,user_882@example.com,South,2025-05-31,8926.0,2024-06-12,340.76,Completed
882,Customer_882,user_882@example.com,South,2025-05-31,9938.0,2024-07-24,270.79,Completed
883,Customer_883,user_883@example.com,East,2025-06-01,5030.0,2024-01-02,403.75,Shipped
883,Customer_883,user_883@example.com,East,2025-06-01,5334.0,2024-01-14,439.37,Cancelled
883,Customer_883,user_883@example.com,East,2025-06-01,5776.0,2024-02-02,118.25,Pending
883,Customer_883,user_883@example.com,East,2025-06-01,6021.0,2024-02-12,248.67,Completed
883,Customer_883,user_883@example.com,East,2025-06-01,7168.0,2024-03-31,205.01,Completed
883,Customer_883,user_883@example.com,East,2025-06-01,7245.0,2024-04-03,130.87,Pending
883,Customer_883,user_883@example.com,East,2025-06-01,8440.0,2024-05-23,17.11,Shipped
883,Customer_883,user_883@example.com,East,2025-06-01,8770.0,2024-06-06,362.87,Completed
883,Customer_883,user_883@example.com,East,2025-06-01,9021.0,2024-06-16,369.83,Cancelled
883,Customer_883,user_883@example.com,East,2025-06-01,9024.0,2024-06-16,349.97,Cancelled
884,Customer_884,user_884@example.com,West,2025-06-02,5215.0,2024-01-09,238.13,Pending
884,Customer_884,user_884@example.com,West,2025-06-02,5704.0,2024-01-30,316.82,Pending
884,Customer_884,user_884@example.com,West,2025-06-02,5717.0,2024-01-30,252.28,Cancelled
884,Customer_884,user_884@example.com,West,2025-06-02,6735.0,2024-03-13,414.29,Shipped
885,Customer_885,user_885@example.com,West,2025-06-03,5863.0,2024-02-05,102.13,Completed
885,Customer_885,user_885@example.com,West,2025-06-03,6718.0,2024-03-12,81.88,Pending
886,Customer_886,user_886@example.com,North,2025-06-04,5698.0,2024-01-30,180.88,Shipped
886,Customer_886,user_886@example.com,North,2025-06-04,5852.0,2024-02-05,41.52,Shipped
886,Customer_886,user_886@example.com,North,2025-06-04,5941.0,2024-02-09,424.54,Shipped
886,Customer_886,user_886@example.com,North,2025-06-04,8003.0,2024-05-05,114.56,Shipped
886,Customer_886,user_886@example.com,North,2025-06-04,8369.0,2024-05-20,183.32,Completed
886,Customer_886,user_886@example.com,North,2025-06-04,9952.0,2024-07-25,59.83,Completed
887,Customer_887,user_887@example.com,North,2025-06-05,5550.0,2024-01-23,108.6,Completed
887,Customer_887,user_887@example.com,North,2025-06-05,6713.0,2024-03-12,91.94,Shipped
887,Customer_887,user_887@example.com,North,2025-06-05,7029.0,2024-03-25,40.16,Shipped
887,Customer_887,user_887@example.com,North,2025-06-05,7591.0,2024-04-17,495.24,Completed
887,Customer_887,user_887@example.com,North,2025-06-05,8318.0,2024-05-18,86.55,Shipped
888,Customer_888,user_888@example.com,South,2025-06-06,5064.0,2024-01-03,263.12,Cancelled
888,Customer_888,user_888@example.com,South,2025-06-06,5374.0,2024-01-16,25.89,Shipped
888,Customer_888,user_888@example.com,South,2025-06-06,5466.0,2024-01-20,54.14,Cancelled
888,Customer_888,user_888@example.com,South,2025-06-06,5691.0,2024-01-29,293.21,Cancelled
888,Customer_888,user_888@example.com,South,2025-06-06,5950.0,2024-02-09,331.85,Completed
888,Customer_888,user_888@example.com,South,2025-06-06,6026.0,2024-02-12,358.28,Pending
888,Customer_888,user_888@example.com,South,2025-06-06,6350.0,2024-02-26,489.65,Cancelled
888,Customer_888,user_888@example.com,South,2025-06-06,7349.0,2024-04-07,233.94,Pending
888,Customer_888,user_888@example.com,South,2025-06-06,8336.0,2024-05-18,222.29,Pending
888,Customer_888,user_888@example.com,South,2025-06-06,8339.0,2024-05-19,327.61,Completed
889,Customer_889,user_889@example.com,West,2025-06-07,6196.0,2024-02-19,469.96,Pending
889,Customer_889,user_889@example.com,West,2025-06-07,6858.0,2024-03-18,317.34,Shipped
889,Customer_889,user_889@example.com,West,2025-06-07,7602.0,2024-04-18,168.67,Completed
889,Customer_889,user_889@example.com,West,2025-06-07,8183.0,2024-05-12,444.16,Cancelled
889,Customer_889,user_889@example.com,West,2025-06-07,8485.0,2024-05-25,386.1,Cancelled
890,Customer_890,user_890@example.com,North,2025-06-08,6059.0,2024-02-14,66.31,Completed
890,Customer_890,user_890@example.com,North,2025-06-08,6878.0,2024-03-19,314.47,Pending
890,Customer_890,user_890@example.com,North,2025-06-08,8402.0,2024-05-21,409.37,Shipped
890,Customer_890,user_890@example.com,North,2025-06-08,9751.0,2024-07-16,354.29,Completed
891,Customer_891,user_891@example.com,East,2025-06-09,5431.0,2024-01-18,483.62,Cancelled
891,Customer_891,user_891@example.com,East,2025-06-09,5708.0,2024-01-30,123.53,Pending
891,Customer_891,user_891@example.com,East,2025-06-09,5853.0,2024-02-05,212.58,Cancelled
891,Customer_891,user_891@example.com,East,2025-06-09,6015.0,2024-02-12,263.6,Pending
891,Customer_891,user_891@example.com,East,2025-06-09,6364.0,2024-02-26,270.48,Cancelled
891,Customer_891,user_891@example.com,East,2025-06-09,7368.0,2024-04-08,89.72,Shipped
891,Customer_891,user_891@example.com,East,2025-06-09,7436.0,2024-04-11,46.08,Shipped
891,Customer_891,user_891@example.com,East,2025-06-09,7499.0,2024-04-14,407.38,Pending
891,Customer_891,user_891@example.com,East,2025-06-09,9453.0,2024-07-04,432.39,Pending
891,Customer_891,user_891@example.com,East,2025-06-09,9475.0,2024-07-05,363.72,Shipped
891,Customer_891,user_891@example.com,East,2025-06-09,9921.0,2024-07-24,125.79,Shipped
891,Customer_891,user_891@example.com,East,2025-06-09,9972.0,2024-07-26,62.39,Cancelled
892,Customer_892,user_892@example.com,East,2025-06-10,6761.0,2024-03-14,223.79,Cancelled
892,Customer_892,user_892@example.com,East,2025-06-10,7390.0,2024-04-09,494.92,Cancelled
892,Customer_892,user_892@example.com,East,2025-06-10,7667.0,2024-04-21,25.15,Cancelled
892,Customer_892,user_892@example.com,East,2025-06-10,8317.0,2024-05-18,176.55,Cancelled
892,Customer_892,user_892@example.com,East,2025-06-10,9244.0,2024-06-25,432.45,Shipped
892,Customer_892,user_892@example.com,East,2025-06-10,9450.0,2024-07-04,78.36,Cancelled
893,Customer_893,user_893@example.com,North,2025-06-11,5934.0,2024-02-08,235.13,Cancelled
893,Customer_893,user_893@example.com,North,2025-06-11,7012.0,2024-03-24,411.45,Cancelled
893,Customer_893,user_893@example.com,North,2025-06-11,8577.0,2024-05-29,143.6,Cancelled
894,Customer_894,user_894@example.com,North,2025-06-12,5813.0,2024-02-03,98.64,Pending
894,Customer_894,user_894@example.com,North,2025-06-12,5859.0,2024-02-05,219.45,Shipped
894,Customer_894,user_894@example.com,North,2025-06-12,8928.0,2024-06-12,340.66,Cancelled
894,Customer_894,user_894@example.com,North,2025-06-12,9676.0,2024-07-13,239.19,Cancelled
895,Customer_895,user_895@example.com,West,2025-06-13,6491.0,2024-03-03,270.99,Cancelled
895,Customer_895,user_895@example.com,West,2025-06-13,6831.0,2024-03-17,216.6,Completed
895,Customer_895,user_895@example.com,West,2025-06-13,8319.0,2024-05-18,61.83,Cancelled
896,Customer_896,user_896@example.com,West,2025-06-14,5906.0,2024-02-07,463.02,Shipped
896,Customer_896,user_896@example.com,West,2025-06-14,6405.0,2024-02-28,79.87,Shipped
896,Customer_896,user_896@example.com,West,2025-06-14,9891.0,2024-07-22,472.96,Cancelled
897,Customer_897,user_897@example.com,South,2025-06-15,6978.0,2024-03-23,104.92,Shipped
897,Customer_897,user_897@example.com,South,2025-06-15,7487.0,2024-04-13,357.1,Pending
897,Customer_897,user_897@example.com,South,2025-06-15,8259.0,2024-05-15,421.11,Cancelled
897,Customer_897,user_897@example.com,South,2025-06-15,9543.0,2024-07-08,398.87,Shipped
898,Customer_898,user_898@example.com,West,2025-06-16,5674.0,2024-01-29,389.31,Shipped
898,Customer_898,user_898@example.com,West,2025-06-16,7840.0,2024-04-28,434.56,Shipped
899,Customer_899,user_899@example.com,East,2025-06-17,6301.0,2024-02-24,493.55,Shipped
899,Customer_899,user_899@example.com,East,2025-06-17,6302.0,2024-02-24,315.38,Cancelled
899,Customer_899,user_899@example.com,East,2025-06-17,7092.0,2024-03-28,395.7,Pending
899,Customer_899,user_899@example.com,East,2025-06-17,7570.0,2024-04-17,94.84,Shipped
899,Customer_899,user_899@example.com,East,2025-06-17,8371.0,2024-05-20,23.21,Pending
899,Customer_899,user_899@example.com,East,2025-06-17,8388.0,2024-05-21,129.29,Pending
899,Customer_899,user_899@example.com,East,2025-06-17,8813.0,2024-06-07,22.21,Shipped
900,Customer_900,user_900@example.com,East,2025-06-18,5018.0,2024-01-01,469.28,Shipped
900,Customer_900,user_900@example.com,East,2025-06-18,5331.0,2024-01-14,143.57,Completed
900,Customer_900,user_900@example.com,East,2025-06-18,5756.0,2024-02-01,183.43,Pending
900,Customer_900,user_900@example.com,East,2025-06-18,5916.0,2024-02-08,154.11,Pending
900,Customer_900,user_900@example.com,East,2025-06-18,8264.0,2024-05-15,67.17,Pending
900,Customer_900,user_900@example.com,East,2025-06-18,8509.0,2024-05-26,40.72,Cancelled
900,Customer_900,user_900@example.com,East,2025-06-18,9916.0,2024-07-23,360.41,Cancelled
901,Customer_901,user_901@example.com,North,2025-06-19,6363.0,2024-02-26,166.94,Shipped
901,Customer_901,user_901@example.com,North,2025-06-19,6679.0,2024-03-10,404.24,Shipped
901,Customer_901,user_901@example.com,North,2025-06-19,7101.0,2024-03-28,221.4,Pending
901,Customer_901,user_901@example.com,North,2025-06-19,8125.0,2024-05-10,250.26,Cancelled
901,Customer_901,user_901@example.com,North,2025-06-19,8430.0,2024-05-22,89.87,Pending
902,Customer_902,user_902@example.com,West,2025-06-20,5037.0,2024-01-02,386.16,Cancelled
902,Customer_902,user_902@example.com,West,2025-06-20,5382.0,2024-01-16,171.39,Pending
902,Customer_902,user_902@example.com,West,2025-06-20,5659.0,2024-01-28,147.91,Completed
902,Customer_902,user_902@example.com,West,2025-06-20,6603.0,2024-03-07,25.94,Shipped
902,Customer_902,user_902@example.com,West,2025-06-20,7692.0,2024-04-22,442.64,Pending
902,Customer_902,user_902@example.com,West,2025-06-20,9007.0,2024-06-15,373.7,Completed
903,Customer_903,user_903@example.com,South,2025-06-21,7180.0,2024-03-31,224.69,Cancelled
903,Customer_903,user_903@example.com,South,2025-06-21,7674.0,2024-04-21,155.79,Shipped
903,Customer_903,user_903@example.com,South,2025-06-21,8363.0,2024-05-20,200.66,Pending
903,Customer_903,user_903@example.com,South,2025-06-21,9216.0,2024-06-24,199.73,Pending
904,Customer_904,user_904@example.com,East,2025-06-22,6084.0,2024-02-15,53.31,Cancelled
904,Customer_904,user_904@example.com,East,2025-06-22,8411.0,2024-05-22,403.2,Cancelled
904,Customer_904,user_904@example.com,East,2025-06-22,9308.0,2024-06-28,195.57,Completed
904,Customer_904,user_904@example.com,East,2025-06-22,9940.0,2024-07-24,362.0,Pending
905,Customer_905,user_905@example.com,East,2025-06-23,6733.0,2024-03-13,256.09,Pending
905,Customer_905,user_905@example.com,East,2025-06-23,6931.0,2024-03-21,91.55,Cancelled
905,Customer_905,user_905@example.com,East,2025-06-23,8093.0,2024-05-08,396.53,Completed
905,Customer_905,user_905@example.com,East,2025-06-23,8794.0,2024-06-07,369.17,Pending
905,Customer_905,user_905@example.com,East,2025-06-23,9354.0,2024-06-30,64.44,Shipped
905,Customer_905,user_905@example.com,East,2025-06-23,9779.0,2024-07-18,270.3,Pending
905,Customer_905,user_905@example.com,East,2025-06-23,9840.0,2024-07-20,48.85,Shipped
906,Customer_906,user_906@example.com,South,2025-06-24,5028.0,2024-01-02,69.14,Completed
906,Customer_906,user_906@example.com,South,2025-06-24,5834.0,2024-02-04,31.27,Cancelled
906,Customer_906,user_906@example.com,South,2025-06-24,7462.0,2024-04-12,180.22,Shipped
906,Customer_906,user_906@example.com,South,2025-06-24,7831.0,2024-04-27,209.41,Cancelled
906,Customer_906,user_906@example.com,South,2025-06-24,8998.0,2024-06-15,110.2,Pending
906,Customer_906,user_906@example.com,South,2025-06-24,9696.0,2024-07-14,37.55,Pending
907,Customer_907,user_907@example.com,South,2025-06-25,6937.0,2024-03-21,380.12,Pending
907,Customer_907,user_907@example.com,South,2025-06-25,7784.0,2024-04-25,477.88,Cancelled
907,Customer_907,user_907@example.com,South,2025-06-25,8684.0,2024-06-02,241.97,Cancelled
908,Customer_908,user_908@example.com,East,2025-06-26,5684.0,2024-01-29,257.78,Shipped
908,Customer_908,user_908@example.com,East,2025-06-26,8490.0,2024-05-25,388.16,Completed
909,Customer_909,user_909@example.com,East,2025-06-27,5732.0,2024-01-31,162.72,Completed
909,Customer_909,user_909@example.com,East,2025-06-27,6806.0,2024-03-16,31.62,Shipped
909,Customer_909,user_909@example.com,East,2025-06-27,6912.0,2024-03-20,185.35,Completed
909,Customer_909,user_909@example.com,East,2025-06-27,6973.0,2024-03-23,159.99,Pending
909,Customer_909,user_909@example.com,East,2025-06-27,7174.0,2024-03-31,223.42,Pending
909,Customer_909,user_909@example.com,East,2025-06-27,7426.0,2024-04-11,230.73,Shipped
909,Customer_909,user_909@example.com,East,2025-06-27,8846.0,2024-06-09,450.47,Cancelled
909,Customer_909,user_909@example.com,East,2025-06-27,9456.0,2024-07-04,24.26,Cancelled
910,Customer_910,user_910@example.com,South,2025-06-28,5785.0,2024-02-02,291.1,Completed
910,Customer_910,user_910@example.com,South,2025-06-28,6487.0,2024-03-02,419.19,Pending
910,Customer_910,user_910@example.com,South,2025-06-28,9250.0,2024-06-26,468.74,Cancelled
910,Customer_910,user_910@example.com,South,2025-06-28,9442.0,2024-07-04,404.19,Completed
910,Customer_910,user_910@example.com,South,2025-06-28,9491.0,2024-07-06,170.23,Pending
911,Customer_911,user_911@example.com,East,2025-06-29,5299.0,2024-01-13,79.04,Completed
911,Customer_911,user_911@example.com,East,2025-06-29,5365.0,2024-01-16,153.07,Cancelled
911,Customer_911,user_911@example.com,East,2025-06-29,5791.0,2024-02-02,90.87,Cancelled
911,Customer_911,user_911@example.com,East,2025-06-29,6508.0,2024-03-03,157.47,Cancelled
911,Customer_911,user_911@example.com,East,2025-06-29,9242.0,2024-06-25,266.93,Completed
911,Customer_911,user_911@example.com,East,2025-06-29,9286.0,2024-06-27,131.2,Shipped
911,Customer_911,user_911@example.com,East,2025-06-29,9410.0,2024-07-02,133.64,Completed
912,Customer_912,user_912@example.com,North,2025-06-30,5668.0,2024-01-28,32.77,Completed
912,Customer_912,user_912@example.com,North,2025-06-30,5982.0,2024-02-10,72.41,Cancelled
912,Customer_912,user_912@example.com,North,2025-06-30,6700.0,2024-03-11,167.57,Shipped
912,Customer_912,user_912@example.com,North,2025-06-30,6970.0,2024-03-23,402.16,Shipped
912,Customer_912,user_912@example.com,North,2025-06-30,7662.0,2024-04-20,368.77,Completed
912,Customer_912,user_912@example.com,North,2025-06-30,7870.0,2024-04-29,316.65,Completed
913,Customer_913,user_913@example.com,North,2025-07-01,5109.0,2024-01-05,198.82,Pending
913,Customer_913,user_913@example.com,North,2025-07-01,7377.0,2024-04-09,129.94,Cancelled
913,Customer_913,user_913@example.com,North,2025-07-01,8121.0,2024-05-10,171.96,Pending
913,Customer_913,user_913@example.com,North,2025-07-01,8169.0,2024-05-12,165.93,Shipped
913,Customer_913,user_913@example.com,North,2025-07-01,9010.0,2024-06-16,211.47,Pending
914,Customer_914,user_914@example.com,South,2025-07-02,5001.0,2024-01-01,88.86,Completed
914,Customer_914,user_914@example.com,South,2025-07-02,6233.0,2024-02-21,406.56,Shipped
914,Customer_914,user_914@example.com,South,2025-07-02,6390.0,2024-02-27,78.06,Shipped
914,Customer_914,user_914@example.com,South,2025-07-02,7833.0,2024-04-28,111.85,Completed
915,Customer_915,user_915@example.com,West,2025-07-03,5634.0,2024-01-27,486.19,Shipped
915,Customer_915,user_915@example.com,West,2025-07-03,5955.0,2024-02-09,361.9,Completed
915,Customer_915,user_915@example.com,West,2025-07-03,5958.0,2024-02-09,465.85,Cancelled
915,Customer_915,user_915@example.com,West,2025-07-03,6515.0,2024-03-04,47.34,Shipped
915,Customer_915,user_915@example.com,West,2025-07-03,6667.0,2024-03-10,88.8,Pending
915,Customer_915,user_915@example.com,West,2025-07-03,6764.0,2024-03-14,448.88,Shipped
915,Customer_915,user_915@example.com,West,2025-07-03,7393.0,2024-04-09,389.55,Completed
915,Customer_915,user_915@example.com,West,2025-07-03,7465.0,2024-04-12,272.11,Pending
915,Customer_915,user_915@example.com,West,2025-07-03,7959.0,2024-05-03,293.81,Completed
916,Customer_916,user_916@example.com,South,2025-07-04,6087.0,2024-02-15,415.83,Cancelled
916,Customer_916,user_916@example.com,South,2025-07-04,6542.0,2024-03-05,268.8,Completed
916,Customer_916,user_916@example.com,South,2025-07-04,6696.0,2024-03-11,399.14,Shipped
916,Customer_916,user_916@example.com,South,2025-07-04,8276.0,2024-05-16,194.52,Pending
916,Customer_916,user_916@example.com,South,2025-07-04,9324.0,2024-06-29,185.54,Shipped
917,Customer_917,user_917@example.com,South,2025-07-05,5059.0,2024-01-03,200.39,Shipped
917,Customer_917,user_917@example.com,South,2025-07-05,5447.0,2024-01-19,339.22,Shipped
917,Customer_917,user_917@example.com,South,2025-07-05,5751.0,2024-02-01,481.39,Completed
917,Customer_917,user_917@example.com,South,2025-07-05,6221.0,2024-02-20,126.41,Cancelled
917,Customer_917,user_917@example.com,South,2025-07-05,6411.0,2024-02-28,310.27,Cancelled
917,Customer_917,user_917@example.com,South,2025-07-05,7290.0,2024-04-05,169.35,Completed
917,Customer_917,user_917@example.com,South,2025-07-05,8002.0,2024-05-05,387.7,Completed
917,Customer_917,user_917@example.com,South,2025-07-05,8883.0,2024-06-10,365.48,Cancelled
917,Customer_917,user_917@example.com,South,2025-07-05,9430.0,2024-07-03,164.76,Pending
918,Customer_918,user_918@example.com,West,2025-07-06,8625.0,2024-05-31,306.07,Completed
918,Customer_918,user_918@example.com,West,2025-07-06,9297.0,2024-06-28,184.75,Shipped
918,Customer_918,user_918@example.com,West,2025-07-06,9364.0,2024-06-30,333.93,Cancelled
918,Customer_918,user_918@example.com,West,2025-07-06,9871.0,2024-07-21,465.63,Pending
918,Customer_918,user_918@example.com,West,2025-07-06,9951.0,2024-07-25,291.67,Cancelled
919,Customer_919,user_919@example.com,West,2025-07-07,5567.0,2024-01-24,423.83,Shipped
919,Customer_919,user_919@example.com,West,2025-07-07,5609.0,2024-01-26,82.98,Cancelled
919,Customer_919,user_919@example.com,West,2025-07-07,6457.0,2024-03-01,117.3,Pending
919,Customer_919,user_919@example.com,West,2025-07-07,6688.0,2024-03-11,288.06,Pending
919,Customer_919,user_919@example.com,West,2025-07-07,7125.0,2024-03-29,285.98,Pending
919,Customer_919,user_919@example.com,West,2025-07-07,9816.0,2024-07-19,151.88,Shipped
920,Customer_920,user_920@example.com,West,2025-07-08,6145.0,2024-02-17,208.43,Cancelled
920,Customer_920,user_920@example.com,West,2025-07-08,8844.0,2024-06-09,378.63,Pending
920,Customer_920,user_920@example.com,West,2025-07-08,8892.0,2024-06-11,105.23,Cancelled
920,Customer_920,user_920@example.com,West,2025-07-08,9550.0,2024-07-08,303.36,Shipped
921,Customer_921,user_921@example.com,North,2025-07-09,5069.0,2024-01-03,291.13,Completed
921,Customer_921,user_921@example.com,North,2025-07-09,5444.0,2024-01-19,388.79,Completed
921,Customer_921,user_921@example.com,North,2025-07-09,5640.0,2024-01-27,443.61,Cancelled
921,Customer_921,user_921@example.com,North,2025-07-09,6143.0,2024-02-17,341.33,Completed
921,Customer_921,user_921@example.com,North,2025-07-09,6285.0,2024-02-23,449.39,Shipped
921,Customer_921,user_921@example.com,North,2025-07-09,7013.0,2024-03-24,467.61,Shipped
921,Customer_921,user_921@example.com,North,2025-07-09,7109.0,2024-03-28,328.02,Completed
921,Customer_921,user_921@example.com,North,2025-07-09,7872.0,2024-04-29,387.58,Shipped
921,Customer_921,user_921@example.com,North,2025-07-09,7922.0,2024-05-01,53.23,Pending
921,Customer_921,user_921@example.com,North,2025-07-09,8063.0,2024-05-07,290.37,Cancelled
922,Customer_922,user_922@example.com,East,2025-07-10,6774.0,2024-03-14,217.79,Completed
922,Customer_922,user_922@example.com,East,2025-07-10,7302.0,2024-04-05,143.96,Cancelled
922,Customer_922,user_922@example.com,East,2025-07-10,8005.0,2024-05-05,296.19,Pending
922,Customer_922,user_922@example.com,East,2025-07-10,9687.0,2024-07-14,269.42,Cancelled
923,Customer_923,user_923@example.com,North,2025-07-11,5981.0,2024-02-10,457.7,Cancelled
923,Customer_923,user_923@example.com,North,2025-07-11,8359.0,2024-05-19,340.98,Completed
923,Customer_923,user_923@example.com,North,2025-07-11,9652.0,2024-07-12,210.57,Shipped
923,Customer_923,user_923@example.com,North,2025-07-11,9808.0,2024-07-19,98.57,Completed
923,Customer_923,user_923@example.com,North,2025-07-11,9826.0,2024-07-20,444.28,Shipped
923,Customer_923,user_923@example.com,North,2025-07-11,9874.0,2024-07-22,301.95,Completed
923,Customer_923,user_923@example.com,North,2025-07-11,9884.0,2024-07-22,223.22,Cancelled
923,Customer_923,user_923@example.com,North,2025-07-11,9986.0,2024-07-26,452.64,Shipped
924,Customer_924,user_924@example.com,East,2025-07-12,5084.0,2024-01-04,455.56,Cancelled
924,Customer_924,user_924@example.com,East,2025-07-12,6853.0,2024-03-18,346.12,Completed
924,Customer_924,user_924@example.com,East,2025-07-12,7052.0,2024-03-26,68.58,Cancelled
924,Customer_924,user_924@example.com,East,2025-07-12,7563.0,2024-04-16,463.46,Cancelled
924,Customer_924,user_924@example.com,East,2025-07-12,8327.0,2024-05-18,238.55,Completed
924,Customer_924,user_924@example.com,East,2025-07-12,9645.0,2024-07-12,190.3,Shipped
925,Customer_925,user_925@example.com,North,2025-07-13,5524.0,2024-01-22,103.84,Pending
925,Customer_925,user_925@example.com,North,2025-07-13,5557.0,2024-01-24,283.84,Cancelled
925,Customer_925,user_925@example.com,North,2025-07-13,5971.0,2024-02-10,243.48,Pending
925,Customer_925,user_925@example.com,North,2025-07-13,6518.0,2024-03-04,340.35,Completed
925,Customer_925,user_925@example.com,North,2025-07-13,7852.0,2024-04-28,399.61,Pending
925,Customer_925,user_925@example.com,North,2025-07-13,8697.0,2024-06-03,498.66,Shipped
925,Customer_925,user_925@example.com,North,2025-07-13,9272.0,2024-06-26,396.26,Pending
926,Customer_926,user_926@example.com,East,2025-07-14,7170.0,2024-03-31,355.67,Cancelled
926,Customer_926,user_926@example.com,East,2025-07-14,8689.0,2024-06-02,359.36,Pending
926,Customer_926,user_926@example.com,East,2025-07-14,9490.0,2024-07-06,484.47,Pending
926,Customer_926,user_926@example.com,East,2025-07-14,9824.0,2024-07-19,153.55,Cancelled
927,Customer_927,user_927@example.com,North,2025-07-15,5201.0,2024-01-09,463.38,Completed
927,Customer_927,user_927@example.com,North,2025-07-15,6753.0,2024-03-14,424.59,Pending
927,Customer_927,user_927@example.com,North,2025-07-15,7085.0,2024-03-27,384.52,Cancelled
927,Customer_927,user_927@example.com,North,2025-07-15,7680.0,2024-04-21,233.69,Shipped
927,Customer_927,user_927@example.com,North,2025-07-15,8995.0,2024-06-15,341.37,Completed
927,Customer_927,user_927@example.com,North,2025-07-15,9809.0,2024-07-19,71.19,Cancelled
928,Customer_928,user_928@example.com,West,2025-07-16,5494.0,2024-01-21,332.56,Completed
928,Customer_928,user_928@example.com,West,2025-07-16,6050.0,2024-02-13,244.32,Cancelled
928,Customer_928,user_928@example.com,West,2025-07-16,7391.0,2024-04-09,142.35,Completed
928,Customer_928,user_928@example.com,West,2025-07-16,9701.0,2024-07-14,445.68,Shipped
929,Customer_929,user_929@example.com,South,2025-07-17,5076.0,2024-01-04,50.11,Cancelled
929,Customer_929,user_929@example.com,South,2025-07-17,5114.0,2024-01-05,364.74,Pending
929,Customer_929,user_929@example.com,South,2025-07-17,5517.0,2024-01-22,315.18,Shipped
929,Customer_929,user_929@example.com,South,2025-07-17,6505.0,2024-03-03,309.74,Pending
929,Customer_929,user_929@example.com,South,2025-07-17,6773.0,2024-03-14,198.64,Cancelled
929,Customer_929,user_929@example.com,South,2025-07-17,6857.0,2024-03-18,418.61,Completed
929,Customer_929,user_929@example.com,South,2025-07-17,8761.0,2024-06-05,252.03,Cancelled
929,Customer_929,user_929@example.com,South,2025-07-17,9218.0,2024-06-24,243.06,Completed
929,Customer_929,user_929@example.com,South,2025-07-17,9536.0,2024-07-07,40.87,Cancelled
929,Customer_929,user_929@example.com,South,2025-07-17,9836.0,2024-07-20,335.64,Pending
930,Customer_930,user_930@example.com,North,2025-07-18,5081.0,2024-01-04,487.08,Cancelled
930,Customer_930,user_930@example.com,North,2025-07-18,5420.0,2024-01-18,475.67,Completed
930,Customer_930,user_930@example.com,North,2025-07-18,5983.0,2024-02-10,328.19,Pending
930,Customer_930,user_930@example.com,North,2025-07-18,6167.0,2024-02-18,427.74,Pending
930,Customer_930,user_930@example.com,North,2025-07-18,6826.0,2024-03-17,157.18,Shipped
930,Customer_930,user_930@example.com,North,2025-07-18,7363.0,2024-04-08,62.79,Completed
931,Customer_931,user_931@example.com,East,2025-07-19,6341.0,2024-02-25,439.35,Cancelled
931,Customer_931,user_931@example.com,East,2025-07-19,6683.0,2024-03-11,480.42,Cancelled
931,Customer_931,user_931@example.com,East,2025-07-19,8838.0,2024-06-08,418.9,Completed
932,Customer_932,user_932@example.com,West,2025-07-20,5053.0,2024-01-03,435.02,Completed
932,Customer_932,user_932@example.com,West,2025-07-20,6984.0,2024-03-23,255.87,Pending
932,Customer_932,user_932@example.com,West,2025-07-20,7839.0,2024-04-28,471.69,Shipped
933,Customer_933,user_933@example.com,North,2025-07-21,5392.0,2024-01-17,396.05,Shipped
933,Customer_933,user_933@example.com,North,2025-07-21,6358.0,2024-02-26,297.1,Completed
933,Customer_933,user_933@example.com,North,2025-07-21,9510.0,2024-07-06,358.39,Shipped
933,Customer_933,user_933@example.com,North,2025-07-21,9513.0,2024-07-07,167.01,Cancelled
934,Customer_934,user_934@example.com,North,2025-07-22,5161.0,2024-01-07,16.41,Cancelled
934,Customer_934,user_934@example.com,North,2025-07-22,7066.0,2024-03-27,114.93,Shipped
934,Customer_934,user_934@example.com,North,2025-07-22,8385.0,2024-05-21,399.61,Completed
934,Customer_934,user_934@example.com,North,2025-07-22,8623.0,2024-05-30,27.41,Pending
934,Customer_934,user_934@example.com,North,2025-07-22,8911.0,2024-06-11,229.62,Completed
934,Customer_934,user_934@example.com,North,2025-07-22,8989.0,2024-06-15,385.3,Pending
934,Customer_934,user_934@example.com,North,2025-07-22,9188.0,2024-06-23,232.93,Completed
934,Customer_934,user_934@example.com,North,2025-07-22,9429.0,2024-07-03,419.62,Shipped
935,Customer_935,user_935@example.com,West,2025-07-23,5108.0,2024-01-05,96.22,Completed
935,Customer_935,user_935@example.com,West,2025-07-23,5279.0,2024-01-12,447.23,Cancelled
935,Customer_935,user_935@example.com,West,2025-07-23,9145.0,2024-06-21,206.7,Completed
935,Customer_935,user_935@example.com,West,2025-07-23,9648.0,2024-07-12,198.4,Pending
936,Customer_936,user_936@example.com,North,2025-07-24,5176.0,2024-01-08,467.39,Completed
936,Customer_936,user_936@example.com,North,2025-07-24,5355.0,2024-01-15,277.27,Shipped
936,Customer_936,user_936@example.com,North,2025-07-24,5581.0,2024-01-25,419.28,Pending
936,Customer_936,user_936@example.com,North,2025-07-24,5979.0,2024-02-10,435.22,Pending
936,Customer_936,user_936@example.com,North,2025-07-24,6045.0,2024-02-13,224.62,Shipped
936,Customer_936,user_936@example.com,North,2025-07-24,7875.0,2024-04-29,266.07,Cancelled
936,Customer_936,user_936@example.com,North,2025-07-24,8368.0,2024-05-20,55.67,Pending
936,Customer_936,user_936@example.com,North,2025-07-24,8444.0,2024-05-23,457.66,Cancelled
936,Customer_936,user_936@example.com,North,2025-07-24,8573.0,2024-05-28,466.56,Cancelled
936,Customer_936,user_936@example.com,North,2025-07-24,9399.0,2024-07-02,172.07,Shipped
937,Customer_937,user_937@example.com,South,2025-07-25,5023.0,2024-01-01,262.68,Cancelled
937,Customer_937,user_937@example.com,South,2025-07-25,5187.0,2024-01-08,239.82,Shipped
937,Customer_937,user_937@example.com,South,2025-07-25,6589.0,2024-03-07,110.94,Completed
937,Customer_937,user_937@example.com,South,2025-07-25,7130.0,2024-03-29,196.36,Pending
937,Customer_937,user_937@example.com,South,2025-07-25,7644.0,2024-04-20,83.84,Shipped
937,Customer_937,user_937@example.com,South,2025-07-25,7945.0,2024-05-02,55.35,Completed
937,Customer_937,user_937@example.com,South,2025-07-25,8232.0,2024-05-14,273.14,Cancelled
937,Customer_937,user_937@example.com,South,2025-07-25,8272.0,2024-05-16,164.1,Pending
937,Customer_937,user_937@example.com,South,2025-07-25,8443.0,2024-05-23,159.31,Pending
937,Customer_937,user_937@example.com,South,2025-07-25,8687.0,2024-06-02,50.43,Shipped
938,Customer_938,user_938@example.com,North,2025-07-26,5205.0,2024-01-09,486.89,Pending
938,Customer_938,user_938@example.com,North,2025-07-26,5600.0,2024-01-25,419.01,Completed
938,Customer_938,user_938@example.com,North,2025-07-26,7177.0,2024-03-31,336.94,Completed
938,Customer_938,user_938@example.com,North,2025-07-26,9131.0,2024-06-21,447.01,Completed
938,Customer_938,user_938@example.com,North,2025-07-26,9415.0,2024-07-02,447.91,Cancelled
939,Customer_939,user_939@example.com,South,2025-07-27,5260.0,2024-01-11,247.17,Pending
939,Customer_939,user_939@example.com,South,2025-07-27,5292.0,2024-01-13,372.48,Completed
939,Customer_939,user_939@example.com,South,2025-07-27,5435.0,2024-01-19,196.17,Cancelled
939,Customer_939,user_939@example.com,South,2025-07-27,5644.0,2024-01-27,254.52,Shipped
939,Customer_939,user_939@example.com,South,2025-07-27,9819.0,2024-07-19,381.69,Shipped
940,Customer_940,user_940@example.com,South,2025-07-28,5855.0,2024-02-05,68.17,Shipped
940,Customer_940,user_940@example.com,South,2025-07-28,6256.0,2024-02-22,28.99,Cancelled
940,Customer_940,user_940@example.com,South,2025-07-28,6788.0,2024-03-15,247.3,Completed
940,Customer_940,user_940@example.com,South,2025-07-28,6946.0,2024-03-22,315.84,Shipped
940,Customer_940,user_940@example.com,South,2025-07-28,6960.0,2024-03-22,274.11,Pending
940,Customer_940,user_940@example.com,South,2025-07-28,7299.0,2024-04-05,274.43,Pending
940,Customer_940,user_940@example.com,South,2025-07-28,7759.0,2024-04-24,222.16,Cancelled
940,Customer_940,user_940@example.com,South,2025-07-28,7851.0,2024-04-28,320.12,Pending
940,Customer_940,user_940@example.com,South,2025-07-28,8417.0,2024-05-22,495.84,Cancelled
941,Customer_941,user_941@example.com,West,2025-07-29,5507.0,2024-01-22,142.57,Completed
941,Customer_941,user_941@example.com,West,2025-07-29,5777.0,2024-02-02,381.64,Pending
941,Customer_941,user_941@example.com,West,2025-07-29,6179.0,2024-02-19,146.62,Pending
942,Customer_942,user_942@example.com,North,2025-07-30,5096.0,2024-01-04,437.28,Shipped
942,Customer_942,user_942@example.com,North,2025-07-30,6035.0,2024-02-13,383.11,Cancelled
942,Customer_942,user_942@example.com,North,2025-07-30,7478.0,2024-04-13,308.04,Shipped
942,Customer_942,user_942@example.com,North,2025-07-30,8387.0,2024-05-21,338.14,Pending
943,Customer_943,user_943@example.com,West,2025-07-31,5031.0,2024-01-02,271.75,Pending
943,Customer_943,user_943@example.com,West,2025-07-31,5665.0,2024-01-28,87.09,Cancelled
943,Customer_943,user_943@example.com,West,2025-07-31,6513.0,2024-03-04,172.13,Cancelled
943,Customer_943,user_943@example.com,West,2025-07-31,9625.0,2024-07-11,402.45,Cancelled
943,Customer_943,user_943@example.com,West,2025-07-31,9667.0,2024-07-13,123.82,Cancelled
944,Customer_944,user_944@example.com,North,2025-08-01,5611.0,2024-01-26,18.88,Completed
944,Customer_944,user_944@example.com,North,2025-08-01,5620.0,2024-01-26,479.55,Shipped
944,Customer_944,user_944@example.com,North,2025-08-01,5903.0,2024-02-07,242.94,Pending
944,Customer_944,user_944@example.com,North,2025-08-01,6047.0,2024-02-13,310.38,Completed
944,Customer_944,user_944@example.com,North,2025-08-01,7216.0,2024-04-02,228.94,Completed
944,Customer_944,user_944@example.com,North,2025-08-01,8398.0,2024-05-21,477.87,Cancelled
944,Customer_944,user_944@example.com,North,2025-08-01,8686.0,2024-06-02,330.01,Pending
944,Customer_944,user_944@example.com,North,2025-08-01,9636.0,2024-07-12,441.65,Shipped
945,Customer_945,user_945@example.com,North,2025-08-02,5138.0,2024-01-06,182.86,Pending
945,Customer_945,user_945@example.com,North,2025-08-02,5311.0,2024-01-13,207.92,Cancelled
945,Customer_945,user_945@example.com,North,2025-08-02,5400.0,2024-01-17,232.26,Pending
945,Customer_945,user_945@example.com,North,2025-08-02,7645.0,2024-04-20,162.79,Shipped
945,Customer_945,user_945@example.com,North,2025-08-02,7929.0,2024-05-02,468.01,Pending
945,Customer_945,user_945@example.com,North,2025-08-02,9202.0,2024-06-24,282.74,Completed
946,Customer_946,user_946@example.com,East,2025-08-03,5371.0,2024-01-16,380.54,Cancelled
946,Customer_946,user_946@example.com,East,2025-08-03,6074.0,2024-02-14,329.19,Cancelled
946,Customer_946,user_946@example.com,East,2025-08-03,6891.0,2024-03-19,217.55,Completed
946,Customer_946,user_946@example.com,East,2025-08-03,7477.0,2024-04-13,136.81,Pending
946,Customer_946,user_946@example.com,East,2025-08-03,7734.0,2024-04-23,397.15,Cancelled
946,Customer_946,user_946@example.com,East,2025-08-03,9147.0,2024-06-21,432.42,Pending
946,Customer_946,user_946@example.com,East,2025-08-03,9307.0,2024-06-28,302.66,Completed
947,Customer_947,user_947@example.com,North,2025-08-04,5346.0,2024-01-15,429.32,Completed
947,Customer_947,user_947@example.com,North,2025-08-04,5373.0,2024-01-16,393.08,Pending
947,Customer_947,user_947@example.com,North,2025-08-04,6260.0,2024-02-22,421.86,Cancelled
947,Customer_947,user_947@example.com,North,2025-08-04,6392.0,2024-02-27,116.94,Cancelled
947,Customer_947,user_947@example.com,North,2025-08-04,6506.0,2024-03-03,276.0,Pending
947,Customer_947,user_947@example.com,North,2025-08-04,7120.0,2024-03-29,348.79,Shipped
947,Customer_947,user_947@example.com,North,2025-08-04,7848.0,2024-04-28,23.45,Cancelled
947,Customer_947,user_947@example.com,North,2025-08-04,8441.0,2024-05-23,327.98,Shipped
947,Customer_947,user_947@example.com,North,2025-08-04,8713.0,2024-06-03,198.74,Completed
947,Customer_947,user_947@example.com,North,2025-08-04,8781.0,2024-06-06,492.07,Pending
947,Customer_947,user_947@example.com,North,2025-08-04,8948.0,2024-06-13,323.2,Completed
947,Customer_947,user_947@example.com,North,2025-08-04,9861.0,2024-07-21,143.27,Pending
948,Customer_948,user_948@example.com,West,2025-08-05,5814.0,2024-02-03,296.12,Cancelled
948,Customer_948,user_948@example.com,West,2025-08-05,6399.0,2024-02-28,308.33,Completed
948,Customer_948,user_948@example.com,West,2025-08-05,6990.0,2024-03-23,309.86,Shipped
949,Customer_949,user_949@example.com,South,2025-08-06,5149.0,2024-01-07,452.73,Completed
949,Customer_949,user_949@example.com,South,2025-08-06,5672.0,2024-01-28,156.82,Cancelled
949,Customer_949,user_949@example.com,South,2025-08-06,7646.0,2024-04-20,413.92,Completed
949,Customer_949,user_949@example.com,South,2025-08-06,8210.0,2024-05-13,295.47,Shipped
950,Customer_950,user_950@example.com,North,2025-08-07,5310.0,2024-01-13,236.21,Completed
950,Customer_950,user_950@example.com,North,2025-08-07,7056.0,2024-03-26,258.6,Pending
950,Customer_950,user_950@example.com,North,2025-08-07,7782.0,2024-04-25,273.0,Cancelled
951,Customer_951,user_951@example.com,East,2025-08-08,,,,
952,Customer_952,user_952@example.com,West,2025-08-09,,,,
953,Customer_953,user_953@example.com,North,2025-08-10,,,,
954,Customer_954,user_954@example.com,West,2025-08-11,,,,
955,Customer_955,user_955@example.com,East,2025-08-12,,,,
956,Customer_956,user_956@example.com,East,2025-08-13,,,,
957,Customer_957,user_957@example.com,West,2025-08-14,,,,
958,Customer_958,user_958@example.com,North,2025-08-15,,,,
959,Customer_959,user_959@example.com,South,2025-08-16,,,,
960,Customer_960,user_960@example.com,East,2025-08-17,,,,
961,Customer_961,user_961@example.com,North,2025-08-18,,,,
962,Customer_962,user_962@example.com,North,2025-08-19,,,,
963,Customer_963,user_963@example.com,South,2025-08-20,,,,
964,Customer_964,user_964@example.com,East,2025-08-21,,,,
965,Customer_965,user_965@example.com,East,2025-08-22,,,,
966,Customer_966,user_966@example.com,North,2025-08-23,,,,
967,Customer_967,user_967@example.com,North,2025-08-24,,,,
968,Customer_968,user_968@example.com,South,2025-08-25,,,,
969,Customer_969,user_969@example.com,South,2025-08-26,,,,
970,Customer_970,user_970@example.com,East,2025-08-27,,,,
971,Customer_971,user_971@example.com,West,2025-08-28,,,,
972,Customer_972,user_972@example.com,East,2025-08-29,,,,
973,Customer_973,user_973@example.com,North,2025-08-30,,,,
974,Customer_974,user_974@example.com,East,2025-08-31,,,,
975,Customer_975,user_975@example.com,West,2025-09-01,,,,
976,Customer_976,user_976@example.com,South,2025-09-02,,,,
977,Customer_977,user_977@example.com,West,2025-09-03,,,,
978,Customer_978,user_978@example.com,West,2025-09-04,,,,
979,Customer_979,user_979@example.com,West,2025-09-05,,,,
980,Customer_980,user_980@example.com,South,2025-09-06,,,,
981,Customer_981,user_981@example.com,West,2025-09-07,,,,
982,Customer_982,user_982@example.com,West,2025-09-08,,,,
983,Customer_983,user_983@example.com,West,2025-09-09,,,,
984,Customer_984,user_984@example.com,North,2025-09-10,,,,
985,Customer_985,user_985@example.com,West,2025-09-11,,,,
986,Customer_986,user_986@example.com,South,2025-09-12,,,,
987,Customer_987,user_987@example.com,West,2025-09-13,,,,
988,Customer_988,user_988@example.com,West,2025-09-14,,,,
989,Customer_989,user_989@example.com,South,2025-09-15,,,,
990,Customer_990,user_990@example.com,West,2025-09-16,,,,
991,Customer_991,user_991@example.com,South,2025-09-17,,,,
992,Customer_992,user_992@example.com,West,2025-09-18,,,,
993,Customer_993,user_993@example.com,South,2025-09-19,,,,
994,Customer_994,user_994@example.com,West,2025-09-20,,,,
995,Customer_995,user_995@example.com,West,2025-09-21,,,,
996,Customer_996,user_996@example.com,North,2025-09-22,,,,
997,Customer_997,user_997@example.com,North,2025-09-23,,,,
998,Customer_998,user_998@example.com,West,2025-09-24,,,,
999,Customer_999,user_999@example.com,West,2025-09-25,,,,
1000,Customer_1000,user_1000@example.com,East,2025-09-26,,,,
