customer_id,age,revenue,transactions_count,signup_date,customer_segment,country,flag_churn,revenue_normalized,revenue_zscore,revenue_rank
1001,66,965.98,9,2023-01-10,B2B,UK,0,0.001964015984015984,-0.05894763478122057,1756
1002,75,386.46,21,2026-03-31,B2C,UK,0,0.0013850749250749251,-0.07023219432709032,3540
1003,19,505.52,104,2022-06-18,B2B,Japan,1,0.001504015984015984,-0.06791382799024043,3036
1004,75,122.17,65,2023-08-21,Enterprise,UK,0,0.001121048951048951,-0.07537851583864802,4780
1005,77,1016.54,191,2020-08-17,B2B,India,0,0.0020145254745254746,-0.05796311771427004,1662
1006,70,933.74,73,2022-07-27,B2C,Canada,0,0.0019318081918081919,-0.059575420189418464,1814
1007,58,207.38,155,2020-05-11,Enterprise,India,0,0.0012061738261738262,-0.07371928523590168,4378
1008,55,954.68,36,2023-07-16,Enterprise,Japan,0,0.0019527272727272726,-0.05916767123012369,1777
1009,40,578.78,187,2024-07-01,Enterprise,Canada,0,0.0015772027972027973,-0.06648729080027214,2750
1010,29,198.35,95,2023-01-01,SMB,UK,0,0.0011971528471528472,-0.073895119672503,4440
1011,68,383.37,174,2020-09-28,SMB,Singapore,0,0.001381988011988012,-0.07029236358612667,3552
1012,38,221.19,30,2022-05-14,B2B,Canada,1,0.00121997002997003,-0.07345037343418911,4302
1013,46,542.53,17,2026-05-12,B2B,India,1,0.001540989010989011,-0.06719315993945246,2895
1014,53,774.42,105,2023-07-12,Enterprise,France,0,0.0017726473526473528,-0.0626777393964311,2198
1015,60,287.14,52,2022-05-20,B2B,Canada,1,0.0012858541458541457,-0.07216617840718383,3967
1016,150,134.95,114,2025-08-06,Enterprise,Australia,0,0.0011338161838161838,-0.07512966045661425,4731
1017,69,1401.88,175,2024-06-08,SMB,Germany,0,0.0023994805194805196,-0.050459680084152955,1158
1018,44,250.89,92,2025-02-22,Enterprise,India,0,0.0012496403596403596,-0.07287204754636414,4147
1019,23,1290.9,88,2021-08-08,B2C,France,1,0.0022886113886113886,-0.05262071062391108,1279
1020,37,635.03,37,2022-12-20,Enterprise,Canada,0,0.0016333966033966034,-0.06539197661878544,2581
1021,71,1184.54,99,2021-07-25,B2C,Germany,0,0.002182357642357642,-0.05469177935889642,1406
1022,65,535.29,92,2022-10-07,SMB,Australia,0,0.0015337562437562438,-0.06733413904476739,2918
1023,60,2548.17,142,2026-04-18,Enterprise,USA,0,0.0035446253746253746,-0.028138832206883777,484
1024,73,7093.39,36,2026-01-16,SMB,USA,1,0.008085304695304696,0.060366837552707116,57
1025,58,1088.22,163,2022-12-12,B2C,Canada,0,0.0020861338661338664,-0.05656734668264397,1540
1026,39,97.68,58,2024-10-20,Enterprise,India,0,0.0010965834165834166,-0.0758553912929522,4859
1027,40,1756.22,178,2024-06-23,B2B,Canada,0,0.0027534665334665335,-0.04355988226961078,854
1028,51,361.98,134,2024-01-22,SMB,USA,0,0.0013606193806193806,-0.07070887505887334,3644
1029,21,44.01,190,2022-06-17,B2C,Japan,0,0.0010429670329670329,-0.07690046706398136,4969
1030,49,518.04,62,2021-07-20,SMB,Canada,0,0.0015165234765234766,-0.06767003539375663,2985
1031,33,2396.63,38,2025-09-18,Enterprise,Japan,0,0.0033932367632367633,-0.03108965729243924,531
1032,21,1815.87,115,2025-07-14,B2C,Japan,0,0.002813056943056943,-0.042398362430931986,811
1033,45,464.26,9,2021-01-07,Enterprise,UAE,0,0.0014627972027972027,-0.0687172531125185,3198
1034,45,4170.61,13,2020-07-11,Enterprise,USA,1,0.005165444555444555,0.0034537285150946107,182
1035,58,296.91,80,2021-03-25,Enterprise,Australia,0,0.0012956143856143857,-0.07197593450401715,3937
1036,39,4776.92,111,2021-09-18,B2B,France,0,0.005771148851148851,0.01525994969513377,142
1037,25,396.91,113,2021-10-17,Enterprise,Germany,1,0.0013955144855144856,-0.07002870929248524,3500
1038,43,454.83,23,2024-09-25,B2B,Australia,0,0.0014533766233766233,-0.06890087644996595,3247
1039,200,100.61,33,2020-09-17,Enterprise,Germany,0,0.0010995104895104894,-0.0757983375942543,4851
1040,47,462.09,54,2024-04-25,SMB,USA,0,0.0014606293706293705,-0.06875950789960873,3210
1041,67,1043.7,45,2024-04-12,SMB,France,0,0.002041658341658342,-0.05743425134681797,1604
1042,70,547.16,48,2025-04-01,SMB,Canada,0,0.0015456143856143855,-0.06710300341215854,2877
1043,26,135.22,85,2025-12-07,Enterprise,Japan,0,0.0011340859140859141,-0.07512440294854311,4729
1044,43,842.71,68,2022-10-26,B2B,Singapore,0,0.0018408691308691308,-0.06134797929947597,2005
1045,59,681.6,61,2026-03-16,Enterprise,Germany,1,0.0016799200799200798,-0.06448515383777503,2455
1046,76,718.33,106,2020-02-17,SMB,Canada,0,0.0017166133866133866,-0.06376993801757937,2346
1047,71,1415.44,52,2021-04-14,SMB,Singapore,0,0.002413026973026973,-0.05019563634546923,1144
1048,28,673.4,174,2026-01-08,B2C,France,0,0.0016717282717282718,-0.06464482630512065,2479
1049,74,790.72,172,2022-12-28,B2C,UAE,0,0.0017889310689310689,-0.06236034168695141,2154
1050,42,2979.1,177,2023-10-25,B2B,USA,0,0.003975124875124875,-0.0197476546028293,364
1051,51,349.61,165,2021-04-01,B2B,Germany,0,0.0013482617382617383,-0.07094974681753984,3702
1052,44,1629.55,41,2023-04-17,B2C,Germany,0,0.002626923076923077,-0.04602643244505825,955
1053,68,764.2,150,2024-11-15,B2B,Canada,1,0.0017624375624375624,-0.06287674581304967,2215
1054,27,375.43,42,2021-10-09,SMB,India,0,0.0013740559440559442,-0.0704469732679223,3578
1055,32,2728.27,58,2025-02-01,SMB,France,0,0.0037245454545454543,-0.0246318796009148,424
1056,67,340.8,52,2020-01-14,B2B,UK,0,0.0013394605394605394,-0.0711212973586758,3740
1057,22,1236.32,53,2022-12-14,SMB,UAE,0,0.002234085914085914,-0.05368350614436519,1348
1058,29,229.84,49,2025-08-12,B2C,Germany,1,0.0012286113886113886,-0.0732819384533916,4267
1059,25,198.96,141,2022-01-01,SMB,France,0,0.0011977622377622379,-0.07388324159871267,4433
1060,23,1720.33,190,2025-09-10,B2C,Japan,1,0.0027176123876123874,-0.04425874139802958,882
1061,41,79.0,36,2021-03-11,B2C,India,0,0.001077922077922078,-0.07621913296246635,4908
1062,18,170.85,180,2023-05-07,B2B,Singapore,0,0.0011696803196803195,-0.07443060660567428,4554
1063,42,2789.04,41,2025-09-10,B2C,India,0,0.003785254745254745,-0.023448550839866855,404
1064,62,6405.7,165,2022-03-25,SMB,USA,0,0.007398301698301698,0.046975964495523284,76
1065,64,2356.32,147,2021-09-18,Enterprise,USA,0,0.0033529670329670333,-0.03187458377520775,542
1066,28,210.16,122,2024-03-11,B2C,Australia,0,0.001208951048951049,-0.0736651523750211,4366
1067,79,1122.93,186,2021-10-23,B2C,Australia,0,0.002120809190809191,-0.05589146481172124,1494
1068,40,155.14,119,2026-01-18,Enterprise,Japan,1,0.0011539860139860138,-0.07473651568640595,4626
1069,53,523.6,24,2025-12-12,SMB,UK,1,0.001522077922077922,-0.06756176967199547,2966
1070,57,346.07,63,2020-01-03,Enterprise,France,0,0.0013447252747252746,-0.07101867859002807,3716
1071,24,2686.61,55,2023-08-20,B2C,USA,1,0.003682927072927073,-0.025443093624038994,441
1072,44,605.75,123,2025-06-24,Enterprise,UK,0,0.001604145854145854,-0.06596212416072199,2672
1073,62,65.8,132,2020-03-20,B2C,Germany,0,0.0010647352647352648,-0.07647616669038856,4938
1074,38,1111.14,25,2021-04-03,SMB,Australia,1,0.002109030969030969,-0.056121042664160854,1509
1075,22,461.44,61,2024-01-26,B2B,UAE,1,0.00145998001998002,-0.0687721648634837,3215
1076,50,431.27,31,2023-06-13,Enterprise,UK,0,0.00142984015984016,-0.06935964270980288,3354
1077,74,2704.63,149,2022-09-07,Enterprise,France,0,0.003700929070929071,-0.025092203640920942,435
1078,33,723.03,94,2020-08-25,Enterprise,Japan,0,0.0017213086913086912,-0.06367841843263736,2331
1079,28,166.88,5,2022-09-13,B2B,Singapore,0,0.0011657142857142858,-0.07450791144657211,4579
1080,71,398.34,68,2026-05-12,SMB,UAE,0,0.001396943056943057,-0.07000086397196033,3489
1081,49,383.43,133,2020-11-18,SMB,Singapore,0,0.0013820479520479522,-0.07029119525099975,3551
1082,67,572.55,144,2020-12-16,B2B,UAE,0,0.001570979020979021,-0.0666086029309506,2773
1083,41,300.85,91,2025-06-13,SMB,USA,0,0.0012995504495504494,-0.0718992138306828,3918
1084,26,704.46,140,2020-10-10,B2C,Canada,0,0.0017027572427572427,-0.06404001815441884,2389
1085,79,1030.57,193,2025-12-21,B2C,USA,0,0.0020285414585414583,-0.05768992201709211,1629
1086,53,1190.4,121,2021-05-30,B2C,Canada,0,0.002188211788211788,-0.05457767196150065,1401
1087,24,868.95,194,2021-06-09,SMB,Japan,0,0.0018670829170829171,-0.060837027403969984,1938
1088,45,751.53,171,2025-04-30,B2B,France,0,0.0017497802197802197,-0.06312345924735076,2245
1089,77,1021.06,109,2026-03-01,Enterprise,Singapore,0,0.002019040959040959,-0.0578751031347088,1645
1090,40,2705.57,153,2021-11-07,Enterprise,UK,0,0.003701868131868132,-0.02507389972393254,434
1091,56,118.76,98,2022-12-21,B2B,Japan,0,0.0011176423576423576,-0.07544491621836126,4792
1092,30,394.64,174,2025-12-01,Enterprise,USA,0,0.001393246753246753,-0.07007291130478702,3512
1093,68,845.6,129,2024-09-29,Enterprise,Australia,0,0.0018437562437562437,-0.06129170449086269,1995
1094,24,549.63,78,2022-05-17,B2B,Australia,0,0.0015480819180819182,-0.0670549069494337,2867
1095,38,303.55,160,2026-01-17,B2C,Singapore,0,0.0013022477522477522,-0.07184663874997144,3905
1096,77,83.68,189,2022-04-03,B2B,UAE,0,0.0010825974025974027,-0.07612800282256667,4896
1097,77,1690.53,157,2023-06-30,B2B,Australia,0,0.0026878421578421575,-0.04483901451106609,912
1098,56,1332.95,48,2024-06-22,SMB,UK,0,0.0023306193806193806,-0.0518019024224619,1231
1099,30,202.62,120,2024-03-09,Enterprise,Singapore,1,0.0012014185814185814,-0.0738119731559706,4412
1100,53,4239.62,83,2024-11-29,SMB,UK,0,0.005234385614385615,0.004797508633572789,178
1101,29,781.44,94,2025-10-20,B2C,USA,1,0.0017796603396603398,-0.06254104418658157,2181
1102,25,354.64,23,2025-01-23,SMB,India,0,0.001353286713286713,-0.07085180138939978,3681
1103,65,187.15,69,2021-05-10,SMB,Japan,0,0.001185964035964036,-0.07411320889619459,4489
1104,60,318.09,120,2022-10-12,B2C,France,0,0.0013167732267732267,-0.0715635122042147,3843
1105,53,507.1,99,2022-07-09,SMB,UAE,0,0.0015055944055944056,-0.06788306183189823,3030
1106,999,680.18,181,2020-09-19,Enterprise,USA,0,0.0016785014985014983,-0.0645128044357788,2457
1107,78,844.04,71,2023-10-16,B2C,UAE,0,0.0018421978021978022,-0.06132208120416259,1998
1108,64,909.08,128,2020-03-27,SMB,Singapore,0,0.0019071728271728271,-0.06005560592658224,1858
1109,75,1268.01,87,2026-03-18,Enterprise,USA,0,0.002265744255744256,-0.05306643047483074,1309
1110,61,429.06,108,2022-07-31,Enterprise,Japan,0,0.0014276323676323676,-0.06940267638697774,3368
1111,40,1037.43,154,2022-06-21,B2C,USA,0,0.0020353946053946054,-0.057556342367581025,1618
1112,51,298.1,71,2020-01-30,B2B,Singapore,0,0.0012968031968031968,-0.07195276252399993,3930
1113,72,801.42,21,2020-10-17,Enterprise,USA,0,0.0017996203796203797,-0.062151988589317496,2129
1114,40,458.25,127,2020-08-29,B2B,Japan,1,0.0014567932067932068,-0.06883428134773156,3233
1115,55,1060.79,60,2022-07-26,B2B,Canada,0,0.002058731268731269,-0.05710147055816717,1583
1116,46,333.07,55,2020-10-03,B2B,Australia,0,0.0013317382617382618,-0.07127181786752722,3778
1117,67,225.58,125,2020-05-08,B2B,Canada,0,0.0012243556443556443,-0.07336489024740288,4283
1118,41,556.48,107,2023-09-15,SMB,Canada,1,0.001554925074925075,-0.06692152202244377,2836
1119,39,448.9,111,2020-10-17,SMB,UAE,0,0.0014474525474525476,-0.0690163469050098,3275
1120,29,705.58,68,2025-10-06,B2C,UAE,0,0.0017038761238761238,-0.06401820923204968,2385
1121,33,303.41,88,2022-09-01,SMB,Germany,0,0.0013021078921078922,-0.07184936486526758,3906
1122,18,246.42,95,2023-02-14,B2B,Japan,0,0.0012451748251748253,-0.07295908851331961,4171
1123,68,238.83,12,2025-06-11,B2B,Australia,0,0.0012375924075924076,-0.07310688290687489,4216
1124,0,159.88,108,2022-05-27,SMB,Singapore,0,0.0011587212787212788,-0.07464421721137934,4606
1125,53,2749.19,136,2026-01-17,SMB,France,0,0.0037454445554445555,-0.024224520086662323,416
1126,59,491.27,17,2021-06-25,B2B,France,0,0.0014897802197802199,-0.06819130758288373,3089
1127,59,1040.42,43,2026-05-27,SMB,UK,0,0.0020383816183816186,-0.05749812033375622,1611
1128,41,4629.43,9,2026-06-18,B2B,France,0,0.0056238061938061945,0.012387987230645353,148
1129,56,131.46,17,2025-04-20,Enterprise,Germany,0,0.0011303296703296705,-0.07519761861649671,4744
1130,55,468.94,144,2022-09-22,Enterprise,UK,0,0.0014674725274725275,-0.0686261229726188,3177
1131,49,2982.48,51,2025-04-21,B2B,France,0,0.0039785014985014985,-0.01968183839067952,361
1132,75,516.74,35,2024-07-25,B2C,Canada,0,0.0015152247752247751,-0.06769534932150655,2991
1133,71,2258.36,52,2022-02-18,B2B,Canada,0,0.003255104895104895,-0.03378208559242442,583
1134,49,45.82,77,2021-01-21,B2C,Japan,0,0.0010447752247752246,-0.07686522228765263,4967
1135,78,550.07,12,2021-02-01,Enterprise,Canada,0,0.0015485214785214787,-0.06704633915850296,2864
1136,29,80.3,115,2024-10-31,SMB,UK,0,0.0010792207792207791,-0.07619381903471643,4902
1137,27,779.09,94,2023-12-22,B2C,Canada,0,0.0017773126873126875,-0.06258680397905257,2185
1138,74,733.17,195,2024-09-30,SMB,India,0,0.0017314385614385615,-0.06348096979618803,2292
1139,29,203.36,197,2024-08-10,SMB,Australia,1,0.0012021578421578423,-0.07379756368940527,4406
1140,30,655.92,120,2025-03-27,Enterprise,UAE,0,0.0016542657342657344,-0.06498520127209644,2532
1141,32,1378.91,141,2020-08-09,B2C,Australia,0,0.0023765334665334665,-0.050906957715241834,1183
1142,77,1440.3,13,2021-02-07,SMB,Singapore,0,0.002437862137862138,-0.049711556157882406,1110
1143,79,1527.81,156,2020-09-05,Enterprise,Canada,0,0.002525284715284715,-0.04800753937527082,1034
1144,47,3851.18,121,2024-07-07,SMB,Australia,1,0.004846333666333667,-0.002766292978101781,215
1145,70,2068.41,47,2023-10-21,B2B,Canada,0,0.003065344655344655,-0.037480839881729296,660
1146,30,292.72,172,2021-03-23,B2B,Canada,0,0.0012914285714285714,-0.07205752324038035,3954
1147,68,650.59,191,2022-10-15,B2B,Japan,0,0.0016489410589410592,-0.06508898837587108,2544
1148,65,941.93,197,2022-02-23,SMB,France,1,0.0019399900099900098,-0.05941594244459401,1801
1149,60,415.22,148,2022-02-18,B2C,UK,0,0.0014138061938061938,-0.06967217235625375,3427
1150,18,373.28,92,2026-01-05,B2C,Japan,1,0.0013719080919080918,-0.07048883860997023,3586
1151,35,1405.79,36,2025-01-11,SMB,Singapore,0,0.002403386613386613,-0.05038354357838206,1151
1152,56,174.99,45,2021-07-28,B2C,France,1,0.001173816183816184,-0.07434999148191686,4540
1153,29,334.38,125,2024-09-24,Enterprise,Germany,0,0.0013330469530469533,-0.07124630921725615,3770
1154,67,2249.59,112,2022-01-21,Enterprise,UAE,0,0.0032463436563436566,-0.03395285724347576,590
1155,61,440.05,125,2023-02-14,SMB,India,0,0.0014386113886113885,-0.06918867633623037,3306
1156,26,839.11,82,2025-03-09,B2B,Japan,1,0.0018372727272727273,-0.06141807940709111,2017
1157,66,1250.65,185,2022-10-20,SMB,Germany,0,0.0022484015984015984,-0.05340446877155267,1335
1158,21,1649.07,87,2020-11-04,Enterprise,Canada,0,0.002646423576423576,-0.04564633408376722,939
1159,73,391.81,91,2024-12-20,B2C,Australia,0,0.0013904195804195804,-0.07012801777827338,3522
1160,78,792.48,130,2026-03-04,B2C,USA,0,0.0017906893106893107,-0.062326070523228444,2147
1161,44,231.07,42,2021-02-05,B2B,USA,0,0.0012298401598401598,-0.07325798758328976,4260
1162,45,702.13,104,2020-07-26,Enterprise,Japan,0,0.0017004295704295706,-0.06408538850184753,2401
1163,41,192.29,50,2026-01-23,B2C,UK,0,0.001191098901098901,-0.07401312152032184,4466
1164,78,529.76,31,2020-03-01,SMB,UK,0,0.0015282317682317683,-0.0674418205989651,2942
1165,21,847.1,82,2021-01-17,Enterprise,Germany,0,0.0018452547452547452,-0.06126249611268972,1991
1166,77,209.41,176,2022-08-26,B2C,Singapore,1,0.0012082017982017984,-0.07367975656410758,4369
1167,79,1713.94,80,2021-11-12,B2B,Singapore,0,0.0027112287712287714,-0.044383169089046465,890
1168,45,312.38,154,2024-07-22,SMB,France,1,0.0013110689310689312,-0.07167469876379316,3866
1169,69,299.14,25,2025-06-12,SMB,Germany,0,0.0012978421578421578,-0.0719325113818,3923
1170,37,199.7,35,2025-05-25,SMB,UAE,1,0.0011985014985014986,-0.07386883213214733,4428
1171,46,1137.73,111,2022-05-25,B2B,Canada,0,0.0021355944055944055,-0.055603275480414514,1471
1172,50,2152.38,73,2024-06-30,B2C,Canada,1,0.003149230769230769,-0.03584575487160594,624
1173,47,504.93,34,2020-08-28,B2C,Japan,1,0.0015034265734265736,-0.06792531661898847,3040
1174,20,148.85,173,2021-11-05,B2B,Canada,0,0.0011477022977022977,-0.07485899615221131,4652
1175,36,206.21,23,2024-04-01,SMB,Singapore,0,0.001205004995004995,-0.07374206777087661,4383
1176,38,475.35,106,2020-01-09,Enterprise,UK,0,0.0014738761238761238,-0.06850130583655961,3150
1177,-5,365.45,91,2024-05-18,Enterprise,UAE,0,0.001364085914085914,-0.07064130634403319,3628
1178,38,141.87,74,2022-12-22,B2B,Singapore,0,0.0011407292707292706,-0.07499491247197623,4685
1179,37,854.45,16,2025-02-06,Enterprise,USA,1,0.0018525974025974026,-0.061119375059642114,1972
1180,72,450.95,4,2023-03-14,Enterprise,France,0,0.0014495004995004996,-0.0689764287881734,3261
1181,50,1357.34,182,2024-09-28,B2C,USA,0,0.002354985014985015,-0.05132697419336928,1208
1182,55,799.22,95,2026-03-26,B2B,India,0,0.0017974225774225775,-0.0621948275439712,2133
1183,26,717.6,68,2025-06-16,B2B,India,1,0.0017158841158841159,-0.06378415276162355,2349
1184,67,525.04,114,2021-09-26,B2C,France,0,0.0015235164835164835,-0.06753372962894941,2960
1185,48,702.58,53,2022-02-16,B2C,Germany,0,0.0017008791208791207,-0.06407662598839564,2400
1186,49,2970.77,142,2023-04-30,SMB,Singapore,0,0.003966803196803197,-0.019909858462949907,365
1187,58,93.88,80,2022-06-10,B2B,France,1,0.001092787212787213,-0.0759293858509904,4870
1188,40,857.89,111,2020-08-27,Enterprise,Japan,0,0.001856033966033966,-0.061052390512365426,1965
1189,40,534.7,83,2026-06-30,Enterprise,Canada,0,0.0015331668331668331,-0.06734562767351542,2920
1190,69,291.9,122,2026-01-29,SMB,Japan,0,0.0012906093906093906,-0.07207349048711491,3958
1191,59,1190.54,131,2020-09-06,Enterprise,India,0,0.0021883516483516482,-0.05457494584620451,1400
1192,33,406.31,42,2023-07-08,SMB,Australia,0,0.0014049050949050948,-0.06984567012260125,3460
1193,38,168.62,195,2020-08-22,Enterprise,India,0,0.0011674525474525473,-0.07447402972789145,4570
1194,29,246.58,178,2020-07-24,B2C,UK,0,0.0012453346653346653,-0.07295597295298117,4170
1195,23,1089.49,20,2025-05-06,B2C,UK,1,0.0020874025974025974,-0.0565426169224575,1535
1196,31,813.87,183,2025-08-21,B2B,USA,1,0.001812057942057942,-0.061909559050481774,2089
1197,39,146.27,194,2025-12-15,Enterprise,Japan,0,0.001145124875124875,-0.07490923456266883,4664
1198,48,110.85,53,2021-10-06,SMB,Germany,1,0.0011097402597402596,-0.07559894173259343,4816
1199,57,444.2,154,2020-08-20,B2B,Singapore,1,0.0014427572427572427,-0.0691078664899518,3291
1200,64,11.02,19,2025-09-11,B2C,Australia,0,0.00101000999000999,-0.07754285666126574,4992
1201,59,2945.55,117,2020-11-24,B2B,UAE,0,0.003941608391608392,-0.02040094866129825,372
1202,45,550.92,124,2022-01-31,SMB,France,0,0.0015493706293706294,-0.06702978774420494,2858
1203,22,1440.27,191,2020-10-07,Enterprise,UAE,0,0.002437832167832168,-0.04971214032544586,1111
1204,43,1504.21,117,2020-10-05,B2C,UAE,0,0.0025017082917082917,-0.04846708452519235,1052
1205,69,245.89,114,2022-08-21,B2B,Singapore,0,0.0012446453546453545,-0.07296940880694074,4176
1206,44,807.81,33,2024-07-11,B2B,Canada,0,0.001806003996003996,-0.0620275608983006,2104
1207,46,776.86,111,2021-05-06,B2C,UK,0,0.0017750849150849153,-0.06263022710126973,2192
1208,33,573.15,98,2026-05-22,SMB,France,1,0.0015715784215784216,-0.06659691957968139,2769
1209,73,201.06,28,2022-10-05,B2C,UK,0,0.0011998601398601398,-0.0738423498692705,4421
1210,43,1433.08,48,2026-06-29,B2C,Singapore,0,0.0024306493506493507,-0.049852145818155,1122
1211,25,368.84,53,2020-06-11,B2C,India,0,0.0013674725274725275,-0.07057529540936225,3615
1212,28,273.39,184,2020-12-01,SMB,Canada,0,0.001272117882117882,-0.07243392187376947,4030
1213,20,1694.23,177,2024-09-13,B2C,Australia,0,0.0026915384615384614,-0.04476696717823941,908
1214,19,377.8,63,2026-05-04,SMB,Japan,0,0.0013764235764235763,-0.07040082403040898,3573
1215,18,507.33,142,2025-11-11,B2C,Singapore,0,0.0015058241758241758,-0.0678785832139117,3027
1216,18,1025.75,115,2023-07-19,Enterprise,India,0,0.002023726273726274,-0.05778377827228795,1636
1217,37,839.1,157,2022-12-04,Enterprise,UAE,0,0.001837262737262737,-0.061418274129612274,2018
1218,59,172.27,53,2022-04-16,Enterprise,Australia,0,0.001171098901098901,-0.07440295600767054,4550
1219,48,152.58,26,2023-07-10,B2B,France,0,0.0011514285714285713,-0.07478636465182117,4635
1220,67,957.08,123,2022-09-04,Enterprise,India,0,0.0019551248751248753,-0.05912093782504692,1771
1221,33,757.14,161,2022-12-23,Enterprise,Japan,0,0.0017553846153846153,-0.06301421991298382,2232
1222,68,539.67,197,2024-06-09,SMB,Singapore,0,0.0015381318681318681,-0.06724885058050228,2908
1223,65,162.56,106,2021-06-20,Enterprise,USA,0,0.0011613986013986014,-0.07459203157571029,4598
1224,20,669.79,194,2023-05-13,B2C,India,0,0.001668121878121878,-0.06471512113525696,2493
1225,56,847.42,73,2025-02-15,SMB,Australia,0,0.0018455744255744257,-0.06125626499201281,1989
1226,23,41.12,19,2023-07-19,Enterprise,UK,0,0.00104007992007992,-0.07695674187259464,4971
1227,60,422.56,122,2020-10-24,Enterprise,India,0,0.0014211388611388611,-0.06952924602572731,3400
1228,54,723.14,187,2020-02-08,SMB,Australia,0,0.0017214185814185812,-0.06367627648490468,2330
1229,58,724.06,78,2025-02-20,B2B,Australia,1,0.0017223376623376624,-0.06365836201295859,2325
1230,53,4580.2,131,2026-04-25,B2B,Germany,0,0.005574625374625375,0.011429368259008182,151
1231,29,1786.31,186,2021-02-13,SMB,Australia,0,0.0027835264735264734,-0.04297396220346082,833
1232,27,987.12,149,2020-10-27,B2B,India,0,0.001985134865134865,-0.058535991371502734,1724
1233,52,1681.16,46,2026-01-11,Enterprise,Singapore,0,0.0026784815184815185,-0.045021469513386626,919
1234,72,775.61,101,2022-05-23,B2B,Singapore,0,0.001773836163836164,-0.06265456741641388,2194
1235,56,1141.13,168,2025-09-03,SMB,Australia,1,0.002138991008991009,-0.05553706982322242,1464
1236,19,2252.51,70,2022-12-22,B2B,Singapore,0,0.0032492607392607393,-0.033895998267299034,587
1237,74,135.09,194,2021-06-26,SMB,India,0,0.0011339560439560439,-0.07512693434131809,4730
1238,48,4510.68,57,2023-11-30,B2C,UK,1,0.005505174825174826,0.010075657291951205,158
1239,57,532.65,134,2020-10-08,SMB,France,0,0.0015311188811188811,-0.06738554579035182,2932
1240,62,1763.14,119,2022-09-27,B2C,Canada,0,0.002760379620379621,-0.04342513428497277,846
1241,32,1084.02,187,2024-02-22,B2C,Singapore,1,0.002081938061938062,-0.0566491301415283,1546
1242,50,992.74,39,2023-03-13,B2C,Canada,0,0.0019907492507492508,-0.05842655731461463,1712
1243,19,2231.24,126,2021-10-08,Enterprise,Australia,0,0.003228011988011988,-0.03431017306979188,598
1244,44,798.38,69,2024-11-29,B2B,USA,0,0.0017965834165834167,-0.06221118423574806,2135
1245,67,1951.63,74,2026-02-03,Enterprise,USA,0,0.0029486813186813186,-0.03975480948375626,726
1246,41,894.73,52,2023-05-24,SMB,UK,0,0.0018928371628371629,-0.060335032744437064,1894
1247,44,262.63,111,2025-12-06,SMB,India,0,0.0012613686313686315,-0.07264344330653029,4088
1248,68,217.8,103,2020-02-02,B2B,France,0,0.0012165834165834164,-0.07351638436886006,4317
1249,48,1071.16,38,2026-03-21,Enterprise,USA,0,0.002069090909090909,-0.0568995433037313,1568
1250,24,310.45,71,2023-05-11,SMB,USA,0,0.0013091408591408592,-0.07171228021037573,3875
1251,79,1131.86,111,2021-02-28,Enterprise,UK,0,0.002129730269730269,-0.055717577600331435,1477
1252,43,267.69,74,2021-07-04,SMB,Canada,0,0.0012664235764235764,-0.07254491371082677,4059
1253,78,2197.84,185,2022-12-19,SMB,France,0,0.0031946453546453546,-0.03496054629044353,609
1254,39,3038.13,135,2021-04-17,Enterprise,India,0,0.004034095904095905,-0.018598207560462005,348
1255,19,1313.55,36,2021-03-14,B2B,Germany,0,0.0023112387612387614,-0.05217966411349911,1253
1256,33,579.95,50,2026-03-16,SMB,India,0,0.0015783716283716285,-0.06646450826529722,2748
1257,42,597.77,72,2021-09-28,B2B,Singapore,1,0.0015961738261738262,-0.06611751273260223,2699
1258,33,971.96,40,2023-01-20,Enterprise,Australia,0,0.00196999000999001,-0.058831190713570965,1746
1259,74,4524.27,40,2023-02-28,B2C,UAE,1,0.005518751248751249,0.010340285198198395,157
1260,40,861.68,51,2022-05-12,Enterprise,India,0,0.0018598201798201797,-0.06097859067684837,1957
1261,53,1624.61,90,2023-11-05,Enterprise,USA,1,0.0026219880119880117,-0.04612262537050792,959
1262,66,302.4,20,2022-04-13,B2B,Japan,0,0.001301098901098901,-0.07186903183990405,3909
1263,31,668.55,2,2022-12-17,SMB,Japan,0,0.0016668831168831168,-0.06473926672787995,2500
1264,57,3204.24,110,2025-09-01,B2B,Australia,0,0.00420003996003996,-0.01536367176158635,316
1265,26,4067.99,151,2025-06-24,B2C,Australia,0,0.005062927072927072,0.001455486003020562,194
1266,57,225.03,81,2022-10-25,SMB,Singapore,0,0.0012238061938061938,-0.0733755999860663,4286
1267,48,675.86,169,2020-07-27,SMB,Australia,1,0.0016741858141858144,-0.06459692456491696,2470
1268,67,2046.2,185,2021-01-13,B2C,UK,0,0.003043156843156843,-0.03791331860121053,667
1269,24,2241.65,149,2024-09-30,B2B,UK,0,0.0032384115884115886,-0.0341074669252714,594
1270,75,566.74,39,2023-02-07,B2C,UAE,1,0.001565174825174825,-0.06672173671574058,2794
1271,62,671.16,154,2020-06-29,SMB,India,0,0.0016694905094905093,-0.06468844414985897,2483
1272,18,390.62,95,2020-01-15,B2C,Germany,0,0.0013892307692307691,-0.0701511897582906,3526
1273,38,148.21,72,2023-09-28,SMB,USA,0,0.0011470629370629371,-0.07487145839356511,4655
1274,46,534.69,51,2021-06-19,SMB,Canada,0,0.0015331568431568433,-0.06734582239603656,2921
1275,25,1067.99,71,2022-12-08,B2C,France,0,0.002065924075924076,-0.05696127034293687,1570
1276,26,148.18,21,2021-10-23,B2C,Singapore,0,0.001147032967032967,-0.07487204256112857,4656
1277,75,10547.16,58,2024-12-14,Enterprise,Singapore,0,0.011535624375624375,0.12761951774103292,33
1278,36,668.55,178,2026-03-09,B2C,Germany,0,0.0016668831168831168,-0.06473926672787995,2499
1279,73,3735.73,23,2024-10-17,B2B,Australia,1,0.004730999000999001,-0.005014364484815373,227
1280,64,1255.19,77,2026-04-16,SMB,France,0,0.002252937062937063,-0.053316064746949124,1329
1281,52,2343.7,119,2020-02-09,Enterprise,Australia,0,0.00334035964035964,-0.03212032359690309,549
1282,73,207.74,42,2021-04-03,Enterprise,Australia,0,0.0012065334665334665,-0.07371227522514016,4373
1283,44,1442.59,42,2020-11-04,Enterprise,France,0,0.0024401498501498502,-0.04966696470053832,1109
1284,38,1000000.0,92,2021-09-02,SMB,UAE,0,1.0,19.39449467443957,7
1285,40,730.71,168,2026-02-12,SMB,USA,0,0.001728981018981019,-0.06352887153639171,2304
1286,60,1311.85,155,2020-05-27,B2C,Germany,0,0.0023095404595404596,-0.052212766942095146,1257
1287,31,802.6,96,2024-02-21,SMB,USA,0,0.0018007992007992007,-0.06212901133182142,2124
1288,29,454.84,148,2026-03-13,B2C,Japan,0,0.0014533866133866133,-0.0689006817274448,3246
1289,77,758.33,190,2021-08-29,B2C,Australia,0,0.0017565734265734265,-0.0629910479329666,2228
1290,71,1555.72,13,2024-10-26,B2B,France,0,0.002553166833166833,-0.04746406881873227,1015
1291,22,541.75,170,2021-06-06,SMB,India,0,0.0015402097902097902,-0.06720834829610242,2897
1292,51,962.79,127,2020-06-20,B2B,France,1,0.001960829170829171,-0.059009751265468445,1763
1293,74,616.38,66,2023-06-16,Enterprise,Canada,0,0.0016147652347652348,-0.06575513412073615,2642
1294,72,208.77,43,2024-02-02,B2C,Australia,0,0.0012075624375624376,-0.07369221880546138,4370
1295,24,3255.1,49,2020-06-12,SMB,Japan,1,0.004250849150849151,-0.014373313019001216,305
1296,22,1464.17,91,2024-01-05,SMB,Singapore,0,0.0024617082917082916,-0.04924675349988973,1088
1297,52,449.77,140,2022-05-10,SMB,UAE,0,0.0014483216783216784,-0.06899940604566947,3270
1298,42,272.88,40,2022-10-19,SMB,Canada,0,0.0012716083916083918,-0.07244385272234827,4033
1299,47,385.76,124,2021-02-25,B2C,UAE,0,0.0013843756243756243,-0.07024582490357105,3543
1300,59,1165.28,92,2023-12-19,SMB,Australia,1,0.0021631168831168827,-0.05506681493463746,1425
1301,28,773.46,120,2026-04-12,SMB,Singapore,0,0.0017716883116883117,-0.06269643275846182,2199
1302,25,500000.0,196,2024-07-22,SMB,UK,0,0.5004995004995005,9.658368616779995,15
1303,55,222.01,132,2021-09-25,B2B,USA,0,0.0012207892107892109,-0.07343440618745456,4300
1304,45,891.27,92,2022-08-27,SMB,Singapore,1,0.0018893806193806195,-0.06040240673675607,1902
1305,29,558.89,42,2021-10-27,B2B,UK,0,0.0015573326673326672,-0.06687459389484585,2820
1306,62,381.51,140,2021-12-26,B2B,USA,0,0.0013801298701298702,-0.07032858197506116,3564
1307,51,3163.56,113,2024-08-15,Enterprise,Germany,1,0.004159400599400599,-0.01615580297763753,326
1308,48,459.88,22,2020-04-11,Enterprise,Japan,0,0.0014584215784215785,-0.06880254157678359,3223
1309,72,652.88,68,2022-01-04,SMB,UAE,0,0.0016512287712287714,-0.065044396918527,2535
1310,38,106.14,89,2023-09-22,Enterprise,UAE,1,0.001105034965034965,-0.07569065604005659,4836
1311,33,2621.46,114,2024-08-13,Enterprise,Canada,0,0.0036178421578421578,-0.026711710849352036,464
1312,41,270.49,72,2022-10-13,B2C,Canada,0,0.0012692207792207792,-0.07249039140490389,4043
1313,39,138.45,71,2022-12-28,B2C,Singapore,0,0.0011373126873126874,-0.07506150757421064,4710
1314,75,1638.75,136,2021-10-14,SMB,UAE,0,0.002636113886113886,-0.04584728772559731,946
1315,30,2005.78,18,2021-03-18,B2C,Germany,0,0.0030027772227772223,-0.038700387031711726,699
1316,26,1299.9,90,2024-04-15,Enterprise,UAE,1,0.0022976023976023978,-0.052445460354873207,1269
1317,62,115.24,60,2020-06-07,SMB,Japan,0,0.0011141258741258742,-0.0755134585458072,4805
1318,64,993.98,189,2025-04-11,SMB,UAE,0,0.001991988011988012,-0.05840241172199164,1707
1319,25,39.19,31,2022-06-30,SMB,Japan,0,0.0010381518481518482,-0.0769943233191772,4976
1320,40,192.73,113,2022-03-28,B2C,India,0,0.0011915384615384615,-0.0740045537293911,4463
1321,999,464.89,6,2025-02-28,Enterprise,USA,0,0.0014634265734265732,-0.06870498559368585,3191
1322,27,1917.08,146,2023-12-03,B2C,Singapore,0,0.0029141658341658343,-0.04042757579434054,747
1323,58,893.56,54,2023-06-04,SMB,Japan,0,0.0018916683316683317,-0.06035781527941199,1897
1324,73,2530.73,168,2022-07-21,SMB,USA,0,0.0035272027972027974,-0.028478428283774945,489
1325,34,364.67,179,2022-07-02,B2C,India,0,0.0013633066933066934,-0.07065649470068314,3631
1326,46,207.55,89,2020-04-06,Enterprise,Singapore,0,0.0012063436563436562,-0.07371597495304207,4375
1327,66,633.02,164,2022-03-02,SMB,Canada,0,0.0016313886113886113,-0.06543111584553724,2590
1328,68,448.95,6,2024-06-20,B2B,Germany,0,0.0014475024975024976,-0.06901537329240404,3274
1329,68,792.58,23,2023-09-06,B2B,USA,0,0.0017907892107892106,-0.06232412329801692,2146
1330,19,1188.03,48,2023-02-15,Enterprise,France,0,0.0021858441558441554,-0.054623821199013954,1404
1331,28,1874.46,100,2020-10-11,Enterprise,Germany,0,0.002871588411588412,-0.04125748317949544,775
1332,25,827.48,148,2023-02-17,B2C,UAE,0,0.0018256543456543458,-0.06164454169919228,2053
1333,38,852.48,189,2023-12-09,B2B,India,0,0.0018506293706293706,-0.061157735396309296,1976
1334,66,484.79,87,2025-09-17,B2C,India,0,0.0014833066933066933,-0.068317487776591,3113
1335,50,882.34,183,2024-06-25,B2B,Japan,0,0.0018804595404595405,-0.060576293948145864,1916
1336,67,4423.86,87,2026-01-05,B2C,USA,1,0.005418441558441558,0.008385076363299184,163
1337,24,442.85,117,2023-09-18,B2B,Australia,0,0.0014414085914085913,-0.06913415403030748,3298
1338,58,601.5,36,2020-04-23,B2C,UAE,0,0.0015999000999001,-0.0660448812322121,2689
1339,42,2106.46,110,2021-04-17,Enterprise,France,1,0.0031033566433566434,-0.0367399206887414,648
1340,26,4736.49,45,2022-12-05,B2B,France,0,0.005730759240759241,0.014472686542111412,145
1341,59,246.09,86,2022-01-01,SMB,Canada,0,0.0012448451548451548,-0.07296551435651767,4172
1342,65,257.38,87,2022-12-23,B2C,Germany,0,0.0012561238761238762,-0.07274567263013572,4115
1343,60,267.3,42,2020-06-05,SMB,Singapore,1,0.0012660339660339659,-0.07255250788915175,4061
1344,55,94.75,73,2021-03-20,B2C,France,1,0.0010936563436563438,-0.07591244499165008,4868
1345,44,727.0,29,2024-11-14,Enterprise,India,1,0.0017252747252747252,-0.06360111359173955,2317
1346,61,3710.19,21,2023-11-16,B2C,Australia,0,0.004705484515484516,-0.005511685803840623,231
1347,70,1728.4,190,2023-07-08,B2C,UK,0,0.0027256743256743256,-0.04410160032345895,873
1348,77,632.73,165,2024-11-22,SMB,USA,0,0.001631098901098901,-0.06543676279865068,2591
1349,27,2215.58,165,2025-09-25,B2C,Canada,0,0.0032123676323676325,-0.03461510853791777,604
1350,65,4749.65,158,2021-04-18,Enterprise,Germany,0,0.005743906093906094,0.014728941379949009,143
1351,43,703.1,195,2024-04-26,B2C,Australia,1,0.0017013986013986013,-0.06406650041729567,2395
1352,79,652.28,33,2026-06-19,Enterprise,UK,0,0.0016506293706293705,-0.06505608026979619,2540
1353,44,335.88,61,2022-02-17,Enterprise,France,0,0.0013345454545454546,-0.07121710083908317,3764
1354,73,1571.72,48,2022-11-09,B2C,Japan,0,0.0025691508491508495,-0.04715251278488716,1005
1355,39,3198.84,171,2020-06-30,Enterprise,UK,0,0.004194645354645355,-0.015468821923009066,318
1356,73,1893.09,80,2024-11-21,B2B,USA,0,0.0028901998001998005,-0.04089471512258705,763
1357,63,241.84,156,2020-01-07,SMB,Canada,0,0.0012405994005994004,-0.07304827142800778,4200
1358,66,1508.1,20,2025-10-30,B2C,UK,0,0.0025055944055944056,-0.048391337464463766,1047
1359,37,306.01,43,2026-01-14,SMB,India,0,0.0013047052947052946,-0.07179873700976776,3893
1360,43,79.17,74,2022-03-18,Enterprise,Singapore,0,0.001078091908091908,-0.07621582267960675,4907
1361,54,698.96,28,2024-01-31,SMB,Canada,0,0.0016972627372627374,-0.0641471155410531,2408
1362,53,2201.2,109,2024-11-01,B2B,France,0,0.0031980019980019977,-0.034895119523336064,607
1363,46,357.05,100,2020-10-13,SMB,USA,0,0.0013556943056943055,-0.07080487326180186,3669
1364,71,370.94,8,2023-09-14,B2B,Singapore,0,0.0013695704295704297,-0.07053440367992007,3602
1365,30,1397.14,103,2023-07-09,SMB,UAE,0,0.002394745254745255,-0.050551978559179575,1165
1366,24,723.74,88,2021-05-25,B2B,Canada,0,0.001722017982017982,-0.06366459313363548,2328
1367,28,583.63,65,2023-05-15,B2B,Australia,0,0.0015820479520479522,-0.06639285037751284,2737
1368,60,323.78,145,2025-09-08,SMB,Australia,1,0.0013224575424575424,-0.07145271508967853,3817
1369,73,1591.48,60,2023-06-20,SMB,Germany,0,0.002588891108891109,-0.04676774108308845,985
1370,73,513.41,148,2024-07-30,B2C,France,0,0.0015118981018981017,-0.06776019192105057,3005
1371,70,426.44,141,2023-08-29,B2B,UAE,0,0.001425014985014985,-0.06945369368751987,3379
1372,73,933.26,141,2024-07-06,SMB,Australia,0,0.0019313286713286714,-0.059584766870433827,1815
1373,61,189.87,159,2023-04-26,B2C,France,1,0.0011886813186813186,-0.07406024437044093,4481
1374,20,549.79,22,2026-03-20,SMB,Canada,0,0.0015482417582417581,-0.06705179138909526,2866
1375,61,893.92,15,2021-06-05,Enterprise,Canada,0,0.0018920279720279721,-0.06035080526865047,1896
1376,52,1135.33,79,2022-02-24,B2B,Canada,0,0.0021331968031968033,-0.05565000888549128,1475
1377,18,950.1,47,2024-09-18,B2C,India,0,0.001948151848151848,-0.05925685414481185,1783
1378,59,215.39,36,2024-04-01,SMB,UK,0,0.001214175824175824,-0.07356331249645798,4335
1379,18,124.87,96,2021-12-13,B2C,France,0,0.0011237462537462537,-0.07532594075793667,4775
1380,50,538.73,13,2026-05-20,SMB,Canada,0,0.0015371928071928071,-0.06726715449749068,2913
1381,43,171.57,25,2023-05-17,SMB,Germany,0,0.0011703996003996004,-0.07441658658415126,4551
1382,60,5238.1,53,2024-07-21,B2B,Singapore,0,0.0062318681318681325,0.02424016292567666,113
1383,65,114.86,86,2026-02-22,Enterprise,Singapore,1,0.0011137462537462537,-0.075520858001611,4808
1384,20,1122.32,195,2020-01-02,Enterprise,Australia,0,0.0021201998001997998,-0.055903342885511575,1496
1385,41,389.37,169,2023-05-29,B2C,UAE,0,0.0013879820179820178,-0.07017553007343474,3533
1386,74,3441.67,116,2023-03-21,SMB,Australia,0,0.004437232767232767,-0.010740374941846119,272
1387,52,1011.06,29,2022-05-10,SMB,Japan,0,0.002009050949050949,-0.05806982565586199,1675
1388,78,2237.4,169,2024-10-26,B2C,UAE,0,0.0032341658341658343,-0.034190223996761505,597
1389,78,314.52,68,2023-08-12,B2C,Germany,0,0.0013132067932067931,-0.07163302814426639,3862
1390,57,198.94,54,2025-03-19,B2C,Australia,0,0.0011977422577422578,-0.07388363104375498,4434
1391,76,269.91,168,2024-12-14,B2C,France,0,0.0012686413586413586,-0.07250168531113077,4048
1392,62,169.39,149,2024-12-16,B2B,Singapore,0,0.0011682217782217781,-0.07445903609376266,4566
1393,33,604.44,95,2022-05-25,B2B,India,0,0.001602837162837163,-0.06598763281099305,2678
1394,64,183.38,98,2025-09-24,Enterprise,Germany,0,0.0011821978021978024,-0.07418661928666934,4508
1395,59,576.96,145,2025-04-22,Enterprise,India,0,0.0015753846153846154,-0.06652273029912203,2757
1396,66,436.25,117,2021-11-26,B2B,USA,0,0.0014348151848151847,-0.06926267089426859,3323
1397,52,2966.37,90,2020-12-13,B2C,Canada,0,0.003962407592407592,-0.019995536372257313,368
1398,31,439.7,89,2023-03-08,Enterprise,Australia,1,0.0014382617382617383,-0.06919549162447074,3308
1399,50,967.8,4,2025-10-12,B2B,Australia,1,0.001965834165834166,-0.058912195282370704,1751
1400,75,1094.44,60,2023-10-04,SMB,Singapore,0,0.0020923476523476525,-0.05644622927448668,1529
1401,26,844.35,103,2021-01-17,B2B,France,0,0.0018425074925074924,-0.061316044806006845,1997
1402,36,359.2,166,2022-08-20,SMB,USA,0,0.001357842157842158,-0.07076300791975393,3660
1403,75,732.36,194,2023-06-25,Enterprise,Germany,0,0.0017306293706293707,-0.06349674232040144,2299
1404,47,2150.91,52,2022-07-09,SMB,Germany,0,0.0031477622377622375,-0.03587437908221546,626
1405,27,1416.37,195,2022-03-26,B2B,UAE,0,0.0024139560439560438,-0.05017752715100199,1142
1406,70,1956.53,157,2021-08-26,SMB,UK,1,0.0029535764235764234,-0.0396593954483912,724
1407,28,322.71,156,2020-04-10,SMB,UAE,0,0.0013213886113886113,-0.07147355039944192,3821
1408,43,2409.22,188,2020-07-08,B2B,UAE,0,0.0034058141858141857,-0.030844501638307376,526
1409,43,503.4,102,2022-09-29,Enterprise,India,0,0.001501898101898102,-0.0679551091647249,3043
1410,31,1982.21,91,2025-04-30,Enterprise,Canada,0,0.002979230769230769,-0.0391593480140698,709
1411,33,2412.82,7,2020-10-25,Enterprise,Canada,1,0.0034094105894105897,-0.03077440153069222,525
1412,56,137.98,149,2025-02-08,SMB,Canada,0,0.001136843156843157,-0.07507065953270482,4714
1413,47,763.04,38,2024-08-24,B2B,Germany,0,0.0017612787212787212,-0.06289933362550344,2221
1414,26,215.97,116,2026-06-15,Enterprise,Germany,0,0.0012147552447552448,-0.0735520185902311,4328
1415,30,510.13,44,2022-03-07,B2C,Singapore,0,0.0015086213786213787,-0.0678240609079888,3015
1416,56,2196.58,52,2024-04-21,B2C,Japan,0,0.0031933866133866135,-0.03498508132810884,610
1417,18,188.84,99,2025-07-17,SMB,Canada,0,0.0011876523476523476,-0.0740803007901197,4482
1418,72,711.59,93,2024-06-24,SMB,Canada,0,0.00170988011988012,-0.06390118099683662,2366
1419,56,1019.82,51,2022-09-26,SMB,USA,1,0.0020178021978021978,-0.05789924872733179,1650
1420,19,3411.18,151,2021-08-27,B2B,UAE,0,0.004406773226773227,-0.011334083908842205,281
1421,40,148.43,69,2020-01-23,Enterprise,Australia,0,0.0011472827172827173,-0.07486717449809975,4654
1422,51,883.3,14,2021-03-12,B2C,France,0,0.0018814185814185814,-0.060557600586115166,1913
1423,18,524.44,15,2024-10-07,B2C,Japan,0,0.001522917082917083,-0.06754541298021859,2961
1424,58,1258.23,143,2022-06-15,B2C,Canada,1,0.002255974025974026,-0.05325686910051856,1325
1425,59,600.13,126,2021-12-21,B2C,UK,0,0.0015985314685314687,-0.06607155821761009,2694
1426,59,897.56,124,2025-10-22,SMB,Japan,0,0.0018956643356643355,-0.06027992627095071,1884
1427,22,759.86,163,2025-03-17,B2C,Australia,0,0.0017581018981018982,-0.06296125538723016,2225
1428,56,1653.65,11,2020-07-24,B2C,Canada,0,0.002650999000999001,-0.04555715116907906,933
1429,49,1861.72,37,2026-04-02,SMB,Australia,1,0.002858861138861139,-0.041505559671444606,783
1430,27,384.21,72,2022-10-17,SMB,Germany,1,0.0013828271728271728,-0.07027600689434979,3548
1431,39,141.49,114,2021-05-12,B2B,UAE,1,0.0011403496503496504,-0.07500231192778005,4686
1432,41,989.94,149,2025-02-12,Enterprise,Singapore,0,0.001987952047952048,-0.05848107962053753,1719
1433,75,447.15,143,2021-06-30,Enterprise,Canada,0,0.0014457042957042958,-0.0690504233462116,3284
1434,52,388.39,45,2025-03-18,SMB,France,1,0.001387002997002997,-0.07019461288050777,3535
1435,48,1150.81,76,2025-12-15,B2C,USA,1,0.0021486613386613386,-0.05534857842274614,1449
1436,61,13970.88,8,2026-04-08,B2C,Japan,0,0.014955924075924075,0.19428705675329336,22
1437,-5,321.63,24,2023-07-23,B2C,Japan,0,0.0013203096903096905,-0.07149458043172646,3826
1438,65,408.49,32,2024-12-17,B2B,UAE,0,0.001407082917082917,-0.06980322061298984,3451
1439,67,245.93,71,2025-08-29,B2B,UAE,1,0.0012446853146853148,-0.07296862991685613,4174
1440,65,430.23,25,2024-10-13,B2B,Australia,0,0.0014288011988011988,-0.06937989385200281,3357
1441,38,39.43,113,2026-02-22,Enterprise,Germany,0,0.0010383916083916084,-0.07698964997866953,4975
1442,76,865.06,174,2024-12-31,SMB,Singapore,1,0.0018631968031968032,-0.06091277446469859,1945
1443,27,127.03,81,2021-10-13,Enterprise,Australia,0,0.001125904095904096,-0.07528388069336757,4764
1444,44,466.49,126,2025-04-28,B2C,Australia,0,0.0014650249750249751,-0.06867382999030133,3184
1445,50,794.99,95,2025-01-17,Enterprise,India,0,0.0017931968031968033,-0.06227719517041899,2141
1446,33,286.93,127,2022-11-27,B2B,India,0,0.0012856443556443556,-0.07217026758012804,3968
1447,22,2384.7,138,2022-10-09,B2C,Japan,0,0.003381318681318681,-0.031321961260175,532
1448,41,557.24,107,2023-02-09,Enterprise,Singapore,1,0.0015556843156843156,-0.06690672311083612,2832
1449,61,298.61,178,2025-11-05,B2B,Canada,0,0.0012973126873126874,-0.0719428316754211,3928
1450,65,641.5,184,2025-06-07,Enterprise,Australia,0,0.0016398601398601399,-0.06526599114759933,2562
1451,0,4857.22,1,2022-09-06,Enterprise,Germany,0,0.005851368631368632,0.0168235715399939,139
1452,71,382.42,9,2023-01-29,SMB,India,0,0.001381038961038961,-0.07031086222563622,3557
1453,31,147.73,106,2024-12-06,SMB,Australia,1,0.0011465834165834167,-0.07488080507458046,4658
1454,27,726.35,48,2020-11-13,B2C,Australia,0,0.0017246253746253746,-0.0636137705556145,2320
1455,74,830.93,154,2023-03-16,B2C,USA,1,0.001829100899100899,-0.06157736242939443,2041
1456,33,1176.91,138,2022-08-18,B2B,Australia,0,0.0021747352647352646,-0.054840352642536304,1416
1457,46,71.88,186,2023-01-17,B2C,France,0,0.001070809190809191,-0.07635777539752742,4926
1458,32,6970.96,45,2023-10-07,Enterprise,UAE,0,0.007962997002997003,0.05798284972622859,63
1459,39,323.25,18,2023-08-02,B2C,France,0,0.001321928071928072,-0.07146303538329965,3820
1460,60,6585.34,59,2026-01-21,Enterprise,France,1,0.007577762237762238,0.05047395986551922,70
1461,74,268.54,185,2020-11-26,B2C,France,0,0.0012672727272727273,-0.07252836229652876,4057
1462,23,139.84,195,2021-07-20,B2C,USA,0,0.0011387012987012987,-0.07503444114377034,4698
1463,76,1210.85,156,2021-09-09,B2C,UAE,0,0.0022086413586413587,-0.05417946440574238,1374
1464,68,328.6,81,2022-08-05,B2C,Australia,0,0.0013272727272727273,-0.07135885883448269,3794
1465,64,1236.02,15,2024-04-17,SMB,Canada,0,0.0022337862137862138,-0.053689347819999796,1349
1466,44,1493.93,163,2021-09-17,B2B,France,0,0.0024914385614385618,-0.04866725927693784,1066
1467,46,152.09,170,2022-05-26,SMB,India,0,0.0011509390609390608,-0.07479590605535767,4637
1468,62,549.86,153,2020-09-20,B2C,UK,1,0.0015483116883116884,-0.06705042833144717,2865
1469,45,1191.04,141,2024-08-26,Enterprise,USA,0,0.0021888511488511488,-0.05456520972014685,1399
1470,36,2420.05,66,2024-07-27,B2C,Germany,1,0.003416633366633367,-0.030633617147898463,521
1471,50,285.95,99,2023-09-17,B2C,Canada,0,0.0012846653346653347,-0.07218935038720106,3970
1472,79,372.37,57,2026-01-31,B2C,UAE,0,0.001370999000999001,-0.07050655835939518,3594
1473,27,875.19,61,2025-03-23,B2B,UAE,0,0.0018733166833166833,-0.060715520550770403,1927
1474,73,280.44,86,2024-08-30,B2B,UAE,0,0.0012791608391608392,-0.07229664249635646,3999
1475,28,426.97,85,2020-09-12,B2C,Singapore,0,0.0014255444555444556,-0.06944337339389875,3375
1476,61,213.07,139,2022-04-27,Enterprise,Japan,0,0.0012118581418581419,-0.07360848812136551,4350
1477,47,376.75,113,2024-09-16,B2B,Australia,0,0.0013753746253746253,-0.07042126989513008,3575
1478,31,1579.49,117,2024-05-14,SMB,UAE,0,0.0025769130869130867,-0.047001213385951125,995
1479,33,1652.29,57,2020-03-21,B2B,Germany,0,0.0026496403596403596,-0.04558363343195589,935
1480,24,249.39,171,2026-06-16,B2C,India,1,0.001248141858141858,-0.07290125592453713,4155
1481,70,9936.76,113,2024-04-07,Enterprise,Singapore,1,0.010925834165834166,0.11573365504984212,36
1482,-5,1632.52,175,2025-05-07,Enterprise,UK,0,0.0026298901098901098,-0.04596859985627575,953
1483,33,449.08,42,2020-01-25,B2C,Japan,0,0.0014476323676323676,-0.06901284189962904,3273
1484,77,336.85,132,2023-12-11,Enterprise,Singapore,0,0.0013355144855144855,-0.07119821275453131,3760
1485,68,900.7,190,2023-05-08,B2C,UAE,1,0.001898801198801199,-0.060218783399308605,1875
1486,52,611.41,153,2024-05-16,Enterprise,Germany,0,0.0016098001998001996,-0.0658519112137493,2654
1487,26,359.84,34,2024-09-12,Enterprise,Germany,0,0.0013584815184815185,-0.07075054567840013,3655
1488,66,271.93,56,2026-01-13,SMB,USA,0,0.0012706593406593407,-0.07246235136185783,4035
1489,53,421.53,69,2026-02-14,B2C,UAE,0,0.00142010989010989,-0.06954930244540608,3405
1490,26,1916.56,41,2022-06-22,Enterprise,Japan,1,0.0029136463536463537,-0.040437701365440504,749
1491,49,1851.03,161,2025-06-22,B2C,UAE,0,0.002848181818181818,-0.041713718046557366,792
1492,63,4042.99,44,2022-06-17,SMB,UAE,1,0.005037952047952048,0.0009686797001375834,197
1493,74,1698.1,199,2023-01-22,SMB,Singapore,0,0.002695404595404595,-0.04469160956255312,906
1494,43,1141.31,92,2024-11-20,Enterprise,Japan,0,0.002139170829170829,-0.05553356481784167,1463
1495,74,1358.56,84,2025-06-12,SMB,Japan,1,0.0023562037962037963,-0.051303218045788586,1206
1496,61,453.35,74,2020-04-28,SMB,Singapore,0,0.0014518981018981018,-0.06892969538309664,3253
1497,36,906.51,158,2024-05-11,B2B,Japan,1,0.0019046053946053946,-0.060105649614518614,1866
1498,70,693.9,116,2023-10-08,Enterprise,India,1,0.0016922077922077922,-0.06424564513675661,2424
1499,60,533.65,124,2024-07-14,Enterprise,UK,0,0.0015321178821178822,-0.0673660735382365,2926
1500,21,305.05,195,2021-11-07,B2B,Singapore,0,0.0013037462537462538,-0.07181743037179845,3900
1501,48,557.56,28,2025-03-29,B2B,UAE,0,0.0015560039960039959,-0.06690049199015922,2830
1502,30,595.06,40,2021-06-06,SMB,UK,0,0.0015934665334665335,-0.06617028253583475,2703
1503,63,454.99,103,2025-12-27,SMB,UK,0,0.0014535364635364636,-0.0688977608896275,3245
1504,27,1606.91,31,2020-04-20,Enterprise,Canada,0,0.002604305694305694,-0.04646728423294907,974
1505,65,482.16,66,2024-06-01,SMB,France,0,0.0014806793206793207,-0.06836869979965429,3123
1506,37,245.92,95,2026-04-30,B2C,Germany,0,0.0012446753246753248,-0.07296882463937727,4175
1507,69,260.9,18,2020-04-21,B2C,Australia,0,0.0012596403596403598,-0.0726771303026898,4095
1508,23,492.31,10,2020-12-09,Enterprise,Singapore,0,0.0014908191808191808,-0.0681710564406838,3084
1509,61,258.23,160,2024-10-21,B2C,UK,0,0.001256973026973027,-0.0727291212158377,4111
1510,65,718.15,112,2021-07-09,B2B,USA,0,0.0017164335664335666,-0.06377344302296012,2348
1511,25,1277.83,72,2025-03-06,Enterprise,France,0,0.0022755544455544453,-0.0528752129590583,1295
1512,52,278.48,171,2022-01-14,B2C,Singapore,0,0.0012772027972027971,-0.07233480811050248,4012
1513,79,1820.19,46,2020-07-24,SMB,UAE,0,0.0028173726273726272,-0.04231424230179381,806
1514,32,170.43,155,2022-12-01,B2B,UAE,0,0.0011692607392607393,-0.07443878495156273,4560
1515,46,770.98,93,2024-04-01,SMB,USA,1,0.0017692107892107892,-0.06274472394370781,2201
1516,67,153.7,137,2023-09-02,B2B,India,0,0.0011525474525474525,-0.07476455572945201,4630
1517,25,2939.6,11,2022-05-16,Enterprise,Singapore,0,0.003935664335664336,-0.020516808561384405,373
1518,26,869.16,71,2025-02-05,B2C,Germany,0,0.0018672927072927073,-0.06083293823102578,1937
1519,46,1796.29,133,2023-08-31,Enterprise,UK,1,0.0027934965034965035,-0.042779629127349936,822
1520,40,1395.73,72,2023-10-14,SMB,Germany,0,0.002393336663336663,-0.050579434434662174,1167
1521,69,4553.76,59,2024-04-01,SMB,India,0,0.005548211788211788,0.010914521913079152,153
1522,72,572.52,67,2023-02-13,B2B,UK,1,0.0015709490509490508,-0.06660918709851404,2774
1523,29,1529.48,161,2024-09-22,B2B,Germany,0,0.002526953046953047,-0.04797502071423824,1031
1524,45,464.66,83,2022-10-30,Enterprise,France,0,0.0014631968031968033,-0.06870946421167237,3194
1525,64,273.72,47,2020-12-01,B2C,Singapore,1,0.0012724475524475524,-0.07242749603057141,4029
1526,61,790.74,112,2025-04-10,SMB,India,0,0.001788951048951049,-0.0623599522419091,2153
1527,32,2471.99,32,2020-03-20,Enterprise,France,0,0.003468521478521478,-0.029622228373028796,506
1528,67,468.78,169,2026-01-18,Enterprise,UK,0,0.0014673126873126874,-0.06862923853295726,3179
1529,52,331.39,9,2020-08-01,B2B,USA,0,0.00133005994005994,-0.07130453125108095,3781
1530,46,378.27,139,2023-12-04,Enterprise,UAE,0,0.001376893106893107,-0.0703916720719148,3570
1531,75,216.08,163,2022-07-07,B2B,Japan,0,0.0012148651348651348,-0.0735498766424984,4327
1532,35,432.24,140,2020-10-08,B2C,UAE,0,0.0014308091908091908,-0.06934075462525101,3346
1533,57,231.65,140,2020-06-13,SMB,Singapore,0,0.0012304195804195804,-0.07324669367706288,4257
1534,35,896.66,126,2020-05-07,Enterprise,France,0,0.0018947652347652347,-0.0602974512978545,1886
1535,27,1207.19,98,2022-10-09,Enterprise,Germany,0,0.002204985014985015,-0.054250732848484445,1380
1536,24,3323.16,50,2022-03-27,Enterprise,UK,0,0.0043188411588411585,-0.013048031540032595,296
1537,19,1127.8,121,2020-03-24,B2C,Japan,0,0.0021256743256743258,-0.055796634943919635,1483
1538,35,465.66,179,2021-09-16,Enterprise,UAE,0,0.0014641958041958043,-0.06868999195955705,3185
1539,59,231.43,121,2022-09-04,B2C,India,0,0.0012301998001998003,-0.07325097757252826,4259
1540,68,786.79,164,2021-06-01,SMB,Japan,1,0.001785004995004995,-0.06243686763776461,2163
1541,52,253.6,30,2025-04-23,SMB,Japan,0,0.0012523476523476523,-0.07281927774313163,4135
1542,55,2073.95,169,2021-04-13,B2C,UAE,0,0.003070879120879121,-0.037372963605010426,656
1543,27,405.48,131,2026-04-29,SMB,Canada,1,0.0014040759240759241,-0.06986183209185695,3467
1544,37,2646.17,98,2022-06-11,Enterprise,India,0,0.0036425274725274724,-0.026230551499582498,454
1545,74,814.17,177,2025-03-19,B2B,UK,0,0.0018123576423576425,-0.06190371737484717,2088
1546,27,-1000.0,183,2022-11-15,SMB,Japan,1,0.0,-0.0972296929948957,4997
1547,30,956.07,160,2024-02-19,Enterprise,Singapore,1,0.0019541158841158844,-0.05914060479968339,1773
1548,70,569.22,122,2021-11-18,Enterprise,Germany,0,0.0015676523476523478,-0.0666734455304946,2785
1549,41,418.8,136,2021-04-14,SMB,France,1,0.0014173826173826173,-0.06960246169368091,3417
1550,59,1890.13,51,2021-11-01,Enterprise,India,1,0.002887242757242757,-0.04095235298884838,767
1551,68,689.14,103,2023-06-28,B2B,Japan,0,0.0016874525474525474,-0.06433833305682553,2439
1552,63,425.57,49,2021-03-18,B2B,Canada,1,0.001424145854145854,-0.06947063454686019,3383
1553,78,2599.7,73,2026-06-28,B2B,UK,0,0.0035961038961038957,-0.027135427055381384,470
1554,28,1973.1,191,2020-04-15,B2C,USA,0,0.0029701298701298702,-0.03933674023084036,713
1555,74,263.87,22,2023-07-01,Enterprise,UK,0,0.0012626073926073926,-0.07261929771390731,4080
1556,37,450.94,115,2026-06-16,SMB,Germany,0,0.0014494905094905096,-0.06897662351069454,3262
1557,33,365.22,166,2024-03-17,Enterprise,UK,0,0.0013638561438561439,-0.0706457849620197,3629
1558,52,11401.36,94,2024-06-12,B2B,USA,0,0.012388971028971029,0.14425271549793856,29
1559,30,669.81,161,2022-03-23,B2B,Australia,0,0.001668141858141858,-0.06471473169021465,2491
1560,63,696.65,142,2020-11-07,B2B,Germany,0,0.001694955044955045,-0.06419209644343948,2412
1561,26,410.79,69,2022-09-21,Enterprise,UAE,1,0.0014093806193806193,-0.06975843443312461,3443
1562,48,219.7,10,2021-02-21,Enterprise,USA,0,0.0012184815184815186,-0.07347938708984095,4311
1563,53,2301.25,172,2023-05-20,Enterprise,India,0,0.003297952047952048,-0.03294692069919838,568
1564,71,746.15,128,2021-05-10,B2C,USA,0,0.0017444055944055945,-0.06322821996373118,2259
1565,31,2756.28,153,2026-05-07,B2B,Singapore,1,0.0037525274725274727,-0.024086461819164705,413
1566,60,607.8,180,2020-06-17,SMB,Singapore,1,0.001606193806193806,-0.06592220604388559,2665
1567,29,461.53,75,2023-11-23,B2B,UAE,0,0.00146006993006993,-0.06877041236079331,3214
1568,40,229.0,51,2025-12-22,B2B,India,0,0.0012277722277722277,-0.07329829514516847,4269
1569,66,430.0,51,2024-10-20,B2C,UAE,0,0.0014285714285714286,-0.06938437246998932,3360
1570,49,676.87,34,2024-02-26,B2B,France,0,0.001675194805194805,-0.06457725759028049,2467
1571,65,1276.59,16,2020-10-09,B2B,UAE,0,0.0022743156843156843,-0.052899358551681305,1296
1572,18,1106.25,68,2025-09-03,B2C,Japan,0,0.0021041458541458543,-0.05621626197700476,1513
1573,33,858.64,57,2023-10-29,B2C,Germany,0,0.0018567832167832167,-0.061037786323278935,1962
1574,67,603.04,100,2020-02-21,Enterprise,UK,0,0.0016014385614385614,-0.0660148939639545,2681
1575,75,1428.38,181,2024-09-16,B2C,Japan,0,0.0024259540459540463,-0.049943665403097,1128
1576,28,1135.77,52,2025-06-30,SMB,Singapore,0,0.0021336363636363636,-0.05564144109456054,1474
1577,46,1907.85,156,2021-03-08,B2B,USA,1,0.002904945054945055,-0.040607304681364934,752
1578,19,1108.75,74,2024-11-10,Enterprise,UK,0,0.002106643356643357,-0.05616758134671646,1512
1579,33,6144.45,48,2024-01-23,SMB,UAE,0,0.0071373126873126875,0.04188883863039616,81
1580,33,432.69,134,2025-02-26,B2B,Canada,0,0.0014312587412587414,-0.06933199211179912,3341
1581,44,883.65,37,2021-09-18,B2C,Germany,1,0.0018817682317682318,-0.0605507852978748,1911
1582,53,9812.44,10,2024-11-18,Enterprise,Japan,0,0.010801638361638362,0.11331286466686565,37
1583,50,473.04,61,2021-12-22,SMB,India,0,0.0014715684315684315,-0.068546286738946,3158
1584,43,2981.81,95,2025-11-07,B2C,Canada,0,0.003977832167832168,-0.019694884799596784,363
1585,28,560.86,169,2023-01-11,Enterprise,Australia,0,0.0015593006993006994,-0.06683623355817866,2811
1586,24,619.63,180,2026-01-13,B2C,USA,0,0.0016180119880119881,-0.06569184930136136,2631
1587,55,612.36,34,2025-06-03,B2C,Japan,0,0.0016107492507492509,-0.06583341257423973,2650
1588,55,588.53,9,2025-03-19,Enterprise,Japan,0,0.001586943056943057,-0.06629743634214778,2726
1589,42,1891.16,157,2024-11-19,Enterprise,Canada,0,0.002888271728271728,-0.0409322965691696,766
1590,69,1461.17,41,2023-01-04,B2C,Canada,0,0.002458711288711289,-0.04930517025623569,1093
1591,73,277.95,110,2023-08-13,Enterprise,Germany,0,0.0012766733266733267,-0.07234512840412362,4015
1592,67,805.89,1,2022-10-02,SMB,Canada,0,0.001804085914085914,-0.06206494762236202,2109
1593,25,2033.63,114,2020-12-20,B2C,Japan,0,0.0030305994005994006,-0.038158084810300086,678
1594,75,106.64,192,2023-02-16,B2C,France,0,0.0011055344655344656,-0.07568091991399893,4832
1595,45,735.96,122,2025-01-20,B2C,Japan,1,0.0017342257742257742,-0.06342664221278628,2284
1596,23,856.03,140,2022-09-25,B2B,Japan,0,0.0018541758241758242,-0.06108860890129991,1968
1597,57,1634.71,151,2025-03-18,B2B,France,0,0.0026320779220779223,-0.0459259556241432,951
1598,46,977.82,129,2026-05-23,SMB,Singapore,0,0.001975844155844156,-0.05871708331617519,1739
1599,20,863.62,102,2024-04-01,Enterprise,UK,0,0.0018617582417582417,-0.06094081450774465,1948
1600,53,486.3,153,2023-10-09,B2C,UK,0,0.0014848151848151849,-0.06828808467589687,3105
1601,23,845.5,166,2020-04-27,Enterprise,UAE,0,0.0018436563436563436,-0.061293651716074225,1996
1602,66,896.41,123,2025-07-17,B2C,UAE,0,0.0018945154845154844,-0.06030231936088333,1888
1603,18,3575.74,119,2023-08-24,SMB,France,0,0.004571168831168831,-0.008129730100745287,251
1604,32,302.33,4,2022-01-14,Enterprise,Japan,0,0.0013010289710289709,-0.07187039489755213,3910
1605,46,222.5,171,2025-06-20,SMB,USA,0,0.0012212787212787213,-0.07342486478391805,4297
1606,32,357.52,90,2022-05-18,Enterprise,India,0,0.0013561638361638362,-0.07079572130330766,3666
1607,29,463.09,189,2023-12-24,B2B,UK,0,0.0014616283716283715,-0.06874003564749342,3205
1608,73,837.79,32,2022-11-24,Enterprise,UAE,0,0.001835954045954046,-0.06144378277988334,2021
1609,23,2000.61,156,2023-10-26,B2B,Australia,1,0.0029976123876123873,-0.03880105857514793,702
1610,76,805.74,161,2023-02-19,SMB,UK,0,0.001803936063936064,-0.06206786846017931,2113
1611,69,388.61,155,2023-02-05,B2C,India,0,0.0013872227772227773,-0.07019032898504239,3534
1612,54,175.89,129,2026-03-26,Enterprise,Singapore,1,0.0011747152847152846,-0.07433246645501308,4530
1613,24,671.11,8,2020-02-11,B2C,Australia,0,0.0016694405594405595,-0.06468941776246473,2484
1614,57,2480.76,23,2025-10-17,B2C,Canada,0,0.0034772827172827175,-0.029451456721977437,504
1615,59,453.13,121,2022-02-21,Enterprise,France,0,0.0014516783216783219,-0.068933979278562,3254
1616,56,696.41,160,2020-12-16,B2C,France,0,0.0016947152847152846,-0.06419676978394716,2413
1617,56,2021.84,131,2022-09-15,Enterprise,Germany,0,0.003018821178821179,-0.038387662662739706,687
1618,72,135.89,44,2024-07-22,B2B,France,0,0.0011347552447552446,-0.07511135653962585,4728
1619,63,600.4,182,2025-06-24,B2C,India,0,0.001598801198801199,-0.06606630070953895,2692
1620,21,1123.33,6,2026-03-24,SMB,Canada,1,0.002121208791208791,-0.05588367591087511,1492
1621,70,481.28,70,2022-09-11,B2C,Japan,0,0.0014798001998001997,-0.06838583538151576,3125
1622,78,746.47,177,2025-05-04,B2B,Japan,0,0.0017447252747252748,-0.06322198884305429,2258
1623,27,937.95,187,2025-07-03,B2C,Australia,0,0.001936013986013986,-0.059493442008012966,1806
1624,30,993.58,185,2025-01-09,B2C,USA,0,0.0019915884115884117,-0.05841020062283777,1708
1625,24,3106.5,61,2020-03-11,B2B,India,0,0.004102397602397602,-0.01726688968333764,335
1626,52,537.8,184,2021-01-16,B2B,USA,0,0.0015362637362637361,-0.06728526369195793,2915
1627,22,941.38,169,2023-04-20,B2B,Japan,0,0.0019394405594405596,-0.05942665218325743,1802
1628,72,664.1,14,2022-06-26,Enterprise,Singapore,0,0.0016624375624375624,-0.06482591824979313,2509
1629,35,4196.16,77,2024-07-14,Enterprise,Japan,0,0.00519096903096903,0.0039512445566410185,181
1630,24,839.27,165,2022-09-23,B2C,USA,0,0.0018374325674325675,-0.061414963846752664,2014
1631,55,1200.5,41,2023-06-08,SMB,USA,1,0.0021983016983016983,-0.05438100221513593,1388
1632,25,1221.59,158,2024-02-20,SMB,Singapore,1,0.0022193706293706294,-0.053970332418023854,1358
1633,56,353.4,92,2025-04-22,Enterprise,Singapore,0,0.001352047952047952,-0.07087594698202278,3687
1634,69,1004.34,170,2026-03-17,B2B,France,0,0.0020023376623376624,-0.05820067919007693,1686
1635,78,1911.99,36,2025-12-14,SMB,Canada,0,0.0029090809190809187,-0.040526689557607506,751
1636,70,66.38,56,2023-11-09,B2B,UK,0,0.0010653146853146854,-0.07646487278416168,4935
1637,60,304.46,71,2024-10-08,SMB,UAE,0,0.0013031568431568431,-0.0718289190005465,3902
1638,59,3177.5,113,2026-03-04,B2C,UK,0,0.004173326673326674,-0.01588435978314998,323
1639,43,84.72,78,2023-09-16,SMB,Canada,0,0.0010836363636363637,-0.07610775168036674,4891
1640,23,3118.69,113,2023-12-12,Enterprise,India,0,0.004114575424575425,-0.0170295229300519,334
1641,35,432.94,26,2025-02-01,Enterprise,France,1,0.0014315084915084916,-0.0693271240487703,3338
1642,75,827.08,84,2023-01-14,SMB,Singapore,1,0.0018252547452547452,-0.061652330600038406,2056
1643,55,1473.14,142,2023-06-09,B2C,Japan,0,0.002470669330669331,-0.04907208739841532,1080
1644,27,1099.8,167,2022-10-26,Enterprise,Germany,0,0.002097702297702298,-0.05634185800314857,1522
1645,26,679.62,96,2022-08-02,SMB,UK,0,0.0016779420579420578,-0.06452370889696336,2459
1646,57,490.97,111,2021-05-09,B2B,Singapore,0,0.0014894805194805194,-0.06819714925851833,3091
1647,29,434.99,60,2022-02-27,B2B,Japan,0,0.0014335564435564436,-0.06928720593193388,3329
1648,46,138.59,28,2023-07-16,SMB,USA,0,0.0011374525474525474,-0.07505878145891448,4709
1649,38,1514.41,172,2021-05-04,B2B,Canada,0,0.0025118981018981018,-0.04826846755361609,1042
1650,38,1385.43,45,2026-01-03,B2B,Japan,0,0.002383046953046953,-0.05077999863144996,1177
1651,44,295.56,18,2022-01-28,B2C,Germany,0,0.001294265734265734,-0.07200222204437284,3943
1652,59,547.1,30,2022-02-23,Enterprise,Singapore,0,0.0015455544455544455,-0.06710417174728546,2878
1653,29,147.4,198,2022-06-05,Enterprise,Singapore,0,0.0011462537462537464,-0.07488723091777852,4661
1654,46,1403.72,198,2025-06-06,B2C,Canada,0,0.0024013186813186815,-0.050423851140260774,1155
1655,79,469.89,131,2023-02-06,Enterprise,Japan,0,0.0014684215784215783,-0.06860762433310925,3170
1656,43,323.67,7,2025-11-18,B2B,UAE,0,0.0013223476523476524,-0.07145485703741121,3818
1657,67,1540.61,34,2023-03-05,SMB,Canada,0,0.0025380719280719277,-0.04775829454819473,1024
1658,43,784.64,65,2021-02-15,B2C,UAE,0,0.0017828571428571427,-0.06247873297981255,2168
1659,68,1319.19,155,2022-03-06,Enterprise,Germany,0,0.002316873126873127,-0.0520698406115687,1242
1660,45,317.95,54,2023-04-28,SMB,Singapore,0,0.0013166333666333667,-0.07156623831951084,3846
1661,31,130.18,79,2022-07-20,Enterprise,USA,0,0.001129050949050949,-0.07522254309920431,4753
1662,62,319.37,43,2024-01-18,B2C,Singapore,0,0.001318051948051948,-0.07153858772150709,3835
1663,42,566.09,152,2022-01-04,B2B,France,0,0.0015645254745254747,-0.06673439367961555,2798
1664,56,699.75,91,2023-05-23,Enterprise,USA,0,0.001698051948051948,-0.06413173246188199,2404
1665,76,323.78,62,2020-02-27,B2C,India,0,0.0013224575424575424,-0.07145271508967853,3816
1666,25,363.15,116,2025-12-27,SMB,UAE,1,0.0013617882117882118,-0.07068609252389842,3639
1667,79,1789.62,84,2021-06-02,Enterprise,USA,0,0.002786833166833167,-0.04290950904895912,826
1668,32,519.54,119,2023-01-28,Enterprise,India,0,0.001518021978021978,-0.06764082701558366,2977
1669,44,5287.18,40,2020-07-05,B2B,Japan,0,0.006280899100899101,0.025195861059496522,112
1670,58,472.79,30,2020-08-11,B2C,Australia,0,0.0014713186813186813,-0.06855115480197482,3161
1671,52,750.06,172,2026-03-16,B2B,Japan,0,0.0017483116883116883,-0.06315208345796029,2247
1672,22,1267.32,101,2023-04-11,SMB,Singapore,0,0.0022650549450549447,-0.053079866328790304,1313
1673,21,439.67,83,2021-06-01,SMB,Canada,0,0.0014382317682317682,-0.0691960757920342,3309
1674,69,75.15,15,2025-07-03,Enterprise,Australia,0,0.0010740759240759241,-0.07629410113311033,4918
1675,38,2735.6,177,2021-02-24,SMB,UK,0,0.0037318681318681316,-0.02448914799290951,423
1676,70,574.01,87,2020-02-20,B2B,India,0,0.0015724375624375623,-0.06658017344286223,2765
1677,37,482.56,43,2026-06-09,Enterprise,USA,0,0.001481078921078921,-0.06836091089880816,3121
1678,23,592.68,134,2023-03-10,B2B,Australia,0,0.001591088911088911,-0.06621662649586922,2713
1679,46,1591.8,50,2025-04-06,B2C,Singapore,0,0.0025892107892107894,-0.04676150996241155,984
1680,72,1017.85,46,2025-05-14,SMB,Canada,1,0.0020158341658341656,-0.057937609063998974,1657
1681,57,211.42,102,2024-12-09,B2B,Australia,1,0.0012102097902097902,-0.07364061733735579,4361
1682,20,667.87,40,2023-10-27,Enterprise,UK,0,0.001666203796203796,-0.06475250785931837,2502
1683,53,668.74,30,2022-01-25,B2B,Japan,0,0.001667072927072927,-0.06473556699997804,2497
1684,34,300.23,120,2020-07-29,Enterprise,Singapore,0,0.0012989310689310689,-0.0719112866269943,3921
1685,66,198.13,74,2022-10-31,Enterprise,Canada,0,0.001196933066933067,-0.07389940356796838,4442
1686,54,267.14,30,2025-05-10,B2B,Singapore,0,0.0012658741258741257,-0.07255562344949021,4063
1687,66,389.41,1,2021-04-12,B2C,UK,0,0.0013880219780219782,-0.07017475118335013,3531
1688,42,276.92,157,2020-09-24,B2C,Singapore,0,0.0012756443556443558,-0.07236518482380239,4017
1689,61,1356.6,143,2024-06-29,SMB,Canada,0,0.002354245754245754,-0.05134138365993461,1209
1690,52,3214.12,145,2025-07-07,SMB,UAE,0,0.00420991008991009,-0.015171285910686994,312
1691,75,779.45,136,2020-10-30,B2B,Canada,0,0.0017776723276723277,-0.06257979396829105,2184
1692,74,512.48,74,2026-06-21,SMB,Singapore,0,0.001510969030969031,-0.0677783011155178,3010
1693,38,201.07,174,2020-08-07,B2B,UK,1,0.0011998701298701299,-0.07384215514674934,4420
1694,19,359.4,57,2021-09-13,B2B,Australia,0,0.0013580419580419582,-0.07075911346933086,3658
1695,74,1073.75,79,2021-09-03,B2B,France,1,0.0020716783216783215,-0.05684911017075263,1561
1696,72,2035.61,106,2026-04-24,SMB,Japan,1,0.003032577422577422,-0.03811952975111176,675
1697,28,255.99,156,2023-05-29,Enterprise,Japan,0,0.0012547352647352648,-0.072772739060576,4123
1698,55,1984.12,84,2020-12-14,B2B,Australia,0,0.002981138861138861,-0.039122156012529545,708
1699,34,285.11,77,2022-10-13,B2B,Canada,0,0.001283826173826174,-0.07220570707897792,3977
1700,78,1700.72,31,2021-04-30,B2C,Canada,0,0.002698021978021978,-0.04464059226201099,903
1701,48,228.46,51,2026-04-04,B2C,Singapore,0,0.0012272327672327673,-0.07330881016131074,4273
1702,36,1316.25,116,2024-08-31,B2B,UAE,0,0.002313936063936064,-0.05212708903278774,1249
1703,46,331.63,78,2022-07-13,SMB,UK,0,0.0013302997002997005,-0.07129985791057328,3780
1704,30,5661.6,29,2025-11-10,SMB,Australia,0,0.006654945054945055,0.03248666169651432,102
1705,38,904.04,104,2024-04-07,B2C,India,0,0.0019021378621378621,-0.06015374607724344,1869
1706,54,216.21,14,2025-01-19,B2C,Germany,0,0.001214995004995005,-0.07354734524972341,4325
1707,22,630.79,41,2024-12-18,B2B,UAE,0,0.001629160839160839,-0.0654745389677544,2598
1708,68,1000.21,163,2023-05-02,SMB,UK,0,0.001998211788211788,-0.0582810995913132,1695
1709,45,522.82,5,2024-10-22,B2C,Germany,0,0.0015212987012987015,-0.06757695802864541,2967
1710,32,829.97,192,2023-06-04,SMB,Germany,0,0.001828141858141858,-0.06159605579142514,2046
1711,44,197.22,120,2026-05-18,Enterprise,UK,0,0.001196023976023976,-0.07391712331739332,4446
1712,21,542.51,56,2020-09-03,B2C,USA,0,0.001540969030969031,-0.06719354938449477,2896
1713,55,140.43,77,2021-02-10,SMB,USA,0,0.0011392907092907093,-0.0750229525150223,4693
1714,20,507.94,1,2022-05-01,B2C,Canada,0,0.0015064335664335664,-0.06786670514012136,3025
1715,73,5072.62,7,2022-05-14,Enterprise,India,1,0.006066553446553447,0.021017894645633636,127
1716,46,841.19,12,2022-12-19,B2B,UK,0,0.0018393506493506494,-0.06137757712269125,2007
1717,28,211.87,21,2020-11-28,SMB,Australia,0,0.0012106593406593406,-0.0736318548239039,4358
1718,68,470.69,36,2021-10-05,SMB,France,0,0.0014692207792207793,-0.068592046531417,3167
1719,53,419.98,33,2022-09-09,Enterprise,UK,1,0.0014185614385614385,-0.06957948443618484,3410
1720,44,3808.39,132,2021-12-12,SMB,India,0,0.004803586413586413,-0.0035995106461162866,219
1721,71,223.11,179,2026-03-10,SMB,UK,0,0.001221888111888112,-0.0734129867101277,4295
1722,56,456.93,49,2020-11-03,B2B,Germany,0,0.0014554745254745254,-0.06885998472052379,3240
1723,52,230.59,39,2021-10-03,SMB,India,1,0.0012293606393606392,-0.07326733426430512,4264
1724,74,2355.55,199,2020-01-11,SMB,Germany,0,0.0033521978021978024,-0.031889577409336546,543
1725,22,109.47,18,2024-07-31,B2C,Japan,0,0.0011083616383616385,-0.07562581344051258,4821
1726,33,243.77,59,2025-01-19,B2C,France,1,0.0012425274725274724,-0.07301068998142522,4186
1727,38,830.57,125,2025-04-08,Enterprise,USA,1,0.001828741258741259,-0.06158437244015594,2042
1728,42,2186.43,151,2023-04-07,SMB,UK,0,0.003183246753246753,-0.03518272468707933,614
1729,47,1835.4,20,2020-05-13,B2B,Singapore,0,0.0028325674325674326,-0.0420180693471198,801
1730,68,1601.04,31,2022-08-06,Enterprise,Australia,1,0.0025984415584415586,-0.046581586352866,978
1731,67,855.09,195,2023-03-26,B2B,Singapore,0,0.0018532367632367634,-0.06110691281828831,1970
1732,20,747.79,53,2023-03-04,SMB,UAE,1,0.001746043956043956,-0.06319628547026206,2252
1733,54,2419.74,54,2025-02-02,Enterprise,Singapore,0,0.003416323676323676,-0.03063965354605422,522
1734,24,2492.67,120,2020-10-18,B2C,Singapore,0,0.0034891808191808192,-0.02921954219928399,498
1735,56,463.45,62,2022-08-14,B2C,India,0,0.001461988011988012,-0.0687330256367319,3203
1736,20,477.34,148,2022-12-19,B2C,Australia,0,0.0014758641358641358,-0.06846255605485012,3141
1737,75,169.1,25,2022-03-21,B2B,Canada,0,0.0011679320679320677,-0.0744646830468761,4567
1738,58,842.89,94,2024-10-07,SMB,Singapore,0,0.0018410489510489508,-0.06134447429409521,2002
1739,25,866.45,179,2021-04-15,B2B,UK,0,0.0018645854145854146,-0.06088570803425829,1942
1740,38,198.97,149,2026-02-08,B2B,Canada,0,0.0011977722277722279,-0.07388304687619152,4432
1741,35,1129.48,126,2022-07-09,B2C,UAE,0,0.0021273526473526475,-0.055763921560365894,1480
1742,75,239.48,176,2021-09-02,B2B,Japan,0,0.0012382417582417582,-0.07309422594299994,4214
1743,27,545.33,54,2022-12-24,Enterprise,Canada,0,0.0015437862137862137,-0.06713863763352958,2887
1744,37,2015.27,99,2021-08-05,Enterprise,UK,1,0.003012257742257742,-0.03851559535913735,694
1745,57,2530.85,144,2020-10-19,B2B,Singapore,0,0.0035273226773226774,-0.028476091613521107,488
1746,57,230.85,87,2020-09-01,Enterprise,Canada,0,0.0012296203796203795,-0.07326227147875514,4263
1747,66,360.86,188,2021-11-10,SMB,Australia,0,0.0013595004995004996,-0.07073068398124249,3650
1748,46,1716.63,140,2023-06-13,B2C,Australia,0,0.002713916083916084,-0.04433078873085626,887
1749,66,1187.0,99,2026-05-20,B2B,UK,0,0.002184815184815185,-0.054643877618692736,1405
1750,47,1308.23,197,2023-03-28,SMB,Singapore,0,0.002305924075924076,-0.0522832564947526,1260
1751,53,37.73,103,2024-12-03,B2B,UAE,0,0.0010366933066933068,-0.07702275280726557,4978
1752,49,206.56,56,2021-05-24,SMB,Japan,0,0.0012053546453546452,-0.07373525248263624,4381
1753,23,1120.6,44,2025-04-03,B2C,USA,0,0.0021184815184815183,-0.055936835159149934,1499
1754,78,3042.79,166,2023-05-30,SMB,USA,0,0.004038751248751249,-0.018507466865604623,347
1755,36,357.69,22,2024-07-06,B2B,UK,1,0.0013563336663336663,-0.07079241102044806,3664
1756,48,655.35,81,2023-01-20,SMB,Canada,0,0.0016536963036963036,-0.06499630045580217,2533
1757,50,217.95,21,2025-08-11,B2B,France,0,0.0012167332667332668,-0.07351346353104277,4316
1758,21,3209.6,121,2026-01-20,B2B,USA,0,0.004205394605394605,-0.015259300490248236,315
1759,28,232.43,91,2025-07-15,Enterprise,France,1,0.0012311988011988013,-0.07323150532041293,4251
1760,23,1586.03,116,2024-11-28,Enterprise,Germany,0,0.002583446553446553,-0.046873864857116934,988
1761,29,247.16,141,2020-11-25,SMB,UAE,0,0.001245914085914086,-0.0729446790467543,4168
1762,54,63.47,94,2020-06-12,Enterprise,Germany,1,0.0010624075924075924,-0.07652153703781726,4943
1763,63,964.86,174,2024-11-04,Enterprise,India,1,0.001962897102897103,-0.05896944370358973,1758
1764,48,605.33,187,2023-08-13,B2B,Germany,0,0.0016037262737262736,-0.06597030250661043,2673
1765,34,1197.43,79,2022-10-22,B2C,Canada,0,0.0021952347652347656,-0.05444078202912996,1391
1766,21,814.48,146,2020-04-15,Enterprise,Japan,1,0.0018126673326673327,-0.061897680976691426,2086
1767,32,235.24,43,2021-01-09,SMB,UAE,0,0.001234005994005994,-0.07317678829196889,4239
1768,55,509.82,55,2022-07-26,B2B,Australia,0,0.0015083116883116883,-0.06783009730614456,3016
1769,62,2089.92,102,2026-06-14,SMB,Australia,0,0.003086833166833167,-0.037061991738728775,653
1770,29,1402.78,71,2020-03-25,B2C,Japan,0,0.0024003796203796203,-0.050442155057249166,1157
1771,27,1164.48,105,2023-01-08,Enterprise,UAE,0,0.0021623176823176824,-0.05508239273632973,1427
1772,23,5384.55,160,2026-06-18,SMB,India,0,0.006378171828171828,0.027091874247965143,108
1773,39,1168.79,144,2020-06-13,SMB,USA,0,0.0021666233766233765,-0.054998467329712704,1421
1774,79,1734.32,120,2021-12-18,B2B,UAE,0,0.0027315884115884114,-0.04398632459093626,870
1775,58,144.16,123,2025-04-11,SMB,UK,1,0.001143016983016983,-0.07495032101463216,4680
1776,48,1789.43,168,2025-10-26,Enterprise,USA,0,0.002786643356643357,-0.04291320877686103,828
1777,33,962.67,169,2024-12-16,SMB,France,1,0.001960709290709291,-0.05901208793572228,1765
1778,25,1376.5,182,2023-02-13,B2B,Singapore,1,0.002374125874125874,-0.05095388584283976,1188
1779,56,832.17,34,2022-01-13,Enterprise,India,0,0.0018303396603396604,-0.06155321683677143,2036
1780,63,1545.77,85,2024-11-20,Enterprise,India,0,0.0025432267732267734,-0.047657817727279686,1020
1781,79,854.42,146,2025-07-07,B2C,France,1,0.0018525674325674327,-0.061119959227205575,1973
1782,75,808.62,20,2021-01-08,SMB,Australia,0,0.0018068131868131867,-0.0620117883740872,2101
1783,53,3959.24,76,2025-04-09,B2C,Germany,0,0.004954285714285714,-0.0006621214145203951,203
1784,20,939.51,85,2023-11-26,B2C,UAE,0,0.0019375724275724276,-0.059463065294713076,1805
1785,46,3459.54,104,2024-07-30,B2B,UK,0,0.004455084915084915,-0.010392405796545368,269
1786,20,1178.18,137,2023-09-27,SMB,France,0,0.0021760039960039964,-0.054815622882349854,1413
1787,68,2754.78,175,2023-08-08,B2B,UK,0,0.003751028971028971,-0.024115670197337683,415
1788,27,741.2,189,2021-03-04,B2C,UAE,0,0.0017394605394605396,-0.06332460761170201,2268
1789,63,374.66,123,2021-10-20,B2B,USA,0,0.0013732867132867134,-0.0704619669020511,3582
1790,49,381.83,139,2023-09-12,SMB,USA,0,0.0013804495504495505,-0.07032235085438425,3561
1791,38,509.11,117,2024-08-13,B2B,Canada,1,0.0015076023976023977,-0.06784392260514643,3019
1792,23,89.25,139,2025-07-22,B2C,France,0,0.0010881618381618381,-0.07601954237828433,4879
1793,61,270.43,28,2023-03-26,B2C,Germany,0,0.0012691608391608392,-0.07249155974003081,4044
1794,49,1920.88,113,2024-06-28,SMB,Germany,0,0.002917962037962038,-0.040353581236302324,743
1795,61,1655.8,152,2026-03-03,SMB,Canada,0,0.0026531468531468534,-0.04551528582703113,932
1796,45,974.4,149,2020-05-30,B2C,Japan,0,0.0019724275724275725,-0.058783678418409584,1742
1797,21,4880.49,107,2025-02-05,B2C,France,0,0.005874615384615384,0.017276690846717367,136
1798,47,342.04,106,2020-12-26,SMB,India,0,0.0013406993006993006,-0.0710971517660528,3733
1799,59,1066.06,35,2023-07-12,B2B,Japan,0,0.002063996003996004,-0.05699885178951944,1576
1800,78,1379.14,165,2022-10-30,SMB,UAE,1,0.002376763236763237,-0.05090247909725532,1182
1801,61,530.93,11,2023-08-17,B2B,UK,0,0.0015294005994005992,-0.06741903806399017,2939
1802,34,431.63,32,2021-04-19,B2B,Australia,0,0.0014301998001998004,-0.06935263269904136,3350
1803,72,634.3,103,2024-07-13,SMB,Singapore,0,0.0016326673326673327,-0.06540619136282963,2585
1804,45,428.88,154,2025-10-08,SMB,Australia,0,0.0014274525474525475,-0.06940618139235849,3369
1805,56,6120.51,146,2020-01-05,SMB,UK,0,0.007113396603396604,0.041422672914755425,84
1806,27,603.94,20,2026-01-31,B2B,UK,0,0.0016023376623376625,-0.06599736893705072,2679
1807,18,1124.71,34,2025-03-07,B2B,Singapore,0,0.0021225874125874126,-0.05585680420295597,1489
1808,68,458.4,91,2024-08-19,SMB,Germany,0,0.001456943056943057,-0.06883136050991427,3231
1809,48,4749.6,117,2020-08-10,B2B,UK,0,0.005743856143856144,0.014727967767343256,144
1810,75,694.86,182,2022-02-07,B2B,USA,0,0.0016931668331668333,-0.0642269517747259,2421
1811,49,186.08,98,2025-10-24,B2B,France,0,0.0011848951048951048,-0.07413404420595798,4494
1812,71,286.8,65,2024-01-21,SMB,India,1,0.0012855144855144856,-0.07217279897290303,3969
1813,37,1640.69,79,2025-08-03,B2C,UAE,0,0.002638051948051948,-0.04580951155649359,942
1814,46,805.88,142,2024-12-15,Enterprise,UK,0,0.001804075924075924,-0.06206514234488317,2110
1815,54,1776.47,43,2020-07-30,SMB,Germany,0,0.0027736963036963038,-0.043165569164275566,842
1816,74,1946.0,155,2022-04-13,B2B,India,1,0.002943056943056943,-0.039864438263165505,731
1817,0,525.57,195,2022-12-29,B2B,Australia,0,0.0015240459540459541,-0.06752340933532827,2955
1818,42,663.21,123,2026-02-27,B2B,Australia,0,0.0016615484515484515,-0.06484324855417575,2510
1819,55,477.51,130,2021-06-20,SMB,Germany,0,0.001476033966033966,-0.06845924577199053,3140
1820,18,1080.08,76,2023-03-25,B2B,USA,0,0.0020780019980019978,-0.056725850814862665,1551
1821,71,166.3,123,2024-11-29,Enterprise,UAE,0,0.0011651348651348652,-0.07451920535279899,4581
1822,78,591.73,63,2025-06-08,Enterprise,India,0,0.0015901398601398601,-0.06623512513537877,2719
1823,32,444.29,179,2021-05-12,B2B,Germany,0,0.0014428471528471528,-0.06910611398726142,3290
1824,51,764.93,110,2020-04-28,B2C,Japan,0,0.001763166833166833,-0.0628625310690055,2214
1825,40,491.78,177,2022-09-07,B2C,Germany,0,0.0014902897102897102,-0.06818137673430491,3085
1826,46,1069.34,73,2021-10-10,B2B,UK,0,0.0020672727272727275,-0.0569349828025812,1569
1827,67,2337.97,15,2023-06-26,Enterprise,Germany,0,0.0033346353646353643,-0.03223189960152387,552
1828,30,2713.99,129,2026-03-06,SMB,India,0,0.00371027972027972,-0.02490994336112156,428
1829,19,493.28,37,2020-02-26,B2B,Japan,0,0.0014917882117882117,-0.06815216835613193,3080
1830,57,1962.61,103,2026-03-12,B2B,France,1,0.0029596503496503493,-0.03954100415553006,720
1831,76,64.92,10,2024-07-29,B2B,UAE,1,0.001063856143856144,-0.07649330227225004,4941
1832,73,1202.85,149,2021-01-16,B2C,UAE,0,0.0022006493506493505,-0.05433524242266493,1386
1833,22,180.26,35,2022-07-09,SMB,Germany,0,0.0011790809190809191,-0.07424737271326914,4519
1834,39,1942.88,178,2021-04-09,SMB,Germany,1,0.00293994005994006,-0.0399251916897653,734
1835,76,2424.78,162,2025-03-05,B2C,India,0,0.0034213586413586418,-0.030541513395393002,520
1836,72,1360.82,176,2021-04-26,B2C,UAE,1,0.002358461538461538,-0.051259210756007964,1204
1837,32,488.07,182,2021-09-22,B2C,France,1,0.0014865834165834165,-0.06825361878965275,3098
1838,74,256.63,110,2025-08-03,B2C,Japan,0,0.0012553746253746254,-0.07276027681922222,4118
1839,30,711.88,68,2023-04-10,B2C,UAE,0,0.0017101698301698303,-0.06389553404372317,2365
1840,72,572.82,74,2025-09-15,SMB,Canada,0,0.0015712487512487515,-0.06660334542287945,2772
1841,47,702.76,138,2023-01-24,SMB,France,0,0.0017010589410589411,-0.06407312098301489,2398
1842,42,842.73,103,2024-08-28,B2C,USA,0,0.001840889110889111,-0.061347589854433664,2004
1843,38,2135.08,159,2025-05-30,Enterprise,Japan,0,0.003131948051948052,-0.03618262483320096,634
1844,34,334.38,114,2025-04-18,B2C,France,1,0.0013330469530469533,-0.07124630921725615,3771
1845,53,213.08,116,2022-09-25,Enterprise,UK,0,0.0012118681318681317,-0.07360829339884437,4349
1846,56,682.29,126,2025-02-13,SMB,Australia,1,0.0016806093906093905,-0.06447171798381547,2451
1847,51,633.27,113,2026-03-07,SMB,India,0,0.0016316383616383615,-0.06542624778250841,2589
1848,58,788.02,11,2021-08-15,SMB,Australia,1,0.0017862337662337662,-0.06241291676766277,2160
1849,51,937.75,4,2024-04-20,B2C,Japan,0,0.0019358141858141858,-0.05949733645843604,1807
1850,66,711.57,105,2022-02-19,SMB,India,1,0.00170986013986014,-0.06390157044187891,2367
1851,70,305.64,133,2025-09-12,SMB,Singapore,0,0.0013043356643356642,-0.07180594174305042,3896
1852,67,883.61,150,2021-07-13,B2C,Singapore,1,0.0018817282717282719,-0.060551564187959414,1912
1853,55,3089.27,167,2020-10-12,B2C,Singapore,0,0.004085184815184815,-0.01760239658728459,338
1854,67,685.59,169,2023-02-05,Enterprise,Canada,1,0.001683906093906094,-0.06440745955183491,2444
1855,76,849.31,139,2024-08-26,B2C,USA,0,0.0018474625374625374,-0.06121946243551486,1986
1856,71,2338.16,186,2023-10-24,B2B,India,0,0.0033348251748251748,-0.03222819987362195,551
1857,55,273.32,11,2025-09-10,SMB,Singapore,0,0.001272047952047952,-0.07243528493141753,4031
1858,79,616.45,48,2022-12-30,B2B,Singapore,0,0.0016148351648351648,-0.06575377106308807,2641
1859,43,2072.0,122,2020-01-11,B2B,UAE,0,0.0030689310689310688,-0.037410934496635295,657
1860,19,1529.86,53,2023-03-04,B2C,UK,0,0.002527332667332667,-0.047967621258434415,1030
1861,51,1469.51,57,2023-05-07,Enterprise,Singapore,0,0.002467042957042957,-0.04914277167359393,1085
1862,55,67.87,168,2025-06-28,SMB,Singapore,0,0.0010668031968031966,-0.07643585912850985,4932
1863,58,347.77,49,2021-08-31,Enterprise,Germany,1,0.0013464235764235764,-0.07098557576143202,3711
1864,79,159.72,190,2025-01-03,SMB,Germany,0,0.0011585614385614387,-0.0746473327717178,4607
1865,79,2838.93,61,2026-01-15,B2C,USA,0,0.003835094905094905,-0.022477080181833586,392
1866,53,1129.64,52,2025-06-06,SMB,USA,0,0.0021275124875124877,-0.055760806000027446,1479
1867,59,658.47,156,2023-11-14,Enterprise,Germany,0,0.001656813186813187,-0.06493554702920237,2522
1868,69,325.96,194,2023-09-23,B2B,Canada,0,0.0013246353646353647,-0.07141026558006713,3808
1869,79,485.4,77,2026-03-10,SMB,UK,0,0.001483916083916084,-0.06830560970280065,3110
1870,51,6123.86,42,2026-02-03,SMB,Australia,0,0.007116743256743256,0.04148790495934173,83
1871,62,689.47,78,2024-03-25,B2C,Singapore,0,0.001687782217782218,-0.06433190721362747,2438
1872,21,370.92,69,2025-02-08,B2B,USA,0,0.0013695504495504496,-0.07053479312496239,3603
1873,28,212.49,163,2023-08-11,B2B,Australia,0,0.0012112787212787213,-0.0736197820275924,4355
1874,59,4293.01,98,2022-02-11,B2C,Canada,0,0.005287722277722278,0.005837132174009684,174
1875,30,673.71,9,2022-09-05,B2C,UK,0,0.001672037962037962,-0.06463878990696491,2478
1876,56,484.8,7,2026-05-31,SMB,UAE,0,0.0014833166833166833,-0.06831729305406983,3111
1877,53,180.63,57,2024-04-17,B2C,Germany,0,0.0011794505494505496,-0.07424016797998646,4516
1878,71,273.84,36,2022-08-14,SMB,UK,0,0.0012725674325674325,-0.07242515936031757,4028
1879,22,2263.04,35,2024-08-09,Enterprise,UK,1,0.00325978021978022,-0.03369095545252473,581
1880,56,140.05,14,2020-06-27,SMB,Germany,0,0.0011389110889110888,-0.07503035197082611,4696
1881,28,194.36,126,2023-07-27,B2C,USA,1,0.0011931668331668333,-0.07397281395844313,4457
1882,44,473.96,74,2025-04-21,B2C,USA,0,0.0014724875124875125,-0.0685283722669999,3156
1883,20,1106.12,81,2024-04-10,SMB,Singapore,0,0.002104015984015984,-0.05621879336977975,1515
1884,76,767.25,74,2024-04-30,Enterprise,Canada,0,0.0017654845154845154,-0.06281735544409794,2210
1885,62,404.11,160,2021-09-15,B2B,France,0,0.0014027072927072929,-0.06988850907725494,3471
1886,79,390.35,152,2025-07-21,Enterprise,Singapore,0,0.0013889610389610388,-0.07015644726636174,3528
1887,45,365.74,39,2020-05-31,B2B,Japan,0,0.0013643756243756245,-0.07063565939091973,3626
1888,52,624.06,84,2021-06-01,SMB,USA,0,0.0016224375624375625,-0.0656055872244905,2615
1889,54,295.94,34,2025-08-19,B2C,UAE,1,0.0012946453546453546,-0.07199482258856901,3940
1890,31,895.88,167,2023-09-21,B2B,UAE,0,0.001893986013986014,-0.060312639654504445,1889
1891,46,2432.24,168,2021-02-15,Enterprise,Canada,0,0.0034288111888111884,-0.03039625039461273,519
1892,69,2032.92,143,2024-12-08,B2C,France,0,0.00302989010989011,-0.03817191010930197,680
1893,54,138.85,177,2021-02-12,B2C,Germany,0,0.0011377122877122877,-0.07505371867336451,4706
1894,79,244.93,60,2025-11-24,B2C,Canada,1,0.0012436863136863138,-0.07298810216897145,4180
1895,34,1122.02,142,2025-02-14,B2B,Australia,1,0.0021199000999001,-0.05590918456114618,1497
1896,31,802.15,143,2020-03-03,B2B,France,0,0.0018003496503496504,-0.06213777384527331,2127
1897,48,858.19,12,2021-08-13,Enterprise,Canada,0,0.0018563336663336664,-0.06104654883673082,1963
1898,65,3087.3,146,2024-08-06,B2C,Singapore,0,0.004083216783216784,-0.017640756923951763,339
1899,69,6417.12,15,2021-09-24,SMB,UK,0,0.0074097102897102895,0.04719833761468023,74
1900,55,1494.24,134,2020-11-02,B2C,UAE,1,0.0024917482517482514,-0.04866122287878208,1065
1901,72,153.19,189,2025-04-07,Enterprise,Canada,1,0.0011520379620379622,-0.07477448657803082,4633
1902,73,574.81,8,2022-12-21,B2C,UAE,0,0.0015732367632367633,-0.06656459564116997,2763
1903,22,2725.7,121,2023-10-18,SMB,UK,0,0.0037219780219780218,-0.024681923288851174,425
1904,35,4003.09,110,2024-06-16,B2B,Germany,0,0.004998091908091909,0.00019173684073635656,200
1905,35,551.32,50,2020-11-24,SMB,India,0,0.00154977022977023,-0.06702199884335881,2855
1906,32,1136.87,146,2023-09-07,SMB,Australia,0,0.0021347352647352645,-0.055620021617233686,1472
1907,68,1380.5,101,2025-12-25,SMB,Canada,0,0.002378121878121878,-0.05087599683437848,1180
1908,21,1637.82,67,2024-04-05,B2C,UAE,0,0.002635184815184815,-0.045865396920064555,947
1909,55,2122.55,152,2023-07-21,B2B,Japan,0,0.0031194305694305694,-0.03642661215220591,640
1910,70,49.6,95,2025-06-21,B2B,Japan,0,0.0010485514485514484,-0.07679161717465674,4963
1911,70,1382.69,168,2026-01-25,SMB,USA,0,0.00238030969030969,-0.05083335260224593,1179
1912,58,623.49,123,2020-05-27,B2B,Australia,1,0.001621868131868132,-0.06561668640819622,2617
1913,26,828.15,152,2020-10-07,SMB,UAE,0,0.0018263236763236765,-0.061631495290275014,2051
1914,76,263.2,184,2022-08-19,SMB,France,1,0.0012619380619380619,-0.07263234412282457,4087
1915,77,300.3,45,2023-03-23,B2C,Japan,0,0.001299000999000999,-0.07190992356934622,3919
1916,36,529.25,140,2022-07-20,Enterprise,Germany,0,0.0015277222777222777,-0.06745175144754391,2943
1917,42,1234.05,167,2021-01-05,B2B,UAE,0,0.002231818181818182,-0.05372770815666698,1352
1918,66,165.3,157,2024-11-12,SMB,Canada,0,0.0011641358641358642,-0.07453867760491431,4583
1919,37,718.35,124,2021-02-07,B2B,Japan,0,0.0017166333666333666,-0.06376954857253705,2345
1920,31,3530.91,1,2021-02-15,Enterprise,Japan,1,0.004526383616383616,-0.009002671163075043,258
1921,76,6150.34,129,2024-12-22,B2B,India,0,0.007143196803196803,0.04200353019535539,80
1922,25,749.63,120,2021-11-12,B2B,Canada,1,0.001747882117882118,-0.06316045652636987,2248
1923,26,492.44,165,2023-05-11,SMB,Canada,0,0.001490949050949051,-0.06816852504790881,3083
1924,38,478.58,140,2020-04-28,B2C,Germany,0,0.001477102897102897,-0.06843841046222712,3135
1925,51,1315.41,68,2020-07-07,SMB,USA,0,0.002313096903096903,-0.0521434457245646,1251
1926,73,1271.59,71,2023-08-21,B2C,USA,1,0.0022693206793206796,-0.0529967198122579,1307
1927,57,522.77,176,2020-08-17,B2B,Singapore,0,0.0015212487512487511,-0.06757793164125117,2968
1928,74,311.8,40,2023-04-16,Enterprise,India,0,0.0013104895104895104,-0.07168599267002006,3868
1929,71,212.96,143,2024-01-08,B2B,Australia,0,0.0012117482517482517,-0.0736106300690982,4352
1930,76,574.95,154,2024-03-15,Enterprise,UAE,0,0.0015733766233766234,-0.06656186952587381,2762
1931,58,2217.93,183,2024-10-30,Enterprise,UK,1,0.0032147152847152847,-0.034569348745446773,603
1932,30,314.91,153,2021-08-19,B2B,UAE,0,0.0013135964035964037,-0.07162543396594141,3858
1933,43,407.3,95,2022-09-27,B2B,Canada,0,0.0014058941058941057,-0.06982639259300708,3459
1934,59,582.49,121,2025-12-15,B2C,Canada,0,0.001580909090909091,-0.06641504874492431,2739
1935,73,301.72,170,2024-08-14,SMB,Australia,0,0.0013004195804195804,-0.07188227297134248,3913
1936,62,5131.3,25,2026-05-07,B2C,Singapore,0,0.006125174825174826,0.02216052639976057,120
1937,76,1156.11,25,2022-01-07,SMB,France,0,0.0021539560439560435,-0.055245375486534944,1439
1938,54,1506.32,153,2021-11-27,Enterprise,UK,0,0.0025038161838161835,-0.048425998073229025,1050
1939,47,215.63,17,2021-12-18,B2B,UAE,0,0.0012144155844155844,-0.07355863915595029,4333
1940,64,526.89,75,2020-11-19,B2B,France,0,0.0015253646353646352,-0.06749770596253606,2952
1941,78,1429.88,21,2024-04-15,SMB,Australia,1,0.0024274525474525474,-0.049914457024924024,1125
1942,37,917.22,186,2022-09-13,Enterprise,UK,0,0.0019153046953046954,-0.05989710179436354,1849
1943,24,10930.37,16,2025-07-31,Enterprise,UK,0,0.01191845154845155,0.1350814794741444,32
1944,71,1417.77,111,2021-08-09,Enterprise,Australia,1,0.0024153546453546454,-0.05015026599804054,1141
1945,61,364.81,135,2022-08-09,B2B,Canada,1,0.0013634465534465535,-0.070653768585387,3630
1946,37,703.33,75,2025-03-03,B2C,Singapore,0,0.0017016283716283715,-0.06406202179930916,2393
1947,33,1023.9,133,2022-11-06,Enterprise,Germany,0,0.002021878121878122,-0.05781980193870129,1640
1948,19,1931.94,98,2025-02-25,SMB,India,0,0.002929010989010989,-0.0401382181279069,739
1949,27,58.09,79,2022-11-11,Enterprise,Canada,1,0.001057032967032967,-0.07662629775419767,4954
1950,58,284.11,153,2020-02-08,SMB,Germany,0,0.001282827172827173,-0.07222517933109324,3982
1951,69,940.3,136,2025-03-20,SMB,Australia,0,0.0019383616383616383,-0.059447682215541975,1803
1952,52,65.98,129,2023-03-24,B2C,Germany,0,0.001064915084915085,-0.07647266168500781,4937
1953,60,2276.89,190,2026-02-16,SMB,UK,0,0.0032736163836163835,-0.033421264760727556,576
1954,45,763.79,161,2021-10-09,SMB,Germany,0,0.001762027972027972,-0.06288472943641696,2219
1955,27,592.3,175,2020-10-29,B2B,Canada,0,0.0015907092907092907,-0.06622402595167304,2716
1956,30,163.02,60,2024-12-14,SMB,India,1,0.0011618581418581418,-0.07458307433973724,4595
1957,39,3518.51,43,2023-11-16,Enterprise,UK,0,0.004513996003996004,-0.009244127089304994,259
1958,51,185.92,133,2023-05-10,B2C,UK,0,0.0011847352647352649,-0.07413715976629642,4496
1959,33,2125.71,90,2024-10-03,B2C,Canada,0,0.0031225874125874126,-0.0363650798355215,636
1960,25,6406.5,103,2022-10-21,B2B,Singapore,1,0.007399100899100899,0.04699154229721554,75
1961,74,3965.8,22,2025-02-14,B2C,India,0,0.004960839160839161,-0.0005343834406438937,202
1962,37,882.76,191,2023-05-22,B2B,France,0,0.001880879120879121,-0.06056811560225744,1914
1963,27,531.81,2,2022-03-26,B2B,Germany,0,0.0015302797202797203,-0.06740190248212868,2937
1964,72,1737.13,99,2024-04-24,B2C,Australia,0,0.0027343956043956045,-0.04393160756249222,866
1965,46,620.24,102,2025-06-02,SMB,Singapore,0,0.0016186213786213786,-0.06567997122757101,2630
1966,66,936.57,3,2021-03-12,Enterprise,Japan,0,0.0019346353646353647,-0.05952031371593211,1809
1967,67,206.42,1,2022-08-29,B2C,Canada,1,0.0012052147852147854,-0.07373797859793238,4382
1968,69,1636.84,139,2024-04-11,B2C,Japan,0,0.002634205794205794,-0.04588447972713758,948
1969,70,349.82,115,2026-05-31,B2C,Japan,0,0.0013484715284715284,-0.07094565764459562,3699
1970,59,2763.42,197,2024-01-10,B2B,Australia,0,0.0037596603396603395,-0.02394742993906133,412
1971,47,192.65,93,2026-06-12,B2B,Singapore,0,0.0011914585414585415,-0.07400611150956032,4464
1972,77,407.64,17,2023-04-26,B2C,Japan,1,0.0014062337662337661,-0.06981977202728787,3456
1973,77,543.9,129,2023-04-24,B2C,India,0,0.0015423576423576424,-0.06716648295405447,2891
1974,41,374.79,161,2020-03-30,B2B,India,0,0.0013734165834165834,-0.07045943550927611,3581
1975,19,392.76,174,2024-06-09,B2C,Australia,0,0.0013913686313686315,-0.07010951913876382,3518
1976,51,746.82,158,2023-01-29,B2C,France,1,0.0017450749250749252,-0.06321517355481392,2255
1977,59,365.8,77,2020-02-03,B2B,UAE,0,0.0013644355644355645,-0.07063449105579282,3625
1978,38,321.98,52,2026-05-07,Enterprise,UK,1,0.0013206593406593406,-0.0714877651434861,3824
1979,51,528.18,109,2020-07-19,B2C,France,0,0.0015266533466533464,-0.0674725867573073,2950
1980,49,1639.83,137,2025-07-27,B2B,UAE,0,0.002637192807192807,-0.04582625769331277,944
1981,47,2356.65,75,2023-03-18,SMB,India,0,0.0033532967032967034,-0.0318681579320097,541
1982,31,366.44,131,2022-07-31,SMB,UAE,0,0.001365074925074925,-0.07062202881443902,3624
1983,36,852.77,176,2023-12-14,Enterprise,India,0,0.0018509190809190808,-0.061152088443195855,1975
1984,47,988.98,26,2022-06-16,Enterprise,India,0,0.001986993006993007,-0.058499772982568234,1721
1985,75,2860.85,84,2022-02-17,B2B,UK,0,0.003856993006993007,-0.022050248415465788,389
1986,58,5330.3,53,2022-10-23,Enterprise,Canada,0,0.0063239760239760245,0.02603550457070908,111
1987,44,67.49,140,2021-07-14,B2C,Australia,0,0.0010664235764235763,-0.07644325858431368,4933
1988,33,106.04,66,2021-02-01,SMB,Australia,0,0.001104935064935065,-0.07569260326526812,4837
1989,42,602.22,193,2020-06-10,B2C,India,0,0.0016006193806193806,-0.06603086121068907,2685
1990,71,209.78,93,2023-06-19,B2C,India,0,0.0012085714285714286,-0.07367255183082491,4367
1991,42,285.12,23,2024-12-10,B2C,France,0,0.0012838361638361638,-0.07220551235645677,3976
1992,41,153.06,6,2020-05-16,B2B,UK,0,0.001151908091908092,-0.07477701797080581,4634
1993,77,894.55,171,2024-02-03,SMB,USA,1,0.0018926573426573427,-0.06033853774981783,1895
1994,78,470.81,105,2021-06-22,SMB,India,0,0.0014693406593406593,-0.06858970986116315,3166
1995,20,2070.95,59,2021-01-04,B2C,USA,0,0.0030678821178821178,-0.03743138036135638,658
1996,41,552.7,109,2023-04-23,B2C,Japan,0,0.0015511488511488513,-0.06699512713543966,2851
1997,28,746.6,125,2023-08-31,B2B,Canada,0,0.0017448551448551448,-0.06321945745027929,2256
1998,49,3332.01,94,2024-08-28,SMB,Singapore,0,0.004327682317682318,-0.012875702108812014,294
1999,40,865.67,97,2021-12-20,SMB,Japan,0,0.001863806193806194,-0.06090089639090824,1943
2000,29,759.3,189,2022-04-02,B2B,Germany,0,0.0017575424575424574,-0.06297215984841474,2226
2001,74,205.86,170,2021-06-25,B2C,Japan,0,0.0012046553446553449,-0.07374888305911696,4387
2002,56,756.13,111,2026-01-18,SMB,USA,0,0.0017543756243756244,-0.0630338868876203,2235
2003,38,370.77,103,2024-02-07,B2C,USA,0,0.0013694005994005995,-0.07053771396277969,3605
2004,54,726.38,193,2025-12-14,Enterprise,Japan,1,0.0017246553446553447,-0.06361318638805104,2319
2005,69,148.62,24,2025-08-17,Enterprise,Australia,1,0.0011474725274725273,-0.07486347477019784,4653
2006,51,517.95,114,2023-01-21,B2C,Australia,0,0.0015164335664335665,-0.06767178789644701,2987
2007,38,208.52,35,2021-11-04,SMB,Germany,1,0.0012073126873126873,-0.07369708686849022,4371
2008,43,3555.39,25,2022-11-18,SMB,France,1,0.004550839160839161,-0.00852599043129203,255
2009,53,1782.58,126,2025-05-27,Enterprise,Australia,0,0.0027798001998001996,-0.043046593703850965,836
2010,66,690.16,15,2023-04-23,SMB,Japan,0,0.0016884715284715282,-0.06431847135966791,2435
2011,67,727.66,27,2023-10-19,SMB,USA,1,0.0017259340659340659,-0.06358826190534343,2314
2012,76,660.28,143,2021-04-16,Enterprise,USA,0,0.0016586213786213785,-0.06490030225287363,2517
2013,51,2185.77,16,2025-04-02,SMB,India,0,0.0031825874125874128,-0.03519557637347544,615
2014,26,383.62,106,2020-11-04,B2C,UAE,0,0.0013822377622377622,-0.07028749552309783,3550
2015,35,22043.61,62,2021-07-30,SMB,Canada,1,0.02302058941058941,0.3514812905721937,19
2016,61,551.3,126,2022-07-13,B2B,Singapore,0,0.0015497502497502497,-0.06702238828840112,2856
2017,59,133.99,184,2024-06-15,B2B,Australia,1,0.001132857142857143,-0.07514835381864494,4735
2018,56,815.99,22,2026-04-01,B2B,USA,0,0.0018141758241758243,-0.06186827787599729,2080
2019,47,776.88,193,2024-02-07,Enterprise,UAE,1,0.0017751048951048952,-0.06262983765622743,2191
2020,20,423.12,145,2021-01-04,SMB,Australia,1,0.0014216983016983016,-0.06951834156454273,3396
2021,67,254.71,59,2024-06-04,B2B,Singapore,0,0.0012534565434565435,-0.07279766354328362,4129
2022,73,130.55,11,2020-02-27,Enterprise,Japan,1,0.0011294205794205793,-0.07521533836592165,4748
2023,77,356.45,130,2022-12-19,Enterprise,India,0,0.001355094905094905,-0.07081655661307105,3671
2024,19,1045.12,93,2026-01-06,B2C,India,0,0.002043076923076923,-0.05740660074881422,1599
2025,78,1664.37,186,2021-05-21,Enterprise,India,1,0.0026617082917082917,-0.04534840862640284,925
2026,74,4392.52,70,2025-02-05,Enterprise,France,0,0.0053871328671328675,0.007774815982005097,168
2027,20,4139.0,12,2024-02-18,Enterprise,Australia,0,0.005133866133866134,0.0028382106257293788,188
2028,32,198.75,183,2022-12-09,SMB,Japan,0,0.0011975524475524475,-0.07388733077165688,4438
2029,58,175.21,114,2024-04-09,B2C,UAE,0,0.001174035964035964,-0.0743457075864515,4534
2030,20,301.29,131,2024-03-01,Enterprise,Australia,0,0.00129999000999001,-0.07189064603975207,3915
2031,74,795.76,109,2021-03-19,B2B,Japan,0,0.001793966033966034,-0.0622622015362902,2139
2032,55,295.12,77,2022-08-15,B2B,India,0,0.0012938261738261738,-0.07201078983530358,3946
2033,60,583.49,194,2025-04-15,B2B,Australia,0,0.001581908091908092,-0.06639557649280899,2738
2034,51,550.33,92,2020-04-12,SMB,Germany,0,0.0015487812187812188,-0.06704127637295298,2862
2035,34,1011.23,66,2026-04-18,Enterprise,UAE,1,0.0020092207792207794,-0.058066515373002385,1674
2036,20,703.29,1,2023-09-05,Enterprise,USA,0,0.0017015884115884115,-0.06406280068939377,2394
2037,24,1450.44,80,2022-06-25,B2C,France,0,0.002447992007992008,-0.049514107521433065,1099
2038,48,496.23,65,2020-09-15,Enterprise,Canada,1,0.0014947352647352648,-0.06809472521239174,3069
2039,27,1716.62,120,2025-03-16,SMB,France,1,0.0027139060939060937,-0.044330983453377416,888
2040,68,105.96,31,2023-05-22,SMB,USA,0,0.0011048551448551449,-0.07569416104543734,4838
2041,52,446.13,108,2024-07-30,B2C,France,1,0.0014446853146853147,-0.06907028504336923,3287
2042,45,1017.1,124,2021-04-22,SMB,Germany,0,0.002015084915084915,-0.057952213253085465,1659
2043,72,571.45,123,2021-07-26,B2B,Japan,0,0.00156988011988012,-0.06663002240827744,2777
2044,72,120.34,128,2020-07-04,B2B,UAE,0,0.0011192207792207792,-0.07541415006001906,4787
2045,37,201.82,18,2020-06-01,B2B,Japan,0,0.0012006193806193806,-0.07382755095766286,4417
2046,18,285.82,174,2023-05-31,Enterprise,USA,0,0.0012845354645354644,-0.07219188177997604,3971
2047,59,238.05,26,2025-07-10,Enterprise,Singapore,0,0.0012368131868131867,-0.07312207126352484,4219
2048,30,674.28,24,2021-04-20,SMB,Germany,1,0.0016726073926073926,-0.06462769072325916,2475
2049,25,211.95,169,2021-02-02,Enterprise,UAE,0,0.0012107392607392609,-0.07363029704373468,4356
2050,41,1858.83,112,2022-08-19,SMB,USA,0,0.0028559740259740257,-0.04156183448005788,787
2051,39,315.35,30,2026-01-10,B2B,UK,0,0.001314035964035964,-0.07161686617501067,3855
2052,44,237.07,8,2021-07-09,Enterprise,Germany,0,0.0012358341658341657,-0.07314115407059785,4227
2053,64,1795.12,68,2024-05-10,SMB,Canada,0,0.002792327672327672,-0.04280241166232486,823
2054,50,599.36,174,2025-02-01,Enterprise,USA,0,0.0015977622377622378,-0.06608655185173888,2695
2055,77,999999.0,188,2024-02-28,Enterprise,UAE,0,0.999999000999001,19.394475202187454,12
2056,43,1145.43,174,2026-01-21,B2B,Australia,0,0.0021432867132867134,-0.05545333913912656,1456
2057,61,269.31,74,2024-09-12,Enterprise,Canada,0,0.001268041958041958,-0.07251336866239996,4051
2058,20,1043.19,1,2021-09-24,B2B,Germany,0,0.002041148851148851,-0.057444182195396785,1606
2059,77,447.17,62,2024-08-26,SMB,India,0,0.0014457242757242759,-0.0690500339011693,3283
2060,47,94.27,174,2021-02-09,B2C,USA,0,0.001093176823176823,-0.07592179167266543,4869
2061,77,409.47,147,2025-06-27,B2C,France,0,0.0014080619380619382,-0.06978413780591684,3448
2062,55,6048.75,3,2024-07-29,B2B,Australia,0,0.007041708291708292,0.04002534410296012,86
2063,27,3777.08,102,2023-02-19,B2B,India,0,0.004772307692307692,-0.004209186859846927,222
2064,23,1471.17,103,2020-05-14,SMB,France,1,0.0024687012987012987,-0.049110447735082496,1081
2065,34,3636.69,186,2024-02-26,SMB,Canada,0,0.004632057942057942,-0.00694289633431658,246
2066,76,696.32,90,2022-06-08,SMB,UAE,0,0.0016946253746253747,-0.06419852228663753,2415
2067,24,1088.81,121,2024-12-21,B2B,UAE,0,0.0020867232767232766,-0.05655585805389593,1538
2068,76,623.41,79,2024-12-26,Enterprise,USA,0,0.0016217882117882116,-0.06561824418836545,2618
2069,31,276.25,63,2022-08-25,B2B,Germany,0,0.001274975024975025,-0.07237823123271965,4022
2070,51,251.38,77,2024-01-25,SMB,Japan,0,0.0012501298701298703,-0.07286250614282763,4141
2071,73,1345.16,124,2021-02-10,B2C,Australia,1,0.0023428171828171825,-0.051564146224133856,1220
2072,63,145.89,10,2024-02-13,B2C,Canada,0,0.0011447452547452546,-0.07491663401847265,4668
2073,23,395.23,182,2026-02-08,B2C,Singapore,0,0.001393836163836164,-0.07006142267603897,3508
2074,50,1579.77,146,2024-01-09,Enterprise,Japan,0,0.0025771928071928072,-0.04699576115535884,994
2075,35,-1000.0,69,2020-09-05,B2B,Germany,1,0.0,-0.0972296929948957,4994
2076,23,1781.85,59,2024-06-18,SMB,Canada,1,0.002779070929070929,-0.043060808447895144,837
2077,35,276.26,172,2023-02-04,B2C,UAE,0,0.001274985014985015,-0.0723780365101985,4021
2078,47,760.57,177,2022-02-16,SMB,Australia,0,0.001758811188811189,-0.06294743008822828,2224
2079,21,320.43,100,2021-05-15,B2C,India,0,0.0013191108891108892,-0.07151794713426485,3830
2080,42,647.51,111,2025-02-05,Enterprise,Australia,0,0.0016458641358641358,-0.06514896291238627,2549
2081,63,1894.02,184,2021-01-10,SMB,Canada,0,0.002891128871128871,-0.0408766059281198,761
2082,20,213.51,148,2022-05-18,B2C,Germany,0,0.0012122977022977022,-0.07359992033043478,4345
2083,63,533.1,152,2020-03-28,B2B,India,0,0.0015315684315684315,-0.06737678327689993,2928
2084,22,59.98,168,2020-07-26,B2B,Canada,0,0.0010589210789210789,-0.07658949519769973,4951
2085,63,431.42,58,2023-09-28,B2B,UK,0,0.00142999000999001,-0.06935672187198558,3351
2086,68,728.82,151,2022-09-24,B2C,Australia,1,0.0017270929070929072,-0.06356567409288966,2308
2087,57,269.55,41,2021-05-30,B2B,Australia,0,0.0012682817182817182,-0.07250869532189229,4049
2088,75,101.67,187,2026-05-01,Enterprise,UK,0,0.0011005694305694306,-0.07577769700701206,4849
2089,22,321.15,142,2022-04-20,SMB,USA,0,0.00131983016983017,-0.07150392711274182,3827
2090,27,164.4,43,2020-10-08,Enterprise,Singapore,0,0.0011632367632367633,-0.0745562026318181,4588
2091,62,9159.9,103,2026-03-20,B2B,France,0,0.010149750249750249,0.10060644127153527,39
2092,55,543.53,139,2022-04-28,B2B,UK,0,0.001541988011988012,-0.06717368768733714,2892
2093,71,1843.79,86,2022-06-03,B2B,UK,0,0.0028409490509490507,-0.041854697151872275,795
2094,37,226.08,99,2022-08-12,SMB,UAE,1,0.0012248551448551448,-0.07335515412134522,4282
2095,59,255.75,159,2023-09-07,Enterprise,France,1,0.0012544955044955044,-0.0727774124010837,4125
2096,30,180.54,17,2021-08-27,B2B,Germany,0,0.0011793606393606393,-0.07424192048267685,4517
2097,76,847.06,82,2020-01-12,SMB,Singapore,1,0.001845214785214785,-0.06126327500277433,1992
2098,69,282.29,181,2023-02-09,B2C,UAE,0,0.001281008991008991,-0.07226061882994313,3987
2099,59,706.51,46,2021-08-15,Enterprise,India,0,0.0017048051948051948,-0.06400010003758244,2379
2100,18,637.21,109,2021-06-16,B2C,Canada,0,0.0016355744255744256,-0.06534952710917405,2574
2101,71,1013.54,153,2026-01-21,SMB,Singapore,0,0.0020115284715284715,-0.058021534470616,1669
2102,47,339.37,153,2022-10-23,B2B,USA,0,0.001338031968031968,-0.07114914267920071,3755
2103,53,438.0,183,2021-12-15,B2C,USA,0,0.0014365634365634365,-0.06922859445306678,3318
2104,62,5381.18,125,2021-03-26,Enterprise,UAE,1,0.006374805194805195,0.02702625275833652,109
2105,55,193.1,150,2020-04-15,SMB,France,0,0.0011919080919080918,-0.07399734899610844,4462
2106,25,705.99,170,2021-06-23,SMB,Germany,0,0.0017042857142857144,-0.0640102256086824,2381
2107,26,720.39,12,2020-03-01,B2C,USA,0,0.0017186713286713286,-0.0637298251782218,2337
2108,58,408.2,183,2024-01-07,Enterprise,France,0,0.0014067932067932068,-0.06980886756610329,3452
2109,79,145.8,43,2022-09-01,Enterprise,France,1,0.0011446553446553447,-0.07491838652116303,4669
2110,63,266.44,38,2023-08-19,Enterprise,UAE,0,0.0012651748251748252,-0.07256925402597093,4067
2111,50,395.21,5,2020-03-05,Enterprise,Australia,1,0.0013938161838161838,-0.07006181212108128,3509
2112,54,422.61,54,2021-12-14,B2C,Japan,0,0.0014211888111888113,-0.06952827241312154,3399
2113,77,243.22,17,2022-12-22,SMB,Singapore,0,0.001241978021978022,-0.07302139972008864,4190
2114,72,469.73,109,2020-08-02,SMB,India,0,0.0014682617382617382,-0.0686107398934477,3173
2115,66,822.45,145,2021-06-03,Enterprise,UK,0,0.0018206293706293708,-0.06174248712733233,2068
2116,23,168.38,32,2024-09-20,B2B,Singapore,0,0.0011672127872127873,-0.07447870306839913,4572
2117,34,576.92,62,2025-11-24,B2B,France,0,0.0015753446553446555,-0.06652350918920664,2758
2118,71,609.34,34,2021-04-10,Enterprise,Singapore,0,0.001607732267732268,-0.065892218775628,2660
2119,40,546.59,187,2020-09-17,B2C,Canada,0,0.0015450449550449552,-0.06711410259586427,2880
2120,54,1949.06,69,2025-05-04,B2C,Singapore,0,0.002946113886113886,-0.039804853171692633,728
2121,19,2021.75,90,2025-01-10,B2C,Japan,0,0.0030187312687312688,-0.03838941516543008,688
2122,35,1072.8,132,2024-01-22,B2B,UAE,0,0.002070729270729271,-0.05686760881026219,1563
2123,55,1542.66,109,2025-10-03,SMB,Singapore,1,0.00254011988011988,-0.047718376431358324,1022
2124,45,1076.46,72,2021-03-22,SMB,Australia,0,0.0020743856143856146,-0.05679634036752012,1555
2125,31,1001.94,70,2025-01-25,Enterprise,Canada,0,0.00199994005994006,-0.058247412595153696,1693
2126,39,235.73,107,2025-08-25,B2C,Canada,0,0.0012344955044955046,-0.07316724688843239,4237
2127,18,608.74,128,2022-06-26,SMB,Japan,0,0.001607132867132867,-0.06590390212689719,2662
2128,60,2611.86,132,2020-06-26,B2B,UK,0,0.0036082517482517486,-0.0268986444696591,467
2129,59,456.62,142,2025-11-05,Enterprise,Singapore,0,0.001455164835164835,-0.06886602111867954,3242
2130,64,570.2,188,2023-05-20,SMB,Canada,0,0.0015686313686313687,-0.06665436272342158,2781
2131,58,1948.75,51,2025-02-19,Enterprise,Australia,1,0.002945804195804196,-0.03981088956984838,729
2132,56,626.11,141,2020-05-07,Enterprise,Germany,1,0.0016244855144855147,-0.06556566910765409,2611
2133,61,601.42,104,2020-09-06,B2B,Germany,1,0.0015998201798201799,-0.06604643901238132,2691
2134,25,1000000.0,30,2025-05-15,B2B,Singapore,0,1.0,19.39449467443957,6
2135,44,464.1,67,2024-07-03,B2B,UK,0,0.0014626373626373626,-0.06872036867285695,3199
2136,27,885.87,18,2024-10-12,B2B,Singapore,0,0.0018839860139860138,-0.06050755689817879,1909
2137,51,407.78,21,2021-03-18,B2B,USA,0,0.0014063736263736264,-0.06981704591199171,3454
2138,71,359.06,89,2025-07-01,Enterprise,UAE,0,0.0013577022977022976,-0.07076573403505007,3661
2139,63,1237.94,44,2024-12-21,Enterprise,India,1,0.002235704295704296,-0.05365196109593838,1346
2140,58,276.86,57,2020-10-28,B2B,USA,0,0.0012755844155844158,-0.07236635315892931,4018
2141,50,2949.01,184,2020-11-26,B2C,UAE,0,0.003945064935064935,-0.020333574668979247,370
2142,65,132.29,104,2023-08-12,B2B,Singapore,0,0.001131158841158841,-0.07518145664724099,4739
2143,76,78.3,47,2021-08-30,Enterprise,USA,1,0.001077222777222777,-0.07623276353894708,4911
2144,54,451.21,135,2020-09-26,Enterprise,Canada,0,0.00144976023976024,-0.06897136600262341,3259
2145,25,884.24,115,2021-05-31,SMB,USA,0,0.0018823576423576424,-0.06053929666912676,1910
2146,47,150.03,197,2023-01-31,SMB,UK,0,0.001148881118881119,-0.07483601889471522,4646
2147,37,864.32,193,2026-02-24,Enterprise,UK,0,0.0018624575424575425,-0.060927183931263916,1946
2148,18,668.08,126,2023-08-24,B2C,UAE,0,0.0016664135864135864,-0.06474841868637415,2501
2149,72,1829.41,19,2024-04-09,Enterprise,USA,0,0.0028265834165834163,-0.04213470813729056,804
2150,66,604.61,169,2025-12-13,Enterprise,Canada,0,0.0016030069930069932,-0.06598432252813345,2677
2151,24,567.4,96,2023-04-22,B2C,Japan,0,0.001565834165834166,-0.06670888502934448,2793
2152,75,1003.58,66,2025-02-01,B2B,France,0,0.0020015784215784214,-0.05821547810168458,1690
2153,28,907.47,82,2025-09-01,SMB,Singapore,0,0.0019055644355644356,-0.0600869562524879,1863
2154,56,577.54,145,2024-10-28,B2B,India,0,0.001575964035964036,-0.06651143639289514,2756
2155,79,180.24,186,2021-02-10,Enterprise,Singapore,0,0.001179060939060939,-0.07424776215831144,4520
2156,24,925.03,99,2021-04-13,B2B,UK,0,0.001923106893106893,-0.059745023505342894,1829
2157,70,1868.07,128,2026-03-08,Enterprise,Canada,1,0.002865204795204795,-0.04138191087051232,779
2158,78,145.71,196,2022-05-30,B2B,France,0,0.0011445654345654346,-0.07492013902385342,4670
2159,53,230.91,175,2024-10-27,B2C,India,1,0.0012296803196803197,-0.07326110314362823,4262
2160,37,319.37,193,2025-01-23,B2B,Canada,1,0.001318051948051948,-0.07153858772150709,3836
2161,50,1347.32,142,2022-07-24,B2B,UAE,0,0.0023449750249750247,-0.05152208615956477,1216
2162,64,857.9,77,2024-08-21,Enterprise,UK,0,0.0018560439560439562,-0.06105219578984427,1964
2163,76,217.6,112,2023-10-20,B2C,Japan,0,0.0012163836163836164,-0.07352027881928312,4320
2164,51,714.55,144,2025-01-31,SMB,UAE,1,0.0017128371628371628,-0.06384354313057528,2359
2165,77,357.35,33,2024-06-21,SMB,Japan,0,0.001355994005994006,-0.07079903158616727,3667
2166,40,430.9,99,2024-08-30,Enterprise,India,1,0.0014294705294705297,-0.06936684744308554,3356
2167,73,316.07,133,2021-01-24,B2C,UAE,1,0.0013147552447552446,-0.07160284615348764,3853
2168,41,282.06,184,2023-07-04,B2B,Japan,1,0.0012807792207792208,-0.07226509744792965,3991
2169,78,139.78,37,2024-10-14,B2B,UK,0,0.0011386413586413587,-0.07503560947889724,4699
2170,26,1145.73,140,2023-07-04,SMB,Australia,0,0.0021435864135864137,-0.05544749746349196,1455
2171,40,6233.56,111,2022-11-10,B2B,Germany,0,0.007226333666333667,0.04362401101639225,79
2172,63,581.18,73,2024-03-13,B2B,Germany,1,0.0015796003996003994,-0.06644055739519539,2743
2173,65,970.22,193,2021-09-17,B2B,Australia,0,0.001968251748251748,-0.05886507243225163,1749
2174,34,875.29,37,2025-04-26,B2C,Singapore,1,0.0018734165834165834,-0.06071357332555887,1926
2175,73,1019.06,82,2020-10-01,B2B,UAE,1,0.002017042957042957,-0.05791404763893944,1652
2176,56,242.43,193,2021-01-08,B2B,Canada,0,0.0012411888111888113,-0.07303678279925975,4194
2177,51,500.12,47,2020-12-15,B2C,UAE,0,0.0014986213786213785,-0.06801897815166316,3053
2178,23,438.86,135,2021-01-16,Enterprise,France,1,0.0014374225774225775,-0.0692118483162476,3312
2179,20,1239.35,23,2024-11-03,Enterprise,UK,0,0.002237112887112887,-0.05362450522045578,1345
2180,70,733.22,17,2021-01-30,Enterprise,Singapore,0,0.0017314885114885115,-0.06347999618358226,2291
2181,55,1722.18,170,2024-03-06,SMB,Singapore,0,0.0027194605394605395,-0.04422271773161624,877
2182,999,875.68,62,2021-06-16,B2C,USA,0,0.0018738061938061937,-0.0607059791472339,1925
2183,79,2135.68,103,2026-03-28,B2C,Singapore,0,0.0031325474525474525,-0.03617094148193178,633
2184,25,1485.9,102,2020-09-02,Enterprise,Australia,0,0.0024834165834165837,-0.04882362146142384,1072
2185,57,616.67,182,2026-04-19,B2C,Canada,0,0.0016150549450549452,-0.0657494871676227,2640
2186,26,144.56,172,2026-04-19,B2B,Singapore,0,0.0011434165834165835,-0.07494253211378603,4677
2187,32,1176.36,49,2023-09-12,SMB,Japan,0,0.0021741858141858137,-0.05485106238119973,1417
2188,47,1961.14,31,2021-05-15,Enterprise,Singapore,0,0.0029581818181818186,-0.03956962836613957,722
2189,66,693.57,171,2024-08-09,B2B,USA,0,0.0016918781218781221,-0.06425207097995467,2425
2190,21,591.86,10,2023-12-19,Enterprise,UAE,0,0.0015902697302697304,-0.06623259374260378,2718
2191,46,542.61,103,2024-09-28,B2C,Canada,0,0.0015410689310689312,-0.06719160215928324,2894
2192,75,566.35,49,2020-07-29,B2B,UAE,0,0.0015647852147852147,-0.06672933089406556,2796
2193,50,636.51,122,2023-03-24,Enterprise,UAE,0,0.0016348751248751248,-0.06536315768565477,2577
2194,23,1789.56,140,2023-07-03,SMB,Singapore,0,0.0027867732267732267,-0.042910677384086035,827
2195,46,448.62,37,2023-12-11,SMB,USA,0,0.001447172827172827,-0.0690217991356021,3276
2196,36,1126.53,33,2021-02-28,B2C,Singapore,0,0.002124405594405594,-0.055821364704106084,1488
2197,54,1089.47,44,2026-06-25,B2C,UK,1,0.0020873826173826177,-0.05654300636749982,1536
2198,44,795.22,161,2025-09-09,B2B,Japan,0,0.0017934265734265735,-0.06227271655243248,2140
2199,28,2270.75,173,2022-05-21,B2B,Singapore,0,0.0032674825174825173,-0.03354082438871561,578
2200,59,186.87,47,2021-09-25,B2C,Canada,0,0.0011856843156843155,-0.07411866112678688,4491
2201,26,170.51,72,2025-05-29,B2C,Germany,0,0.0011693406593406594,-0.0744372271713935,4559
2202,33,307.23,76,2022-07-07,B2C,France,0,0.001305924075924076,-0.07177498086218706,3889
2203,68,406.22,181,2021-03-19,SMB,Australia,1,0.0014048151848151849,-0.06984742262529163,3461
2204,35,1095.23,155,2023-12-05,B2C,Germany,0,0.002093136863136863,-0.056430846195315576,1528
2205,73,483.99,107,2026-03-28,SMB,Australia,0,0.0014825074925074926,-0.06833306557828325,3114
2206,30,382.9,187,2024-02-14,B2B,Germany,1,0.0013815184815184815,-0.07030151554462086,3553
2207,24,2663.82,91,2021-04-15,B2C,USA,0,0.00366015984015984,-0.025886866249747113,446
2208,34,520.91,75,2023-02-15,B2C,Japan,0,0.0015193906093906092,-0.06761415003018567,2974
2209,26,874.64,178,2026-06-09,Enterprise,UAE,0,0.0018727672327672326,-0.06072623028943383,1928
2210,49,555.91,148,2022-07-15,SMB,Germany,0,0.0015543556443556442,-0.0669326212061495,2841
2211,43,3901.92,97,2024-10-23,B2C,Australia,0,0.004897022977022977,-0.001778270905770483,208
2212,59,1005.69,119,2026-04-16,B2C,Australia,0,0.0020036863136863137,-0.058174391649721255,1684
2213,69,1284.94,184,2026-03-30,Enterprise,UK,0,0.0022826573426573426,-0.05273676524651838,1287
2214,39,412.5,18,2020-04-17,SMB,Singapore,0,0.0014110889110889111,-0.06972513688200742,3434
2215,62,3209.69,193,2022-12-31,B2B,Germany,0,0.004205484515484516,-0.015257547987557855,314
2216,45,1282.88,79,2020-04-28,SMB,Canada,0,0.0022805994005994008,-0.05277687808587594,1289
2217,72,269.93,182,2022-01-08,SMB,Singapore,0,0.0012686613386613387,-0.07250129586608847,4047
2218,73,784.45,5,2023-01-24,Enterprise,Australia,1,0.0017826673326673326,-0.062482432707714454,2171
2219,33,3465.81,15,2023-06-19,B2B,USA,0,0.004461348651348651,-0.010270314775782318,268
2220,53,2862.62,190,2023-10-23,Enterprise,Singapore,0,0.0038587612387612387,-0.022015782529221675,388
2221,42,68.96,86,2023-12-08,B2C,Japan,0,0.001067892107892108,-0.07641463437370416,4929
2222,45,519.36,109,2020-01-26,Enterprise,UAE,1,0.001517842157842158,-0.06764433202096441,2979
2223,46,559.27,166,2022-01-13,Enterprise,UK,0,0.0015577122877122877,-0.06686719443904203,2817
2224,59,598.82,45,2021-08-09,B2B,Germany,1,0.0015972227772227774,-0.06609706686788115,2696
2225,18,205.2,61,2026-05-08,Enterprise,France,0,0.001203996003996004,-0.07376173474551308,4393
2226,48,724.3,52,2024-06-29,B2C,Germany,0,0.0017225774225774226,-0.06365368867245091,2324
2227,47,347.6,188,2020-10-12,B2C,Canada,0,0.0013462537462537462,-0.07098888604429163,3712
2228,57,2419.39,100,2021-08-04,B2C,Canada,0,0.003415974025974026,-0.03064646883429458,524
2229,42,477.63,152,2020-05-05,B2B,UAE,1,0.0014761538461538462,-0.06845690910173668,3139
2230,69,109.63,63,2021-01-10,B2C,India,0,0.0011085214785214786,-0.07562269788017413,4820
2231,70,2041.63,188,2025-12-12,B2C,UK,1,0.0030385914085914087,-0.03800230679337754,670
2232,35,226.79,10,2022-05-31,B2C,Japan,0,0.0012255644355644356,-0.07334132882234333,4279
2233,54,1617.06,46,2024-03-20,Enterprise,Germany,0,0.0026144455544455545,-0.046269640873978585,966
2234,60,149.99,196,2024-09-15,SMB,Australia,0,0.0011488411588411588,-0.07483679778479985,4647
2235,78,187.3,115,2025-02-01,Enterprise,Singapore,0,0.001186113886113886,-0.07411028805837729,4487
2236,68,115.12,6,2023-10-28,B2B,UK,0,0.001114005994005994,-0.07551579521606103,4806
2237,26,734.28,44,2021-10-06,Enterprise,Japan,0,0.0017325474525474525,-0.06345935559634001,2289
2238,32,2988.48,78,2024-02-24,SMB,USA,1,0.003984495504495505,-0.019565004877987603,358
2239,46,122.09,123,2023-06-30,Enterprise,Singapore,0,0.0011209690309690308,-0.07538007361881725,4782
2240,54,262.12,124,2023-08-21,B2C,India,0,0.0012608591408591408,-0.07265337415510911,4090
2241,22,2223.43,92,2026-05-13,SMB,France,0,0.00322020979020979,-0.03446225135881252,601
2242,72,2927.52,82,2020-12-13,SMB,USA,0,0.003923596403596403,-0.02075203336693746,374
2243,61,850.78,31,2020-08-03,Enterprise,Singapore,0,0.0018489310689310688,-0.061190838224905335,1980
2244,26,369.73,35,2021-09-29,Enterprise,Japan,1,0.0013683616383616383,-0.07055796510497962,3611
2245,54,1030.34,35,2021-10-06,Enterprise,France,0,0.002028311688311688,-0.05769440063507864,1630
2246,27,636.37,147,2020-07-22,B2C,Japan,0,0.0016347352647352645,-0.06536588380095092,2578
2247,42,1318.8,33,2020-11-30,B2C,USA,0,0.002316483516483517,-0.05207743478989368,1244
2248,78,633.5,127,2023-01-19,SMB,Canada,0,0.001631868131868132,-0.06542176916452189,2588
2249,72,358.31,187,2024-12-19,SMB,Japan,1,0.0013569530469530469,-0.07078033822413657,3663
2250,55,224.76,47,2024-10-02,B2C,France,0,0.0012235364635364634,-0.07338085749413743,4287
2251,27,281.94,110,2025-06-12,SMB,UAE,0,0.0012806593406593408,-0.07226743411818348,3992
2252,55,803.0,71,2024-12-15,B2C,Australia,0,0.0018011988011988013,-0.06212122243097529,2123
2253,37,242.42,196,2024-08-23,B2B,Canada,0,0.0012411788211788212,-0.0730369775217809,4195
2254,59,1676.16,107,2023-01-23,B2B,Singapore,0,0.0026734865134865134,-0.04511883077396322,921
2255,26,242.17,130,2022-06-01,SMB,Singapore,0,0.001240929070929071,-0.07304184558480972,4197
2256,74,528.3,89,2025-09-29,B2B,Canada,0,0.0015267732267732266,-0.06747025008705347,2948
2257,20,48.87,153,2021-04-11,B2B,USA,0,0.0010478221778221777,-0.07680583191870093,4964
2258,60,646.93,162,2023-11-14,Enterprise,France,0,0.001645284715284715,-0.06516025681861315,2551
2259,28,1023.63,101,2024-10-26,Enterprise,UK,0,0.002021608391608392,-0.05782505944677242,1642
2260,21,1368.34,181,2021-03-30,B2C,UAE,0,0.002365974025974026,-0.05111277942010077,1198
2261,66,767.74,25,2023-03-06,B2C,India,1,0.001765974025974026,-0.06280781404056143,2207
2262,150,695.11,150,2025-06-16,B2C,France,0,0.0016934165834165836,-0.06422208371169708,2418
2263,58,656.22,113,2025-11-28,SMB,France,0,0.0016545654345654346,-0.06497935959646184,2529
2264,55,349.74,165,2023-06-17,B2B,USA,0,0.0013483916083916084,-0.07094721542476484,3700
2265,28,862.97,129,2020-07-05,B2C,Singapore,1,0.001861108891108891,-0.06095347147161961,1952
2266,68,3766.53,160,2022-06-22,SMB,Japan,0,0.004761768231768233,-0.004414619119663539,223
2267,49,1623.19,48,2024-06-06,B2C,India,0,0.0026205694305694305,-0.04615027596851168,960
2268,35,964.13,135,2020-08-12,SMB,USA,0,0.0019621678321678324,-0.05898365844763392,1761
2269,57,618.88,67,2020-02-01,B2C,France,0,0.0016172627372627374,-0.06570645349044785,2634
2270,71,688.87,66,2022-04-17,B2B,Australia,0,0.001687182817182817,-0.06434359056489666,2440
2271,79,1903.5,185,2023-05-19,Enterprise,UK,1,0.0029005994005994007,-0.040692008978066574,754
2272,63,1619.4,117,2022-05-15,B2B,Japan,0,0.002616783216783217,-0.046224075804028736,963
2273,36,1722.38,36,2021-07-16,Enterprise,UK,0,0.00271966033966034,-0.04421882328119317,876
2274,33,3814.33,93,2022-11-12,Enterprise,Germany,0,0.004809520479520479,-0.0034838454685512895,218
2275,20,1272.97,74,2023-03-31,B2B,Japan,1,0.002270699300699301,-0.05296984810433875,1303
2276,30,3703.41,13,2023-09-05,Enterprise,Canada,0,0.004698711288711289,-0.00564370767318249,234
2277,73,10199.86,121,2021-05-06,B2B,Singapore,0,0.011188671328671329,0.1208568045813826,34
2278,66,138.64,83,2020-02-01,Enterprise,UAE,1,0.0011375024975024974,-0.07505780784630872,4708
2279,68,696.98,172,2025-07-30,B2B,Australia,1,0.0016952847152847154,-0.06418567060024143,2411
2280,78,303.95,62,2024-10-29,B2C,Australia,1,0.0013026473526473526,-0.07183884984912531,3903
2281,54,627.38,196,2021-12-20,Enterprise,Germany,0,0.0016257542457542458,-0.06554093934746763,2605
2282,70,4421.71,175,2021-06-13,SMB,Singapore,1,0.005416293706293707,0.008343211021251256,164
2283,65,3084.39,158,2024-04-06,B2C,Australia,0,0.00408030969030969,-0.017697421177607347,341
2284,47,926.17,163,2025-12-21,B2C,Germany,0,0.0019242457542457544,-0.05972282513793143,1826
2285,31,1011.49,51,2022-07-31,B2B,India,0,0.0020094805194805195,-0.0580614525874524,1673
2286,73,364.42,53,2025-08-11,Enterprise,Australia,1,0.0013630569430569432,-0.07066136276371196,3633
2287,71,2332.3,138,2026-04-07,Enterprise,UK,1,0.003328971028971029,-0.032342307271017716,555
2288,68,381.66,171,2023-12-21,SMB,UK,1,0.0013802797202797203,-0.07032566113724387,3563
2289,69,1286.23,103,2020-10-22,B2B,Canada,0,0.002283946053946054,-0.05271164604128962,1285
2290,53,354.76,1,2024-06-14,B2B,UAE,0,0.0013534065934065933,-0.07084946471914595,3680
2291,23,349.16,2,2020-06-22,B2B,Canada,0,0.001347812187812188,-0.07095850933099174,3704
2292,49,1902.73,101,2024-11-21,Enterprise,France,0,0.00289983016983017,-0.04070700261219536,755
2293,58,478.93,133,2020-03-17,B2C,India,1,0.0014774525474525475,-0.06843159517398677,3131
2294,57,861.36,160,2025-02-26,B2C,UAE,0,0.0018595004995004996,-0.06098482179752526,1958
2295,49,456.95,109,2020-11-14,SMB,USA,0,0.0014554945054945055,-0.06885959527548148,3239
2296,29,923.91,95,2023-07-06,B2C,Canada,0,0.0019219880119880118,-0.05976683242771205,1830
2297,60,692.92,39,2026-06-16,B2B,UK,0,0.0016912287712287713,-0.06426472794382962,2427
2298,56,835.03,156,2024-10-24,SMB,Australia,0,0.0018331968031968032,-0.061497526195721616,2028
2299,42,921.03,71,2026-06-06,SMB,Germany,0,0.001919110889110889,-0.059822912513804165,1840
2300,42,2823.66,51,2024-07-14,SMB,Australia,1,0.00381984015984016,-0.02277442147163451,397
2301,71,374.63,116,2024-09-06,B2B,Australia,0,0.0013732567432567433,-0.07046255106961455,3583
2302,74,9318.92,130,2023-03-31,B2B,UK,0,0.010308611388611388,0.10370291880291334,38
2303,25,436.25,75,2021-04-16,SMB,India,0,0.0014348151848151847,-0.06926267089426859,3324
2304,59,340.69,48,2024-07-17,SMB,France,0,0.0013393506493506494,-0.07112343930640848,3741
2305,52,558.85,27,2020-03-26,Enterprise,UK,0,0.0015572927072927073,-0.06687537278493046,2821
2306,23,1206.98,176,2023-08-23,B2C,Germany,0,0.002204775224775225,-0.05425482202142866,1381
2307,60,245.33,64,2021-12-04,B2B,Singapore,0,0.001244085914085914,-0.07298031326812532,4179
2308,21,2008.48,198,2025-02-27,B2C,UK,0,0.0030054745254745256,-0.038647811951000366,698
2309,61,568.09,177,2024-01-22,Enterprise,USA,1,0.0015665234765234767,-0.0666954491753849,2791
2310,52,65.27,137,2020-12-26,B2B,Canada,0,0.0010642057942057942,-0.07648648698400969,4940
2311,43,1809.85,33,2024-11-23,B2B,UAE,0,0.002807042957042957,-0.04251558538866621,816
2312,48,472.79,23,2021-03-09,SMB,UAE,1,0.0014713186813186813,-0.06855115480197482,3160
2313,38,388.33,93,2022-09-23,B2B,Singapore,0,0.001386943056943057,-0.07019578121563468,3536
2314,41,1411.5,104,2024-11-19,SMB,France,1,0.002409090909090909,-0.05027235701880359,1148
2315,72,601.81,126,2024-06-28,SMB,Singapore,0,0.0016002097902097902,-0.06603884483405635,2687
2316,27,297.13,70,2025-11-16,B2C,UAE,0,0.001295834165834166,-0.07197165060855179,3935
2317,24,382.55,188,2020-11-18,SMB,UAE,0,0.0013811688311688311,-0.07030833083286123,3555
2318,43,183.51,145,2024-06-09,Enterprise,Canada,0,0.0011823276723276722,-0.07418408789389436,4507
2319,45,778.77,130,2023-06-24,SMB,UK,1,0.001776993006993007,-0.06259303509972948,2186
2320,19,1446.44,39,2023-10-22,B2C,Germany,1,0.002443996003996004,-0.049591996529894336,1105
2321,77,4147.4,14,2022-06-26,Enterprise,UAE,1,0.005142257742257742,0.0030017775434980523,186
2322,61,145.67,80,2023-09-26,B2B,USA,0,0.0011445254745254747,-0.07492091791393803,4672
2323,31,859.65,165,2021-11-19,B2B,UK,0,0.001857792207792208,-0.06101811934864246,1961
2324,24,450.5,88,2020-11-08,Enterprise,Australia,0,0.001449050949050949,-0.0689851913016253,3264
2325,34,1045.07,68,2025-09-21,B2B,USA,0,0.002043026973026973,-0.05740757436141998,1601
2326,32,708.9,29,2021-04-12,SMB,UK,1,0.0017071928071928073,-0.06395356135502682,2371
2327,39,196.42,110,2025-12-13,B2B,Japan,0,0.0011952247752247754,-0.07393270111908558,4451
2328,49,440.57,19,2025-09-19,B2C,UK,0,0.001439130869130869,-0.06917855076513041,3305
2329,43,898.0,146,2022-03-05,B2B,Canada,0,0.001896103896103896,-0.06027135848001997,1883
2330,40,508.13,159,2023-12-02,Enterprise,France,0,0.0015066233766233767,-0.06786300541221944,3024
2331,43,107.64,140,2023-12-09,Enterprise,Australia,0,0.0011065334665334666,-0.07566144766188361,4829
2332,67,472.04,160,2021-08-27,Enterprise,USA,0,0.0014705694305694305,-0.06856575899106132,3163
2333,73,1320.76,68,2022-08-25,Enterprise,USA,0,0.0023184415584415587,-0.05203926917574765,1241
2334,41,1532.35,151,2021-02-25,Enterprise,USA,0,0.00252982017982018,-0.047919135350667275,1028
2335,39,1732.67,186,2021-08-22,Enterprise,France,0,0.00272994005994006,-0.04401845380692654,871
2336,72,604.65,141,2022-11-14,Enterprise,USA,1,0.001603046953046953,-0.06598354363804884,2676
2337,44,375.29,122,2022-03-19,Enterprise,UAE,0,0.001373916083916084,-0.07044969938321845,3579
2338,38,973.69,145,2021-12-11,SMB,UAE,1,0.001971718281718282,-0.058797503717411465,1744
2339,54,568.19,22,2021-09-18,B2C,France,1,0.0015666233766233766,-0.06669350195017337,2790
2340,60,170.26,73,2020-11-04,B2C,Germany,0,0.0011690909090909091,-0.07444209523442233,4562
2341,25,249.01,6,2021-12-26,Enterprise,UK,0,0.0012477622377622378,-0.07290865538034094,4157
2342,31,1221.33,73,2025-07-16,SMB,UAE,0,0.002219110889110889,-0.053975395203573834,1359
2343,79,519.1,66,2025-03-15,SMB,Japan,1,0.0015175824175824174,-0.0676493948065144,2980
2344,19,240.63,59,2026-04-28,B2B,UK,0,0.0012393906093906095,-0.07307183285306731,4204
2345,69,295.72,62,2025-01-12,Enterprise,Australia,0,0.0012944255744255745,-0.07199910648403439,3942
2346,24,990.36,136,2026-05-01,SMB,Germany,0,0.0019883716283716287,-0.058472901274649096,1718
2347,44,104.86,176,2023-08-16,SMB,UK,0,0.0011037562437562437,-0.0757155805227642,4842
2348,25,618.38,106,2023-07-18,Enterprise,France,0,0.0016167632367632368,-0.06571618961650551,2636
2349,21,1059.47,9,2021-09-10,Enterprise,Japan,0,0.0020574125874125875,-0.057127173930959396,1585
2350,76,1736.46,99,2024-12-06,B2C,Japan,0,0.002733726273726274,-0.04394465397140948,868
2351,27,685.52,149,2020-10-06,B2B,France,0,0.0016838361638361638,-0.06440882260948298,2445
2352,63,99.71,38,2025-04-04,B2B,Japan,0,0.0010986113886113887,-0.0758158626211581,4853
2353,71,1146.08,107,2024-12-16,B2C,Singapore,0,0.002143936063936064,-0.055440682175251596,1454
2354,64,973.21,169,2023-05-25,B2C,Canada,0,0.0019712387612387614,-0.05880685039842682,1745
2355,27,2848.05,3,2023-01-30,B2C,France,0,0.0038442057942057943,-0.02229949324254187,390
2356,33,3035.25,24,2020-08-18,B2B,Singapore,0,0.004031218781218781,-0.018654287646554128,349
2357,20,700.14,28,2023-12-12,SMB,USA,0,0.0016984415584415584,-0.06412413828355702,2403
2358,40,255.7,126,2025-09-09,Enterprise,USA,1,0.0012544455544455544,-0.07277838601368947,4126
2359,19,1168.89,61,2020-10-30,Enterprise,Australia,0,0.002166723276723277,-0.05499652010450117,1420
2360,18,1762.13,55,2023-06-25,B2B,UAE,0,0.0027593706293706295,-0.043444801259609235,849
2361,28,724.06,42,2025-03-06,B2B,UAE,0,0.0017223376623376624,-0.06365836201295859,2326
2362,65,548.72,73,2025-01-25,Enterprise,UAE,1,0.0015471728271728273,-0.06707262669885865,2871
2363,75,3480.15,4,2020-06-03,Enterprise,India,1,0.004475674325674325,-0.009991082680448638,267
2364,61,277.04,91,2020-08-21,B2B,USA,0,0.0012757642357642358,-0.07236284815354854,4016
2365,54,416.83,131,2024-02-19,SMB,France,0,0.0014154145854145853,-0.06964082203034809,3423
2366,78,1039.79,73,2023-03-21,B2C,Singapore,1,0.002037752247752248,-0.05751038785258887,1613
2367,75,515.26,190,2020-11-10,B2C,France,0,0.0015137462537462537,-0.06772416825463723,2996
2368,37,906.73,175,2021-01-04,Enterprise,Australia,0,0.001904825174825175,-0.06010136571905324,1865
2369,77,1786.97,94,2025-09-07,SMB,Japan,0,0.0027841858141858145,-0.042961110517064714,832
2370,38,207.52,163,2024-04-23,B2B,India,0,0.0012063136863136863,-0.07371655912060554,4376
2371,79,390.34,62,2025-03-10,B2B,USA,0,0.001388951048951049,-0.07015664198888288,3529
2372,47,3404.89,189,2026-03-20,SMB,Australia,0,0.00440048951048951,-0.011456564374647562,283
2373,42,849.89,143,2020-06-17,B2B,France,0,0.001848041958041958,-0.061208168529287975,1983
2374,64,613.74,75,2025-01-16,B2B,France,0,0.0016121278721278722,-0.06580654086632058,2648
2375,34,417.84,180,2026-05-30,Enterprise,Japan,0,0.0014164235764235764,-0.0696211550557116,3420
2376,57,1470.7,64,2022-02-10,B2C,Australia,0,0.002468231768231768,-0.04911959969357669,1082
2377,68,284.05,103,2023-08-09,B2C,France,0,0.0012827672327672328,-0.07222634766622016,3983
2378,40,1687.07,184,2025-05-02,Enterprise,USA,0,0.002684385614385614,-0.04490638850338509,915
2379,36,407.66,159,2025-08-15,Enterprise,UK,0,0.0014062537462537464,-0.06981938258224557,3455
2380,61,279.81,2,2021-09-09,Enterprise,Germany,1,0.0012785314685314685,-0.07230891001518912,4004
2381,38,202.11,71,2020-09-10,Enterprise,UAE,0,0.001200909090909091,-0.07382190400454941,4414
2382,24,616.76,61,2025-01-19,Enterprise,Japan,0,0.001615144855144855,-0.06574773466493233,2638
2383,23,678.47,185,2021-02-27,B2C,UK,0,0.001676793206793207,-0.06454610198689599,2462
2384,19,263.2,100,2023-11-07,B2B,Australia,0,0.0012619380619380619,-0.07263234412282457,4086
2385,200,329.98,9,2020-12-11,B2C,France,0,0.0013286513486513486,-0.07133198712656355,3787
2386,58,89.28,90,2025-08-28,B2C,Germany,0,0.0010881918081918083,-0.07601895821072087,4878
2387,77,452.49,180,2021-12-07,SMB,Canada,1,0.001451038961038961,-0.0689464415199158,3257
2388,28,7873.19,10,2020-06-09,B2B,Canada,0,0.008864325674325673,0.07555129975223297,52
2389,77,76.72,31,2022-10-11,Enterprise,France,1,0.0010756443556443557,-0.07626352969728928,4915
2390,39,932.67,106,2024-11-28,SMB,USA,0,0.0019307392607392608,-0.059596255499181856,1817
2391,67,985.29,143,2024-12-04,B2B,Japan,1,0.001983306693306693,-0.058571625592873766,1730
2392,76,435.04,17,2025-11-16,SMB,Canada,0,0.0014336063936063936,-0.06928623231932812,3328
2393,65,765.77,27,2025-11-11,Enterprise,Australia,1,0.001764005994005994,-0.06284617437722863,2212
2394,70,317.96,182,2021-10-12,SMB,Japan,1,0.0013166433566433567,-0.07156604359698969,3845
2395,59,332.15,189,2024-01-30,SMB,USA,1,0.0013308191808191808,-0.0712897323394733,3779
2396,65,1205.76,142,2024-03-07,B2C,Canada,0,0.002203556443556444,-0.054278578169009356,1383
2397,26,56.99,72,2023-03-04,Enterprise,Germany,0,0.0010559340659340658,-0.07664771723152453,4956
2398,37,420.3,178,2024-05-05,Enterprise,Japan,1,0.0014188811188811188,-0.06957325331550793,3409
2399,19,922.5,92,2024-08-01,B2C,Singapore,0,0.0019205794205794206,-0.05979428830319465,1834
2400,67,519.07,30,2023-10-17,B2C,India,0,0.0015175524475524477,-0.06764997897407785,2981
2401,33,2105.69,169,2020-08-02,B2B,Japan,1,0.0031025874125874126,-0.03675491432287019,650
2402,43,738.42,12,2023-10-02,Enterprise,Germany,0,0.0017366833166833167,-0.0633787404725826,2277
2403,69,810.35,83,2020-09-26,SMB,USA,1,0.0018085414585414584,-0.0619781013779277,2098
2404,40,949.83,182,2023-09-12,SMB,Canada,0,0.0019478821178821179,-0.05926211165288298,1784
2405,31,261.59,46,2021-01-22,B2B,Germany,0,0.0012603296703296702,-0.07266369444873022,4093
2406,79,1082.74,197,2026-04-04,Enterprise,Singapore,0,0.0020806593406593405,-0.05667405462423591,1548
2407,38,3732.38,76,2024-05-02,B2B,Singapore,0,0.004727652347652348,-0.00507959652940169,229
2408,40,97.97,70,2023-03-09,B2C,India,0,0.001096873126873127,-0.07584974433983875,4858
2409,29,251.32,5,2022-10-29,SMB,Australia,0,0.00125006993006993,-0.07286367447795455,4143
2410,21,980.57,88,2021-09-07,SMB,UAE,0,0.0019785914085914086,-0.05866353462285807,1735
2411,34,509.43,105,2023-09-27,B2C,UAE,0,0.001507922077922078,-0.06783769148446954,3017
2412,48,605.99,146,2020-11-29,B2C,UAE,1,0.0016043856143856145,-0.06595745082021431,2671
2413,45,817.47,153,2021-08-02,B2C,USA,0,0.0018156543456543457,-0.061839458942866625,2079
2414,69,190.55,186,2023-12-03,B2B,Japan,0,0.0011893606393606393,-0.0740470032390025,4476
2415,70,305.76,184,2023-06-24,SMB,Japan,0,0.0013044555444555444,-0.07180360507279658,3895
2416,71,878.28,28,2024-05-24,B2B,Germany,0,0.0018764035964035964,-0.060655351291734064,1919
2417,69,375.44,177,2021-06-12,SMB,France,0,0.001374065934065934,-0.07044677854540114,3577
2418,56,161.22,87,2020-12-13,B2C,Japan,0,0.00116005994005994,-0.07461812439354482,4602
2419,77,398.08,65,2023-06-22,B2B,UK,0,0.0013966833166833166,-0.07000592675751031,3491
2420,53,829.09,83,2026-04-08,SMB,Germany,0,0.0018272627372627375,-0.06161319137328661,2050
2421,64,3513.11,38,2024-03-22,SMB,USA,0,0.004508601398601399,-0.00934927725072772,261
2422,31,464.37,97,2023-09-07,B2B,Canada,0,0.0014629070929070929,-0.06871511116478582,3197
2423,69,767.34,101,2021-06-07,SMB,UAE,0,0.0017655744255744257,-0.06281560294140758,2209
2424,71,215.79,198,2025-11-26,B2B,Australia,0,0.0012145754245754246,-0.07355552359561185,4331
2425,48,83.52,34,2021-01-17,B2B,Singapore,0,0.0010824375624375623,-0.07613111838290511,4897
2426,50,215.89,151,2024-09-30,B2C,Singapore,1,0.0012146753246753245,-0.07355357637040032,4330
2427,26,568.04,91,2025-09-13,Enterprise,UK,0,0.0015664735264735265,-0.06669642278799068,2792
2428,39,1281.27,142,2024-01-22,B2C,Singapore,0,0.002278991008991009,-0.0528082284117816,1291
2429,53,329.05,38,2020-03-15,B2C,France,0,0.0013277222777222776,-0.0713500963210308,3792
2430,47,610.6,78,2024-01-25,B2C,France,0,0.0016089910089910088,-0.0658676837379627,2657
2431,69,985.85,45,2023-06-19,B2B,India,0,0.001983866133866134,-0.058560721131689183,1728
2432,26,70.7,61,2022-01-08,B2B,UK,0,0.0010696303696303697,-0.0763807526550235,4928
2433,26,1469.56,137,2022-05-27,B2C,France,0,0.002467092907092907,-0.04914179806098816,1084
2434,71,283.23,89,2023-10-31,B2B,UK,0,0.001281948051948052,-0.07224231491295473,3986
2435,29,1253.96,130,2025-06-14,B2C,India,0,0.002251708291708292,-0.05334001561705097,1332
2436,45,1206.81,9,2022-02-25,SMB,Australia,0,0.0022046053946053945,-0.05425813230428827,1382
2437,33,2202.86,178,2022-07-16,B2C,France,0,0.00319966033966034,-0.03486279558482463,606
2438,54,863.83,173,2021-07-17,SMB,Canada,0,0.0018619680319680318,-0.06093672533480043,1947
2439,66,1002.31,35,2021-09-26,Enterprise,Japan,0,0.00200030969030969,-0.058240207861871035,1692
2440,74,2348.49,124,2020-11-12,SMB,Australia,0,0.003345144855144855,-0.03202705150927071,547
2441,23,259.42,62,2023-04-26,B2B,Singapore,0,0.0012581618381618382,-0.07270594923582047,4101
2442,26,809.36,93,2021-02-18,B2C,UK,0,0.0018075524475524476,-0.061997378907521855,2099
2443,60,659.64,185,2025-09-10,SMB,Singapore,0,0.001657982017982018,-0.06491276449422745,2518
2444,51,2764.74,100,2026-01-19,B2C,UAE,0,0.003760979020979021,-0.023921726566269116,411
2445,0,385.86,46,2025-11-26,SMB,Australia,0,0.0013844755244755247,-0.07024387767835952,3542
2446,73,1718.64,197,2020-06-03,B2B,Canada,0,0.0027159240759240763,-0.04429164950410447,883
2447,24,670.56,81,2023-10-11,B2B,USA,0,0.0016688911088911088,-0.06470012750112816,2487
2448,49,345.36,98,2021-06-20,B2B,UK,0,0.0013440159840159842,-0.07103250388902994,3719
2449,66,2154.11,114,2024-03-23,Enterprise,France,0,0.003150959040959041,-0.03581206787544644,623
2450,60,487.42,75,2021-09-23,SMB,UAE,1,0.001485934065934066,-0.0682662757535277,3100
2451,71,313.34,158,2021-10-26,B2C,USA,0,0.001312027972027972,-0.07165600540176247,3865
2452,41,281.6,50,2022-01-10,B2B,Australia,0,0.0012803196803196802,-0.07227405468390269,3995
2453,47,1760.82,93,2021-11-09,SMB,Germany,0,0.0027580619380619376,-0.0434703099098803,851
2454,59,919.69,15,2024-11-27,B2C,UAE,0,0.0019177722277722278,-0.0598490053316387,1841
2455,43,270.77,36,2020-06-27,Enterprise,India,0,0.0012695004995004996,-0.0724849391743116,4041
2456,50,791.48,167,2024-08-09,SMB,UK,0,0.0017896903096903097,-0.062345542775343765,2152
2457,43,708.6,188,2024-02-01,B2C,Germany,0,0.001706893106893107,-0.06395940303066142,2374
2458,36,1435.31,155,2022-08-30,SMB,Canada,0,0.002432877122877123,-0.04980872269593784,1118
2459,18,2255.34,54,2024-12-24,SMB,Singapore,0,0.0032520879120879124,-0.03384089179381268,585
2460,69,311.78,2,2023-03-13,SMB,USA,0,0.0013104695304695304,-0.07168638211506236,3869
2461,37,219.21,70,2025-01-12,B2B,Japan,0,0.001217992007992008,-0.07348892849337746,4313
2462,55,1990.45,4,2022-08-16,SMB,India,0,0.0029874625374625373,-0.03899889665663957,706
2463,65,718.73,47,2025-12-27,SMB,France,0,0.001717012987012987,-0.06376214911673324,2344
2464,29,1089.84,95,2022-09-06,B2C,USA,0,0.002087752247752248,-0.056535801634217155,1534
2465,76,475.2,176,2023-06-21,SMB,India,0,0.0014737262737262737,-0.0685042266743769,3151
2466,60,478.74,185,2025-04-05,Enterprise,USA,1,0.0014772627372627372,-0.06843529490188867,3133
2467,39,213.12,65,2022-03-05,B2B,India,0,0.0012119080919080919,-0.07360751450875976,4347
2468,67,1806.12,186,2024-02-15,B2B,UAE,0,0.0028033166833166833,-0.042588216889056354,819
2469,72,733.13,118,2026-05-25,SMB,France,1,0.0017313986013986016,-0.06348174868627264,2293
2470,24,1437.09,179,2024-12-09,SMB,Canada,0,0.0024346553446553446,-0.04977406208717258,1113
2471,39,1138.42,47,2025-03-06,B2C,India,0,0.0021362837162837165,-0.05558983962645494,1470
2472,44,432.49,77,2023-02-28,Enterprise,UAE,0,0.001431058941058941,-0.06933588656222218,3344
2473,31,1462.78,70,2024-04-13,SMB,Singapore,0,0.0024603196803196802,-0.04927381993033002,1091
2474,74,1029.56,162,2025-08-21,B2B,Japan,0,0.0020275324675324675,-0.05770958899172859,1633
2475,30,1141.64,165,2025-11-30,B2B,UK,0,0.0021395004995005,-0.05552713897464362,1462
2476,37,149.34,183,2024-09-10,SMB,Germany,0,0.0011481918081918082,-0.0748494547486748,4649
2477,25,82.53,96,2021-10-25,B2C,Germany,1,0.0010814485514485514,-0.07615039591249927,4900
2478,63,127.21,44,2022-03-28,SMB,India,0,0.0011260839160839161,-0.07528037568798682,4763
2479,35,4435.55,116,2021-07-20,SMB,UK,0,0.00543011988011988,0.008612706990527274,162
2480,75,398.45,68,2022-10-21,B2C,Germany,0,0.001397052947052947,-0.06999872202422766,3488
2481,21,230.96,171,2020-08-01,SMB,Germany,1,0.0012297302697302699,-0.07326012953102246,4261
2482,40,-1000.0,76,2025-05-22,Enterprise,UK,0,0.0,-0.0972296929948957,4995
2483,40,1071.62,138,2024-02-29,B2C,UAE,0,0.0020695504495504492,-0.056890586067758264,1566
2484,21,278.57,194,2026-03-21,B2C,Australia,0,0.0012772927072927072,-0.07233305560781211,4011
2485,58,114.1,88,2021-02-24,Enterprise,Germany,0,0.001112987012987013,-0.07553565691321865,4811
2486,19,728.36,16,2025-10-14,B2B,USA,0,0.0017266333666333667,-0.06357463132886271,2310
2487,63,372.02,35,2021-05-25,Enterprise,UAE,0,0.0013706493506493505,-0.07051337364763553,3596
2488,61,1274.48,40,2023-03-13,SMB,France,0,0.002272207792207792,-0.05294044500364462,1300
2489,39,2193.14,72,2020-12-09,SMB,UK,0,0.0031899500499500497,-0.035052065875385535,612
2490,68,1573.69,93,2021-10-18,Enterprise,USA,1,0.0025711188811188813,-0.047114152448219974,1002
2491,67,416.91,190,2023-01-22,B2C,India,1,0.0014154945054945056,-0.06963926425017886,3421
2492,76,602.83,34,2025-01-14,B2B,Canada,0,0.001601228771228771,-0.06601898313689873,2683
2493,61,1808.45,126,2025-10-03,B2B,India,1,0.0028056443556443555,-0.04254284654162765,818
2494,18,371.46,170,2021-08-26,Enterprise,USA,0,0.0013700899100899102,-0.07052427810882012,3598
2495,27,557.51,4,2024-11-26,Enterprise,France,1,0.001555954045954046,-0.066901465602765,2831
2496,73,5163.89,191,2021-01-10,B2B,Canada,0,0.006157732267732268,0.022795127096198825,118
2497,51,259.55,23,2022-06-28,SMB,UK,0,0.0012582917082917082,-0.07270341784304547,4099
2498,48,1341.77,139,2025-01-21,Enterprise,Singapore,0,0.0023394305694305695,-0.05163015715880479,1223
2499,31,698.19,23,2023-12-02,SMB,Germany,0,0.0016964935064935065,-0.06416210917518189,2409
2500,69,581.92,189,2020-04-19,SMB,Germany,1,0.0015803396603396604,-0.06642614792863004,2740
2501,65,642.53,69,2024-08-26,B2C,Germany,0,0.0016408891108891108,-0.06524593472792055,2560
2502,36,110.09,180,2020-08-06,Enterprise,India,0,0.001108981018981019,-0.07561374064420108,4819
2503,63,1251.66,61,2024-06-11,B2C,Singapore,0,0.002249410589410589,-0.053384801796916195,1334
2504,46,293.39,5,2025-08-18,SMB,Japan,0,0.0012920979020979019,-0.07204447683146309,3952
2505,73,712.67,17,2024-03-11,SMB,Germany,0,0.001710959040959041,-0.06388015096455207,2362
2506,63,370.0,87,2022-08-23,B2C,Singapore,1,0.0013686313686313686,-0.07055270759690849,3608
2507,72,477.75,34,2024-04-30,B2B,UK,0,0.0014762737262737262,-0.06845457243148284,3138
2508,53,340.46,94,2020-11-30,B2C,Japan,0,0.0013391208791208792,-0.071127917924395,3743
2509,47,498.49,144,2024-03-15,B2B,USA,1,0.001496993006993007,-0.06805071792261112,3059
2510,28,175.12,121,2022-07-08,B2B,USA,0,0.001173946053946054,-0.07434746008914188,4538
2511,47,5537.23,108,2020-04-25,Enterprise,India,0,0.006530699300699301,0.03006489770093206,105
2512,76,518.81,95,2023-07-29,B2C,USA,0,0.0015172927072927072,-0.06765504175962785,2983
2513,39,3709.45,132,2021-02-09,SMB,France,0,0.004704745254745254,-0.005526095270405964,233
2514,70,452.66,52,2023-10-05,B2C,USA,1,0.0014512087912087912,-0.0689431312370562,3255
2515,19,524.42,123,2021-08-21,B2C,Australia,1,0.001522897102897103,-0.0675458024252609,2962
2516,56,248.87,20,2021-07-17,B2B,Canada,0,0.0012476223776223775,-0.07291138149563708,4159
2517,42,1572.14,176,2020-06-05,SMB,USA,0,0.0025695704295704298,-0.04714433443899872,1004
2518,62,259.61,96,2023-03-21,SMB,Canada,0,0.0012583516483516484,-0.07270224950791856,4098
2519,25,244.36,98,2025-04-19,B2C,Singapore,0,0.0012431168831168833,-0.07299920135267718,4183
2520,49,692.61,179,2021-07-22,B2C,India,0,0.001690919080919081,-0.06427076434198536,2428
2521,61,666.05,173,2025-04-05,SMB,Germany,0,0.0016643856143856144,-0.06478794735816826,2506
2522,24,319.68,115,2025-01-11,SMB,Japan,0,0.0013183616383616384,-0.07153255132335135,3834
2523,76,978.09,177,2020-01-22,B2C,UAE,0,0.001976113886113886,-0.05871182580810406,1738
2524,39,77.47,184,2020-11-20,Enterprise,USA,0,0.0010763936063936065,-0.0762489255082028,4912
2525,46,353.97,3,2020-03-18,SMB,Germany,0,0.0013526173826173826,-0.07086484779831705,3685
2526,76,162.29,42,2022-11-14,Enterprise,Australia,0,0.001161128871128871,-0.07459728908378142,4601
2527,19,540.63,199,2022-06-02,B2B,India,0,0.0015390909090909092,-0.06723015721847157,2903
2528,55,2648.91,170,2021-09-04,SMB,UK,0,0.003645264735264735,-0.02617719752878653,453
2529,60,85.6,99,2026-02-25,B2B,India,0,0.0010845154845154845,-0.07609061609850525,4889
2530,66,996.66,101,2025-12-01,B2C,Japan,0,0.0019946653346653346,-0.058350226086322586,1698
2531,32,429.52,29,2024-09-29,Enterprise,Canada,0,0.0014280919080919081,-0.06939371915100469,3362
2532,71,339.41,145,2021-03-31,B2B,Germany,0,0.0013380719280719283,-0.0711483637891161,3754
2533,72,1469.64,107,2023-03-26,Enterprise,UAE,0,0.0024671728271728273,-0.04914024028081894,1083
2534,37,87.38,156,2022-08-31,SMB,Japan,1,0.0010862937062937064,-0.07605595548973998,4882
2535,43,254.9,60,2023-05-18,B2B,UK,0,0.0012536463536463537,-0.07279396381538171,4128
2536,150,204.45,47,2021-05-14,Enterprise,USA,0,0.0012032467532467532,-0.07377633893459958,4398
2537,40,114.92,125,2020-07-14,SMB,Canada,0,0.001113806193806194,-0.07551968966648409,4807
2538,58,980.67,11,2022-09-03,Enterprise,UK,0,0.001978691308691309,-0.058661587397646535,1734
2539,66,631.95,65,2024-09-15,B2B,UK,0,0.0016303196803196804,-0.06545195115530063,2594
2540,69,1043.53,60,2025-02-15,SMB,UK,0,0.0020414885114885114,-0.05743756162967757,1605
2541,59,1196.49,88,2020-09-14,B2C,Singapore,0,0.002194295704295704,-0.054459085946118355,1392
2542,21,1810.89,189,2021-03-30,B2C,UAE,1,0.0028080819180819182,-0.04249533424646628,814
2543,21,942.63,43,2025-08-09,Enterprise,India,1,0.0019406893106893109,-0.059402311868113275,1798
2544,65,423.61,167,2026-01-04,SMB,Australia,0,0.0014221878121878123,-0.06950880016100622,3392
2545,18,1044.01,117,2020-03-08,Enterprise,Canada,0,0.002041968031968032,-0.05742821494866223,1603
2546,40,497.39,1,2025-10-11,B2B,India,1,0.0014958941058941058,-0.06807213739993798,3065
2547,0,1747.22,9,2026-06-13,B2C,Canada,0,0.0027444755244755248,-0.04373513253864865,859
2548,78,1783.85,74,2022-09-17,B2B,USA,0,0.002781068931068931,-0.04302186394366451,835
2549,44,278.23,137,2021-08-11,SMB,India,0,0.001276953046953047,-0.07233967617353132,4013
2550,24,137.14,131,2023-04-08,B2B,France,1,0.0011360039960039959,-0.0750870162244817,4718
2551,51,298.74,157,2024-10-24,B2C,Germany,0,0.0012974425574425574,-0.07194030028264611,3927
2552,78,2584.56,86,2020-01-07,SMB,USA,0,0.003580979020979021,-0.027430236952407316,476
2553,21,5702.05,42,2023-12-16,Enterprise,Japan,0,0.006695354645354645,0.03327431429457897,100
2554,19,119.43,105,2022-09-12,SMB,UAE,0,0.0011183116883116883,-0.075431869809444,4790
2555,40,1839.56,43,2026-05-26,B2B,Germany,0,0.002836723276723277,-0.04193706477832008,799
2556,65,305.15,94,2024-09-02,SMB,Canada,0,0.001303846153846154,-0.07181548314658692,3899
2557,53,380.71,152,2022-02-06,B2B,UAE,0,0.0013793306693306695,-0.07034415977675341,3567
2558,72,2305.4,3,2020-12-16,B2B,Japan,0,0.0033020979020979024,-0.0328661108529198,565
2559,39,966.73,8,2025-11-14,B2B,Singapore,0,0.001964765234765235,-0.05893303059213409,1753
2560,27,1892.55,45,2024-01-17,B2B,Germany,0,0.00288966033966034,-0.04090523013872932,764
2561,59,445.84,154,2020-10-04,B2C,UAE,0,0.0014443956043956043,-0.06907593199648267,3288
2562,52,2033.24,111,2025-11-24,B2C,UK,0,0.00303020979020979,-0.038165678988625065,679
2563,58,508.67,179,2026-02-06,B2B,USA,1,0.0015071628371628371,-0.06785249039607717,3021
2564,44,687.29,55,2025-09-09,B2B,UK,0,0.0016856043956043956,-0.06437435672323887,2443
2565,41,1170.16,33,2025-09-10,B2C,Australia,0,0.0021679920079920078,-0.05497179034431471,1419
2566,24,461.08,123,2026-03-19,B2C,UAE,0,0.0014596203796203796,-0.06877917487424522,3217
2567,68,5023.62,105,2020-03-24,Enterprise,UK,0,0.0060176023976023976,0.020063754291983,132
2568,38,275.69,163,2024-05-18,B2C,France,0,0.0012744155844155844,-0.07238913569390423,4024
2569,76,1379.3,80,2025-04-09,B2C,USA,0,0.0023769230769230773,-0.050899363536916875,1181
2570,25,421.87,11,2020-06-27,B2B,UAE,0,0.0014204495504495504,-0.06954268187968687,3402
2571,67,1513.32,177,2024-05-03,SMB,France,0,0.0025108091908091906,-0.04828969230842179,1043
2572,53,803.09,79,2024-03-09,B2C,Singapore,0,0.0018012887112887114,-0.06211946992828491,2121
2573,22,1503.46,25,2022-11-04,B2B,UAE,0,0.002500959040959041,-0.04848168871427884,1053
2574,33,265.15,138,2020-03-07,SMB,Germany,0,0.001263886113886114,-0.07259437323119969,4075
2575,35,705.26,173,2024-01-02,B2C,Australia,1,0.0017035564435564435,-0.06402444035272659,2387
2576,55,499.12,134,2020-10-03,B2C,Australia,1,0.0014976223776223775,-0.06803845040377847,3056
2577,40,327.48,156,2023-11-13,B2C,India,0,0.0013261538461538463,-0.07138066775685185,3801
2578,73,457.89,13,2022-09-14,Enterprise,Singapore,0,0.0014564335664335663,-0.06884129135849308,3234
2579,61,490.09,77,2021-02-28,Enterprise,USA,0,0.0014886013986013986,-0.06821428484037981,3093
2580,69,722.13,64,2023-09-23,B2B,USA,1,0.0017204095904095906,-0.06369594345954115,2334
2581,54,449.84,110,2021-06-30,B2B,UAE,1,0.0014483916083916084,-0.0689980429880214,3269
2582,68,235.09,114,2020-06-30,SMB,USA,0,0.0012338561438561438,-0.07317970912978618,4241
2583,38,1594.25,158,2023-12-14,SMB,India,1,0.0025916583416583415,-0.046713802944729016,982
2584,62,593.56,119,2026-02-14,Enterprise,UAE,0,0.001591968031968032,-0.06619949091400773,2709
2585,39,447.46,133,2023-10-18,B2B,Singapore,0,0.001446013986013986,-0.06904438694805586,3280
2586,30,574.98,71,2021-12-18,B2B,France,0,0.0015734065934065935,-0.06656128535831037,2761
2587,79,726.26,118,2025-03-18,B2C,USA,0,0.0017245354645354645,-0.06361552305830488,2321
2588,53,140.71,55,2025-05-14,Enterprise,UAE,0,0.0011395704295704297,-0.07501750028443001,4690
2589,28,37.84,180,2022-01-16,B2C,USA,0,0.0010368031968031968,-0.07702061085953288,4977
2590,23,3439.6,28,2021-07-06,Enterprise,Japan,0,0.004435164835164836,-0.010780682503724834,274
2591,79,579.54,24,2020-09-15,B2C,India,0,0.0015779620379620378,-0.06647249188866451,2749
2592,26,751.53,177,2025-02-17,Enterprise,UK,0,0.0017497802197802197,-0.06312345924735076,2246
2593,37,1639.12,95,2020-05-31,B2C,UAE,0,0.0026364835164835163,-0.04584008299231465,945
2594,78,266.78,120,2023-04-16,B2C,Japan,0,0.0012655144855144855,-0.07256263346025171,4066
2595,79,223.76,93,2022-04-05,B2C,India,0,0.0012225374625374624,-0.07340032974625275,4292
2596,56,957.3,176,2020-06-28,Enterprise,UK,0,0.001955344655344655,-0.05911665392958155,1770
2597,41,935.88,159,2022-03-28,B2C,Japan,0,0.001933946053946054,-0.05953374956989168,1812
2598,29,512.8,152,2020-06-20,Enterprise,USA,0,0.0015112887112887113,-0.06777206999484091,3008
2599,59,738.3,110,2023-07-16,B2C,Singapore,0,0.0017365634365634364,-0.06338107714283645,2278
2600,52,1184.27,199,2023-06-24,B2C,USA,0,0.0021820879120879122,-0.05469703686696756,1407
2601,56,76.04,20,2025-10-12,B2C,Australia,1,0.001074965034965035,-0.07627677082872769,4916
2602,42,431.82,2,2024-06-19,B2C,USA,0,0.0014303896103896104,-0.06934893297113945,3348
2603,44,600.22,58,2026-02-02,B2B,France,0,0.0015986213786213785,-0.06606980571491972,2693
2604,59,62.98,54,2025-04-23,B2C,Singapore,0,0.001061918081918082,-0.07653107844135376,4944
2605,18,445.57,39,2022-11-03,SMB,Australia,1,0.001444125874125874,-0.0690811895045538,3289
2606,29,485.58,19,2020-05-29,SMB,Japan,0,0.001484095904095904,-0.06830210469741989,3109
2607,18,125.67,70,2022-02-21,B2B,UAE,0,0.0011245454545454547,-0.07531036295624441,4770
2608,30,5828.31,73,2023-03-17,B2B,UAE,0,0.006821488511488512,0.035732880846659175,95
2609,56,611.41,116,2024-01-02,B2B,UAE,0,0.0016098001998001996,-0.0658519112137493,2653
2610,67,5092.96,132,2020-07-14,Enterprise,UAE,0,0.006086873126873127,0.021413960253659232,123
2611,57,131.42,20,2023-09-21,SMB,India,0,0.0011302897102897103,-0.07519839750658132,4745
2612,23,218.08,131,2023-01-24,B2B,UAE,0,0.0012168631368631368,-0.07351093213826777,4315
2613,46,128.62,73,2021-05-24,B2B,India,0,0.0011274925074925073,-0.07525291981250422,4757
2614,64,1181.54,91,2024-02-16,B2C,France,0,0.0021793606393606395,-0.05475019611524238,1411
2615,67,1114.93,62,2024-11-24,SMB,UAE,0,0.002112817182817183,-0.05604724282864379,1506
2616,21,1163.21,197,2024-06-26,SMB,UK,0,0.002161048951048951,-0.055107122496516184,1431
2617,40,191.66,196,2024-12-06,B2B,India,0,0.0011904695304695305,-0.0740253890391545,4470
2618,61,3187.51,147,2024-05-02,B2B,Japan,1,0.004183326673326673,-0.015689442539475632,321
2619,25,3430.1,101,2023-10-20,SMB,Germany,0,0.004425674325674326,-0.010965668898820365,275
2620,54,2631.57,16,2022-02-04,B2C,UK,0,0.003627942057942058,-0.026514846380466157,462
2621,19,238.64,150,2025-07-25,B2C,Japan,0,0.0012374025974025973,-0.07311058263477681,4217
2622,67,3086.07,149,2025-07-30,SMB,USA,0,0.004081988011988012,-0.017664707794053606,340
2623,21,1517.91,184,2024-02-13,B2B,Germany,0,0.0025153946053946053,-0.048200314671212476,1038
2624,200,563.84,188,2025-10-27,B2B,UK,1,0.0015622777222777224,-0.06677820624687501,2805
2625,40,237.36,34,2022-12-28,SMB,UAE,0,0.0012361238761238764,-0.07313550711748441,4225
2626,38,594.63,197,2020-12-04,SMB,Australia,0,0.001593036963036963,-0.06617865560424434,2705
2627,70,2257.22,66,2024-10-04,B2B,USA,0,0.0032539660339660336,-0.03380428395983589,584
2628,43,1259.06,13,2020-11-19,SMB,Japan,0,0.002256803196803197,-0.05324070713126284,1323
2629,57,352.38,115,2024-10-29,SMB,UK,0,0.0013510289710289712,-0.0708958086791804,3688
2630,47,695.03,78,2022-01-09,SMB,Australia,1,0.0016933366633366633,-0.0642236414918663,2419
2631,50,199.17,149,2026-02-12,SMB,Japan,0,0.001197972027972028,-0.07387915242576845,4431
2632,39,690.19,188,2023-04-18,B2B,India,1,0.0016885014985014986,-0.06431788719210445,2434
2633,29,117.65,196,2023-08-08,B2B,Australia,0,0.0011165334665334667,-0.07546653041820926,4797
2634,23,378.36,106,2021-02-24,Enterprise,France,0,0.001376983016983017,-0.07038991956922441,3569
2635,37,2710.96,174,2020-11-23,B2B,Japan,0,0.0037072527472527474,-0.024968944285030974,431
2636,24,4487.56,16,2023-09-05,Enterprise,Japan,0,0.005482077922077923,0.009625458823045028,159
2637,47,456.91,183,2023-04-25,B2C,France,0,0.0014554545454545456,-0.06886037416556609,3241
2638,60,1222.8,139,2023-06-09,B2B,USA,0,0.0022205794205794206,-0.05394677099296432,1357
2639,58,20863.83,33,2024-12-31,SMB,Australia,0,0.021841988011988014,0.3285083169715825,20
2640,74,5912.23,86,2024-10-11,B2C,France,0,0.006905324675324675,0.037366992244176736,93
2641,25,450.13,117,2021-11-13,B2C,USA,0,0.0014486813186813188,-0.06899239603490795,3265
2642,34,200.9,178,2024-12-23,B2C,Canada,0,0.0011997002997003,-0.07384546542960894,4422
2643,60,671.01,180,2023-12-10,Enterprise,Germany,0,0.0016693406593406594,-0.06469136498767628,2485
2644,45,6443.91,75,2025-01-05,SMB,Japan,0,0.007436473526473526,0.04771999924884963,72
2645,49,231.96,62,2020-06-22,SMB,UAE,0,0.0012307292707292707,-0.07324065727890713,4255
2646,65,86.27,169,2023-12-15,B2C,Australia,0,0.0010851848151848152,-0.07607756968958798,4886
2647,26,1273.05,11,2024-11-16,B2C,Germany,0,0.002270779220779221,-0.05296829032416953,1302
2648,61,829.53,122,2023-01-29,B2C,UK,0,0.0018277022977022978,-0.06160462358235587,2048
2649,21,834.44,7,2020-08-22,B2C,Japan,1,0.0018326073926073928,-0.06150901482446965,2031
2650,20,649.63,79,2020-11-03,SMB,Australia,0,0.001647982017982018,-0.06510768173790178,2546
2651,61,580.51,144,2024-07-21,Enterprise,UK,0,0.001578931068931069,-0.06645360380411265,2744
2652,67,196.58,29,2024-01-28,B2B,Germany,0,0.0011953846153846153,-0.07392958555874712,4448
2653,53,1042.8,5,2025-10-02,B2C,UAE,0,0.0020407592407592407,-0.057451776373721765,1607
2654,65,691.03,64,2021-10-17,B2C,Germany,1,0.0016893406593406592,-0.06430153050032757,2431
2655,24,5737.46,143,2020-05-07,B2C,Germany,0,0.006730729270729271,0.03396382674198242,98
2656,27,509.16,134,2021-08-07,B2C,Japan,0,0.0015076523476523478,-0.06784294899254067,3018
2657,50,763.68,49,2024-11-29,Enterprise,UK,0,0.0017619180819180818,-0.06288687138414964,2220
2658,31,137.01,108,2020-05-22,Enterprise,France,1,0.0011358741258741258,-0.0750895476172567,4719
2659,35,204.41,179,2021-06-01,SMB,USA,0,0.0012032067932067933,-0.07377711782468419,4399
2660,50,1317.19,42,2020-10-02,B2B,Canada,1,0.002314875124875125,-0.05210878511579934,1248
2661,71,5529.43,109,2022-08-24,B2C,India,0,0.006522907092907093,0.029913014134432585,106
2662,43,891.75,93,2024-02-09,Enterprise,UK,0,0.00188986013986014,-0.060393060055740716,1901
2663,56,506.64,65,2024-01-23,B2B,France,0,0.001505134865134865,-0.06789201906787128,3031
2664,73,114.01,5,2024-04-17,B2C,UK,0,0.0011128971028971028,-0.07553740941590903,4812
2665,67,782.95,113,2026-05-12,B2B,Canada,1,0.0017811688311688313,-0.06251164108588743,2178
2666,34,2545.56,24,2020-05-12,B2B,France,0,0.003542017982017982,-0.02818965478490476,485
2667,60,345.0,37,2021-09-20,B2B,Canada,0,0.0013436563436563438,-0.07103951389979146,3724
2668,45,345.83,53,2025-01-16,SMB,Japan,0,0.0013444855144855144,-0.07102335193053574,3717
2669,19,235.96,6,2024-02-28,B2C,USA,0,0.0012347252747252747,-0.07316276827044586,4236
2670,57,1779.25,167,2024-03-03,Enterprise,Australia,0,0.0027764735264735265,-0.04311143630339497,838
2671,54,690.08,89,2024-12-23,B2B,France,1,0.0016883916083916084,-0.06432002913983713,2436
2672,49,463.62,190,2020-11-10,B2C,Canada,0,0.0014621578421578421,-0.0687297153538723,3202
2673,44,1336.18,60,2026-06-08,B2C,USA,0,0.0023338461538461542,-0.051739007048129435,1228
2674,48,331.0,41,2021-07-17,Enterprise,India,1,0.0013296703296703297,-0.07131212542940593,3783
2675,71,195.89,10,2025-12-08,Enterprise,UK,1,0.0011946953046953045,-0.0739430214127067,4453
2676,21,863.5,81,2024-02-12,SMB,Singapore,0,0.0018616383616383617,-0.060943151177998485,1949
2677,52,535.7,93,2024-06-18,SMB,France,0,0.0015341658341658342,-0.0673261554214001,2917
2678,49,712.16,70,2023-07-11,SMB,UK,0,0.0017104495504495503,-0.06389008181313088,2364
2679,28,2911.38,135,2023-02-15,B2B,USA,0,0.003907472527472528,-0.02106631551607871,378
2680,74,1218.57,5,2022-10-19,Enterprise,France,0,0.002216353646353646,-0.05402913861941211,1363
2681,70,203.38,27,2021-04-09,SMB,France,0,0.0012021778221778224,-0.07379717424436295,4405
2682,40,621.43,163,2020-04-16,B2B,Australia,1,0.0016198101898101897,-0.06565679924755378,2626
2683,64,442.94,183,2022-02-01,B2C,UAE,0,0.0014414985014985016,-0.0691324015276171,3297
2684,77,469.77,17,2025-08-06,B2C,Germany,0,0.0014683016983016983,-0.06860996100336308,3172
2685,40,199.22,7,2025-10-21,Enterprise,USA,0,0.0011980219780219781,-0.07387817881316269,4429
2686,56,465.0,189,2024-05-04,SMB,Singapore,1,0.0014635364635364636,-0.06870284364595317,3190
2687,73,311.81,65,2026-04-19,B2C,France,0,0.0013104995004995005,-0.07168579794749891,3867
2688,52,437.88,15,2021-04-27,B2B,UAE,0,0.0014364435564435565,-0.06923093112332061,3319
2689,34,675.76,186,2022-12-08,Enterprise,Japan,0,0.001674085914085914,-0.0645988717901285,2472
2690,69,476.3,49,2022-12-02,B2B,Japan,0,0.0014748251748251749,-0.06848280719705005,3144
2691,66,123.57,52,2025-01-01,SMB,Germany,0,0.0011224475524475525,-0.07535125468568657,4777
2692,37,390.94,26,2022-05-28,SMB,UK,0,0.0013895504495504496,-0.07014495863761369,3523
2693,60,360.33,43,2023-03-15,Enterprise,India,0,0.001358971028971029,-0.07074100427486361,3653
2694,67,1274.65,53,2025-07-04,Enterprise,France,0,0.0022723776223776224,-0.05293713472078501,1299
2695,49,917.97,113,2022-03-30,SMB,France,0,0.0019160539460539461,-0.05988249760527705,1847
2696,73,1327.77,184,2021-05-17,SMB,UK,1,0.0023254445554445552,-0.05190276868841926,1235
2697,55,859.78,78,2021-07-09,Enterprise,Japan,0,0.001857922077922078,-0.061015587955867465,1960
2698,63,728.47,123,2020-10-30,SMB,Singapore,0,0.0017267432567432568,-0.06357248938113003,2309
2699,22,640.02,77,2025-01-25,B2C,Singapore,0,0.0016383816183816184,-0.06529481008073,2566
2700,32,2034.08,68,2021-12-08,SMB,USA,0,0.003031048951048951,-0.0381493222968482,676
2701,79,2800.74,112,2024-12-28,B2C,Singapore,1,0.0037969430569430567,-0.023220725490117625,401
2702,49,994.35,161,2020-12-25,SMB,UK,0,0.001992357642357642,-0.058395206988708974,1705
2703,51,1181.64,14,2023-08-02,Enterprise,Japan,1,0.00217946053946054,-0.054748248890030854,1410
2704,43,208.22,145,2023-11-24,B2C,USA,0,0.0012070129870129871,-0.07370292854412482,4372
2705,68,497.88,111,2020-09-22,SMB,India,0,0.0014963836163836165,-0.06806259599640146,3061
2706,32,570.72,39,2026-03-02,B2C,Singapore,0,0.001569150849150849,-0.06664423715232162,2779
2707,26,396.01,48,2026-01-29,Enterprise,UAE,0,0.0013946153846153846,-0.07004623431938903,3505
2708,22,3906.86,134,2023-04-04,SMB,India,0,0.004901958041958043,-0.0016820779803208051,207
2709,51,834.64,150,2023-05-13,SMB,Japan,0,0.0018328071928071926,-0.061505120374046596,2030
2710,50,556.45,87,2021-10-07,Enterprise,Canada,0,0.001554895104895105,-0.06692210619000723,2838
2711,38,174.59,37,2021-12-14,B2B,Japan,0,0.0011734165834165833,-0.07435778038276299,4543
2712,20,1334.8,100,2024-01-20,B2B,Canada,0,0.0023324675324675327,-0.05176587875604857,1230
2713,47,1104.63,43,2025-09-14,B2C,Germany,0,0.0021025274725274727,-0.05624780702543158,1517
2714,22,328.78,45,2022-07-07,Enterprise,UAE,1,0.0013274525474525475,-0.07135535382910194,3793
2715,79,397.27,122,2021-05-12,B2C,Canada,0,0.0013958741258741259,-0.07002169928172373,3497
2716,41,368.99,193,2022-04-03,SMB,Australia,0,0.0013676223776223776,-0.07057237457154494,3614
2717,69,862.51,132,2021-07-22,SMB,UK,0,0.0018606493506493507,-0.06096242870759265,1955
2718,33,441.05,196,2022-08-27,SMB,India,1,0.0014396103896103895,-0.06916920408411505,3304
2719,23,223.18,57,2025-07-16,SMB,UK,0,0.001221958041958042,-0.07341162365247964,4294
2720,57,4410.08,162,2020-04-17,B2B,Canada,1,0.005404675324675324,0.008116748729150091,165
2721,52,825.79,30,2024-01-18,SMB,Canada,0,0.001823966033966034,-0.06167744980526717,2057
2722,43,185.29,167,2026-03-19,B2B,UAE,0,0.001184105894105894,-0.07414942728512908,4499
2723,61,186.78,96,2026-06-02,Enterprise,India,1,0.0011855944055944056,-0.07412041362947724,4492
2724,73,1386.76,90,2024-02-20,Enterprise,France,1,0.0023843756243756248,-0.05075410053613659,1176
2725,18,231.57,167,2025-03-29,Enterprise,France,0,0.0012303396603396603,-0.0732482514572321,4258
2726,75,341.18,72,2026-03-09,B2C,UAE,0,0.00133984015984016,-0.07111389790287198,3739
2727,37,185.62,17,2021-06-15,B2C,Singapore,0,0.0011844355644355642,-0.07414300144193102,4497
2728,71,324.71,94,2020-12-19,B2B,France,0,0.0013233866133866134,-0.07143460589521128,3812
2729,63,1377.54,125,2020-09-26,B2C,Germany,0,0.002375164835164835,-0.05093363470063983,1186
2730,28,650.22,99,2023-06-20,SMB,Australia,0,0.0016485714285714285,-0.06509619310915375,2545
2731,37,351.39,12,2024-06-18,B2C,Australia,0,0.00135003996003996,-0.07091508620877457,3695
2732,56,131.66,6,2025-05-14,B2C,UK,0,0.0011305294705294705,-0.07519372416607364,4743
2733,21,200.78,157,2025-11-23,B2B,UAE,0,0.0011995804195804195,-0.07384780209986279,4423
2734,55,400.76,142,2024-08-09,Enterprise,France,0,0.0013993606393606394,-0.06995374112184127,3479
2735,63,677.3,1,2024-08-04,B2C,Singapore,0,0.0016756243756243755,-0.06456888452187091,2464
2736,59,1059.1,167,2026-06-12,SMB,USA,0,0.002057042957042957,-0.05713437866424206,1587
2737,47,199.19,6,2020-10-29,SMB,UK,0,0.001197992007992008,-0.07387876298072614,4430
2738,53,978.51,111,2021-05-28,B2B,France,1,0.0019765334665334663,-0.05870364746221563,1737
2739,62,877.54,112,2023-07-22,B2B,Japan,0,0.0018756643356643357,-0.0606697607582994,1920
2740,39,834.74,172,2020-10-30,Enterprise,UAE,0,0.001832907092907093,-0.06150317314883506,2029
2741,57,89.38,169,2025-01-17,SMB,USA,1,0.0010882917082917084,-0.07601701098550934,4877
2742,35,736.86,95,2025-03-23,B2C,UAE,0,0.0017351248751248753,-0.06340911718588249,2282
2743,22,461.14,113,2025-10-20,B2C,India,0,0.0014596803196803196,-0.0687780065391183,3216
2744,61,535.29,160,2023-11-12,B2B,India,0,0.0015337562437562438,-0.06733413904476739,2919
2745,47,3828.83,97,2021-06-09,SMB,France,0,0.004824005994005994,-0.003201497812879162,217
2746,72,125.56,5,2026-03-08,SMB,UK,0,0.0011244355644355643,-0.07531250490397709,4771
2747,22,4787.81,47,2022-01-15,SMB,Singapore,0,0.005782027972027972,0.015472002520669602,141
2748,56,53.09,145,2021-06-12,SMB,Japan,0,0.001052037962037962,-0.07672365901477426,4959
2749,68,484.8,33,2024-11-07,B2C,Germany,0,0.0014833166833166833,-0.06831729305406983,3112
2750,31,1139.41,170,2025-08-21,B2C,UAE,0,0.0021372727272727272,-0.05557056209686077,1468
2751,28,215.91,151,2020-08-14,Enterprise,Canada,0,0.0012146953046953048,-0.073553186925358,4329
2752,69,875.83,70,2021-05-23,Enterprise,UK,0,0.0018739560439560439,-0.0607030583094166,1924
2753,38,315.2,50,2025-10-23,B2B,Japan,0,0.0013138861138861139,-0.07161978701282798,3856
2754,77,840.7,157,2021-09-18,B2B,Australia,1,0.001838861138861139,-0.06138711852622775,2009
2755,28,564.56,64,2023-05-30,B2B,Germany,0,0.001562997002997003,-0.06676418622535199,2801
2756,49,560.43,4,2021-11-05,SMB,Germany,0,0.0015588711288711287,-0.06684460662658825,2814
2757,46,2945.72,121,2021-10-25,B2B,Singapore,0,0.003941778221778222,-0.020397638378438655,371
2758,20,1828.03,135,2023-08-14,B2B,USA,1,0.002825204795204795,-0.042161579845209705,805
2759,30,363.95,79,2022-07-12,B2C,Singapore,1,0.0013625874125874125,-0.07067051472220616,3635
2760,23,1260.24,190,2023-11-18,SMB,UAE,1,0.0022579820179820177,-0.05321772987376676,1322
2761,75,784.93,59,2025-10-26,B2B,Japan,0,0.001783146853146853,-0.06247308602669911,2166
2762,65,291.35,149,2023-03-09,B2B,Germany,1,0.00129005994005994,-0.07208420022577833,3959
2763,45,464.81,16,2020-11-19,Enterprise,Germany,0,0.0014633466533466534,-0.06870654337385507,3193
2764,48,1614.21,70,2022-10-23,SMB,UAE,0,0.002611598401598402,-0.04632513679250724,968
2765,40,263.75,141,2022-03-15,B2B,UK,0,0.0012624875124875126,-0.07262163438416114,4082
2766,55,453.37,136,2026-03-06,B2C,UK,1,0.0014519180819180819,-0.06892930593805432,3252
2767,55,1606.06,61,2023-01-29,Enterprise,India,0,0.0026034565434565433,-0.0464838356472471,975
2768,200,1777.78,131,2021-05-27,Enterprise,Australia,0,0.002775004995004995,-0.04314006051400449,840
2769,23,783.28,111,2023-05-25,B2B,USA,0,0.0017814985014985014,-0.06250521524268939,2175
2770,39,318.64,174,2025-12-25,B2C,France,0,0.0013173226773226772,-0.07155280246555128,3839
2771,62,1097.4,190,2021-01-17,Enterprise,Germany,0,0.0020953046953046954,-0.05638859140822533,1526
2772,75,118.01,23,2025-08-20,B2C,Japan,0,0.0011168931068931069,-0.07545952040744774,4796
2773,57,224.36,136,2021-11-21,SMB,France,1,0.0012231368631368633,-0.07338864639498356,4289
2774,66,2524.37,148,2021-09-23,SMB,France,0,0.003520849150849151,-0.028602271807228376,491
2775,51,2336.34,30,2021-12-02,SMB,Canada,0,0.003333006993006993,-0.03226363937247183,553
2776,78,309.18,54,2023-10-14,B2B,UAE,0,0.0013078721278721279,-0.07173700997056219,3884
2777,55,175.19,148,2026-04-27,SMB,USA,0,0.001174015984015984,-0.07434609703149381,4535
2778,55,180.76,2,2020-06-17,Enterprise,UK,1,0.0011795804195804196,-0.07423763658721148,4515
2779,24,335.48,98,2020-04-26,Enterprise,India,1,0.0013341458541458542,-0.0712248897399293,3768
2780,18,782.6,145,2020-11-28,B2C,UK,1,0.0017808191808191807,-0.0625184563741278,2180
2781,200,281.0,15,2020-07-05,B2B,Germany,1,0.0012797202797202797,-0.07228573803517188,3997
2782,39,459.81,193,2026-06-20,Enterprise,USA,1,0.0014583516483516483,-0.06880390463443167,3225
2783,57,470.07,197,2022-12-20,Enterprise,Canada,0,0.0014686013986013986,-0.06860411932772849,3169
2784,20,1447.65,98,2022-05-13,B2C,UK,0,0.002445204795204795,-0.0495684351048348,1102
2785,21,279.8,197,2026-06-01,B2C,Australia,0,0.0012785214785214784,-0.07230910473771027,4005
2786,34,621.77,104,2024-09-02,SMB,USA,0,0.0016201498501498502,-0.06565017868183458,2624
2787,52,5679.96,109,2020-05-04,Enterprise,USA,1,0.006673286713286713,0.03284417224535157,101
2788,79,618.82,68,2025-08-01,B2C,Australia,0,0.0016172027972027974,-0.06570762182557477,2635
2789,40,590.26,43,2026-02-12,B2C,Germany,0,0.0015886713286713287,-0.06626374934598829,2723
2790,46,480.88,140,2023-04-01,Enterprise,USA,1,0.0014794005994005995,-0.0683936242823619,3127
2791,74,705.95,94,2023-05-22,SMB,UAE,0,0.0017042457542457542,-0.06401100449876701,2382
2792,19,669.68,22,2025-06-01,B2C,Canada,0,0.0016680119880119878,-0.06471726308298964,2494
2793,63,970.14,94,2022-09-30,B2B,Canada,0,0.001968171828171828,-0.05886663021242085,1750
2794,77,2987.24,198,2024-07-21,Enterprise,Canada,0,0.003983256743256743,-0.019589150470610606,359
2795,23,420.92,125,2023-05-03,B2C,Germany,0,0.0014195004995004995,-0.06956118051919642,3406
2796,72,447.92,148,2025-01-31,B2C,UAE,0,0.0014464735264735267,-0.0690354297120828,3278
2797,67,3244.66,114,2020-10-25,B2C,UK,0,0.00424041958041958,-0.01457660333108515,307
2798,41,407.4,143,2020-09-02,SMB,Germany,0,0.0014059940059940061,-0.06982444536779554,3458
2799,19,519.83,115,2021-10-09,Enterprise,Singapore,0,0.0015183116883116883,-0.06763518006247021,2976
2800,29,709.54,8,2024-12-05,B2C,India,0,0.0017078321678321677,-0.06394109911367302,2370
2801,75,398.46,37,2024-08-29,B2C,Japan,0,0.0013970629370629371,-0.0699985273017065,3487
2802,22,803.03,156,2025-06-06,Enterprise,UK,0,0.0018012287712287712,-0.062120638263411826,2122
2803,59,206.06,11,2025-03-17,B2C,India,0,0.0012048551448551447,-0.0737449886086939,4385
2804,32,108.62,70,2022-04-15,B2C,India,1,0.0011075124875124874,-0.0756423648548106,4827
2805,30,167.76,27,2023-10-25,SMB,India,0,0.0011665934065934066,-0.07449077586471063,4575
2806,27,2125.33,42,2021-08-11,SMB,UAE,0,0.003122207792207792,-0.036372479291325324,637
2807,39,5027.38,75,2023-07-04,B2C,Australia,1,0.006021358641358642,0.020136969959936604,130
2808,46,131.36,83,2023-07-31,B2C,Canada,1,0.0011302297702297703,-0.07519956584170824,4746
2809,66,727.68,8,2023-11-15,B2C,Australia,0,0.0017259540459540457,-0.06358787246030113,2313
2810,62,1357.98,59,2024-06-21,Enterprise,India,0,0.0023556243756243755,-0.051314511952015474,1207
2811,24,263.97,117,2021-06-19,SMB,Germany,0,0.0012627072927072927,-0.07261735048869578,4079
2812,39,1209.79,188,2024-02-26,B2C,Australia,1,0.0022075824175824175,-0.05420010499298462,1377
2813,21,1254.36,62,2025-10-10,B2B,Japan,0,0.0022521078921078916,-0.05333222671620484,1331
2814,19,727.39,19,2026-04-19,SMB,Australia,1,0.0017256643356643355,-0.06359351941341457,2315
2815,39,1665.86,43,2021-03-10,SMB,Australia,0,0.002663196803196803,-0.04531939497075101,924
2816,74,616.75,188,2023-07-31,Enterprise,UK,0,0.001615134865134865,-0.06574792938745348,2639
2817,41,1997.97,179,2022-09-17,B2C,Germany,0,0.002994975024975025,-0.038852465320732374,703
2818,43,873.84,84,2025-03-25,B2C,Canada,0,0.001871968031968032,-0.06074180809112608,1930
2819,39,1300.97,64,2021-05-16,Enterprise,USA,0,0.002298671328671329,-0.05242462504510982,1268
2820,22,3380.31,66,2022-12-31,B2C,Japan,0,0.004375934065934065,-0.011935192331642105,287
2821,27,468.96,70,2025-01-15,Enterprise,UK,0,0.0014674925074925076,-0.06862573352757649,3176
2822,72,349.73,48,2022-10-12,B2B,UAE,0,0.0013483816183816183,-0.070947410147286,3701
2823,79,757.85,146,2021-07-31,Enterprise,UK,0,0.001756093906093906,-0.06300039461398195,2230
2824,36,237.62,20,2021-01-31,Enterprise,USA,0,0.0012363836163836162,-0.07313044433193443,4223
2825,58,95.94,195,2020-07-26,Enterprise,India,0,0.0010948451548451548,-0.07588927301163284,4863
2826,39,118.84,40,2023-04-03,B2C,USA,0,0.0011177222777222777,-0.07544335843819204,4791
2827,44,1549.29,102,2024-04-22,SMB,France,0,0.0025467432567432566,-0.047589275399833764,1017
2828,19,372.97,18,2024-09-08,SMB,Australia,0,0.0013715984015984016,-0.07049487500812598,3590
2829,38,126.6,140,2022-10-13,B2C,Singapore,0,0.0011254745254745254,-0.07529225376177716,4767
2830,42,377.39,120,2021-10-16,SMB,Canada,0,0.0013760139860139859,-0.07040880765377627,3574
2831,39,273.05,83,2023-09-03,Enterprise,India,0,0.0012717782217782218,-0.07244054243948866,4032
2832,26,223.2,154,2026-06-24,B2B,Canada,0,0.001221978021978022,-0.07341123420743734,4293
2833,48,428.45,97,2023-07-04,B2B,USA,0,0.001427022977022977,-0.06941455446076808,3371
2834,62,1967.67,33,2022-02-16,B2B,USA,0,0.0029647052947052947,-0.03944247455982654,717
2835,18,1036.3,134,2021-10-14,B2C,Canada,0,0.002034265734265734,-0.05757834601247134,1620
2836,32,496.77,118,2025-08-02,SMB,Australia,0,0.0014952747252747253,-0.06808421019624947,3067
2837,47,908.09,186,2025-10-09,SMB,India,0,0.0019061838161838164,-0.0600748834561764,1859
2838,30,1311.9,185,2025-03-27,SMB,USA,1,0.0023095904095904096,-0.05221179332948937,1256
2839,31,976.7,128,2025-08-04,SMB,UK,0,0.0019747252747252747,-0.05873889223854435,1740
2840,60,970.35,137,2023-06-17,B2C,UK,0,0.0019683816183816184,-0.058862541039476635,1748
2841,51,476.84,138,2025-07-30,SMB,India,0,0.0014753646353646353,-0.06847229218090778,3142
2842,42,4385.53,172,2020-04-04,Enterprise,UK,0,0.00538014985014985,0.007638704939719003,169
2843,74,569.92,181,2021-01-03,B2C,USA,0,0.0015683516483516484,-0.06665981495401388,2783
2844,50,993.32,155,2024-05-29,Enterprise,Singapore,0,0.0019913286713286716,-0.05841526340838775,1709
2845,60,347.93,81,2025-09-01,SMB,Australia,0,0.0013465834165834166,-0.07098246020109358,3708
2846,38,1330.25,180,2025-02-15,B2B,India,0,0.0023279220779220777,-0.05185447750317327,1232
2847,71,1860.07,84,2022-09-13,B2C,UK,0,0.0028572127872127867,-0.04153768888743488,784
2848,49,1066.49,192,2022-05-31,B2C,UK,0,0.0020644255744255743,-0.05699047872110984,1574
2849,33,1732.2,182,2023-12-16,SMB,UAE,0,0.0027294705294705294,-0.04402760576542074,872
2850,22,1860.02,141,2020-07-18,Enterprise,Germany,0,0.002857162837162837,-0.041538662500040645,785
2851,44,1691.87,159,2020-07-26,Enterprise,Singapore,0,0.002689180819180819,-0.04481292169323156,911
2852,43,614.02,177,2023-02-26,SMB,Canada,0,0.0016124075924075923,-0.0658010886357283,2647
2853,79,1220.49,155,2025-07-20,Enterprise,Australia,0,0.002218271728271728,-0.053991751895350694,1361
2854,36,503.24,13,2025-04-11,SMB,Germany,0,0.0015017382617382618,-0.06795822472506335,3044
2855,39,733.78,174,2023-03-16,Enterprise,UAE,0,0.001732047952047952,-0.06346909172239767,2290
2856,74,422.28,51,2026-01-07,B2B,Canada,0,0.0014208591408591408,-0.0695346982563196,3401
2857,27,162.9,171,2020-02-03,Enterprise,Singapore,0,0.0011617382617382618,-0.07458541100999107,4596
2858,69,1376.45,104,2021-03-16,B2B,France,0,0.002374075924075924,-0.05095485945544552,1189
2859,32,320.12,119,2024-10-31,B2C,India,0,0.0013188011988011987,-0.0715239835324206,3832
2860,51,1216.52,100,2021-07-02,B2C,USA,0,0.0022143056943056943,-0.05406905673624852,1365
2861,47,1600.12,79,2022-12-19,B2C,UK,0,0.0025975224775224774,-0.046599500824812096,979
2862,52,549.5,19,2024-02-07,Enterprise,India,0,0.001547952047952048,-0.06705743834220869,2869
2863,31,2138.53,29,2024-07-09,Enterprise,Australia,0,0.0031353946053946057,-0.036115445563403105,632
2864,40,455.56,87,2024-02-07,B2B,France,0,0.001454105894105894,-0.06888666170592178,3243
2865,66,450.06,195,2020-07-04,B2C,UAE,0,0.0014486113886113886,-0.06899375909255603,3268
2866,24,456.98,147,2024-06-28,B2C,USA,0,0.0014555244755244756,-0.06885901110791802,3238
2867,63,508.22,13,2020-07-28,B2C,USA,0,0.0015067132867132868,-0.06786125290952907,3023
2868,43,499.58,97,2026-05-24,SMB,India,0,0.001498081918081918,-0.06802949316780543,3055
2869,46,-1000.0,88,2026-04-20,Enterprise,UAE,0,0.0,-0.0972296929948957,4996
2870,27,8432.91,38,2022-03-08,Enterprise,India,0,0.009423486513486514,0.08645030870621942,43
2871,77,271.75,163,2024-01-24,B2B,France,1,0.0012704795204795205,-0.07246585636723858,4038
2872,65,2375.27,33,2026-03-16,Enterprise,Australia,0,0.003371898101898102,-0.031505584597622455,536
2873,47,593.72,45,2023-03-28,Enterprise,Germany,0,0.0015921278721278721,-0.06619637535366929,2708
2874,63,473.96,185,2020-10-28,B2C,USA,0,0.0014724875124875125,-0.0685283722669999,3157
2875,63,1264.15,49,2024-05-01,Enterprise,Germany,0,0.002261888111888112,-0.053141593367995864,1318
2876,40,1163.79,194,2025-08-27,B2C,UAE,0,0.0021616283716283714,-0.055095828590289296,1429
2877,27,325.62,83,2025-01-18,B2B,USA,1,0.0013242957042957043,-0.07141688614578634,3810
2878,64,3257.22,39,2026-03-02,Enterprise,UAE,0,0.004252967032967033,-0.014332031844516742,304
2879,43,236.76,47,2023-02-19,SMB,USA,1,0.0012355244755244755,-0.0731471904687536,4230
2880,71,915.63,161,2021-05-01,B2C,France,0,0.0019137162837162837,-0.05992806267522689,1851
2881,35,287.9,91,2021-06-11,SMB,Germany,1,0.0012866133866133867,-0.07215137949557618,3965
2882,18,292.63,178,2021-01-31,B2C,France,0,0.0012913386613386615,-0.07205927574307072,3955
2883,20,1862.21,194,2024-06-01,Enterprise,UK,0,0.0028593506493506493,-0.0414960182679081,782
2884,58,550.94,33,2024-03-08,B2C,Canada,0,0.0015493906093906095,-0.06702939829916263,2857
2885,27,1346.09,177,2023-10-20,B2C,UAE,0,0.002343746253746254,-0.05154603702966662,1218
2886,46,319.84,199,2026-04-03,SMB,France,0,0.0013185214785214785,-0.07152943576301289,3833
2887,22,121.9,138,2024-02-06,B2B,France,0,0.0011207792207792208,-0.07538377334671915,4783
2888,22,1143.61,156,2021-08-13,B2B,Singapore,0,0.002141468531468531,-0.05548877863797643,1460
2889,32,1072.09,89,2022-03-26,SMB,Canada,0,0.0020700199800199803,-0.056881434109264065,1565
2890,43,415.09,95,2025-09-16,B2C,Canada,1,0.0014136763236763236,-0.06967470374902873,3429
2891,43,1020.83,172,2024-07-02,SMB,Australia,0,0.0020188111888111886,-0.05787958175269532,1647
2892,53,454.03,126,2025-08-10,B2B,UK,0,0.0014525774225774225,-0.06891645425165821,3250
2893,21,3026.92,13,2020-06-13,B2B,France,0,0.004022897102897103,-0.018816491506674735,351
2894,72,2114.96,29,2020-07-04,B2B,Germany,0,0.003111848151848152,-0.03657440654576118,643
2895,76,399.88,40,2020-06-08,B2C,France,0,0.0013984815184815186,-0.06997087670370274,3484
2896,43,621.05,137,2021-07-15,B2B,Japan,0,0.0016194305694305694,-0.06566419870335762,2627
2897,67,3836.25,157,2023-09-26,Enterprise,France,0,0.004831418581418581,-0.0030570137021834927,216
2898,46,1041.69,132,2025-04-24,SMB,Singapore,0,0.0020396503496503495,-0.05747339057356976,1610
2899,56,876.52,81,2025-10-28,B2C,USA,0,0.0018746453546453546,-0.060689622455457025,1922
2900,69,1239.99,147,2025-02-14,B2B,UAE,0,0.0022377522477522475,-0.05361204297910197,1342
2901,39,2901.03,115,2021-09-02,B2B,France,0,0.0038971328671328674,-0.02126785332547226,381
2902,79,368.03,176,2025-10-12,B2C,USA,0,0.0013666633366633367,-0.07059106793357565,3619
2903,18,1770.03,195,2021-07-26,B2B,UK,0,0.002767262737262737,-0.04329097046789821,843
2904,45,679.96,101,2023-09-05,B2C,Australia,1,0.0016782817182817184,-0.06451708833124416,2458
2905,63,1761.08,170,2023-07-28,B2C,Canada,0,0.002758321678321678,-0.04346524712433032,850
2906,56,400.06,114,2021-10-27,B2B,USA,0,0.0013986613386613386,-0.06996737169832198,3481
2907,36,1848.53,58,2024-05-28,B2C,Japan,0,0.0028456843156843153,-0.04176239867684566,794
2908,58,500000.0,88,2023-05-10,B2C,Australia,0,0.5004995004995005,9.658368616779995,14
2909,70,136.38,59,2023-10-09,SMB,UAE,0,0.0011352447552447553,-0.07510181513608934,4725
2910,29,1133.69,144,2025-09-08,B2B,UK,0,0.0021315584415584417,-0.0556819433789604,1476
2911,71,1692.75,126,2025-09-18,Enterprise,Canada,0,0.00269005994005994,-0.044795786111370084,909
2912,59,808.61,106,2025-12-20,B2B,Germany,0,0.0018068031968031968,-0.062011983096608346,2102
2913,23,4445.23,60,2025-06-29,B2C,Canada,0,0.005439790209790209,0.008801198391003552,161
2914,72,494.48,195,2026-04-24,B2B,Germany,0,0.001492987012987013,-0.06812880165359356,3075
2915,52,2434.58,145,2023-05-12,SMB,India,0,0.0034311488511488512,-0.030350685324662882,517
2916,28,259.09,192,2025-04-29,SMB,UK,0,0.0012578321678321678,-0.07271237507901852,4103
2917,18,807.15,33,2020-03-09,SMB,USA,0,0.0018053446553446555,-0.06204041258469671,2105
2918,18,1929.51,115,2024-02-17,SMB,Japan,0,0.0029265834165834166,-0.04018553570054712,740
2919,24,2686.69,199,2023-09-18,B2B,France,0,0.003683006993006993,-0.025441535843869767,440
2920,60,356.0,104,2021-03-24,B2C,Australia,0,0.0013546453546453546,-0.07082531912652294,3672
2921,77,173.87,150,2024-09-02,B2C,Singapore,1,0.0011726973026973027,-0.07437180040428602,4545
2922,59,712.81,7,2023-06-14,SMB,France,0,0.001711098901098901,-0.06387742484925593,2361
2923,46,1518.15,97,2020-04-19,SMB,Australia,0,0.0025156343656343658,-0.0481956413307048,1037
2924,51,169.05,5,2025-04-27,SMB,Germany,1,0.0011678821178821178,-0.07446565665948186,4568
2925,24,1489.53,141,2022-12-23,B2B,France,0,0.0024870429570429567,-0.04875293718624523,1069
2926,48,7082.04,10,2026-06-27,B2C,India,0,0.008073966033966033,0.060145827491198234,58
2927,77,130.5,142,2026-06-23,Enterprise,Japan,0,0.0011293706293706294,-0.07521631197852742,4749
2928,73,48.82,71,2022-07-21,B2C,UAE,0,0.0010477722277722277,-0.07680680553130668,4965
2929,18,122.11,159,2020-07-29,Enterprise,USA,0,0.0011209890109890109,-0.07537968417377494,4781
2930,54,3010.74,4,2025-05-21,B2C,Japan,0,0.004006733266733267,-0.019131552545900606,353
2931,43,389.75,110,2021-11-29,B2B,UAE,1,0.0013883616383616384,-0.07016813061763093,3530
2932,67,320.68,48,2025-11-17,SMB,UAE,1,0.0013193606393606394,-0.07151307907123602,3829
2933,46,349.26,63,2024-04-06,SMB,India,0,0.001347912087912088,-0.0709565621057802,3703
2934,52,1086.96,106,2021-08-28,SMB,USA,1,0.002084875124875125,-0.05659188172030927,1545
2935,54,2116.53,128,2022-09-19,B2C,UK,0,0.0031134165834165836,-0.03654383510994013,642
2936,27,2130.36,4,2020-05-09,B2B,UAE,0,0.0031272327672327675,-0.036274533863185264,635
2937,22,1786.21,57,2026-06-03,B2B,Germany,0,0.0027834265734265735,-0.042975909428672354,834
2938,47,554.01,35,2021-03-26,B2B,India,0,0.0015524575424575424,-0.06696961848516861,2847
2939,67,623.4,98,2022-02-20,B2C,Singapore,0,0.0016217782217782218,-0.0656184389108866,2619
2940,63,233.37,142,2020-03-18,SMB,Australia,0,0.001232137862137862,-0.07321320140342454,4246
2941,21,2765.26,77,2024-12-11,B2C,Singapore,0,0.003761498501498502,-0.02391160099516914,410
2942,24,1164.03,152,2023-07-08,B2B,USA,0,0.002161868131868132,-0.055091155249781615,1428
2943,71,743.97,23,2024-09-11,Enterprise,UAE,0,0.0017422277722277722,-0.06327066947334259,2263
2944,68,211.54,122,2021-09-12,B2B,Germany,0,0.0012103296703296702,-0.07363828066710196,4360
2945,78,68.76,181,2024-08-18,SMB,UAE,1,0.0010676923076923077,-0.07641852882412721,4930
2946,37,195.82,115,2022-04-15,Enterprise,UAE,1,0.0011946253746253745,-0.07394438447035477,4454
2947,45,1122.0,99,2024-08-07,SMB,Singapore,0,0.00211988011988012,-0.055909574006188484,1498
2948,24,336.36,27,2025-08-17,B2C,USA,0,0.0013350249750249752,-0.07120775415806782,3763
2949,28,2991.0,98,2025-04-15,B2B,France,0,0.003987012987012987,-0.019515934802657,357
2950,66,192.25,8,2020-09-12,B2C,Canada,0,0.001191058941058941,-0.07401390041040645,4467
2951,78,656.09,161,2021-07-19,B2B,USA,0,0.0016544355644355646,-0.06498189098923682,2530
2952,31,898.42,91,2025-10-25,B2B,Singapore,1,0.0018965234765234765,-0.06026318013413154,1881
2953,25,80.89,17,2022-04-29,B2B,UK,0,0.00107981018981019,-0.0761823304059684,4901
2954,41,1765.56,186,2026-04-16,B2C,UK,0,0.0027627972027972026,-0.043378011434853696,845
2955,68,487.62,108,2023-08-24,B2B,India,0,0.001486133866133866,-0.06826238130310465,3099
2956,71,33.6,62,2025-05-13,Enterprise,India,0,0.0010325674325674325,-0.07710317320850184,4981
2957,48,464.82,78,2025-11-22,SMB,Germany,1,0.0014633566433566432,-0.06870634865133392,3192
2958,76,1941.21,30,2024-03-23,SMB,Japan,0,0.002938271728271728,-0.039957710350797884,737
2959,19,250.33,46,2023-07-09,Enterprise,Singapore,0,0.001249080919080919,-0.07288295200754873,4151
2960,25,136.94,126,2021-12-10,B2C,Japan,0,0.0011358041958041958,-0.07509091067490475,4720
2961,44,134.41,145,2025-02-25,B2B,France,0,0.0011332767232767234,-0.07514017547275652,4734
2962,60,443.56,195,2025-12-23,SMB,Australia,0,0.0014421178821178821,-0.06912032873130561,3295
2963,78,1463.97,57,2023-11-03,SMB,Australia,0,0.0024615084915084917,-0.049250647950312795,1089
2964,41,930.09,134,2026-02-15,B2B,UK,0,0.0019281618381618384,-0.05964649390963938,1822
2965,68,86.98,184,2023-12-22,Enterprise,Germany,0,0.001085894105894106,-0.07606374439058611,4884
2966,23,340.32,70,2022-12-18,B2B,Canada,1,0.001338981018981019,-0.07113064403969115,3747
2967,28,1286.37,100,2025-06-06,SMB,Germany,0,0.002284085914085914,-0.052708919925993476,1284
2968,66,219.0,103,2022-02-26,SMB,USA,0,0.0012177822177822178,-0.07349301766632167,4314
2969,33,425.28,100,2022-10-06,SMB,Germany,0,0.0014238561438561438,-0.06947628149997363,3386
2970,69,136.65,178,2023-02-16,Enterprise,Germany,0,0.0011355144855144856,-0.0750965576280182,4722
2971,46,587.48,67,2026-04-04,SMB,France,1,0.001585894105894106,-0.06631788220686888,2728
2972,58,836.39,163,2023-05-07,B2B,UAE,1,0.0018345554445554444,-0.061471043932844784,2022
2973,47,3739.57,111,2022-07-10,B2C,France,1,0.004734835164835164,-0.004939591036692544,226
2974,-5,719.02,147,2023-05-04,B2B,France,0,0.0017173026973026973,-0.06375650216361979,2342
2975,24,882.65,75,2023-03-29,B2C,UAE,1,0.0018807692307692308,-0.06057025754999012,1915
2976,33,784.96,143,2022-04-29,B2B,UK,1,0.0017831768231768232,-0.062472501859135644,2165
2977,53,411.34,37,2025-06-25,B2B,Germany,0,0.0014099300699300698,-0.06974772469446118,3436
2978,48,731.83,96,2023-07-22,B2C,Canada,0,0.0017300999000999001,-0.06350706261402256,2302
2979,28,3800.07,159,2025-05-19,SMB,Singapore,0,0.004795274725274725,-0.003761519783715736,220
2980,36,454.49,183,2023-11-29,SMB,USA,1,0.001453036963036963,-0.06890749701568516,3249
2981,31,203.5,86,2026-04-14,B2B,Germany,1,0.0012022977022977024,-0.07379483757410912,4403
2982,75,1115.59,71,2023-01-25,B2C,UAE,1,0.002113476523476524,-0.05603439114224768,1504
2983,32,198.13,129,2023-03-24,Enterprise,USA,0,0.001196933066933067,-0.07389940356796838,4443
2984,25,1612.95,96,2021-05-14,SMB,Canada,0,0.0026103396603396603,-0.046349671830172544,970
2985,29,180.13,54,2026-06-06,B2B,USA,0,0.001178951048951049,-0.07424990410604412,4521
2986,60,3734.92,85,2026-02-02,Enterprise,Singapore,0,0.00473018981018981,-0.00503013700902878,228
2987,41,865.41,162,2024-04-04,B2B,France,0,0.0018635464535464534,-0.060905959176458226,1944
2988,78,396.05,72,2024-06-04,B2B,France,1,0.0013946553446553447,-0.07004545542930442,3504
2989,55,1150.92,155,2023-11-14,SMB,USA,0,0.002148771228771229,-0.05534643647501345,1447
2990,72,1083.16,43,2021-08-22,Enterprise,UK,0,0.002081078921078921,-0.056665876278347474,1547
2991,30,1036.3,87,2023-04-04,B2B,UK,0,0.002034265734265734,-0.05757834601247134,1621
2992,35,658.97,144,2020-06-21,B2B,Germany,0,0.0016573126873126874,-0.06492581090314471,2520
2993,52,505.33,125,2023-03-24,SMB,Germany,0,0.0015038261738261737,-0.06791752771814234,3038
2994,46,2632.59,115,2020-11-19,Enterprise,USA,0,0.0036289610389610392,-0.026494984683308534,461
2995,79,512.49,25,2023-11-19,Enterprise,Germany,0,0.001510979020979021,-0.06777810639299665,3009
2996,37,434.77,69,2024-12-16,Enterprise,Canada,0,0.0014333366633366633,-0.06929148982739926,3331
2997,71,1016.33,3,2022-11-16,B2C,India,0,0.0020143156843156844,-0.05796720688721426,1664
2998,51,901.35,196,2025-05-16,B2B,Australia,0,0.0018994505494505493,-0.06020612643543365,1872
2999,20,222.48,72,2022-05-26,Enterprise,UAE,0,0.0012212587412587413,-0.07342525422896036,4298
3000,79,3252.55,187,2022-04-07,Enterprise,Australia,1,0.004248301698301699,-0.014422967261895275,306
3001,57,175.18,97,2026-01-15,Enterprise,UAE,0,0.0011740059940059942,-0.07434629175401496,4536
3002,52,170.6,189,2023-01-15,B2B,Canada,0,0.0011694305694305693,-0.07443547466870312,4558
3003,59,3948.39,86,2026-04-21,B2B,UK,1,0.004943446553446553,-0.0008733953499716061,205
3004,48,621.86,15,2023-01-17,B2C,Canada,0,0.0016202397602397603,-0.0656484261791442,2623
3005,73,832.4,61,2021-07-16,SMB,Singapore,0,0.0018305694305694306,-0.061548738218784906,2035
3006,24,375.08,140,2021-03-23,Enterprise,UK,0,0.0013737062937062936,-0.07045378855616266,3580
3007,26,495.02,63,2022-09-07,B2C,France,0,0.0014935264735264735,-0.06811828663745129,3074
3008,71,2003.28,152,2022-09-20,SMB,Canada,0,0.00300027972027972,-0.03874906766200003,701
3009,78,1215.66,71,2020-07-26,Enterprise,UK,0,0.0022134465534465533,-0.05408580287306768,1369
3010,70,1130.71,24,2025-12-15,Enterprise,USA,0,0.0021285814185814187,-0.055739970690264054,1478
3011,67,202.25,78,2022-07-13,B2B,Canada,1,0.001201048951048951,-0.07381917788925327,4413
3012,76,546.51,190,2022-08-11,B2C,India,0,0.001544965034965035,-0.0671156603760335,2881
3013,65,1327.22,13,2020-08-03,Enterprise,India,0,0.002324895104895105,-0.051913478427082695,1236
3014,34,94.78,10,2021-02-14,B2B,Singapore,0,0.0010936863136863137,-0.07591186082408662,4867
3015,69,273.87,193,2024-08-19,SMB,USA,0,0.0012725974025974026,-0.07242457519275411,4027
3016,24,1434.33,115,2023-09-14,B2B,India,0,0.002431898101898102,-0.04982780550301086,1120
3017,68,220.33,5,2025-04-18,SMB,UAE,1,0.001219110889110889,-0.0734671195710083,4306
3018,22,354.53,98,2021-02-15,SMB,India,1,0.0013531768231768231,-0.07085394333713246,3683
3019,41,1879.8,109,2021-07-17,B2B,Japan,0,0.0028769230769230773,-0.04115350135319964,772
3020,32,1087.5,47,2020-01-22,B2C,UAE,0,0.0020854145854145856,-0.056581366704167,1544
3021,19,1403.97,107,2026-03-04,Enterprise,India,0,0.002401568431568432,-0.05041898307723195,1154
3022,74,1063.21,136,2021-10-08,B2B,Canada,0,0.002061148851148851,-0.0570543477080481,1579
3023,32,1081.46,51,2024-07-24,Enterprise,UK,0,0.0020793806193806193,-0.05669897910694352,1550
3024,38,719.11,108,2025-05-02,B2C,Australia,0,0.0017173926073926074,-0.06375474966092941,2341
3025,54,185.23,37,2025-05-09,SMB,France,1,0.001184045954045954,-0.074150595620256,4500
3026,31,452.36,81,2022-03-27,B2B,USA,0,0.001450909090909091,-0.0689489729126908,3258
3027,68,524.11,171,2023-03-22,B2B,India,1,0.0015225874125874127,-0.06755183882341664,2964
3028,19,142.08,185,2023-08-08,B2C,Singapore,0,0.001140939060939061,-0.07499082329903202,4683
3029,42,381.06,44,2023-03-15,B2C,Canada,0,0.0013796803196803196,-0.07033734448851305,3566
3030,44,459.99,193,2020-08-30,SMB,UAE,0,0.0014585314685314685,-0.0688003996290509,3222
3031,69,2778.97,177,2021-01-01,B2C,Singapore,1,0.003775194805194805,-0.02364463641866812,406
3032,70,108.07,39,2026-06-09,B2C,Canada,0,0.0011069630369630369,-0.07565307459347402,4828
3033,68,729.26,120,2022-08-09,Enterprise,USA,0,0.0017275324675324675,-0.06355710630195893,2306
3034,55,950.79,30,2025-12-31,B2C,India,0,0.0019488411588411587,-0.05924341829085227,1780
3035,70,1361.95,80,2020-06-01,Enterprise,India,0,0.0023595904095904093,-0.05123720711111765,1202
3036,36,1953.63,66,2021-12-18,Enterprise,France,0,0.0029506793206793207,-0.03971586497952562,725
3037,59,200.01,51,2024-09-07,B2B,India,0,0.0011988111888111888,-0.07386279573399158,4427
3038,65,425.93,79,2021-12-21,B2C,UK,0,0.0014245054945054947,-0.06946362453609868,3381
3039,47,1269.44,46,2020-05-28,Enterprise,Singapore,0,0.0022671728271728272,-0.053038585154305824,1308
3040,66,457.71,136,2024-06-14,SMB,UAE,0,0.0014562537462537463,-0.06884479636387383,3235
3041,27,778.42,134,2025-07-22,B2C,Canada,0,0.0017766433566433566,-0.06259985038796984,2188
3042,48,2105.92,187,2022-02-02,B2B,USA,0,0.0031028171828171827,-0.03675043570488367,649
3043,30,1707.16,118,2023-03-31,Enterprise,Japan,0,0.002704455544455544,-0.04451519095838832,894
3044,30,1127.72,102,2020-06-02,B2C,Australia,1,0.002125594405594406,-0.05579819272408886,1484
3045,44,2244.83,5,2020-02-07,B2C,UAE,0,0.0032415884115884115,-0.03404554516354469,593
3046,63,305.52,78,2023-05-07,B2C,Germany,0,0.0013042157842157842,-0.07180827841330426,3897
3047,36,528.24,68,2026-05-15,B2C,USA,0,0.0015267132867132866,-0.06747141842218038,2949
3048,36,708.76,111,2021-03-15,SMB,UAE,0,0.001707052947052947,-0.06395628747032298,2373
3049,54,268.66,131,2023-10-04,Enterprise,USA,0,0.0012673926073926076,-0.07252602562627493,4055
3050,58,2399.09,32,2023-03-11,SMB,Germany,0,0.0033956943056943057,-0.031041755552235553,529
3051,32,1204.18,115,2025-02-04,SMB,USA,0,0.002201978021978022,-0.05430934432735156,1384
3052,45,1032.98,62,2026-02-03,B2C,Singapore,0,0.002030949050949051,-0.05764299388949419,1627
3053,61,168.11,30,2025-11-17,Enterprise,UAE,0,0.001166943056943057,-0.07448396057647026,4574
3054,53,212.99,49,2025-07-16,Enterprise,France,0,0.0012117782217782218,-0.07361004590153473,4351
3055,45,225.22,140,2021-07-03,B2C,UK,0,0.001223996003996004,-0.0733719002581644,4284
3056,67,57.56,89,2025-08-27,B2C,USA,0,0.0010565034965034964,-0.0766366180478188,4955
3057,50,752.75,178,2025-04-01,SMB,USA,0,0.001750999000999001,-0.06309970309977007,2241
3058,61,61.01,146,2023-01-22,B2C,Australia,0,0.00105995004995005,-0.07656943877802094,4949
3059,72,526.07,93,2022-02-28,B2C,UK,0,0.0015245454545454546,-0.06751367320927062,2953
3060,74,2705.72,47,2021-04-06,SMB,Singapore,0,0.003702017982017982,-0.02507097888611525,433
3061,39,804.69,63,2023-09-16,B2C,USA,0,0.001802887112887113,-0.0620883143249004,2114
3062,26,336.59,172,2021-10-27,SMB,Australia,0,0.0013352547452547452,-0.0712032755400813,3761
3063,53,558.27,149,2025-02-22,Enterprise,UK,0,0.0015567132867132867,-0.06688666669115735,2823
3064,23,1671.18,176,2022-11-19,Enterprise,Canada,0,0.002668511488511489,-0.04521580258949752,922
3065,19,862.9,66,2022-02-01,B2C,UAE,0,0.001861038961038961,-0.06095483452926767,1953
3066,60,261.09,32,2020-02-27,SMB,Germany,0,0.0012598301698301697,-0.07267343057478788,4094
3067,60,708.12,94,2023-10-12,Enterprise,Singapore,0,0.0017064135864135862,-0.06396874971167678,2377
3068,43,626.91,173,2023-04-23,SMB,Singapore,0,0.0016252847152847152,-0.06555009130596184,2606
3069,22,185.58,179,2026-05-14,B2C,UK,0,0.0011843956043956043,-0.07414378033201564,4498
3070,40,1864.79,53,2022-03-02,B2C,USA,0,0.0028619280719280717,-0.04144577985745058,780
3071,77,51.38,111,2021-12-19,Enterprise,UK,0,0.0010503296703296705,-0.07675695656589146,4960
3072,23,695.17,121,2024-07-18,Enterprise,Singapore,0,0.0016934765234765236,-0.06422091537657015,2417
3073,78,540.74,156,2024-10-17,B2C,UAE,0,0.0015392007992007992,-0.06722801527073889,2902
3074,18,323.54,89,2025-10-11,B2B,Germany,0,0.0013222177822177822,-0.0714573884301862,3819
3075,52,271.9,62,2023-09-05,SMB,Singapore,0,0.0012706293706293706,-0.07246293552942129,4036
3076,70,6989.77,29,2020-12-21,Enterprise,UAE,0,0.007981788211788212,0.05834912278851775,62
3077,58,341.87,189,2024-06-29,Enterprise,Canada,0,0.0013405294705294704,-0.0711004620489124,3736
3078,50,425.7,124,2021-01-25,SMB,France,0,0.0014242757242757243,-0.0694681031540852,3382
3079,43,846.73,136,2022-01-26,SMB,France,0,0.001844885114885115,-0.061269700845972386,1993
3080,42,411.2,174,2021-07-29,SMB,UAE,0,0.00140979020979021,-0.06975045080975734,3438
3081,30,304.61,31,2025-05-09,B2B,Germany,0,0.0013033066933066935,-0.0718259981627292,3901
3082,34,309.55,66,2023-08-18,SMB,USA,0,0.0013082417582417581,-0.07172980523727952,3882
3083,33,465.64,62,2022-10-13,B2B,USA,1,0.001464175824175824,-0.06869038140459936,3186
3084,61,1889.05,18,2020-01-28,SMB,Japan,0,0.0028861638361638363,-0.04097338302113294,769
3085,47,702.67,183,2022-12-04,B2B,USA,0,0.001700969030969031,-0.06407487348570526,2399
3086,19,3199.7,85,2024-04-20,SMB,India,0,0.004195504495504495,-0.015452075786189899,317
3087,21,2149.1,165,2022-08-22,B2B,Singapore,0,0.003145954045954046,-0.03590962385854419,627
3088,30,2019.07,86,2025-01-03,SMB,Japan,0,0.0030160539460539456,-0.03844160080109914,690
3089,55,887.25,158,2022-12-29,B2B,Japan,0,0.0018853646353646353,-0.060480685190259655,1907
3090,34,811.37,83,2023-09-12,B2B,Australia,0,0.0018095604395604395,-0.06195823968077007,2095
3091,40,1312.37,21,2023-05-21,B2C,Germany,0,0.0023100599400599398,-0.05220264137099518,1255
3092,46,1722.02,78,2026-06-04,Enterprise,Japan,0,0.0027193006993006994,-0.04422583329195469,878
3093,65,190.24,141,2020-02-16,SMB,USA,0,0.001189050949050949,-0.07405303963715824,4479
3094,74,1124.31,99,2022-12-07,B2C,Germany,0,0.002122187812187812,-0.055864593103802096,1490
3095,74,451.18,19,2024-01-12,B2B,Australia,0,0.0014497302697302698,-0.06897195017018687,3260
3096,26,545.54,4,2022-08-25,Enterprise,India,1,0.001543996003996004,-0.06713454846058536,2886
3097,32,898.3,149,2020-09-11,B2C,USA,0,0.0018964035964035963,-0.06026551680438538,1882
3098,19,126.92,152,2021-04-29,B2C,USA,0,0.001125794205794206,-0.07528602264110025,4766
3099,46,3259.91,106,2025-03-21,B2B,India,0,0.004255654345654346,-0.014279651486326532,303
3100,51,462.9,45,2023-06-10,B2C,Japan,0,0.0014614385614385615,-0.06874373537539533,3206
3101,34,372.73,13,2021-10-16,B2C,India,1,0.0013713586413586414,-0.07049954834863366,3592
3102,31,1153.43,150,2024-07-18,B2C,India,0,0.0021512787212787216,-0.055297561122204006,1444
3103,32,996.1,49,2025-08-20,B2C,Germany,0,0.001994105894105894,-0.05836113054750716,1700
3104,43,205.71,48,2023-06-27,B2B,India,0,0.0012045054945054945,-0.07375180389693427,4390
3105,51,3174.96,17,2021-04-25,B2B,Japan,0,0.004170789210789211,-0.01593381930352289,325
3106,20,212.54,148,2023-04-23,B2C,UAE,0,0.0012113286713286713,-0.07361880841498664,4354
3107,35,548.71,160,2024-02-14,SMB,UAE,0,0.0015471628371628372,-0.0670728214213798,2872
3108,54,125.27,178,2022-06-23,SMB,Canada,0,0.001124145854145854,-0.07531815185709054,4772
3109,53,5834.61,105,2022-06-16,B2C,France,0,0.006827782217782218,0.03585555603498567,94
3110,78,1163.62,126,2021-07-01,B2B,Japan,0,0.0021614585414585414,-0.0550991388731489,1430
3111,56,441.28,190,2025-05-12,Enterprise,Canada,0,0.0014398401598401597,-0.06916472546612852,3303
3112,24,609.5,143,2021-09-19,Enterprise,France,0,0.0016078921078921079,-0.06588910321528954,2659
3113,40,217.3,170,2025-02-06,B2C,UAE,0,0.001216083916083916,-0.0735261204949177,4322
3114,54,1628.5,11,2024-03-10,Enterprise,India,0,0.002625874125874126,-0.046046878309779334,958
3115,77,139.21,37,2024-08-30,B2B,Australia,0,0.0011380719280719282,-0.07504670866260299,4705
3116,43,1289.27,196,2026-02-27,SMB,UK,0,0.002286983016983017,-0.05265245039485905,1282
3117,69,250.46,122,2025-04-12,Enterprise,USA,0,0.0012492107892107893,-0.07288042061477373,4150
3118,32,2670.39,38,2026-01-10,B2C,India,1,0.0036667232767232764,-0.025758933553349475,443
3119,41,337.49,81,2022-06-13,B2C,India,0,0.001336153846153846,-0.0711857505131775,3759
3120,37,726.59,189,2022-10-10,B2B,India,0,0.001724865134865135,-0.06360909721510682,2318
3121,54,3418.44,189,2020-12-01,Enterprise,UK,0,0.004414025974025975,-0.011192715358484984,279
3122,41,1020.91,93,2025-11-22,B2B,Germany,0,0.002018891108891109,-0.057878023972526095,1646
3123,31,1180.65,15,2025-01-03,SMB,Germany,1,0.0021784715284715287,-0.05476752641962501,1412
3124,78,640.11,156,2025-12-03,SMB,Australia,1,0.0016384715284715285,-0.06529305757803962,2564
3125,79,438.01,87,2024-01-21,B2C,USA,0,0.0014365734265734266,-0.06922839973054563,3317
3126,49,900.02,67,2020-11-15,B2C,Singapore,0,0.0018981218781218782,-0.060232024530747025,1877
3127,52,734.7,21,2026-04-29,Enterprise,Germany,0,0.001732967032967033,-0.06345117725045159,2288
3128,40,1201.81,29,2021-04-04,Enterprise,Australia,0,0.0021996103896103894,-0.05435549356486486,1387
3129,50,2768.55,189,2020-09-09,B2B,UK,0,0.003764785214785215,-0.02384753728570974,409
3130,19,522.3,16,2026-02-21,SMB,Germany,0,0.0015207792207792207,-0.06758708359974538,2970
3131,77,396.53,43,2025-09-01,SMB,India,0,0.0013951348651348651,-0.07003610874828906,3502
3132,30,285.81,152,2022-04-08,B2C,Singapore,0,0.0012845254745254744,-0.0721920765024972,3972
3133,47,852.31,31,2026-06-03,Enterprise,Canada,1,0.0018504595404595404,-0.061161045679168906,1977
3134,78,1620.4,85,2026-01-07,Enterprise,Australia,0,0.002617782217782218,-0.04620460355191342,962
3135,51,469.06,13,2021-09-05,SMB,UK,0,0.0014675924075924075,-0.06862378630236497,3175
3136,28,1004.08,25,2021-11-04,B2B,Canada,0,0.002002077922077922,-0.05820574197562692,1688
3137,54,399.95,115,2023-09-05,B2B,Australia,0,0.0013985514485514486,-0.06996951364605468,3483
3138,29,1075.42,6,2025-11-01,B2B,India,0,0.0020733466533466535,-0.05681659150972005,1558
3139,35,339.95,79,2024-12-14,SMB,UAE,0,0.0013386113886113887,-0.07113784877297383,3750
3140,37,1066.95,43,2021-04-21,Enterprise,India,0,0.0020648851148851147,-0.0569815214851368,1572
3141,66,482.59,82,2022-04-21,Enterprise,France,0,0.001481108891108891,-0.06836032673124469,3119
3142,30,80.03,179,2025-06-25,B2B,France,0,0.001078951048951049,-0.07619907654278757,4904
3143,23,814.19,75,2021-01-07,B2C,UK,0,0.0018123776223776225,-0.061903327929804866,2087
3144,27,958.58,89,2025-09-21,SMB,Australia,0,0.0019566233766233764,-0.059091729446873936,1769
3145,78,434.32,169,2024-12-29,SMB,UK,1,0.0014328871128871127,-0.06930025234085115,3332
3146,50,117.09,89,2020-08-15,Enterprise,Japan,0,0.001115974025974026,-0.07547743487939385,4799
3147,67,1109.98,163,2025-01-31,B2B,USA,0,0.002107872127872128,-0.056143630476614616,1511
3148,21,558.59,105,2021-06-24,Enterprise,Japan,1,0.0015570329670329672,-0.06688043557048044,2822
3149,21,575.33,44,2025-10-03,Enterprise,India,0,0.0015737562437562436,-0.06655447007007,2759
3150,58,756.03,14,2024-08-28,SMB,Canada,1,0.0017542757242757243,-0.06303583411283183,2236
3151,54,1706.5,184,2025-02-14,B2C,UAE,0,0.002703796203796204,-0.044528042644784445,895
3152,59,240.86,58,2026-04-28,B2C,USA,1,0.0012396203796203797,-0.07306735423508079,4202
3153,29,247.26,171,2020-08-24,Enterprise,Australia,0,0.001246013986013986,-0.07294273182154276,4167
3154,69,1436.87,187,2026-04-07,SMB,Canada,1,0.0024344355644355642,-0.049778345982637945,1114
3155,22,2791.67,183,2025-03-08,Enterprise,USA,1,0.003787882117882118,-0.023397338816803562,403
3156,72,1848.71,37,2023-06-16,SMB,India,0,0.002845864135864136,-0.0417588936714649,793
3157,42,553.18,162,2020-03-30,SMB,France,0,0.0015516283716283715,-0.06698578045442433,2850
3158,42,342.88,174,2024-06-09,SMB,UK,0,0.0013415384615384617,-0.07108079507427593,3731
3159,50,2287.11,176,2022-11-08,SMB,Japan,0,0.003283826173826174,-0.03322225834410899,574
3160,69,2462.59,168,2020-01-13,B2C,Australia,0,0.003459130869130869,-0.029805267542912788,511
3161,32,442.76,20,2022-06-11,Enterprise,Singapore,0,0.0014413186813186814,-0.06913590653299787,3301
3162,37,1662.92,170,2026-06-26,Enterprise,Australia,0,0.0026602597402597405,-0.04537664339197005,929
3163,56,2019.16,72,2020-10-26,B2C,Japan,0,0.003016143856143856,-0.038439848298408755,689
3164,29,198.89,192,2020-07-04,B2C,Canada,0,0.0011976923076923076,-0.07388460465636074,4436
3165,31,206.89,151,2024-10-01,SMB,India,0,0.0012056843156843155,-0.0737288266394382,4380
3166,39,639.77,51,2023-11-12,B2C,USA,0,0.0016381318681318682,-0.06529967814375884,2569
3167,41,138.43,99,2020-09-18,B2C,Australia,0,0.0011372927072927073,-0.07506189701925294,4711
3168,29,387.86,140,2026-01-25,SMB,USA,0,0.0013864735264735265,-0.07020493317412888,3538
3169,37,673.23,179,2020-09-03,B2B,UAE,0,0.0016715584415584416,-0.06464813658798026,2480
3170,65,518.75,128,2020-10-09,B2C,Australia,0,0.0015172327672327672,-0.06765621009475475,2984
3171,45,110.34,3,2025-04-17,SMB,Japan,0,0.0011092307692307693,-0.07560887258117224,4818
3172,73,1203.54,7,2020-05-09,SMB,USA,0,0.0022013386613386615,-0.05432180656870536,1385
3173,28,419.24,165,2023-03-21,Enterprise,India,0,0.0014178221778221778,-0.06959389390275016,3414
3174,39,110.9,20,2024-08-01,B2C,Germany,1,0.00110979020979021,-0.07559796811998767,4815
3175,67,953.1,186,2022-01-07,Enterprise,France,0,0.001951148851148851,-0.05919843738846589,1779
3176,50,728.05,89,2021-07-08,Enterprise,UAE,0,0.0017263236763236762,-0.06358066772701847,2311
3177,75,1408.95,19,2024-09-17,Enterprise,Australia,0,0.0024065434565434564,-0.05032201126169765,1150
3178,31,640.03,27,2024-03-13,B2B,UK,0,0.0016383916083916085,-0.06529461535820885,2565
3179,30,714.62,86,2024-04-15,Enterprise,Canada,0,0.0017129070929070929,-0.0638421800729272,2357
3180,42,911.19,164,2025-01-11,B2C,France,0,0.0019092807192807194,-0.06001451947461891,1855
3181,57,335.81,188,2024-03-26,SMB,India,0,0.0013344755244755243,-0.07121846389673124,3766
3182,33,730.86,23,2024-03-18,SMB,UAE,1,0.0017291308691308692,-0.0635259506985744,2303
3183,47,1497.03,158,2020-11-24,SMB,UAE,0,0.0024945354645354643,-0.04860689529538034,1061
3184,18,2183.09,126,2026-01-17,SMB,UK,0,0.00317991008991009,-0.035247762009144486,616
3185,45,4127.29,39,2021-06-28,SMB,India,0,0.005122167832167832,0.002610190553458991,189
3186,48,1294.14,109,2023-11-25,SMB,UK,0,0.002291848151848152,-0.052557620527057446,1276
3187,53,227.34,115,2021-04-30,Enterprise,Canada,0,0.001226113886113886,-0.07333061908367991,4277
3188,65,1335.24,66,2022-01-01,SMB,USA,0,0.0023329070929070926,-0.05175731096511783,1229
3189,62,555.33,104,2026-01-09,B2C,Canada,0,0.0015537762237762237,-0.06694391511237638,2844
3190,67,2921.29,34,2024-05-28,Enterprise,Singapore,0,0.0039173726273726275,-0.020873345497615898,375
3191,19,245.52,137,2025-12-06,Enterprise,India,0,0.0012442757242757242,-0.0729766135402234,4177
3192,72,2483.59,84,2021-06-05,B2B,UAE,0,0.00348010989010989,-0.029396350248491084,503
3193,59,3270.27,108,2022-07-01,Enterprise,UK,0,0.004266003996003996,-0.014077918954411822,301
3194,54,1123.71,112,2020-01-15,B2B,India,0,0.0021215884115884116,-0.05587627645507129,1491
3195,60,3212.35,72,2020-04-03,B2B,UK,0,0.004208141858141858,-0.01520575179693111,313
3196,19,2489.96,178,2023-05-07,SMB,Australia,0,0.0034864735264735266,-0.029272312002516503,500
3197,50,682.3,80,2025-03-11,B2B,USA,0,0.0016806193806193806,-0.06447152326129432,2450
3198,66,170.71,1,2026-02-08,SMB,USA,0,0.0011695404595404597,-0.07443333272097043,4556
3199,53,297.22,2,2024-10-03,Enterprise,Australia,0,0.001295924075924076,-0.07196989810586141,3933
3200,47,163.92,197,2025-12-18,B2C,Germany,0,0.0011627572427572428,-0.07456554931283345,4590
3201,69,1499.11,35,2024-04-02,B2C,Germany,0,0.0024966133866133862,-0.04856639301098048,1058
3202,51,336.44,74,2022-07-29,SMB,USA,0,0.001335104895104895,-0.07120619637789859,3762
3203,35,439.22,173,2022-10-10,B2B,Germany,0,0.001437782217782218,-0.0692048383054861,3311
3204,53,1097.48,10,2025-03-01,SMB,USA,0,0.0020953846153846153,-0.05638703362805611,1525
3205,41,1029.87,191,2023-11-18,SMB,Australia,0,0.002027842157842158,-0.057703552593572835,1632
3206,71,407.89,26,2021-09-27,Enterprise,France,1,0.0014064835164835164,-0.06981490396425905,3453
3207,18,1093.48,103,2023-02-03,SMB,USA,0,0.002091388611388611,-0.05646492263651739,1531
3208,63,3676.29,103,2022-02-11,B2C,Germany,0,0.004671618381618382,-0.006171795150549944,240
3209,41,1906.6,3,2021-04-07,Enterprise,UAE,0,0.0029036963036963037,-0.040631644996509085,753
3210,38,591.21,174,2020-05-11,Enterprise,UAE,1,0.0015896203796203798,-0.06624525070647873,2720
3211,46,1610.99,126,2024-09-13,B2B,Australia,1,0.0026083816183816184,-0.04638783744431857,972
3212,30,177.15,167,2020-03-05,Enterprise,UK,0,0.001175974025974026,-0.07430793141734778,4528
3213,27,529.22,101,2022-09-12,B2C,USA,0,0.0015276923076923078,-0.06745233561510737,2944
3214,30,553.38,178,2022-04-24,B2B,Japan,0,0.001551828171828172,-0.06698188600400125,2849
3215,28,1076.64,60,2020-10-02,B2C,Japan,0,0.002074565434565435,-0.05679283536213936,1554
3216,55,130.38,87,2021-02-17,SMB,France,0,0.0011292507492507494,-0.07521864864878125,4751
3217,72,1290.32,147,2020-05-17,B2B,India,0,0.002288031968031968,-0.052632004530137964,1281
3218,75,98.88,10,2025-01-02,Enterprise,Japan,0,0.0010977822177822179,-0.0758320245904138,4855
3219,23,11548.74,4,2020-07-18,Enterprise,Singapore,0,0.012536203796203797,0.14712253601469427,28
3220,68,138.75,97,2022-09-29,B2C,Japan,0,0.0011376123876123876,-0.07505566589857603,4707
3221,27,492.47,167,2020-06-30,B2C,USA,0,0.001490979020979021,-0.06816794088034535,3082
3222,67,5121.22,77,2024-07-05,B2B,Canada,0,0.006115104895104895,0.021964246098438153,122
3223,30,1647.08,75,2024-12-02,B2C,India,0,0.0026444355644355644,-0.045685083865476706,940
3224,65,3493.95,43,2022-08-17,SMB,India,0,0.004489460539460539,-0.00972236560125724,265
3225,67,822.28,98,2026-01-19,B2C,UAE,0,0.0018204595404595404,-0.061745797410191934,2070
3226,52,3329.02,37,2022-06-08,Enterprise,UAE,0,0.004324695304695305,-0.012933924142636824,295
3227,64,1900.48,115,2020-08-19,SMB,Canada,0,0.0028975824175824175,-0.040750815179454836,756
3228,39,1636.54,18,2021-07-27,B2B,UAE,0,0.002633906093906094,-0.04589032140277217,949
3229,34,405.73,29,2025-08-25,B2B,Canada,0,0.0014043256743256744,-0.06985696402882813,3465
3230,20,875.96,174,2023-03-30,SMB,UAE,0,0.0018740859140859141,-0.06070052691664161,1923
3231,77,496.11,178,2022-08-17,Enterprise,USA,0,0.0014946153846153848,-0.06809706188264558,3072
3232,47,936.49,145,2026-06-17,B2B,Singapore,0,0.0019345554445554447,-0.05952187149610133,1811
3233,51,120.28,151,2023-07-30,B2B,Australia,0,0.001119160839160839,-0.07541531839514597,4788
3234,44,1466.15,6,2026-06-23,B2C,UAE,0,0.002463686313686314,-0.0492081984407014,1086
3235,62,1720.98,163,2023-08-06,Enterprise,India,1,0.0027182617382617382,-0.04424608443415462,880
3236,21,800.76,121,2022-08-28,B2C,Germany,0,0.001798961038961039,-0.06216484027571361,2132
3237,50,821.97,37,2023-05-21,SMB,Canada,0,0.0018201498501498501,-0.06175183380834769,2071
3238,60,888.14,89,2021-08-09,Enterprise,UAE,0,0.0018862537462537461,-0.06046335488587702,1906
3239,48,687.68,49,2025-11-05,B2B,Singapore,1,0.0016859940059940058,-0.0643667625449139,2442
3240,36,2591.31,131,2022-06-24,B2C,Australia,0,0.0035877222777222777,-0.027298799250628912,471
3241,28,603.18,168,2024-08-20,SMB,UAE,1,0.0016015784215784215,-0.06601216784865836,2680
3242,69,1985.92,188,2023-05-15,Enterprise,UAE,1,0.002982937062937063,-0.03908710595872197,707
3243,54,801.18,35,2023-02-01,B2B,UAE,0,0.0017993806193806192,-0.06215666192982518,2131
3244,32,580.34,168,2020-09-06,B2C,UK,1,0.001578761238761239,-0.06645691408697225,2747
3245,37,6591.77,187,2026-03-30,SMB,UK,0,0.0075841858141858145,0.05059916644662073,69
3246,78,264.94,132,2021-12-18,B2B,UAE,0,0.0012636763236763236,-0.07259846240414392,4076
3247,54,328.44,169,2024-10-15,Enterprise,Canada,0,0.0013271128871128871,-0.07136197439482114,3795
3248,66,823.6,55,2026-03-26,SMB,USA,1,0.0018217782217782217,-0.06172009403739972,2064
3249,25,177.76,133,2025-07-23,B2B,France,0,0.0011765834165834166,-0.07429605334355743,4527
3250,19,169.95,65,2020-07-11,SMB,USA,0,0.0011687812187812189,-0.07444813163257807,4564
3251,55,1744.42,159,2023-11-11,B2C,UAE,0,0.0027416783216783216,-0.04378965484457154,862
3252,67,2162.55,60,2024-04-10,SMB,UK,0,0.0031593906093906094,-0.035647722067593146,619
3253,44,345.25,171,2025-11-18,B2B,India,0,0.0013439060939060938,-0.07103464583676262,3722
3254,67,204.67,9,2023-07-29,B2B,USA,1,0.0012034665334665336,-0.0737720550391342,4395
3255,31,803.45,91,2024-09-01,Enterprise,UAE,0,0.0018016483516483516,-0.06211245991752339,2120
3256,41,559.06,102,2024-07-30,Enterprise,Canada,1,0.0015575024975024974,-0.06687128361198624,2818
3257,52,190.75,186,2021-09-03,Enterprise,Australia,1,0.0011895604395604396,-0.07404310878857943,4475
3258,45,1577.03,144,2023-05-13,SMB,UK,0,0.0025744555444555443,-0.04704911512615481,998
3259,73,493.98,198,2024-03-21,B2C,Canada,1,0.0014924875124875125,-0.06813853777965122,3077
3260,51,1117.92,88,2022-01-23,Enterprise,UAE,0,0.002115804195804196,-0.05598902079481898,1501
3261,34,519.48,89,2026-01-12,B2B,France,1,0.001517962037962038,-0.06764199535071057,2978
3262,50,626.45,34,2025-04-23,SMB,Canada,1,0.0016248251748251748,-0.06555904854193488,2608
3263,40,132.95,111,2022-09-14,SMB,Japan,0,0.001131818181818182,-0.07516860496084489,4737
3264,25,4670.99,35,2022-07-12,SMB,Japan,0,0.005665324675324675,0.013197254028558007,147
3265,50,863.03,117,2023-05-16,B2C,Australia,0,0.001861168831168831,-0.06095230313649268,1951
3266,77,722.21,166,2021-08-14,Enterprise,USA,0,0.0017204895104895104,-0.06369438567937193,2332
3267,36,907.98,50,2025-03-11,SMB,France,0,0.0019060739260739262,-0.060077025403909086,1861
3268,29,108.83,94,2020-08-24,SMB,India,1,0.0011077222777222777,-0.07563827568186639,4825
3269,21,767.99,140,2026-04-22,B2C,UAE,0,0.0017662237762237762,-0.06280294597753261,2204
3270,48,158.76,97,2024-08-17,SMB,France,1,0.0011576023976023976,-0.0746660261337485,4610
3271,61,423.04,158,2024-09-02,B2B,India,1,0.0014216183816183816,-0.06951989934471195,3397
3272,73,426.76,172,2026-04-01,SMB,Japan,1,0.0014253346653346653,-0.06944746256684298,3376
3273,72,1075.64,94,2025-12-10,SMB,UAE,0,0.002073566433566434,-0.05681230761425468,1557
3274,38,557.59,119,2021-07-03,B2B,UAE,0,0.0015560339660339662,-0.06689990782259576,2828
3275,29,203.34,124,2024-05-09,SMB,France,0,0.001202137862137862,-0.07379795313444756,4407
3276,24,2900.12,120,2022-09-21,SMB,France,0,0.003896223776223776,-0.021285573074897205,382
3277,35,207.16,2,2022-11-10,B2B,Singapore,1,0.001205954045954046,-0.07372356913136706,4379
3278,56,1139.46,100,2022-04-12,SMB,Canada,1,0.002137322677322677,-0.05556958848425501,1467
3279,28,1295.28,9,2023-09-14,B2B,Australia,0,0.0022929870129870127,-0.052535422159645975,1273
3280,50,827.17,71,2020-11-19,SMB,Japan,0,0.0018253446553446555,-0.06165057809734802,2055
3281,39,759.02,12,2025-01-16,B2B,Singapore,1,0.0017572627372627373,-0.06297761207900703,2227
3282,25,1296.01,162,2024-02-28,Enterprise,Japan,0,0.002293716283716284,-0.0525212074156018,1271
3283,56,505.27,79,2021-01-13,B2B,USA,0,0.0015037662337662337,-0.06791869605326926,3039
3284,48,1679.09,177,2026-01-02,SMB,India,0,0.0026764135864135864,-0.04506177707526535,920
3285,70,477.93,179,2022-02-19,B2C,USA,0,0.0014764535464535464,-0.06845106742610209,3137
3286,44,1434.5,140,2020-07-30,Enterprise,UK,0,0.002432067932067932,-0.04982449522015125,1119
3287,68,1075.68,112,2023-01-04,B2B,USA,0,0.002073606393606394,-0.05681152872417007,1556
3288,45,839.75,126,2024-03-24,B2B,India,1,0.001837912087912088,-0.06140561716573731,2013
3289,40,125.0,6,2020-06-10,B2B,Canada,0,0.001123876123876124,-0.07532340936516167,4773
3290,58,1077.19,26,2020-10-25,SMB,Singapore,0,0.0020751148851148853,-0.05678212562347593,1553
3291,44,342.01,197,2022-02-09,SMB,USA,0,0.0013406693306693307,-0.07109773593361626,3734
3292,27,934.48,49,2026-04-08,SMB,Germany,0,0.0019325474525474526,-0.05956101072285313,1813
3293,40,1410.9,179,2022-06-07,B2B,UK,0,0.0024084915084915085,-0.05028404037007278,1149
3294,50,496.21,74,2025-05-17,B2C,Australia,0,0.0014947152847152847,-0.06809511465743405,3070
3295,43,142.42,85,2022-05-05,Enterprise,UK,0,0.0011412787212787213,-0.07498420273331281,4682
3296,30,1044.85,169,2023-09-25,SMB,France,0,0.0020428071928071927,-0.057411858256885356,1602
3297,48,405.81,11,2023-05-26,Enterprise,Japan,0,0.0014044055944055943,-0.06985540624865891,3463
3298,44,2661.67,106,2020-03-03,B2C,Canada,0,0.0036580119880119883,-0.025928731591795054,450
3299,30,159.27,47,2022-05-17,SMB,UK,0,0.0011581118881118881,-0.07465609528516969,4609
3300,65,987.95,142,2022-02-17,B2B,France,0,0.0019859640359640362,-0.05851982940224701,1722
3301,72,572.4,16,2021-04-25,SMB,Germany,0,0.0015708291708291708,-0.06661152376876789,2776
3302,75,594.39,44,2025-05-15,B2B,USA,1,0.0015927972027972026,-0.06618332894475203,2706
3303,78,1684.77,58,2022-09-20,B2C,India,0,0.0026820879120879122,-0.04495117468325033,916
3304,64,874.57,111,2022-04-17,SMB,USA,1,0.0018726973026973028,-0.060727593347081894,1929
3305,51,699.53,21,2024-06-12,Enterprise,USA,0,0.001697832167832168,-0.06413601635734736,2405
3306,64,449.38,142,2022-09-07,Enterprise,Australia,0,0.001447932067932068,-0.06900700022399445,3271
3307,24,675.2,26,2026-03-11,SMB,Germany,0,0.0016735264735264735,-0.06460977625131308,2473
3308,61,113.62,131,2023-08-10,SMB,Germany,0,0.0011125074925074925,-0.07554500359423401,4814
3309,29,507.26,49,2023-03-05,SMB,Germany,0,0.0015057542457542457,-0.06787994627155979,3028
3310,22,409.56,41,2024-04-08,Enterprise,Singapore,0,0.001408151848151848,-0.06978238530322646,3447
3311,55,673.76,19,2025-03-24,Enterprise,Japan,0,0.001672087912087912,-0.06463781629435914,2477
3312,23,716.52,119,2025-12-25,B2B,Canada,1,0.0017148051948051948,-0.0638051827939081,2352
3313,43,621.51,140,2024-01-11,Enterprise,Singapore,0,0.00161989010989011,-0.06565524146738456,2625
3314,36,827.94,55,2023-06-17,B2C,India,0,0.0018261138861138861,-0.06163558446321923,2052
3315,32,465.62,102,2022-12-07,Enterprise,Canada,0,0.0014641558441558442,-0.06869077084964166,3187
3316,26,80.23,2,2024-01-13,SMB,Japan,0,0.001079150849150849,-0.0761951820923645,4903
3317,30,68.64,28,2025-10-01,Enterprise,Canada,1,0.0010675724275724277,-0.07642086549438105,4931
3318,52,525.56,170,2025-07-29,Enterprise,UK,0,0.0015240359640359639,-0.06752360405784943,2956
3319,64,117.23,193,2025-03-23,Enterprise,Singapore,1,0.0011161138861138862,-0.0754747087640977,4798
3320,51,13342.13,29,2021-02-07,B2C,UAE,0,0.014327802197802197,0.18204387823578647,25
3321,51,578.33,3,2025-04-07,B2C,Canada,0,0.0015767532467532467,-0.06649605331372405,2752
3322,46,5024.34,87,2023-08-04,B2C,Singapore,0,0.006018321678321678,0.020077774313506033,131
3323,56,163.88,136,2022-04-12,B2C,France,0,0.001162717282717283,-0.07456632820291806,4591
3324,44,1494.64,78,2024-02-27,Enterprise,Japan,0,0.0024921478521478524,-0.04865343397793596,1064
3325,150,514.83,156,2023-07-05,SMB,France,0,0.0015133166833166832,-0.0677325413230468,2998
3326,62,137.8,170,2024-08-22,SMB,Germany,0,0.0011366633366633365,-0.07507416453808559,4715
3327,29,659.26,122,2020-07-06,SMB,Canada,1,0.0016576023976023976,-0.06492016395003126,2519
3328,56,269.42,131,2026-04-23,SMB,Australia,0,0.0012681518481518481,-0.07251122671466728,4050
3329,19,1743.74,60,2022-06-25,Enterprise,UK,0,0.002740999000999001,-0.043802895976009955,863
3330,64,402.23,110,2021-08-20,B2C,USA,0,0.0014008291708291708,-0.06992511691123174,3476
3331,53,227.54,51,2020-03-07,Enterprise,Singapore,0,0.0012263136863136864,-0.07332672463325685,4275
3332,70,1570.89,124,2022-12-04,B2C,Canada,0,0.0025683216783216785,-0.047168674754142874,1006
3333,35,4079.24,147,2026-03-16,B2B,Japan,0,0.005074165834165834,0.0016745488393179024,191
3334,73,555.77,4,2026-06-30,B2B,India,0,0.0015542157842157842,-0.06693534732144564,2842
3335,23,656.88,87,2024-09-06,Enterprise,USA,0,0.0016552247752247753,-0.06496650791006572,2527
3336,47,461.68,135,2023-04-24,B2C,India,1,0.0014602197802197803,-0.06876749152297602,3213
3337,38,251.0,41,2021-09-16,B2B,Germany,1,0.0012497502497502498,-0.07286990559863146,4146
3338,73,651.64,144,2022-03-14,B2C,Japan,0,0.00164999000999001,-0.06506854251115,2541
3339,39,811.87,124,2023-09-13,B2B,UAE,0,0.00181005994005994,-0.06194850355471241,2094
3340,74,130.28,65,2022-07-31,B2B,Germany,0,0.001129150849150849,-0.07522059587399278,4752
3341,28,135.98,181,2024-04-04,B2B,France,1,0.001134845154845155,-0.07510960403693547,4726
3342,56,239.17,183,2026-05-22,B2B,Australia,0,0.001237932067932068,-0.07310026234115569,4215
3343,57,237.06,20,2022-10-03,B2C,Australia,0,0.0012358241758241757,-0.07314134879311901,4228
3344,59,309.41,90,2025-08-07,B2B,UK,0,0.0013081018981018983,-0.07173253135257567,3883
3345,24,4528.07,116,2026-03-05,B2C,India,0,0.005522547452547453,0.010414279756236593,156
3346,24,978.97,132,2023-10-14,B2B,UAE,0,0.001976993006993007,-0.05869469022624258,1736
3347,48,541.31,37,2022-11-20,B2B,Australia,0,0.0015397702297702297,-0.06721691608703316,2899
3348,73,725.21,128,2025-06-24,B2B,Singapore,0,0.0017234865134865135,-0.06363596892302596,2322
3349,23,638.14,82,2025-07-02,B2C,Canada,0,0.0016365034965034964,-0.06533141791470681,2573
3350,43,475.6,22,2025-03-02,SMB,Australia,1,0.001474125874125874,-0.06849643777353077,3148
3351,53,606.84,44,2021-11-20,B2C,UAE,0,0.0016052347652347654,-0.0659408994059163,2667
3352,26,352.1,108,2023-12-13,Enterprise,Singapore,1,0.0013507492507492506,-0.0709012609097727,3690
3353,73,418.99,98,2021-11-24,Enterprise,Japan,0,0.0014175724275724275,-0.069598761965779,3416
3354,53,560.73,127,2021-07-27,SMB,France,0,0.0015591708291708291,-0.06683876495095366,2812
3355,20,729.51,61,2026-02-16,Enterprise,Japan,0,0.0017277822177822178,-0.0635522382389301,2305
3356,78,577.68,103,2025-06-23,SMB,Singapore,0,0.0015761038961038959,-0.066508710277599,2754
3357,74,256.26,127,2022-01-23,B2C,Canada,0,0.001255004995004995,-0.07276748155250488,4120
3358,61,1809.86,72,2026-01-29,Enterprise,USA,0,0.002807052947052947,-0.042515390666145056,815
3359,48,469.88,46,2020-08-28,B2B,Singapore,0,0.0014684115884115885,-0.0686078190556304,3171
3360,70,271.69,26,2025-11-16,B2B,Australia,0,0.0012704195804195805,-0.0724670247023655,4039
3361,47,8713.03,131,2020-05-18,B2C,Germany,0,0.009703326673326674,0.09190487596876264,42
3362,48,62.6,89,2020-10-31,SMB,UK,0,0.0010615384615384614,-0.07653847789715759,4945
3363,60,713.35,183,2020-07-17,B2C,Japan,0,0.0017116383616383615,-0.06386690983311365,2360
3364,60,478.5,165,2020-01-27,B2B,Australia,0,0.001477022977022977,-0.06843996824239636,3136
3365,57,2812.16,47,2024-08-16,SMB,Japan,0,0.003808351648351648,-0.02299835237096068,399
3366,47,2471.36,48,2021-07-17,Enterprise,Japan,0,0.003467892107892108,-0.02963449589186144,507
3367,26,1038.55,164,2022-08-05,SMB,UK,0,0.0020365134865134864,-0.05753453344521187,1616
3368,23,752.4,15,2020-10-05,SMB,France,0,0.0017506493506493507,-0.06310651838801044,2243
3369,42,243.19,135,2021-09-10,B2C,Germany,0,0.001241948051948052,-0.0730219838876521,4191
3370,47,2106.73,159,2020-02-07,B2C,Australia,0,0.0031036263736263737,-0.03673466318067026,647
3371,43,499.67,189,2022-06-14,SMB,France,0,0.0014981718281718282,-0.06802774066511505,3054
3372,20,2458.72,174,2025-09-02,B2B,UK,0,0.003455264735264735,-0.02988062515859908,512
3373,39,792.42,15,2025-02-10,Enterprise,India,0,0.0017906293706293707,-0.062327238858355366,2148
3374,59,396.58,141,2024-03-08,Enterprise,France,0,0.001395184815184815,-0.0700351351356833,3501
3375,62,1275.66,150,2020-09-04,SMB,UK,1,0.0022733866133866133,-0.052917467746148535,1298
3376,26,556.59,178,2025-06-02,B2B,UK,1,0.0015550349650349652,-0.06691938007471109,2835
3377,67,461.9,180,2025-06-21,B2C,India,0,0.0014604395604395604,-0.06876320762751065,3211
3378,52,585.92,184,2020-03-05,B2C,Singapore,0,0.0015843356643356645,-0.06634825892016877,2729
3379,24,1255.45,172,2020-01-28,B2B,Japan,0,0.002253196803196803,-0.05331100196139914,1328
3380,54,1023.69,87,2025-12-19,B2B,Germany,0,0.0020216683316683316,-0.05782389111164551,1641
3381,65,256.18,195,2026-03-09,B2C,USA,0,0.001254925074925075,-0.0727690393326741,4121
3382,26,-1000.0,20,2024-08-11,B2C,Singapore,0,0.0,-0.0972296929948957,4993
3383,44,220.55,83,2020-02-18,B2C,UK,1,0.0012193306693306693,-0.07346283567554292,4304
3384,45,614.07,46,2020-03-09,B2C,Germany,0,0.0016124575424575427,-0.06580011502312254,2646
3385,78,389.4,48,2025-12-08,Enterprise,Canada,0,0.0013880119880119882,-0.07017494590587128,3532
3386,62,1260.7,158,2023-01-30,B2B,Germany,0,0.002258441558441558,-0.053208772637793715,1321
3387,61,411.3,42,2026-01-03,SMB,Germany,0,0.0014098901098901098,-0.06974850358454579,3437
3388,50,2039.97,41,2023-03-20,B2C,India,0,0.003036933066933067,-0.038034630731888966,671
3389,73,1681.79,103,2020-03-11,B2B,India,0,0.0026791108891108893,-0.04500920199455398,918
3390,76,340.36,30,2025-08-19,B2C,Australia,1,0.001339020979020979,-0.07112986514960654,3745
3391,71,1667.86,125,2024-10-29,SMB,UK,0,0.002665194805194805,-0.04528045046652037,923
3392,78,2713.58,24,2022-01-04,Enterprise,UK,0,0.00370987012987013,-0.024917926984488838,429
3393,67,989.91,101,2021-03-14,B2B,Australia,0,0.0019879220779220777,-0.05848166378810099,1720
3394,79,919.24,140,2021-01-29,B2C,Germany,0,0.0019173226773226773,-0.05985776784509059,1844
3395,23,766.88,44,2025-11-17,SMB,USA,0,0.0017651148851148852,-0.06282456017738061,2211
3396,34,1115.4,53,2021-09-01,B2B,India,0,0.0021132867132867134,-0.05603809087014959,1505
3397,40,516.76,145,2022-09-14,Enterprise,UK,0,0.0015152447552447552,-0.06769495987646425,2990
3398,42,328.2,79,2022-02-25,B2B,Singapore,0,0.001326873126873127,-0.07136664773532883,3798
3399,36,1545.5,153,2025-11-26,SMB,Australia,0,0.002542957042957043,-0.04766307523535083,1021
3400,69,1355.26,12,2022-10-30,Enterprise,Germany,0,0.002352907092907093,-0.051367476477769146,1210
3401,46,549.53,78,2023-12-22,Enterprise,Singapore,0,0.001547982017982018,-0.06705685417464523,2868
3402,48,662.94,84,2022-12-30,SMB,USA,0,0.0016612787212787214,-0.06484850606224689,2511
3403,23,784.3,46,2024-06-13,B2C,Australia,0,0.0017825174825174825,-0.062485353545531766,2172
3404,54,3150.6,49,2020-11-19,Enterprise,Japan,1,0.004146453546453547,-0.016408163365052065,330
3405,51,211.67,45,2024-03-08,B2C,UAE,0,0.0012104595404595405,-0.07363574927432696,4359
3406,41,891.95,115,2024-07-21,SMB,Germany,0,0.0018900599400599402,-0.060389165605317645,1900
3407,75,843.38,165,2025-02-23,Enterprise,Singapore,0,0.0018415384615384617,-0.0613349328905587,2001
3408,27,1700.25,27,2026-05-03,SMB,France,1,0.0026975524475524476,-0.04464974422050519,904
3409,75,444.12,30,2022-09-23,B2C,Japan,0,0.0014426773226773226,-0.06910942427012103,3292
3410,76,515.65,153,2022-07-14,Enterprise,Singapore,1,0.0015141358641358642,-0.06771657407631225,2994
3411,28,1616.25,92,2023-05-13,SMB,Canada,0,0.0026136363636363636,-0.046285413398192,967
3412,41,306.43,81,2020-11-26,Enterprise,Canada,0,0.001305124875124875,-0.07179055866387932,3891
3413,79,1760.42,26,2020-05-09,B2B,UAE,0,0.002757662337662338,-0.04347809881072643,852
3414,19,362.73,199,2021-01-17,SMB,Canada,0,0.0013613686313686314,-0.07069427086978684,3641
3415,999,361.81,47,2024-07-18,SMB,USA,0,0.0013604495504495504,-0.07071218534173294,3645
3416,75,962.69,39,2024-04-02,SMB,UAE,0,0.0019607292707292706,-0.05901169849067998,1764
3417,79,566.16,84,2024-03-24,B2C,Canada,0,0.0015645954045954045,-0.06673303062196748,2797
3418,46,852.97,136,2026-03-13,B2B,Canada,0,0.001851118881118881,-0.0611481939927728,1974
3419,33,1318.9,119,2025-05-03,B2B,Singapore,0,0.0023165834165834167,-0.052075487564682145,1243
3420,40,2239.01,156,2020-08-17,SMB,USA,0,0.003235774225774226,-0.03415887367085584,596
3421,52,279.41,143,2020-02-08,B2C,India,0,0.0012781318681318683,-0.07231669891603525,4008
3422,74,622.15,91,2021-12-02,B2C,Australia,0,0.0016205294705294705,-0.06564277922603076,2621
3423,60,717.24,154,2020-12-04,SMB,India,0,0.0017155244755244754,-0.06379116277238506,2350
3424,39,1762.82,53,2025-08-09,SMB,Canada,1,0.0027600599400599397,-0.043431365405649666,847
3425,52,626.14,143,2024-11-12,B2C,Japan,0,0.0016245154845154844,-0.06556508494009064,2610
3426,23,242.72,183,2023-09-18,B2C,France,1,0.0012414785214785215,-0.0730311358461463,4193
3427,73,512.43,141,2026-05-06,Enterprise,Australia,0,0.0015109190809190808,-0.06777927472812358,3011
3428,40,293.53,20,2021-01-25,B2B,Australia,1,0.0012922377622377622,-0.07204175071616693,3951
3429,78,471.43,89,2025-12-03,SMB,India,1,0.00146996003996004,-0.06857763706485166,3165
3430,40,382.81,111,2020-06-23,B2C,France,0,0.0013814285714285714,-0.07030326804731124,3554
3431,47,372.82,85,2022-07-30,B2C,UAE,0,0.0013714485514485515,-0.07049779584594328,3591
3432,54,1305.21,8,2022-05-15,B2B,USA,0,0.002302907092907093,-0.05234206269614086,1263
3433,59,188.58,17,2026-05-10,B2B,Germany,1,0.0011873926073926074,-0.07408536357566968,4483
3434,37,1267.61,100,2025-05-01,Enterprise,Canada,0,0.002265344655344655,-0.05307421937567686,1311
3435,28,2740.59,34,2023-01-15,SMB,USA,1,0.003736853146853147,-0.024391981454854064,421
3436,77,1304.53,108,2020-07-09,B2B,USA,1,0.002302227772227772,-0.052355303827579275,1265
3437,41,531.75,48,2020-10-31,SMB,Singapore,0,0.0015302197802197803,-0.0674030708172556,2938
3438,74,1373.9,124,2023-02-22,B2B,France,1,0.0023715284715284716,-0.05100451369833959,1192
3439,35,204.27,138,2026-02-02,SMB,Germany,0,0.001203066933066933,-0.07377984393998033,4401
3440,44,512.97,75,2026-04-27,Enterprise,Japan,0,0.0015114585414585414,-0.0677687597119813,3007
3441,70,345.35,29,2020-05-14,SMB,Canada,1,0.001344005994005994,-0.07103269861155109,3720
3442,24,799.04,144,2022-01-04,SMB,Germany,1,0.001797242757242757,-0.062198332549351955,2134
3443,65,421.64,147,2023-07-12,B2C,Japan,0,0.0014202197802197802,-0.0695471604976734,3404
3444,38,240.02,86,2020-03-05,SMB,USA,0,0.0012387812187812188,-0.07308371092685767,4210
3445,73,320.12,152,2022-04-28,B2C,Japan,1,0.0013188011988011987,-0.0715239835324206,3831
3446,32,231.83,171,2021-08-13,B2B,UAE,0,0.0012305994005994006,-0.07324318867168213,4256
3447,25,203.84,56,2024-06-19,B2C,France,0,0.0012026373626373625,-0.0737882170083899,4402
3448,45,696.35,108,2020-11-11,B2C,Singapore,0,0.0016946553446553446,-0.06419793811907408,2414
3449,150,1459.18,104,2023-05-10,B2C,USA,0,0.002456723276723277,-0.049343920037945174,1094
3450,25,1146.95,39,2021-10-27,B2B,Singapore,0,0.0021448051948051946,-0.05542374131591127,1453
3451,45,214.32,137,2026-04-28,SMB,USA,0,0.001213106893106893,-0.07358414780622136,4338
3452,51,301.1,93,2022-09-11,SMB,Japan,1,0.0012998001998001996,-0.07189434576765397,3916
3453,64,245.49,48,2026-05-10,B2B,USA,0,0.0012442457542457543,-0.07297719770778686,4178
3454,32,155.06,161,2024-05-12,SMB,Canada,0,0.001153906093906094,-0.07473807346657518,4627
3455,61,74.23,42,2026-01-23,SMB,Japan,0,0.0010731568431568432,-0.07631201560505642,4921
3456,60,128.93,92,2023-09-20,Enterprise,USA,0,0.0011278021978021978,-0.07524688341434847,4755
3457,54,872.46,34,2024-04-21,SMB,UAE,0,0.0018705894105894105,-0.060768679799045225,1933
3458,70,518.82,173,2021-07-27,Enterprise,Canada,0,0.0015173026973026975,-0.06765484703710668,2982
3459,44,782.9,164,2020-11-17,SMB,India,0,0.0017811188811188811,-0.0625126146984932,2179
3460,150,740.52,32,2025-08-13,B2B,Canada,1,0.0017387812187812188,-0.06333784874314043,2271
3461,43,5081.29,82,2023-11-17,SMB,Australia,0,0.006075214785214785,0.021186719071473455,125
3462,29,899.38,154,2020-08-07,SMB,Germany,0,0.0018974825174825176,-0.06024448677210083,1879
3463,51,1147.02,80,2021-02-04,Enterprise,India,0,0.0021448751248751246,-0.0554223782582632,1452
3464,48,2886.29,161,2024-11-25,B2C,France,0,0.003882407592407592,-0.021554874321652068,385
3465,20,905.96,171,2022-08-08,B2C,India,0,0.001904055944055944,-0.06011635935318203,1867
3466,43,4242.08,134,2020-11-07,SMB,Japan,0,0.005236843156843157,0.004845410373776475,177
3467,74,835.78,52,2023-10-27,B2C,Singapore,1,0.001833946053946054,-0.061482922006635125,2023
3468,71,634.25,60,2024-06-12,Enterprise,USA,0,0.0016326173826173827,-0.0654071649754354,2586
3469,23,2311.51,78,2023-08-29,SMB,France,0,0.0033082017982017983,-0.0327471353924952,561
3470,75,612.29,84,2020-05-01,SMB,Singapore,1,0.0016106793206793206,-0.0658347756318878,2651
3471,37,142.76,127,2023-01-24,B2C,UK,0,0.0011416183816183817,-0.0749775821675936,4681
3472,68,1290.35,90,2025-01-19,Enterprise,Japan,0,0.002288061938061938,-0.0526314203625745,1280
3473,57,188.57,78,2025-07-02,SMB,Australia,1,0.0011873826173826173,-0.07408555829819083,4484
3474,34,244.17,104,2022-07-23,B2C,Germany,0,0.001242927072927073,-0.07300290108057908,4185
3475,58,1418.64,187,2023-12-28,B2B,France,1,0.0024162237762237766,-0.05013332513870022,1140
3476,18,2398.8,44,2026-03-15,B2C,Germany,0,0.0033954045954045957,-0.031047402505348994,530
3477,30,282.26,122,2024-03-17,Enterprise,India,0,0.001280979020979021,-0.07226120299750659,3988
3478,35,966.82,152,2024-11-03,B2B,France,0,0.001964855144855145,-0.058931278089443706,1752
3479,69,647.18,71,2022-01-30,B2C,Germany,0,0.0016455344655344653,-0.06515538875558433,2550
3480,38,127.02,67,2024-04-05,B2B,USA,0,0.0011258941058941059,-0.07528407541588873,4765
3481,69,538.37,40,2020-12-17,SMB,USA,0,0.0015368331668331667,-0.0672741645082522,2914
3482,29,1891.8,90,2023-04-24,SMB,USA,0,0.002888911088911089,-0.04091983432781581,765
3483,61,496.78,148,2022-10-06,B2C,USA,1,0.0014952847152847153,-0.06808401547372832,3066
3484,29,233.06,153,2020-10-28,Enterprise,India,0,0.0012318281718281718,-0.07321923780158028,4248
3485,43,2743.77,160,2020-12-02,Enterprise,UK,0,0.00374002997002997,-0.024330059693127352,419
3486,59,145.2,71,2023-01-02,Enterprise,UK,1,0.001144055944055944,-0.07493006987243223,4674
3487,57,196.51,52,2021-09-23,SMB,USA,1,0.0011953146853146853,-0.07393094861639521,4450
3488,45,876.74,21,2024-04-05,B2C,Singapore,0,0.0018748651348651348,-0.06068533855999165,1921
3489,61,1011.58,49,2021-09-23,SMB,Germany,1,0.0020095704295704296,-0.05805970008476202,1672
3490,42,340.14,23,2024-05-14,SMB,UK,0,0.0013388011988011987,-0.07113414904507191,3749
3491,38,163.24,192,2023-07-21,SMB,Singapore,0,0.0011620779220779221,-0.07457879044427186,4593
3492,65,1576.32,12,2024-01-17,SMB,UK,0,0.0025737462537462536,-0.047062940425156685,1000
3493,67,259.63,196,2021-03-12,B2C,UAE,1,0.0012583716283716285,-0.07270186006287625,4097
3494,66,191.2,83,2021-01-09,Enterprise,USA,1,0.0011900099900099901,-0.07403434627512755,4472
3495,28,249.2,5,2020-01-22,Enterprise,Singapore,0,0.001247952047952048,-0.07290495565243904,4156
3496,26,634.19,193,2023-06-16,Enterprise,USA,0,0.0016325574425574427,-0.06540833331056231,2587
3497,70,531.92,192,2024-12-26,SMB,Japan,1,0.0015303896103896104,-0.067399760534396,2935
3498,52,344.75,171,2024-01-14,B2C,India,0,0.0013434065934065935,-0.07104438196282029,3725
3499,53,558.08,48,2023-01-09,B2B,Singapore,0,0.0015565234765234765,-0.06689036641905925,2826
3500,66,1396.57,130,2021-02-22,SMB,France,0,0.002394175824175824,-0.0505630777428853,1166
3501,46,1155.3,194,2021-06-26,Enterprise,Germany,0,0.0021531468531468534,-0.055261148010748364,1442
3502,57,2822.68,73,2020-12-23,SMB,UK,1,0.0038188611388611385,-0.02279350427870752,398
3503,34,480.11,195,2022-02-06,Enterprise,Japan,1,0.0014786313686313687,-0.06840861791649068,3129
3504,54,1419.86,33,2024-10-31,B2B,India,0,0.002417442557442557,-0.05010956899111952,1139
3505,65,1106.2,23,2025-01-12,B2C,Canada,0,0.002104095904095904,-0.05621723558961052,1514
3506,66,397.94,190,2026-03-31,B2C,France,0,0.0013965434565434566,-0.07000865287280646,3492
3507,25,2804.23,59,2026-03-22,Enterprise,Australia,0,0.0038004295704295705,-0.023152767330235156,400
3508,70,6273.82,95,2025-09-29,B2C,India,1,0.007266553446553446,0.04440796388655499,78
3509,61,592.04,112,2024-07-29,B2C,Germany,0,0.0015904495504495504,-0.06622908873722302,2717
3510,64,580.46,109,2021-02-27,SMB,France,1,0.001578881118881119,-0.06645457741671841,2745
3511,22,1280.27,27,2020-04-17,B2B,India,1,0.002277992007992008,-0.05282770066389692,1293
3512,40,309.91,196,2021-01-02,B2B,UK,0,0.0013086013986013986,-0.071722795226518,3879
3513,71,1375.22,171,2023-12-20,B2B,India,0,0.0023728471528471533,-0.05097881032554737,1191
3514,27,3643.19,54,2026-03-20,B2B,USA,0,0.004638551448551449,-0.006816326695567006,244
3515,64,1362.23,193,2021-01-16,B2B,India,0,0.00235987012987013,-0.051231754880525365,1200
3516,58,393.13,46,2023-08-21,Enterprise,Singapore,0,0.001391738261738262,-0.07010231440548115,3516
3517,64,1026.41,140,2024-04-26,SMB,Australia,0,0.0020243856143856145,-0.057770926585891835,1635
3518,32,839.24,183,2020-02-20,SMB,USA,0,0.0018374025974025974,-0.06141554801431612,2015
3519,33,182.39,110,2023-04-10,B2C,UK,0,0.001181208791208791,-0.07420589681626351,4510
3520,44,1534.33,186,2024-08-21,Enterprise,USA,0,0.002531798201798202,-0.047880580291478944,1025
3521,76,411.13,104,2024-05-07,SMB,Canada,1,0.0014097202797202799,-0.06975181386740541,3440
3522,49,3104.36,137,2020-12-12,Enterprise,India,0,0.004100259740259741,-0.017308560302864418,336
3523,73,2664.73,93,2026-04-10,B2C,Canada,0,0.003661068931068931,-0.02586914650032218,445
3524,57,2755.58,46,2022-09-21,SMB,Singapore,0,0.003751828171828172,-0.024100092395645433,414
3525,68,942.21,165,2026-05-31,Enterprise,Japan,0,0.0019402697302697302,-0.05941049021400171,1799
3526,62,1426.35,193,2025-11-04,SMB,Canada,0,0.002423926073926074,-0.0499831940748911,1131
3527,63,1723.85,83,2021-11-25,B2B,India,0,0.002721128871128871,-0.044190199070583656,875
3528,52,3586.47,77,2024-04-08,Enterprise,USA,0,0.004581888111888111,-0.007920792835547913,249
3529,54,493.04,64,2021-11-25,Enterprise,Australia,0,0.0014915484515484515,-0.06815684169663962,3081
3530,41,364.44,73,2021-07-22,B2C,USA,0,0.0013630769230769232,-0.07066097331866965,3632
3531,48,130.38,22,2023-01-06,Enterprise,Germany,1,0.0011292507492507494,-0.07521864864878125,4750
3532,68,510.34,153,2023-05-18,B2C,India,0,0.0015088311688311689,-0.06781997173504459,3014
3533,52,695.27,137,2023-01-04,B2C,UAE,0,0.0016935764235764235,-0.06421896815135862,2416
3534,33,187.42,163,2025-07-12,Enterprise,Japan,1,0.0011862337662337664,-0.07410795138812346,4486
3535,57,1016.36,181,2021-08-20,B2C,Japan,0,0.0020143456543456543,-0.05796662271965079,1663
3536,79,1919.5,46,2020-09-16,Enterprise,UAE,0,0.0029165834165834166,-0.04038045294422146,744
3537,53,301.08,174,2021-11-15,B2C,Japan,0,0.0012997802197802198,-0.07189473521269628,3917
3538,29,1000000.0,63,2024-11-15,SMB,Germany,0,1.0,19.39449467443957,3
3539,77,529.16,185,2023-02-04,B2B,UK,0,0.0015276323676323674,-0.06745350395023429,2945
3540,33,792.29,106,2024-09-20,SMB,Australia,0,0.0017904995004995004,-0.06232977025113036,2151
3541,66,1266.26,7,2023-05-12,SMB,UK,1,0.0022639960039960044,-0.05310050691603255,1316
3542,22,458.39,76,2025-06-06,SMB,India,0,0.0014569330669330668,-0.06883155523243542,3232
3543,64,432.22,73,2020-11-11,B2B,Singapore,0,0.0014307892107892108,-0.06934114407029332,3347
3544,22,237.76,6,2024-01-19,Enterprise,France,0,0.0012365234765234765,-0.07312771821663828,4222
3545,37,314.99,88,2022-10-27,B2C,Germany,0,0.0013136763236763238,-0.07162387618577218,3857
3546,65,1054.74,19,2022-10-07,Enterprise,Japan,0,0.0020526873126873123,-0.057219277683464846,1595
3547,55,778.21,123,2025-07-23,Enterprise,Singapore,0,0.0017764335664335665,-0.06260393956091405,2189
3548,53,201.84,55,2022-03-11,Enterprise,USA,0,0.0012006393606393605,-0.07382716151262055,4416
3549,72,297.15,64,2025-02-18,B2B,India,0,0.001295854145854146,-0.07197126116350948,3934
3550,49,793.38,126,2021-03-14,B2C,Japan,0,0.0017915884115884118,-0.06230854549632466,2145
3551,57,3094.67,78,2021-07-08,B2C,USA,0,0.004090579420579421,-0.017497246425861864,337
3552,28,354.82,65,2023-06-01,B2B,Canada,0,0.0013534665334665333,-0.07084829638401902,3679
3553,28,198.83,123,2020-01-28,B2B,Australia,0,0.0011976323676323676,-0.07388577299148766,4437
3554,60,316.68,184,2024-06-08,Enterprise,Singapore,0,0.0013153646353646353,-0.0715909680796973,3848
3555,66,606.53,82,2023-09-22,B2C,USA,0,0.001604925074925075,-0.06594693580407204,2670
3556,45,243.06,94,2024-04-05,SMB,UAE,0,0.0012418181818181818,-0.0730245152804271,4192
3557,29,776.45,113,2023-09-11,B2C,Australia,0,0.0017746753246753247,-0.062638210724637,2193
3558,63,1208.4,88,2024-12-08,B2B,UAE,0,0.002206193806193806,-0.054227171423424904,1378
3559,48,611.15,105,2023-10-03,B2B,Germany,0,0.0016095404595404597,-0.06585697399929927,2655
3560,57,571.41,146,2024-10-29,SMB,France,0,0.0015698401598401596,-0.06663080129836206,2778
3561,47,1579.0,139,2021-07-11,SMB,Australia,0,0.0025764235764235764,-0.04701075478948764,997
3562,37,1495.72,101,2023-05-15,B2C,Japan,0,0.0024932267732267733,-0.048632403945651416,1063
3563,44,357.57,192,2023-08-06,B2C,UK,0,0.0013562137862137861,-0.07079474769070189,3665
3564,42,556.64,34,2022-04-02,B2C,Japan,0,0.001555084915084915,-0.06691840646210531,2834
3565,67,3693.07,38,2025-05-16,Enterprise,Australia,0,0.004688381618381618,-0.0058450507600548846,237
3566,51,872.83,194,2023-07-10,B2C,India,0,0.0018709590409590408,-0.06076147506576256,1932
3567,52,1992.65,164,2021-12-28,B2C,Germany,0,0.0029896603396603397,-0.03895605770198587,705
3568,60,350.95,27,2024-06-19,B2C,Singapore,0,0.0013496003996003997,-0.07092365399970531,3697
3569,71,253.52,8,2023-07-31,SMB,USA,0,0.0012522677322677322,-0.07282083552330086,4136
3570,69,404.63,79,2023-04-08,B2C,Canada,0,0.0014032267732267732,-0.06987838350615498,3468
3571,22,461.06,129,2025-07-04,SMB,Germany,1,0.0014596003996003996,-0.06877956431928751,3218
3572,57,896.96,100,2026-06-16,B2B,Japan,0,0.0018950649350649351,-0.060291609622219904,1885
3573,56,1210.24,195,2022-09-19,Enterprise,France,0,0.002208031968031968,-0.054191342479532716,1376
3574,25,431.33,193,2023-08-27,SMB,Germany,0,0.0014299000999001,-0.06935847437467596,3353
3575,36,198.68,132,2024-03-20,B2C,Japan,0,0.0011974825174825175,-0.07388869382930496,4439
3576,60,720.51,10,2023-02-22,SMB,Singapore,1,0.0017187912087912088,-0.06372748850796797,2336
3577,35,2517.12,97,2024-05-28,B2C,Australia,0,0.0035136063936063934,-0.028743445635064438,493
3578,71,3985.88,71,2024-02-04,Enterprise,Japan,0,0.004980899100899101,-0.00014338061816828666,201
3579,33,90.81,79,2021-04-11,Enterprise,France,0,0.0010897202797202797,-0.07598916566498444,4874
3580,36,1261.55,69,2026-04-28,SMB,Canada,0,0.0022592907092907097,-0.0531922212234957,1319
3581,32,2826.15,161,2022-03-29,Enterprise,Germany,0,0.0038223276723276726,-0.022725935563867358,395
3582,46,396.44,42,2026-02-12,Enterprise,Japan,0,0.001395044955044955,-0.07003786125097944,3503
3583,32,762.12,113,2022-01-06,SMB,Germany,1,0.0017603596403596403,-0.06291724809744954,2223
3584,77,1399.95,125,2026-03-03,Enterprise,Singapore,0,0.002397552447552447,-0.05049726153073552,1161
3585,46,1507.95,29,2020-04-20,B2C,Japan,0,0.0025054445554445553,-0.04839425830228106,1048
3586,34,398.8,191,2025-03-05,SMB,UAE,0,0.0013974025974025973,-0.06999190673598729,3486
3587,32,2637.96,25,2022-05-08,Enterprise,France,0,0.003634325674325674,-0.02639041868944927,460
3588,57,640.3,147,2024-11-30,B2C,Australia,0,0.0016386613386613386,-0.06528935785013772,2563
3589,28,356.99,157,2023-04-08,Enterprise,Australia,1,0.0013556343656343655,-0.07080604159692878,3670
3590,20,240.35,79,2020-10-10,B2C,Canada,0,0.001239110889110889,-0.07307728508365961,4206
3591,30,1497.34,122,2024-08-02,B2B,India,0,0.002494845154845155,-0.048600858897224604,1059
3592,55,260.5,3,2025-08-07,B2C,Germany,0,0.0012592407592407593,-0.07268491920353592,4096
3593,26,2249.81,106,2021-07-24,B2B,UAE,0,0.0032465634365634365,-0.0339485733480104,589
3594,72,1711.14,110,2023-05-25,B2B,France,0,0.0027084315684315686,-0.044437691394969364,892
3595,37,139.42,158,2022-09-18,SMB,France,0,0.0011382817182817183,-0.07504261948965876,4703
3596,78,1097.55,81,2022-10-31,B2B,Canada,0,0.0020954545454545457,-0.05638567057040804,1524
3597,71,131.93,113,2021-09-23,B2B,USA,1,0.0011307992007992009,-0.07518846665800251,4742
3598,65,251.32,134,2024-09-29,B2C,Canada,0,0.00125006993006993,-0.07286367447795455,4142
3599,43,3898.11,77,2024-03-24,Enterprise,Singapore,0,0.004893216783216784,-0.0018524601863298476,209
3600,74,656.07,199,2020-10-29,Enterprise,France,0,0.0016544155844155845,-0.06498228043427913,2531
3601,29,354.58,41,2025-01-13,B2B,Australia,1,0.001353226773226773,-0.0708529697245267,3682
3602,66,216.94,80,2025-05-16,SMB,France,0,0.0012157242757242757,-0.07353313050567922,4324
3603,48,2401.9,133,2024-06-29,SMB,India,0,0.0033985014985014987,-0.030987038523791508,528
3604,19,2160.09,81,2025-12-28,Enterprise,India,0,0.003156933066933067,-0.035695623807796825,620
3605,50,815.85,193,2025-09-06,Enterprise,UAE,1,0.001814035964035964,-0.061871003991293444,2081
3606,33,923.57,121,2024-09-09,SMB,France,0,0.001921648351648352,-0.05977345299343126,1833
3607,22,929.42,178,2026-02-04,SMB,Canada,0,0.0019274925074925075,-0.05965954031855664,1823
3608,70,948.17,77,2020-05-30,SMB,India,0,0.0019462237762237762,-0.059294435591394405,1790
3609,34,1499.77,92,2024-01-12,B2B,France,0,0.0024972727272727273,-0.04855354132458437,1057
3610,76,367.63,149,2026-01-08,B2B,USA,0,0.0013662637362637363,-0.07059885683442178,3621
3611,66,141.95,71,2020-12-14,B2C,India,1,0.001140809190809191,-0.07499335469180701,4684
3612,73,2486.23,197,2021-03-23,SMB,USA,0,0.003482747252747253,-0.029344943502906645,502
3613,57,217.65,56,2022-10-13,SMB,Canada,0,0.0012164335664335666,-0.07351930520667735,4319
3614,49,1318.04,151,2023-12-25,B2B,France,0,0.002315724275724276,-0.05209223370150132,1245
3615,32,1006.64,33,2021-11-12,Enterprise,France,0,0.0020046353646353647,-0.0581558930102117,1683
3616,78,513.51,193,2020-06-30,Enterprise,Canada,0,0.0015119980019980019,-0.06775824469583903,3003
3617,29,347.88,94,2026-04-25,B2B,Japan,0,0.0013465334665334666,-0.07098343381369934,3710
3618,34,862.67,152,2024-06-24,B2C,Japan,0,0.0018608091908091909,-0.060959313147254196,1954
3619,27,2470.89,87,2023-09-20,Enterprise,Japan,0,0.003467422577422577,-0.029643647850355642,508
3620,43,179.99,21,2024-10-29,SMB,Canada,1,0.0011788111888111888,-0.07425263022134027,4522
3621,61,648.65,77,2021-03-09,SMB,UAE,0,0.0016470029970029971,-0.0651267645449748,2548
3622,45,4144.03,114,2020-02-13,B2B,Canada,0,0.005138891108891108,0.002936156053869429,187
3623,45,1487.23,98,2021-02-07,B2C,Australia,0,0.002484745254745255,-0.04879772336611047,1071
3624,40,204.34,169,2022-11-25,Enterprise,France,0,0.001203136863136863,-0.07377848088233224,4400
3625,37,294.13,85,2022-06-28,Enterprise,Germany,1,0.001292837162837163,-0.07203006736489774,3949
3626,34,1777.91,121,2025-09-22,Enterprise,UK,0,0.002775134865134865,-0.0431375291212295,839
3627,69,184.96,22,2025-10-25,B2C,Singapore,0,0.0011837762237762238,-0.07415585312832713,4502
3628,61,494.32,111,2026-04-04,Enterprise,Singapore,0,0.0014928271728271727,-0.068131917213932,3076
3629,25,343.74,46,2026-06-14,SMB,Germany,0,0.0013423976023976025,-0.07106404893745676,3728
3630,76,605.07,157,2022-06-24,B2C,UK,0,0.0016034665334665335,-0.0659753652921604,2674
3631,67,1635.76,53,2024-12-30,B2B,Germany,0,0.0026331268731268733,-0.045905509759422126,950
3632,32,585.62,23,2024-03-12,B2C,USA,0,0.001584035964035964,-0.06635410059580336,2730
3633,58,420.7,22,2024-05-21,Enterprise,Canada,0,0.0014192807192807194,-0.0695654644146618,3407
3634,40,802.45,98,2025-03-11,SMB,UAE,0,0.0018006493506493508,-0.062131932169638714,2125
3635,70,675.8,136,2025-08-11,Enterprise,France,0,0.0016741258741258742,-0.0645980929000439,2471
3636,31,281.71,88,2021-09-09,B2B,India,0,0.0012804295704295704,-0.07227191273617001,3994
3637,57,442.85,44,2023-11-13,B2C,India,0,0.0014414085914085913,-0.06913415403030748,3300
3638,63,128.09,137,2020-04-10,SMB,Singapore,0,0.001126963036963037,-0.07526324010612533,4760
3639,44,384.33,122,2025-05-31,SMB,Canada,0,0.0013829470529470528,-0.07027367022409596,3547
3640,60,2638.05,31,2021-03-04,B2B,Singapore,0,0.0036344155844155847,-0.026388666186758888,459
3641,30,1239.4,11,2023-04-25,Enterprise,Canada,0,0.0022371628371628373,-0.053623531607850015,1344
3642,56,485.87,49,2024-08-30,B2C,USA,1,0.0014843856143856142,-0.06829645774430645,3107
3643,60,1605.15,95,2020-12-17,Enterprise,UK,0,0.002602547452547453,-0.046501555396672035,977
3644,42,2696.23,52,2021-04-20,B2B,Germany,1,0.0036925374625374624,-0.025255770558689623,437
3645,43,666.22,182,2021-08-03,B2C,Singapore,1,0.0016645554445554446,-0.06478463707530864,2505
3646,61,302.5,67,2023-11-27,B2B,Germany,1,0.0013011988011988013,-0.07186708461469252,3908
3647,28,466.51,25,2023-07-01,B2B,Canada,0,0.001465044955044955,-0.06867344054525903,3183
3648,55,1116.45,77,2023-11-06,Enterprise,Singapore,0,0.0021143356643356643,-0.056017645005428496,1502
3649,26,1835.41,80,2025-02-08,B2B,Singapore,0,0.0028325774225774225,-0.04201787462459865,800
3650,60,702.91,44,2022-04-27,B2C,USA,0,0.001701208791208791,-0.06407020014519758,2397
3651,50,532.66,150,2025-11-04,SMB,India,0,0.001531128871128871,-0.06738535106783067,2931
3652,68,1753.35,141,2025-06-01,B2C,India,0,0.0027505994005994007,-0.04361576763318174,856
3653,33,250.47,118,2023-11-27,B2C,UAE,1,0.0012492207792207792,-0.07288022589225258,4149
3654,66,677.07,19,2025-05-04,B2B,India,0,0.0016753946053946055,-0.06457336313985743,2465
3655,37,2055.14,186,2021-02-03,Enterprise,Japan,1,0.003052087912087912,-0.03773923666729958,663
3656,24,740.48,189,2024-11-29,B2C,USA,0,0.0017387412587412587,-0.06333862763322504,2272
3657,50,565.03,149,2025-01-27,SMB,UAE,1,0.0015634665334665334,-0.06675503426685778,2800
3658,30,185.03,154,2023-07-30,B2C,USA,0,0.0011838461538461538,-0.07415449007067906,4501
3659,64,426.7,41,2020-10-02,B2B,UAE,0,0.0014252747252747253,-0.06944863090196988,3378
3660,52,765.74,170,2023-05-14,B2B,Japan,0,0.001763976023976024,-0.06284675854479208,2213
3661,21,1705.02,179,2020-07-02,B2B,UAE,0,0.0027023176823176825,-0.044556861577915115,896
3662,48,175.34,189,2021-04-16,B2B,Australia,0,0.001174165834165834,-0.0743431761936765,4533
3663,47,343.33,125,2020-04-02,Enterprise,Canada,1,0.0013419880119880118,-0.07107203256082405,3730
3664,20,478.84,118,2023-11-06,B2C,Germany,0,0.0014773626373626374,-0.06843334767667714,3132
3665,58,900.04,7,2021-03-23,B2C,Germany,0,0.001898141858141858,-0.06023163508570472,1876
3666,44,300.13,90,2021-11-04,B2C,UK,0,0.001298831168831169,-0.07191323385220583,3922
3667,49,393.74,185,2022-09-26,B2C,France,0,0.0013923476523476524,-0.0700904363316908,3514
3668,64,2982.33,186,2025-10-14,B2C,Japan,0,0.003978351648351648,-0.01968475922849682,362
3669,55,787.55,24,2021-12-15,SMB,Singapore,0,0.0017857642357642356,-0.06242206872615698,2162
3670,75,459.88,17,2026-03-10,B2B,UAE,0,0.0014584215784215785,-0.06880254157678359,3224
3671,23,1157.53,186,2021-10-17,Enterprise,UK,0,0.002155374625374625,-0.05521772488853119,1438
3672,74,154.46,64,2023-09-17,B2C,Germany,0,0.0011533066933066933,-0.07474975681784436,4628
3673,79,446.41,14,2026-04-12,B2C,UK,0,0.001444965034965035,-0.06906483281277695,3285
3674,25,325.79,132,2024-10-12,SMB,Japan,0,0.0013244655344655345,-0.07141357586292674,3809
3675,71,344.48,20,2025-03-07,Enterprise,India,1,0.0013431368631368632,-0.07104963947089142,3726
3676,41,291.91,161,2022-08-07,SMB,France,0,0.0012906193806193806,-0.07207329576459376,3957
3677,32,561.48,49,2024-07-17,B2B,Japan,1,0.00155992007992008,-0.06682416076186717,2810
3678,42,547.24,146,2022-01-25,Enterprise,UAE,0,0.0015456943056943056,-0.0671014456319893,2876
3679,44,404.06,28,2022-02-02,SMB,India,1,0.0014026573426573427,-0.06988948268986071,3472
3680,61,120.87,82,2024-11-05,B2B,France,0,0.0011197502497502496,-0.07540382976639794,4786
3681,30,303.6,53,2024-06-08,SMB,France,1,0.0013022977022977022,-0.07184566513736568,3904
3682,37,366.78,12,2020-04-29,SMB,Germany,0,0.0013654145854145854,-0.0706154082487198,3623
3683,22,167.08,113,2022-03-19,Enterprise,France,0,0.0011659140859140858,-0.07450401699614904,4577
3684,55,2624.56,84,2025-01-15,SMB,India,0,0.0036209390609390608,-0.026651346867794547,463
3685,24,140.49,197,2024-10-25,Enterprise,USA,0,0.0011393506493506493,-0.07502178417989537,4692
3686,75,3291.38,106,2024-05-11,B2C,France,1,0.004287092907092907,-0.013666859712257434,299
3687,22,110.42,186,2020-01-19,SMB,USA,0,0.0011093106893106893,-0.07560731480100302,4817
3688,45,190.28,36,2022-05-29,B2C,Singapore,0,0.001189090909090909,-0.07405226074707363,4478
3689,54,472.55,191,2022-04-22,B2B,UK,0,0.001471078921078921,-0.0685558281424825,3162
3690,46,1875.33,64,2023-02-14,SMB,UAE,1,0.0028724575424575426,-0.041240542320155116,774
3691,59,307.11,11,2020-09-13,B2C,USA,0,0.001305804195804196,-0.0717773175324409,3890
3692,54,7060.73,115,2026-06-22,B2B,France,1,0.008052677322677322,0.05973087379862078,59
3693,76,183.53,169,2021-02-20,B2B,Singapore,0,0.0011823476523476523,-0.07418369844885203,4506
3694,24,983.49,32,2026-01-08,Enterprise,Australia,1,0.0019815084915084913,-0.05860667564668133,1732
3695,63,835.67,129,2022-02-04,B2C,France,0,0.001833836163836164,-0.06148506395436781,2024
3696,43,254.47,150,2024-02-07,B2B,Singapore,0,0.0012532167832167832,-0.0728023368837913,4131
3697,64,176.31,150,2023-08-28,B2C,India,0,0.001175134865134865,-0.07432428810912464,4529
3698,75,705.62,182,2022-03-18,SMB,Canada,0,0.001703916083916084,-0.06401743034196507,2384
3699,36,754.34,175,2025-02-17,Enterprise,Australia,0,0.0017525874125874127,-0.06306874221890672,2240
3700,27,163.43,69,2021-04-11,B2B,France,1,0.0011622677322677324,-0.07457509071636996,4592
3701,73,1177.85,31,2022-12-10,Enterprise,Germany,1,0.0021756743256743255,-0.05482204872554791,1414
3702,59,1143.69,80,2025-06-27,B2C,France,0,0.0021415484515484515,-0.05548722085780721,1459
3703,37,1465.3,30,2025-12-01,B2C,Canada,0,0.002462837162837163,-0.049224749854999424,1087
3704,63,249.47,90,2023-07-07,B2B,France,0,0.0012482217782217783,-0.0728996981443679,4154
3705,48,6914.23,137,2024-05-10,Enterprise,Canada,0,0.007906323676323676,0.056878188863726524,66
3706,53,447.3,182,2024-05-26,B2C,France,1,0.0014458541458541457,-0.06904750250839431,3281
3707,63,552.09,83,2021-04-12,SMB,Japan,1,0.0015505394605394606,-0.06700700520923002,2854
3708,23,232.57,69,2023-11-26,SMB,India,0,0.0012313386613386614,-0.07322877920511679,4250
3709,32,669.95,123,2023-12-12,B2C,Australia,1,0.0016682817182817184,-0.06471200557491849,2490
3710,41,229.53,10,2025-02-18,B2C,Australia,0,0.0012283016983016984,-0.07328797485154735,4268
3711,47,757.82,97,2021-12-07,B2B,Australia,0,0.0017560639360639362,-0.06300097878154541,2231
3712,26,86.16,136,2023-05-03,SMB,UAE,1,0.0010850749250749252,-0.07607971163732066,4887
3713,18,1235.61,184,2020-12-13,SMB,Japan,0,0.002233376623376623,-0.05369733144336707,1350
3714,67,131.23,26,2021-07-02,B2C,Germany,0,0.0011300999000999,-0.07520209723448323,4747
3715,64,1022.53,32,2023-07-06,B2C,Australia,0,0.0020205094905094904,-0.057846478924099276,1643
3716,32,348.93,125,2021-04-27,B2C,India,0,0.0013475824175824176,-0.07096298794897826,3706
3717,75,1390.01,12,2022-09-04,B2C,Singapore,0,0.0023876223776223776,-0.0506908157167618,1172
3718,23,711.47,166,2023-06-04,Enterprise,USA,1,0.0017097602397602397,-0.06390351766709046,2368
3719,32,757.93,32,2021-04-24,Enterprise,Japan,1,0.001756173826173826,-0.06299883683381273,2229
3720,76,2587.54,96,2022-01-19,B2B,Australia,0,0.003583956043956044,-0.027372209641103665,474
3721,24,338.48,154,2024-03-09,B2C,France,0,0.001337142857142857,-0.07116647298358333,3758
3722,63,207.69,130,2021-08-02,Enterprise,UAE,0,0.0012064835164835165,-0.07371324883774592,4374
3723,44,1387.05,167,2025-09-23,B2C,Canada,0,0.0023846653346653347,-0.05074845358302315,1175
3724,200,532.96,99,2024-05-10,SMB,Australia,0,0.0015314285714285714,-0.06737950939219607,2930
3725,49,1593.73,5,2024-09-09,B2C,UAE,1,0.002591138861138861,-0.04672392851582898,983
3726,38,256.12,60,2021-07-18,SMB,UK,0,0.0012548651348651347,-0.07277020766780103,4122
3727,61,200.23,151,2026-06-12,B2C,France,0,0.001199030969030969,-0.07385851183852621,4425
3728,54,918.19,116,2024-04-20,B2B,India,0,0.0019162737262737263,-0.059878213709811674,1846
3729,71,264.71,188,2024-09-28,SMB,Canada,0,0.0012634465534465534,-0.07260294102213043,4077
3730,55,247.61,40,2022-01-30,B2C,France,0,0.0012463636363636366,-0.07293591653330239,4166
3731,53,1119.0,109,2025-06-16,B2C,Singapore,0,0.002116883116883117,-0.05596799076253444,1500
3732,31,369.96,57,2026-01-10,B2C,USA,0,0.0013685914085914087,-0.0705534864869931,3609
3733,59,944.16,59,2021-12-10,B2C,Germany,0,0.001942217782217782,-0.059372519322376846,1796
3734,56,95.87,28,2026-03-22,SMB,France,0,0.0010947752247752246,-0.07589063606928093,4864
3735,77,168.57,133,2021-11-14,B2C,France,0,0.0011674025974025973,-0.07447500334049721,4571
3736,58,775.35,128,2025-06-28,Enterprise,USA,0,0.0017735764235764235,-0.06265963020196387,2195
3737,65,420.54,2,2023-03-29,B2C,USA,0,0.001419120879120879,-0.06956857997500025,3408
3738,31,429.27,41,2021-07-28,Enterprise,Singapore,0,0.0014278421578421579,-0.06939858721403351,3365
3739,19,180.84,66,2022-02-05,Enterprise,Canada,0,0.0011796603396603395,-0.07423607880704225,4513
3740,41,739.1,33,2023-07-12,B2C,France,0,0.0017373626373626372,-0.06336549934114419,2276
3741,27,3703.31,197,2025-01-21,SMB,Australia,0,0.004698611388611388,-0.005645654898394021,235
3742,59,767.78,122,2020-08-07,B2B,India,0,0.001766013986013986,-0.06280703515047682,2205
3743,23,574.72,38,2024-01-10,B2B,India,0,0.0015731468531468532,-0.06656634814386035,2764
3744,20,1091.31,29,2020-02-09,Enterprise,France,0,0.002089220779220779,-0.05650717742360763,1533
3745,79,124.9,105,2025-06-07,Enterprise,India,0,0.0011237762237762238,-0.0753253565903732,4774
3746,51,1401.6,108,2021-07-13,B2C,UK,0,0.002399200799200799,-0.050465132314745254,1160
3747,43,5046.66,50,2022-03-10,B2C,India,0,0.00604061938061938,0.020512394980719953,129
3748,79,270.75,68,2024-04-21,B2B,France,0,0.0012694805194805195,-0.0724853286193539,4042
3749,27,1150.59,71,2026-04-19,B2B,Germany,1,0.0021484415584415587,-0.055352862318211515,1450
3750,55,438.41,186,2025-09-01,B2B,Singapore,0,0.0014369730269730271,-0.0692206108296995,3315
3751,71,1605.16,130,2025-07-20,Enterprise,India,0,0.002602557442557442,-0.04650136067415088,976
3752,38,973.83,135,2024-08-02,Enterprise,Singapore,0,0.001971858141858142,-0.05879477760211532,1743
3753,69,237.98,110,2025-07-07,B2B,UK,0,0.0012367432567432569,-0.07312343432117291,4220
3754,42,2493.2,191,2024-08-29,SMB,India,0,0.0034897102897102896,-0.029209221905662875,497
3755,19,944.73,175,2024-12-23,B2C,Germany,0,0.0019427872127872128,-0.05936142013867111,1795
3756,53,329.76,29,2025-06-24,B2B,Singapore,0,0.0013284315684315685,-0.07133627102202893,3790
3757,18,240.11,189,2021-11-16,SMB,India,0,0.001238871128871129,-0.07308195842416729,4209
3758,61,209.77,103,2020-12-04,SMB,USA,1,0.0012085614385614386,-0.07367274655334606,4368
3759,59,679.36,85,2026-05-04,SMB,Australia,1,0.0016776823176823177,-0.06452877168251335,2460
3760,77,783.79,110,2020-05-06,B2B,USA,0,0.001782007992007992,-0.06249528439411057,2174
3761,53,106.45,159,2022-06-22,Enterprise,USA,0,0.0011053446553446554,-0.07568461964190085,4835
3762,61,634.61,91,2023-04-11,SMB,UAE,0,0.0016329770229770231,-0.06540015496467388,2583
3763,41,324.89,33,2020-05-13,B2C,UAE,0,0.0013235664335664334,-0.07143110088983053,3811
3764,27,316.15,167,2023-01-30,B2C,France,0,0.001314835164835165,-0.07160128837331842,3851
3765,68,495.61,14,2022-07-09,SMB,Germany,0,0.0014941158841158843,-0.06810679800870324,3073
3766,52,1856.24,34,2026-01-11,B2B,UK,1,0.002853386613386613,-0.04161226761303655,789
3767,77,5774.16,159,2023-03-28,Enterprise,USA,0,0.006767392607392607,0.03467845839461463,97
3768,39,270.13,176,2021-11-19,B2B,UAE,0,0.001268861138861139,-0.07249740141566541,4046
3769,63,639.77,198,2025-02-16,Enterprise,USA,1,0.0016381318681318682,-0.06529967814375884,2568
3770,64,335.7,26,2026-05-05,B2B,UAE,0,0.0013343656343656344,-0.07122060584446394,3767
3771,51,1152.29,180,2025-07-21,B2C,India,0,0.00215013986013986,-0.05531975948961547,1446
3772,49,393.07,116,2026-03-01,SMB,Singapore,1,0.0013916783216783217,-0.07010348274060807,3517
3773,33,1244.41,32,2025-09-23,Enterprise,Japan,0,0.002242167832167832,-0.05352597562475226,1340
3774,47,500.56,5,2021-04-08,B2C,Australia,0,0.001499060939060939,-0.06801041036073241,3052
3775,53,291.16,180,2026-06-03,B2C,Canada,0,0.0012898701298701299,-0.07208789995368024,3961
3776,76,1312.74,126,2021-04-12,Enterprise,India,1,0.00231042957042957,-0.052195436637712506,1254
3777,78,1941.89,189,2023-01-02,SMB,UAE,0,0.0029389510489510494,-0.03994446921935947,736
3778,48,971.82,19,2026-02-02,B2B,Australia,0,0.00196985014985015,-0.05883391682886711,1747
3779,47,475.77,122,2024-02-11,B2B,India,0,0.0014742957042957043,-0.06849312749067117,3146
3780,22,1261.26,73,2026-01-29,B2C,India,0,0.0022590009990009993,-0.053197868176609146,1320
3781,41,1736.59,145,2020-06-19,Enterprise,Australia,1,0.002733856143856144,-0.043942122578634495,867
3782,63,1063.88,38,2024-12-12,B2B,Japan,0,0.002061818181818182,-0.05704130129913083,1578
3783,53,507.92,193,2026-02-15,Enterprise,France,1,0.0015064135864135866,-0.06786709458516366,3026
3784,44,282.15,149,2022-06-14,Enterprise,Japan,1,0.0012808691308691309,-0.07226334494523927,3989
3785,31,466.97,14,2024-10-07,B2B,UK,0,0.0014655044955044956,-0.06866448330928598,3180
3786,54,804.03,53,2021-02-23,Enterprise,France,0,0.0018022277722277722,-0.062101166011296505,2116
3787,30,1115.77,14,2022-10-10,Enterprise,UK,0,0.0021136563436563436,-0.05603088613686692,1503
3788,37,932.23,191,2023-05-04,Enterprise,India,0,0.0019302997002997003,-0.059604823290112595,1818
3789,45,347.92,104,2020-05-12,B2C,UAE,0,0.0013465734265734268,-0.07098265492361473,3709
3790,68,1383.27,25,2025-01-16,Enterprise,UAE,0,0.002380889110889111,-0.05082205869601905,1178
3791,23,1088.16,116,2022-12-12,SMB,UK,0,0.002086073926073926,-0.056568515017770875,1541
3792,26,1598.42,18,2023-11-28,Enterprise,Canada,0,0.002595824175824176,-0.046632603653408135,980
3793,39,1549.65,77,2020-12-22,B2B,UAE,0,0.002547102897102897,-0.047582265389072245,1016
3794,40,1547.68,184,2024-12-03,Enterprise,Australia,0,0.0025451348651348653,-0.047620625725739434,1019
3795,78,1661.18,137,2021-04-25,B2C,UK,0,0.002658521478521479,-0.04541052511065071,930
3796,25,593.31,128,2022-08-28,Enterprise,Germany,0,0.0015917182817182817,-0.06620435897703657,2711
3797,18,29283.21,23,2022-05-09,SMB,Canada,0,0.03025295704295704,0.49245260698625815,18
3798,24,546.32,13,2023-12-07,B2B,Canada,0,0.0015447752247752249,-0.0671193601039354,2882
3799,73,1724.83,167,2024-10-19,B2B,UK,0,0.002722107892107892,-0.04417111626351065,874
3800,78,3642.94,142,2021-11-10,SMB,Australia,0,0.004638301698301699,-0.0068211947585958355,245
3801,78,831.59,61,2021-07-24,Enterprise,Singapore,0,0.0018297602397602398,-0.06156451074299831,2038
3802,78,741.77,91,2022-04-26,Enterprise,UAE,0,0.0017400299700299701,-0.06331350842799628,2267
3803,29,1765.76,86,2022-04-27,B2B,Japan,0,0.0027629970029970034,-0.04337411698443063,844
3804,56,86.8,169,2020-08-31,Enterprise,India,0,0.0010857142857142858,-0.07606724939596686,4885
3805,34,635.88,149,2026-05-24,SMB,Germany,0,0.0016342457542457543,-0.06537542520448743,2579
3806,67,1000.87,62,2023-12-07,SMB,UAE,0,0.0019988711288711288,-0.058268247904917095,1694
3807,33,1859.83,122,2025-12-20,SMB,India,0,0.0028569730269730267,-0.04154236222794256,786
3808,21,345.38,171,2023-02-25,B2C,Singapore,0,0.001344035964035964,-0.07103211444398763,3718
3809,54,1502.38,153,2026-01-15,B2C,Germany,0,0.00249988011988012,-0.04850271874656339,1054
3810,26,646.38,29,2021-11-20,B2C,France,0,0.0016447352647352648,-0.06517096655727657,2552
3811,26,5933.81,150,2023-08-18,SMB,USA,0,0.006926883116883117,0.03778720344482534,92
3812,44,1650.13,77,2023-04-13,B2B,UAE,0,0.0026474825174825174,-0.04562569349652498,937
3813,29,9136.99,92,2023-03-31,Enterprise,Canada,0,0.010126863136863137,0.10016033197557332,40
3814,51,458.91,13,2026-06-03,SMB,Singapore,0,0.0014574525474525476,-0.06882142966133546,3228
3815,40,258.97,86,2022-12-31,B2C,Canada,0,0.0012577122877122878,-0.07271471174927237,4105
3816,52,347.5,174,2025-10-08,SMB,UAE,0,0.001346153846153846,-0.07099083326950316,3713
3817,57,168.13,91,2021-01-25,SMB,Canada,0,0.001166963036963037,-0.07448357113142795,4573
3818,26,382.24,94,2021-07-09,Enterprise,Canada,0,0.0013808591408591409,-0.07031436723101697,3559
3819,0,1401.71,186,2024-08-12,SMB,UAE,1,0.0023993106893106892,-0.050462990367012565,1159
3820,30,340.44,156,2020-08-30,SMB,Canada,0,0.0013391008991008992,-0.07112830736943732,3744
3821,69,735.32,111,2023-02-09,SMB,USA,1,0.0017335864135864137,-0.06343910445414008,2286
3822,67,581.45,169,2021-06-03,SMB,UAE,0,0.00157987012987013,-0.06643529988712424,2741
3823,63,202.85,169,2021-06-27,SMB,UAE,1,0.0012016483516483515,-0.07380749453798408,4410
3824,75,7021.65,148,2022-10-19,Enterprise,Canada,0,0.008013636363636363,0.058969898185954106,61
3825,74,500000.0,99,2021-08-22,SMB,Japan,0,0.5004995004995005,9.658368616779995,17
3826,60,1790.49,51,2023-08-12,B2B,UAE,1,0.0027877022977022977,-0.042892568189618785,825
3827,19,923.59,114,2022-10-10,B2C,UK,0,0.0019216683316683318,-0.059773063548388954,1832
3828,64,118.07,136,2024-05-27,B2B,UK,0,0.0011169530469530469,-0.07545835207232084,4795
3829,19,237.96,122,2025-06-27,SMB,France,1,0.0012367232767232768,-0.07312382376621522,4221
3830,46,778.55,178,2021-08-05,B2C,UK,1,0.0017767732267732267,-0.06259731899519484,2187
3831,62,382.06,160,2026-06-23,B2C,France,0,0.0013806793206793207,-0.07031787223639774,3560
3832,74,2339.09,111,2023-01-05,B2B,UAE,1,0.0033357542457542457,-0.0322100906791547,550
3833,39,90.61,171,2024-08-23,B2C,France,0,0.0010895204795204794,-0.07599306011540749,4875
3834,60,1862.55,61,2024-03-16,Enterprise,UAE,1,0.0028596903096903097,-0.041489397702188895,781
3835,38,434.87,103,2025-01-25,SMB,Canada,0,0.0014334365634365634,-0.06928954260218773,3330
3836,76,95.84,85,2020-11-05,B2C,Australia,0,0.0010947452547452547,-0.07589122023684437,4865
3837,64,390.46,88,2021-01-16,Enterprise,USA,0,0.0013890709290709292,-0.07015430531862905,3527
3838,23,1066.96,172,2024-07-08,Enterprise,Germany,0,0.002064895104895105,-0.05698132676261565,1571
3839,64,431.64,164,2025-10-12,B2B,Germany,1,0.0014302097902097902,-0.06935243797652021,3349
3840,74,992.47,196,2023-02-13,Enterprise,UK,0,0.0019904795204795205,-0.05843181482268578,1714
3841,45,3494.6,108,2024-02-20,B2B,USA,0,0.00449010989010989,-0.00970970863738228,264
3842,33,6139.89,11,2025-02-05,B2B,Japan,0,0.007132757242757243,0.04180004516075031,82
3843,18,330.61,8,2025-06-22,B2B,Australia,0,0.0013292807192807194,-0.0713197196077309,3785
3844,40,2042.89,4,2023-09-02,SMB,Japan,1,0.0030398501498501503,-0.037977771755712236,669
3845,25,556.96,74,2020-01-11,Enterprise,UK,0,0.0015554045954045955,-0.06691217534142842,2833
3846,69,153.74,12,2021-01-16,B2B,UAE,0,0.0011525874125874126,-0.0747637768393674,4629
3847,78,155.49,97,2025-02-20,SMB,Singapore,1,0.0011543356643356644,-0.07472970039816558,4623
3848,25,676.78,37,2024-01-07,B2C,India,0,0.0016751048951048951,-0.06457901009297087,2468
3849,59,1918.09,193,2020-09-16,B2B,France,0,0.002915174825174825,-0.04040790881970407,746
3850,18,338.51,81,2025-12-29,B2C,Singapore,0,0.0013371728271728272,-0.07116588881601989,3757
3851,28,591.07,142,2024-06-17,SMB,USA,0,0.0015894805194805197,-0.06624797682177487,2721
3852,25,824.99,98,2022-06-11,B2B,UK,0,0.0018231668331668332,-0.06169302760695942,2059
3853,64,50.03,40,2024-10-25,Enterprise,Australia,0,0.001048981018981019,-0.07678324410624714,4962
3854,68,1140.14,91,2022-05-17,B2B,France,0,0.0021380019980019984,-0.055556347352816594,1465
3855,48,1485.49,24,2025-07-19,B2B,India,1,0.002483006993006993,-0.048831605084791126,1073
3856,63,1682.68,82,2023-01-04,SMB,USA,0,0.00268,-0.044991871690171346,917
3857,53,1007.56,63,2023-08-15,B2B,India,0,0.0020055544455544454,-0.058137978538265606,1681
3858,25,704.72,16,2023-03-07,B2B,France,0,0.001703016983016983,-0.06403495536886886,2388
3859,41,798.36,51,2023-10-15,B2B,Singapore,0,0.0017965634365634366,-0.06221157368079037,2136
3860,44,1938.93,16,2026-02-19,Enterprise,France,0,0.0029359940059940064,-0.04000210708562082,738
3861,46,745.02,58,2026-06-25,B2C,USA,0,0.0017432767232767232,-0.0632502236086215,2261
3862,61,1479.77,163,2021-06-18,SMB,USA,0,0.0024772927072927073,-0.048942986366890755,1079
3863,35,668.57,196,2026-05-07,B2B,France,0,0.001666903096903097,-0.06473887728283764,2498
3864,26,2329.94,161,2025-06-10,SMB,Singapore,0,0.0033266133866133867,-0.03238826178600988,556
3865,53,525.78,74,2023-11-08,SMB,France,0,0.0015242557442557442,-0.06751932016238406,2954
3866,150,2586.73,57,2020-07-17,B2B,Canada,0,0.0035831468531468532,-0.02738798216531707,475
3867,31,175.01,68,2020-07-07,B2B,Germany,1,0.0011738361638361638,-0.07434960203687456,4539
3868,30,910.63,12,2021-02-11,B2B,Germany,0,0.0019087212787212789,-0.06002542393580349,1856
3869,57,2297.01,17,2025-02-25,B2C,France,0,0.003293716283716284,-0.03302948304816733,569
3870,69,1087.88,117,2020-03-07,SMB,India,0,0.002085794205794206,-0.05657396724836317,1542
3871,41,1072.39,69,2021-05-23,SMB,India,0,0.0020703196803196805,-0.05687559243362947,1564
3872,78,1211.39,2,2021-10-09,B2B,USA,0,0.0022091808191808194,-0.05416894938960011,1372
3873,56,757.06,13,2024-12-12,B2C,Germany,0,0.0017553046953046952,-0.06301577769315306,2233
3874,31,506.13,160,2025-02-12,Enterprise,UK,0,0.0015046253746253747,-0.06790194991645009,3034
3875,25,1139.98,101,2020-01-03,B2C,UAE,0,0.002137842157842158,-0.05555946291315504,1466
3876,29,1273.79,169,2024-10-18,B2B,India,0,0.0022715184815184815,-0.05295388085760419,1301
3877,69,324.08,148,2022-04-08,B2C,Australia,0,0.0013227572427572426,-0.07144687341404393,3814
3878,48,1349.48,187,2021-06-24,Enterprise,Australia,0,0.0023471328671328673,-0.05148002609499568,1215
3879,999,629.06,1,2023-05-21,B2C,UAE,1,0.0016274325674325674,-0.06550822596391391,2602
3880,53,279.48,175,2021-10-13,B2B,Singapore,0,0.0012782017982017981,-0.07231533585838718,4007
3881,38,2010.76,47,2023-01-27,Enterprise,India,0,0.003007752247752248,-0.03860341521617744,697
3882,21,1042.23,87,2021-01-17,B2C,Canada,0,0.00204018981018981,-0.05746287555742749,1609
3883,28,1921.92,133,2024-01-16,SMB,UK,0,0.0029190009990009993,-0.04033333009410239,742
3884,73,410.27,99,2022-10-22,SMB,UK,0,0.001408861138861139,-0.06976856000422457,3445
3885,59,2963.25,132,2020-12-03,SMB,Japan,0,0.003959290709290709,-0.020056289798857107,369
3886,54,670.61,66,2024-03-03,Enterprise,USA,0,0.001668941058941059,-0.06469915388852239,2486
3887,58,1377.27,176,2021-11-08,Enterprise,India,0,0.002374895104895105,-0.050938892208710965,1187
3888,24,314.21,54,2020-07-31,Enterprise,Germany,0,0.0013128971028971029,-0.07163906454242214,3864
3889,72,1285.1,131,2024-06-11,Enterprise,Japan,0,0.0022828171828171828,-0.05273364968617993,1286
3890,79,1299.18,22,2023-06-05,B2C,USA,0,0.0022968831168831173,-0.05245948037639624,1270
3891,29,555.48,77,2022-08-17,B2B,France,1,0.001553926073926074,-0.06694099427455909,2843
3892,22,258.69,130,2024-10-24,B2B,Japan,0,0.0012574325674325675,-0.07272016397986465,4109
3893,20,1314.22,183,2021-01-08,Enterprise,UK,0,0.0023119080919080924,-0.05216661770458184,1252
3894,49,2017.94,16,2021-01-24,SMB,UAE,0,0.003014925074925075,-0.038463604445989445,692
3895,57,217.19,140,2020-01-05,B2C,UAE,0,0.001215974025974026,-0.0735282624426504,4323
3896,69,722.13,184,2022-05-24,B2C,India,0,0.0017204095904095906,-0.06369594345954115,2333
3897,52,1200.47,178,2025-05-07,SMB,Australia,0,0.0021982717282717284,-0.054381586382699396,1389
3898,53,251.06,194,2020-11-15,Enterprise,UAE,0,0.0012498101898101898,-0.07286873726350454,4145
3899,29,3154.04,97,2021-06-27,B2B,UK,0,0.00414989010989011,-0.016341178817775366,328
3900,47,1871.37,85,2022-07-15,B2C,Japan,1,0.002868501498501498,-0.04131765243853178,777
3901,79,1373.51,78,2025-10-28,SMB,Germany,0,0.0023711388611388612,-0.05101210787666457,1193
3902,50,1009.07,139,2024-12-27,B2B,India,0,0.0020070629370629372,-0.05810857543757147,1678
3903,57,372.05,146,2020-02-08,B2C,Singapore,0,0.0013706793206793206,-0.07051278948007207,3595
3904,58,514.27,51,2020-02-03,SMB,USA,0,0.0015127572427572427,-0.06774344578423139,3000
3905,20,153.52,66,2023-11-08,B2C,Japan,0,0.0011523676323676323,-0.07476806073483278,4632
3906,43,361.24,84,2021-05-08,Enterprise,Australia,0,0.0013598801198801199,-0.07072328452543868,3647
3907,0,1064.72,185,2024-09-25,B2C,Canada,0,0.002062657342657343,-0.05702494460735397,1577
3908,69,831.03,154,2021-06-25,Enterprise,Canada,1,0.001829200799200799,-0.061575415204182894,2040
3909,58,404.28,104,2025-05-10,B2B,Australia,0,0.0014028771228771228,-0.06988519879439534,3470
3910,51,807.98,104,2020-10-17,B2B,Australia,1,0.0018061738261738263,-0.062024250615441,2103
3911,20,1264.92,94,2022-07-26,Enterprise,India,0,0.0022626573426573426,-0.05312659973386707,1317
3912,31,999999.0,6,2024-04-18,Enterprise,UAE,0,0.999999000999001,19.394475202187454,11
3913,62,3075.58,56,2020-12-31,B2C,UK,0,0.004071508491508492,-0.01786897171874331,342
3914,63,638.78,47,2021-02-23,B2B,France,0,0.0016371428571428572,-0.065318955673353,2571
3915,31,820.71,80,2021-02-26,SMB,UK,0,0.001818891108891109,-0.06177636884601299,2074
3916,34,545.81,19,2023-07-07,Enterprise,India,0,0.0015442657342657341,-0.06712929095251423,2884
3917,32,819.9,3,2024-02-14,B2B,UK,0,0.0018180819180819183,-0.06179214137022639,2075
3918,29,97.62,141,2023-05-10,SMB,Germany,0,0.0010965234765234763,-0.0758565596280791,4860
3919,56,486.81,82,2021-07-15,SMB,Singapore,0,0.0014853246753246752,-0.06827815382731806,3103
3920,58,295.9,128,2024-04-16,B2C,USA,0,0.0012946053946053947,-0.07199560147865362,3941
3921,61,904.81,41,2021-06-29,Enterprise,Australia,0,0.001902907092907093,-0.060138752443114646,1868
3922,47,606.68,119,2021-08-08,B2B,India,0,0.0016050749250749248,-0.06594401496625475,2668
3923,0,267.02,169,2020-10-07,B2B,France,1,0.0012657542457542457,-0.07255796011974405,4064
3924,66,341.36,7,2025-12-12,SMB,India,0,0.0013400199800199801,-0.07111039289749121,3738
3925,76,418.48,22,2026-04-26,B2B,Germany,0,0.001417062937062937,-0.0696086928143578,3418
3926,68,954.79,31,2020-02-04,SMB,Japan,0,0.0019528371628371628,-0.059165529282391,1776
3927,24,1195.95,125,2021-11-03,B2C,UK,0,0.0021937562437562438,-0.054469600962260625,1393
3928,65,217.58,83,2024-12-07,B2B,Germany,0,0.0012163636363636363,-0.07352066826432542,4321
3929,52,2005.07,19,2023-12-09,B2C,Australia,0,0.0030020679320679317,-0.03871421233071361,700
3930,68,1034.1,47,2022-05-22,B2C,Singapore,1,0.0020320679320679318,-0.05762118496712504,1624
3931,68,463.89,143,2021-09-12,SMB,Canada,0,0.0014624275724275722,-0.06872445784580117,3200
3932,69,416.88,112,2024-08-13,Enterprise,Germany,1,0.0014154645354645355,-0.06963984841774232,3422
3933,48,950.61,56,2024-12-17,B2B,Singapore,0,0.0019486613386613387,-0.05924692329623303,1781
3934,69,1493.19,112,2022-06-08,B2B,Canada,0,0.002490699300699301,-0.048681668743503166,1067
3935,57,3418.26,50,2020-12-21,B2B,Australia,1,0.0044138461538461545,-0.011196220363865738,280
3936,54,827.3,17,2021-02-15,SMB,USA,0,0.0018254745254745253,-0.061648046704573044,2054
3937,31,2639.16,34,2021-07-27,B2C,Canada,1,0.0036355244755244755,-0.026367051986910892,458
3938,68,2018.5,42,2021-05-19,SMB,Singapore,0,0.0030154845154845154,-0.03845269998480487,691
3939,75,1788.68,29,2024-04-21,B2C,Australia,0,0.002785894105894106,-0.04292781296594752,829
3940,77,801.71,116,2023-12-10,SMB,France,0,0.0017999100899100898,-0.06214634163620405,2128
3941,45,835.48,6,2024-10-24,B2B,Germany,0,0.0018336463536463537,-0.06148876368226972,2025
3942,70,1567.48,196,2023-07-12,SMB,USA,0,0.002564915084915085,-0.04723507513385611,1008
3943,29,503.2,24,2021-07-26,Enterprise,India,1,0.0015016983016983016,-0.06795900361514798,3045
3944,58,3709.63,148,2022-10-11,SMB,India,0,0.004704925074925075,-0.0055225902650252005,232
3945,23,1485.46,83,2023-02-08,Enterprise,Japan,0,0.002482977022977023,-0.04883218925235459,1074
3946,21,170.67,180,2020-12-11,B2C,Japan,0,0.0011695004995004995,-0.07443411161105505,4557
3947,50,370.3,88,2022-10-13,SMB,Japan,0,0.0013689310689310688,-0.07054686592127388,3607
3948,73,1447.21,101,2026-03-16,SMB,UAE,0,0.002444765234765235,-0.04957700289576554,1104
3949,22,2769.46,91,2023-03-13,B2B,Japan,0,0.003765694305694306,-0.023829817536284804,408
3950,26,2880.47,151,2020-04-19,B2B,France,0,0.0038765934065934063,-0.02166820282896323,386
3951,79,756.52,54,2023-05-20,Enterprise,India,1,0.0017547652347652347,-0.06302629270929533,2234
3952,56,818.88,75,2022-04-21,B2C,USA,0,0.0018170629370629372,-0.06181200306738402,2077
3953,35,895.68,8,2025-10-21,B2C,Germany,0,0.0018937862137862137,-0.060316534104927516,1890
3954,49,2455.16,12,2025-09-18,SMB,UAE,1,0.0034517082917082916,-0.029949946376129615,514
3955,48,265.16,45,2022-02-11,B2B,UAE,0,0.001263896103896104,-0.07259417850867854,4074
3956,77,1511.09,115,2024-05-23,SMB,Germany,0,0.002508581418581419,-0.048333115430638965,1045
3957,51,4067.44,185,2023-04-25,B2B,UAE,0,0.005062377622377623,0.0014447762643571417,195
3958,57,1617.8,193,2020-08-11,B2C,USA,1,0.0026151848151848155,-0.04625523140741326,965
3959,44,474.79,196,2022-09-07,B2C,India,0,0.0014733166833166833,-0.0685122102977442,3152
3960,54,931.34,101,2025-07-20,B2B,Germany,1,0.0019294105894105895,-0.05962215359449523,1821
3961,54,1942.15,4,2024-04-29,SMB,Japan,0,0.0029392107892107894,-0.039939406433809485,735
3962,77,351.78,107,2021-04-06,B2C,UK,0,0.0013504295704295703,-0.07090749203044959,3692
3963,71,500000.0,190,2022-09-14,Enterprise,UAE,0,0.5004995004995005,9.658368616779995,16
3964,56,42.38,77,2025-08-08,B2C,UK,0,0.0010413386613386615,-0.07693220683492934,4970
3965,61,2824.89,159,2020-10-17,Enterprise,France,1,0.003821068931068931,-0.022750470601532666,396
3966,30,1421.22,54,2025-12-03,B2B,Singapore,1,0.002418801198801199,-0.050083086728242694,1137
3967,21,1362.11,31,2020-02-19,SMB,Australia,0,0.0023597502497502494,-0.0512340915507792,1201
3968,26,438.34,160,2024-01-19,B2B,Singapore,0,0.0014369030969030969,-0.06922197388734756,3316
3969,25,173.37,168,2023-07-20,B2C,Canada,0,0.0011721978021978021,-0.07438153653034368,4548
3970,63,309.91,4,2021-06-24,SMB,Germany,0,0.0013086013986013986,-0.071722795226518,3880
3971,23,251.14,103,2024-05-03,SMB,Germany,0,0.0012498901098901098,-0.07286717948333532,4144
3972,50,2662.31,7,2026-05-17,B2B,Germany,0,0.0036586513486513484,-0.02591626935044125,449
3973,23,83.36,184,2024-09-19,B2B,Japan,0,0.0010822777222777222,-0.07613423394324356,4898
3974,65,718.92,57,2024-02-05,B2C,India,0,0.0017172027972027972,-0.06375844938883132,2343
3975,34,664.39,174,2026-02-15,Enterprise,France,0,0.0016627272727272725,-0.06482027129667968,2507
3976,54,2159.78,118,2021-12-08,B2B,Canada,1,0.003156623376623377,-0.03570166020595258,621
3977,30,201.84,177,2025-04-13,SMB,UK,0,0.0012006393606393605,-0.07382716151262055,4415
3978,39,116.22,50,2020-10-25,Enterprise,France,0,0.0011151048951048952,-0.07549437573873417,4803
3979,67,13752.36,113,2020-03-09,B2B,Japan,0,0.014737622377622378,0.19003198022105386,24
3980,36,1009.1,124,2020-10-03,B2B,UAE,0,0.002007092907092907,-0.058107991270008014,1677
3981,45,205.56,177,2020-02-26,B2B,Japan,0,0.0012043556443556442,-0.07375472473475156,4391
3982,72,1250.35,80,2022-12-09,Enterprise,Australia,1,0.002248101898101898,-0.053410310447187276,1337
3983,70,144.51,171,2022-06-02,B2B,Canada,0,0.0011433666333666333,-0.0749435057263918,4678
3984,75,754.69,65,2020-06-12,B2C,Canada,1,0.001752937062937063,-0.06306192693066635,2238
3985,60,4073.45,134,2020-09-04,B2B,UAE,0,0.005068381618381618,0.0015618044995702053,192
3986,42,198.28,86,2024-06-18,SMB,Japan,0,0.0011970829170829171,-0.07389648273015108,4441
3987,61,1031.67,30,2025-09-06,B2B,India,0,0.0020296403596403597,-0.05766850253976526,1628
3988,25,491.64,72,2023-03-19,SMB,Singapore,0,0.0014901498501498501,-0.06818410284960107,3088
3989,62,236.43,195,2025-08-14,Enterprise,USA,0,0.0012351948051948052,-0.07315361631195166,4233
3990,75,224.23,182,2024-08-28,B2B,Japan,0,0.001223006993006993,-0.07339117778775855,4290
3991,49,550.5,25,2024-09-30,B2B,Germany,0,0.001548951048951049,-0.06703796609009337,2860
3992,64,1365.11,170,2024-07-05,Enterprise,France,0,0.0023627472527472525,-0.051175674794433246,1199
3993,74,537.04,124,2020-12-03,B2C,USA,0,0.0015355044955044955,-0.06730006260356557,2916
3994,28,227.38,72,2026-01-06,Enterprise,France,1,0.0012261538461538462,-0.0733298401935953,4276
3995,55,623.72,127,2026-01-11,Enterprise,Canada,0,0.001622097902097902,-0.06561220779020971,2616
3996,35,79.21,189,2021-09-17,SMB,France,0,0.0010781318681318682,-0.07621504378952214,4906
3997,65,137.22,166,2023-02-10,B2B,Singapore,0,0.0011360839160839162,-0.07508545844431247,4717
3998,44,1889.6,36,2020-12-08,B2B,UAE,0,0.0028867132867132867,-0.04096267328246951,768
3999,55,242.1,41,2023-06-23,SMB,Canada,0,0.0012408591408591407,-0.07304320864245781,4199
4000,54,1963.3,47,2020-11-19,SMB,Japan,0,0.0029603396603396603,-0.03952756830157049,719
4001,63,7028.4,31,2025-09-25,B2B,Singapore,0,0.00802037962037962,0.05910133588773251,60
4002,59,806.58,2,2022-04-12,B2C,UAE,0,0.0018047752247752247,-0.06205151176840245,2108
4003,53,840.31,68,2021-09-28,B2C,Canada,0,0.0018384715284715284,-0.06139471270455273,2010
4004,58,1387.88,162,2026-01-06,SMB,Singapore,0,0.002385494505494506,-0.050732291613767425,1174
4005,51,712.44,8,2023-08-31,B2B,Japan,0,0.0017107292707292708,-0.06388462958253859,2363
4006,32,2038.5,56,2024-05-19,B2C,USA,0,0.0030354645354645354,-0.03806325494249849,673
4007,78,1095.27,96,2020-09-27,B2C,UK,0,0.002093176823176823,-0.056430067305230966,1527
4008,30,831.58,11,2023-06-24,B2B,Germany,0,0.0018297502497502498,-0.06156470546551947,2039
4009,44,545.94,70,2024-11-26,Enterprise,France,0,0.0015443956043956044,-0.06712675955973924,2883
4010,36,5020.0,74,2022-09-04,Enterprise,UAE,0,0.006013986013986014,0.019993264739325545,133
4011,53,155.93,196,2020-08-25,B2C,Australia,0,0.001154775224775225,-0.07472113260723486,4621
4012,30,4595.12,67,2022-09-28,Enterprise,France,0,0.00558953046953047,0.011719894260568745,149
4013,24,1021.23,140,2020-12-19,Enterprise,India,0,0.002019210789210789,-0.057871792851849194,1644
4014,78,381.68,189,2024-11-14,B2C,UK,0,0.0013802997002997004,-0.07032527169220155,3562
4015,62,284.49,1,2021-04-20,B2B,India,0,0.0012832067932067933,-0.07221777987528942,3979
4016,18,555.96,92,2025-01-31,B2B,France,0,0.0015544055944055944,-0.06693164759354372,2840
4017,58,1820.04,11,2020-08-13,B2C,Australia,0,0.0028172227772227773,-0.042317163139611105,807
4018,38,1447.53,30,2023-06-20,B2C,Germany,0,0.0024450849150849147,-0.04957077177508864,1103
4019,33,597.88,104,2021-12-20,SMB,USA,0,0.0015962837162837164,-0.06611537078486955,2698
4020,66,256.3,130,2021-05-04,Enterprise,Canada,0,0.001255044955044955,-0.07276670266242026,4119
4021,46,136.43,134,2020-02-21,B2C,Japan,0,0.0011352947052947053,-0.07510084152348358,4723
4022,41,594.85,152,2021-07-16,Enterprise,UK,0,0.0015932567432567432,-0.06617437170877898,2704
4023,36,769.55,36,2020-02-16,B2C,France,0,0.0017677822177822177,-0.06277256926423272,2203
4024,44,2747.59,130,2021-11-02,Enterprise,Japan,0,0.003743846153846154,-0.02425567569004683,417
4025,65,98.92,195,2025-07-26,B2B,India,1,0.0010978221778221778,-0.07583124570032919,4854
4026,64,1755.4,154,2023-11-21,B2B,France,1,0.0027526473526473527,-0.043575849516345334,855
4027,18,1397.5,157,2025-11-12,B2C,Australia,0,0.002395104895104895,-0.05054496854841806,1164
4028,44,355.92,116,2025-10-19,Enterprise,India,0,0.0013545654345654347,-0.07082687690669218,3674
4029,31,134.45,128,2022-11-27,B2C,Australia,0,0.0011333166833166833,-0.07513939658267191,4732
4030,28,814.95,50,2021-11-14,Enterprise,Germany,1,0.0018131368631368631,-0.06188852901819722,2083
4031,40,3181.07,7,2024-03-03,B2C,UK,0,0.0041768931068931064,-0.015814843843098288,322
4032,64,83.7,60,2021-06-03,B2C,Singapore,0,0.0010826173826173826,-0.07612761337752436,4895
4033,77,4715.75,68,2023-01-05,SMB,Australia,0,0.00571003996003996,0.014068832033239696,146
4034,37,4321.12,79,2021-04-28,SMB,UK,0,0.005315804195804195,0.0063844971809713,173
4035,70,817.87,151,2020-04-30,SMB,USA,0,0.0018160539460539459,-0.061831670042020496,2078
4036,43,191.19,108,2023-10-04,SMB,USA,0,0.00119,-0.0740345409976487,4473
4037,35,1529.29,150,2024-10-24,SMB,Japan,0,0.0025267632367632366,-0.047978720442140146,1032
4038,53,98.07,127,2023-01-19,SMB,Germany,0,0.001096973026973027,-0.07584779711462722,4857
4039,47,210.73,71,2025-11-15,Enterprise,UK,0,0.0012095204795204795,-0.07365405319131536,4364
4040,70,1352.87,50,2020-09-18,SMB,France,1,0.0023505194805194802,-0.051414015160324754,1212
4041,21,862.4,102,2022-12-13,B2B,Japan,0,0.0018605394605394605,-0.06096457065532533,1956
4042,36,258.83,89,2026-06-19,B2C,Canada,1,0.0012575724275724275,-0.07271743786456851,4107
4043,78,1436.48,48,2020-11-11,B2B,Singapore,0,0.002434045954045954,-0.04978594016096292,1116
4044,79,998.37,15,2025-07-25,SMB,Australia,0,0.001996373626373626,-0.05831692853520539,1697
4045,22,397.01,134,2025-02-07,Enterprise,UAE,0,0.0013956143856143856,-0.07002676206727372,3499
4046,19,469.4,59,2025-09-23,B2C,Canada,0,0.001467932067932068,-0.06861716573664575,3174
4047,27,539.32,80,2024-01-15,SMB,Japan,0,0.001537782217782218,-0.06725566586874264,2909
4048,75,46.42,154,2020-08-15,B2C,Singapore,0,0.0010453746253746255,-0.07685353893638344,4966
4049,66,1610.93,167,2025-08-08,B2C,France,0,0.0026083216783216786,-0.0463890057794455,973
4050,60,1210.64,72,2026-05-10,B2B,USA,0,0.0022084315684315686,-0.054183553578686594,1375
4051,72,422.88,155,2021-11-14,Enterprise,Germany,0,0.0014214585414585416,-0.0695230149050504,3398
4052,60,703.02,115,2024-02-15,B2C,USA,0,0.0017013186813186812,-0.0640680581974649,2396
4053,28,489.29,126,2021-10-06,Enterprise,Singapore,1,0.0014878021978021977,-0.06822986264207206,3094
4054,68,2190.09,193,2022-11-10,B2B,UK,1,0.003186903096903097,-0.03511145624433725,613
4055,39,328.35,171,2021-02-25,SMB,France,0,0.001327022977022977,-0.07136372689751153,3797
4056,60,1294.27,169,2026-06-08,B2B,USA,0,0.002291978021978022,-0.05255508913428245,1275
4057,25,432.8,189,2021-04-17,Enterprise,UAE,0,0.0014313686313686313,-0.06932985016406644,3340
4058,79,1234.43,32,2022-07-24,SMB,UAE,0,0.0022321978021978025,-0.053720308700863154,1351
4059,20,430.06,3,2025-09-15,Enterprise,Singapore,1,0.0014286313686313686,-0.06938320413486242,3358
4060,58,512.28,189,2020-01-11,B2C,Singapore,0,0.0015107692307692307,-0.06778219556594087,3012
4061,70,213.67,145,2020-06-29,B2C,Singapore,0,0.0012124575424575425,-0.07359680477009632,4342
4062,57,994.99,137,2020-02-20,Enterprise,Germany,0,0.001992997002997003,-0.058382744747355164,1704
4063,75,435.76,185,2022-09-28,B2C,France,1,0.0014343256743256743,-0.0692722122978051,3325
4064,35,1359.14,114,2020-07-07,B2B,UK,1,0.002356783216783217,-0.051291924139561705,1205
4065,67,2590.48,48,2025-04-16,Enterprise,Canada,0,0.003586893106893107,-0.027314961219884623,472
4066,39,777.4,7,2024-01-30,SMB,India,0,0.0017756243756243757,-0.06261971208512745,2190
4067,28,173.65,32,2024-04-17,Enterprise,India,0,0.0011724775224775225,-0.0743760842997514,4546
4068,19,328.41,93,2021-09-06,SMB,UAE,1,0.0013270829170829172,-0.0713625585623846,3796
4069,39,1808.74,58,2022-01-03,Enterprise,Japan,1,0.002805934065934066,-0.04253719958851421,817
4070,58,1037.31,111,2020-05-24,Enterprise,Germany,0,0.0020352747252747254,-0.05755867903783486,1619
4071,68,279.37,133,2026-03-14,Enterprise,Australia,0,0.001278091908091908,-0.07231747780611986,4009
4072,32,2835.14,98,2024-09-13,B2C,Germany,1,0.003831308691308691,-0.022550880017350644,393
4073,25,1832.23,39,2022-07-08,Enterprise,Singapore,0,0.0028294005994005996,-0.04207979638632536,803
4074,36,1777.3,143,2023-08-11,SMB,UK,0,0.002774525474525475,-0.043149407195019855,841
4075,26,488.13,114,2022-10-13,Enterprise,UK,0,0.0014866433566433567,-0.06825245045452583,3097
4076,22,7460.67,70,2024-08-31,B2C,India,0,0.008452217782217782,0.06751860630962153,54
4077,25,635.03,108,2023-08-03,B2B,Canada,0,0.0016333966033966034,-0.06539197661878544,2582
4078,50,1239.8,32,2023-01-16,B2C,USA,0,0.002237562437562438,-0.053615742707003894,1343
4079,66,801.21,181,2020-11-15,B2C,Singapore,0,0.0017994105894105895,-0.06215607776226171,2130
4080,32,82.86,187,2026-05-30,SMB,India,1,0.0010817782217782217,-0.07614397006930122,4899
4081,32,413.65,131,2024-03-07,Enterprise,Australia,0,0.0014122377622377623,-0.06970274379207479,3433
4082,58,1016.54,153,2021-05-04,B2B,Japan,0,0.0020145254745254746,-0.05796311771427004,1661
4083,24,1818.61,57,2025-08-18,B2B,Japan,0,0.0028157942057942054,-0.04234500846013601,809
4084,38,91.51,51,2020-08-03,B2B,Canada,0,0.0010904195804195805,-0.0759755350885037,4873
4085,63,481.28,17,2022-01-04,B2C,Singapore,0,0.0014798001998001997,-0.06838583538151576,3126
4086,43,2025.64,175,2022-07-03,SMB,France,0,0.003022617382617383,-0.038313668104701486,683
4087,18,236.48,126,2025-10-13,B2B,USA,0,0.0012352447552447553,-0.07315264269934589,4232
4088,68,763.79,11,2020-07-07,B2C,India,0,0.001762027972027972,-0.06288472943641696,2218
4089,43,607.03,163,2024-06-30,B2C,UK,0,0.0016054245754245754,-0.06593719967801438,2666
4090,43,584.37,134,2020-10-09,SMB,UAE,0,0.0015827872127872128,-0.06637844091094752,2734
4091,79,236.59,153,2025-03-20,B2C,France,0,0.0012353546453546453,-0.07315050075161321,4231
4092,45,1295.4,145,2023-03-02,Enterprise,USA,0,0.002293106893106893,-0.05253308548939214,1272
4093,26,402.65,183,2023-06-26,B2C,France,0,0.0014012487512487513,-0.06991693856534331,3475
4094,43,493.62,106,2023-09-02,SMB,Singapore,0,0.001492127872127872,-0.06814554779041274,3078
4095,68,2535.2,158,2020-12-19,B2C,Japan,0,0.0035316683316683316,-0.02839138731681947,487
4096,30,444.02,10,2026-03-15,B2C,UK,0,0.0014425774225774225,-0.06911137149533256,3294
4097,22,1488.4,156,2025-02-13,B2C,France,0,0.002485914085914086,-0.048774940831135545,1070
4098,63,228.83,195,2020-02-02,B2B,UAE,0,0.0012276023976023976,-0.07330160542802809,4270
4099,35,2683.84,183,2024-02-20,Enterprise,UAE,0,0.0036801598401598403,-0.025497031762398426,442
4100,70,317.16,80,2022-04-01,B2B,India,0,0.001315844155844156,-0.07158162139868195,3847
4101,40,314.74,128,2023-04-09,B2C,Germany,0,0.0013134265734265735,-0.07162874424880102,3861
4102,45,561.6,154,2026-04-28,B2C,Germany,0,0.00156003996003996,-0.06682182409161333,2809
4103,54,593.75,81,2023-05-29,B2C,Australia,0,0.0015921578421578422,-0.06619579118610582,2707
4104,22,6694.82,41,2022-09-20,SMB,Japan,0,0.0076871328671328665,0.05260578202710435,68
4105,78,373.74,61,2025-03-15,Enterprise,Singapore,0,0.0013723676323676324,-0.07047988137399719,3585
4106,44,637.13,121,2024-02-17,B2B,UAE,0,0.0016354945054945056,-0.06535108488934327,2575
4107,37,528.36,185,2025-07-13,Enterprise,UK,0,0.0015268331668331669,-0.06746908175192654,2947
4108,53,615.69,45,2022-03-11,B2C,UK,0,0.001614075924075924,-0.06576856997469571,2644
4109,54,3444.18,28,2026-02-16,SMB,France,0,0.00443974025974026,-0.010691499589036674,271
4110,51,694.97,148,2022-10-01,Enterprise,Canada,1,0.0016932767232767233,-0.06422480982699322,2420
4111,31,281.84,38,2021-09-08,SMB,Canada,0,0.0012805594405594404,-0.07226938134339501,3993
4112,64,184.08,94,2020-01-27,Enterprise,Singapore,1,0.0011828971028971028,-0.07417298871018861,4504
4113,23,4804.06,141,2024-08-06,B2C,Japan,0,0.005798261738261739,0.01578842661754354,140
4114,44,821.39,141,2020-04-07,B2B,Singapore,0,0.0018195704295704295,-0.061763127714574574,2072
4115,19,1316.16,32,2022-08-12,SMB,Australia,0,0.0023138461538461537,-0.05212884153547811,1250
4116,26,1055.16,91,2026-01-27,Enterprise,UAE,0,0.002053106893106893,-0.057211099337576406,1594
4117,28,463.21,151,2023-11-19,B2C,Japan,1,0.0014617482517482517,-0.06873769897723958,3204
4118,71,514.61,55,2020-02-09,B2C,India,0,0.0015130969030969033,-0.06773682521851218,2999
4119,22,448.48,165,2023-10-04,B2B,USA,0,0.001447032967032967,-0.06902452525089824,3277
4120,28,298.8,96,2020-01-06,Enterprise,UAE,0,0.0012975024975024974,-0.0719391319475192,3926
4121,20,559.82,144,2024-03-21,B2B,Germany,0,0.0015582617382617384,-0.0668564847003786,2815
4122,43,581.3,11,2023-06-13,Enterprise,Canada,0,0.0015797202797202797,-0.06643822072494154,2742
4123,31,66.11,84,2021-03-01,B2C,Singapore,1,0.001065044955044955,-0.07647013029223282,4936
4124,26,1110.17,11,2022-04-20,SMB,Germany,1,0.002108061938061938,-0.05613993074871271,1510
4125,73,326.36,113,2025-12-10,Enterprise,Japan,1,0.0013250349650349652,-0.071402476679221,3806
4126,36,2983.68,153,2022-09-02,B2B,Germany,0,0.003979700299700299,-0.019658471688141138,360
4127,34,2419.68,109,2024-09-15,B2C,France,0,0.0034162637362637363,-0.030640821881181137,523
4128,66,832.11,36,2025-07-08,B2B,Australia,0,0.0018302797202797204,-0.061554385171898346,2037
4129,75,50.26,173,2020-09-02,SMB,Singapore,0,0.0010492107892107892,-0.07677876548826063,4961
4130,63,2067.33,52,2021-08-06,B2B,Germany,1,0.003064265734265734,-0.03750186991401384,661
4131,41,790.64,163,2023-02-20,SMB,Canada,1,0.0017888511488511488,-0.06236189946712064,2156
4132,31,227.99,25,2021-01-16,SMB,France,0,0.0012267632367632367,-0.07331796211980494,4274
4133,27,2015.64,130,2020-06-28,B2C,Germany,0,0.003012627372627373,-0.03850839062585468,693
4134,72,40.86,178,2022-08-06,B2C,Australia,0,0.0010398201798201797,-0.07696180465814462,4972
4135,78,498.25,27,2025-10-29,SMB,UK,0,0.0014967532467532467,-0.0680553912631188,3060
4136,24,3422.88,178,2024-08-18,B2C,France,0,0.004418461538461539,-0.011106258559092965,277
4137,30,1346.08,36,2024-03-05,SMB,France,0,0.0023437362637362636,-0.05154623175218777,1219
4138,52,815.56,147,2025-02-20,B2C,Singapore,0,0.0018137462537462536,-0.061876650944406884,2082
4139,78,642.86,106,2020-12-13,SMB,Japan,0,0.0016412187812187813,-0.06523950888472249,2559
4140,48,708.76,26,2021-01-26,SMB,Singapore,0,0.001707052947052947,-0.06395628747032298,2372
4141,55,3746.6,161,2025-09-01,B2C,France,1,0.004741858141858142,-0.004802701104321855,224
4142,59,58.26,132,2021-06-30,Enterprise,Canada,1,0.0010572027972027972,-0.07662298747133807,4953
4143,54,1123.29,194,2024-06-03,B2C,USA,0,0.0021211688311688313,-0.05588445480095972,1493
4144,70,626.43,158,2020-11-02,B2C,India,0,0.0016248051948051945,-0.06555943798697719,2609
4145,46,788.39,66,2026-05-14,B2B,UAE,0,0.0017866033966033965,-0.062405712034380105,2159
4146,23,104.36,184,2020-09-12,B2C,USA,0,0.0011032567432567432,-0.07572531664882186,4843
4147,25,912.6,10,2024-11-16,SMB,Japan,0,0.0019106893106893106,-0.05998706359913632,1853
4148,42,267.3,168,2021-06-19,Enterprise,France,0,0.0012660339660339659,-0.07255250788915175,4062
4149,22,1879.57,72,2022-08-27,B2C,Singapore,0,0.002876693306693306,-0.04115797997118616,773
4150,27,370.86,57,2023-04-09,SMB,Germany,1,0.0013694905094905096,-0.07053596146008931,3604
4151,40,96.6,49,2022-12-05,B2C,USA,0,0.0010955044955044955,-0.07587642132523674,4862
4152,18,155.18,194,2023-07-14,SMB,UAE,0,0.0011540259740259742,-0.07473573679632134,4625
4153,30,306.2,93,2024-05-28,SMB,USA,0,0.001304895104895105,-0.07179503728186584,3892
4154,54,1868.97,19,2023-08-29,Enterprise,France,0,0.0028661038961038964,-0.04136438584360855,778
4155,43,429.17,149,2023-07-26,B2B,Japan,0,0.0014277422577422577,-0.06940053443924504,3366
4156,36,1344.07,56,2025-01-28,Enterprise,UK,0,0.0023417282717282713,-0.05158537097893956,1221
4157,43,232.37,189,2023-01-18,Enterprise,Japan,0,0.001231138861138861,-0.07323267365553986,4252
4158,77,1620.43,152,2022-08-14,B2B,Germany,0,0.0026178121878121883,-0.04620401938434997,961
4159,65,1458.0,143,2020-11-01,SMB,Japan,0,0.0024555444555444555,-0.04936689729544125,1097
4160,67,1147.21,6,2022-04-10,SMB,Japan,0,0.002145064935064935,-0.05541867853036129,1451
4161,68,462.78,43,2021-07-11,SMB,Singapore,1,0.0014613186813186812,-0.06874607204564917,3207
4162,59,464.51,77,2021-03-22,B2C,Germany,0,0.001463046953046953,-0.06871238504948968,3196
4163,74,326.86,197,2021-09-28,B2C,UK,0,0.0013255344655344658,-0.07139274055316334,3804
4164,74,1127.16,44,2021-03-08,B2C,France,0,0.0021250349650349647,-0.05580909718527343,1485
4165,19,784.59,109,2021-11-04,Enterprise,Germany,0,0.001782807192807193,-0.06247970659241831,2170
4166,58,1975.23,128,2025-01-15,SMB,Australia,0,0.002972257742257742,-0.03929526433383473,712
4167,36,130.0,80,2025-03-23,SMB,UAE,0,0.0011288711288711289,-0.07522604810458508,4754
4168,29,719.53,20,2023-07-10,B2C,UK,0,0.0017178121878121879,-0.06374657131504098,2340
4169,61,1435.34,3,2024-07-23,Enterprise,France,1,0.0024329070929070933,-0.04980813852837439,1117
4170,52,664.38,133,2021-05-09,Enterprise,Japan,1,0.001662717282717283,-0.06482046601920083,2508
4171,49,347.26,103,2026-01-04,B2B,Australia,0,0.0013459140859140859,-0.07099550661001085,3714
4172,70,737.28,169,2024-01-07,Enterprise,Germany,0,0.0017355444555444556,-0.06340093883999406,2279
4173,30,1399.31,159,2022-04-30,B2B,UK,0,0.002396913086913087,-0.05050972377208933,1163
4174,53,1173.58,94,2025-01-25,Enterprise,Singapore,1,0.0021714085914085915,-0.054905195242080325,1418
4175,18,1507.63,78,2023-06-16,B2B,UAE,0,0.0025051248751248754,-0.04840048942295796,1049
4176,50,392.57,175,2025-03-12,Enterprise,Canada,0,0.0013911788211788212,-0.07011321886666573,3521
4177,70,625.78,93,2022-12-21,B2B,Canada,1,0.0016241558441558441,-0.06557209495085214,2613
4178,21,2713.44,197,2021-05-06,B2B,Canada,0,0.00370973026973027,-0.02492065309978498,430
4179,73,107.41,4,2021-01-05,Enterprise,Singapore,1,0.0011063036963036964,-0.07566592627987014,4830
4180,19,7315.44,96,2021-10-07,B2B,UAE,0,0.008307132867132866,0.06469065113491372,55
4181,25,180.97,155,2023-05-31,Enterprise,UAE,0,0.0011797902097902097,-0.07423354741426726,4512
4182,33,517.25,97,2020-06-14,B2B,Japan,0,0.0015157342657342657,-0.06768541847292774,2989
4183,39,279.68,199,2022-05-30,B2B,Germany,0,0.0012784015984015984,-0.07231144140796411,4006
4184,27,899.66,114,2023-09-04,B2C,Germany,0,0.0018977622377622375,-0.06023903454150854,1878
4185,26,840.83,122,2021-08-30,SMB,Australia,0,0.001838991008991009,-0.06138458713345277,2008
4186,200,1155.73,71,2021-01-08,B2C,Canada,0,0.0021535764235764234,-0.05525277494233877,1441
4187,71,786.27,38,2022-10-13,SMB,Japan,0,0.0017844855144855145,-0.06244699320886458,2164
4188,24,409.81,87,2023-12-28,Enterprise,Germany,0,0.0014084015984015983,-0.06977751724019762,3446
4189,57,846.51,84,2024-06-11,SMB,USA,0,0.0018446653346653346,-0.06127398474143776,1994
4190,78,1516.23,151,2025-10-04,SMB,Canada,0,0.0025137162837162836,-0.04823302805476622,1040
4191,34,438.52,48,2020-07-19,B2B,Canada,1,0.001437082917082917,-0.06921846888196681,3314
4192,47,642.42,36,2023-05-09,SMB,Singapore,0,0.0016407792207792208,-0.06524807667565324,2561
4193,28,660.68,46,2022-12-01,Enterprise,UAE,0,0.0016590209790209789,-0.06489251335202752,2516
4194,60,1009.82,4,2021-12-13,Enterprise,Japan,0,0.002007812187812188,-0.058093971248484984,1676
4195,72,631.76,63,2020-05-07,B2C,Australia,0,0.0016301298701298702,-0.06545565088320254,2595
4196,32,1716.71,162,2024-07-14,SMB,Canada,0,0.002713996003996004,-0.04432923095068703,886
4197,24,244.85,82,2025-01-26,Enterprise,Japan,0,0.0012436063936063935,-0.07298965994914067,4181
4198,78,522.32,157,2026-03-27,Enterprise,UAE,0,0.001520799200799201,-0.06758669415470306,2969
4199,20,432.49,54,2026-03-03,B2C,Australia,0,0.001431058941058941,-0.06933588656222218,3343
4200,40,1722.01,190,2022-10-20,B2C,USA,0,0.0027192907092907096,-0.044226028014475845,879
4201,44,838.03,114,2021-01-22,B2C,USA,1,0.0018361938061938062,-0.06143910943937566,2020
4202,47,661.18,19,2025-03-07,B2B,Germany,0,0.0016595204795204794,-0.06488277722596986,2515
4203,65,2146.67,119,2021-02-21,B2B,Canada,0,0.0031435264735264735,-0.035956941431184414,628
4204,78,1704.13,157,2021-07-26,B2B,Germany,0,0.0027014285714285716,-0.04457419188229775,900
4205,33,252.38,61,2021-05-12,B2C,UAE,0,0.0012511288711288713,-0.07284303389071231,4138
4206,31,278.08,123,2020-02-18,Enterprise,Australia,0,0.0012768031968031968,-0.07234259701134861,4014
4207,69,1422.44,87,2020-09-09,B2C,UK,0,0.00242001998001998,-0.050059330580662,1135
4208,39,134.44,27,2022-06-29,B2C,India,0,0.0011333066933066935,-0.07513959130519306,4733
4209,67,793.43,18,2021-06-19,Enterprise,Japan,0,0.0017916383616383615,-0.062307571883718896,2144
4210,37,1008.58,92,2022-03-22,B2C,India,0,0.0020065734265734265,-0.05811811684110798,1679
4211,27,1650.9,9,2024-06-28,B2C,UAE,0,0.0026482517482517482,-0.04561069986239619,936
4212,75,170.24,89,2024-03-04,B2C,UK,1,0.001169070929070929,-0.07444248467946463,4563
4213,46,534.2,104,2020-12-10,B2C,Singapore,1,0.0015326673326673326,-0.06735536379957308,2924
4214,21,225.09,91,2022-11-26,B2B,Australia,0,0.0012238661338661338,-0.07337443165093938,4285
4215,48,491.68,17,2020-11-03,Enterprise,Australia,0,0.0014901898101898103,-0.06818332395951646,3087
4216,31,1061.86,128,2020-03-30,SMB,Japan,0,0.0020598001998001995,-0.057080635248403774,1581
4217,22,500000.0,69,2020-09-21,B2C,Germany,1,0.5004995004995005,9.658368616779995,13
4218,55,741.1,197,2022-03-20,B2B,Australia,0,0.0017393606393606392,-0.06332655483691355,2270
4219,21,533.55,29,2024-12-21,B2B,UK,0,0.001532017982017982,-0.06736802076344804,2927
4220,28,157.1,34,2021-06-11,Enterprise,Australia,0,0.001155944055944056,-0.07469835007225993,4611
4221,71,522.28,40,2021-01-11,Enterprise,France,0,0.0015207592407592407,-0.06758747304478768,2971
4222,42,1288.47,158,2023-09-20,B2C,India,1,0.0022861838161838165,-0.05266802819655131,1283
4223,29,1597.1,28,2021-05-16,B2B,Japan,0,0.0025945054945054943,-0.04665830702620036,981
4224,69,5214.65,44,2020-06-23,B2C,Germany,1,0.006208441558441558,0.02378353861357241,115
4225,48,612.68,32,2025-03-03,Enterprise,France,0,0.001611068931068931,-0.06582718145356284,2649
4226,28,207.5,37,2020-07-26,SMB,UAE,0,0.0012062937062937062,-0.07371694856564784,4377
4227,56,435.43,49,2021-11-19,B2B,Japan,1,0.0014339960039960041,-0.06927863814100316,3326
4228,49,299.1,62,2026-06-08,B2B,UAE,1,0.0012978021978021976,-0.07193329027188461,3924
4229,28,562.41,160,2024-11-09,SMB,Singapore,0,0.0015608491508491507,-0.06680605156739992,2806
4230,24,525.16,188,2024-06-05,SMB,Canada,0,0.0015236363636363635,-0.06753139295869556,2959
4231,73,2735.68,165,2025-07-25,SMB,Germany,0,0.003731948051948052,-0.024487590212740287,422
4232,19,155.26,8,2020-04-30,Enterprise,Singapore,0,0.001154105894105894,-0.07473417901615212,4624
4233,18,873.28,89,2024-04-16,Enterprise,Canada,0,0.0018714085914085913,-0.060752712552310656,1931
4234,42,234.95,44,2024-10-13,B2B,UK,0,0.0012337162837162837,-0.07318243524508233,4242
4235,26,1087.57,119,2021-12-08,Enterprise,India,0,0.002085484515484515,-0.05658000364651892,1543
4236,63,1432.08,98,2023-12-20,SMB,UK,1,0.0024296503496503497,-0.049871618070270324,1123
4237,69,1851.75,19,2022-05-29,Enterprise,Singapore,1,0.0028489010989010987,-0.041699698025034336,790
4238,53,248.75,127,2022-02-05,B2C,USA,0,0.0012475024975024975,-0.07291371816589093,4160
4239,46,1516.69,121,2023-01-31,B2C,Japan,0,0.0025141758241758244,-0.048224070818793166,1039
4240,27,342.01,24,2023-02-20,B2B,USA,0,0.0013406693306693307,-0.07109773593361626,3735
4241,44,1016.31,107,2024-12-31,B2C,Singapore,0,0.0020142957042957044,-0.057967596332256566,1665
4242,36,330.14,95,2021-08-31,Enterprise,Australia,0,0.0013288111888111887,-0.07132887156622511,3786
4243,36,719.92,22,2020-05-21,SMB,India,0,0.0017182017982017982,-0.063738977136716,2339
4244,70,847.24,67,2022-10-03,B2C,France,1,0.0018453946053946053,-0.06125976999739357,1990
4245,70,3151.66,193,2023-04-23,Enterprise,USA,0,0.004147512487512488,-0.01638752277780983,329
4246,37,105.67,74,2025-08-05,SMB,Germany,0,0.0011045654345654347,-0.07569980799855079,4840
4247,46,3268.43,198,2024-08-14,B2B,Japan,0,0.004264165834165835,-0.014113747898304012,302
4248,70,329.25,42,2026-03-05,SMB,Australia,0,0.001327922077922078,-0.07134620187060774,3791
4249,20,322.09,118,2025-05-16,B2C,USA,0,0.0013207692307692306,-0.07148562319575341,3823
4250,39,284.15,175,2020-09-06,SMB,India,0,0.001282867132867133,-0.07222440044100863,3981
4251,73,5467.06,61,2020-12-25,B2B,UAE,0,0.006460599400599401,0.02869852977000013,107
4252,39,728.85,71,2023-02-19,SMB,India,0,0.0017271228771228771,-0.06356508992532621,2307
4253,46,447.26,73,2024-04-17,Enterprise,USA,0,0.0014458141858141858,-0.06904828139847893,3282
4254,40,319.18,161,2021-07-16,B2C,USA,0,0.0013178621378621379,-0.071542287449409,3838
4255,57,584.12,184,2024-09-13,B2B,Canada,0,0.0015825374625374625,-0.06638330897397635,2735
4256,72,108.94,77,2022-03-27,B2C,UK,0,0.0011078321678321679,-0.07563613373413369,4823
4257,43,602.21,178,2025-11-23,Enterprise,Australia,0,0.0016006093906093906,-0.06603105593321022,2686
4258,64,1015.88,39,2022-10-17,B2C,France,1,0.002013866133866134,-0.05797596940066615,1666
4259,70,497.79,169,2026-02-04,B2C,India,0,0.0014962937062937063,-0.06806434849909185,3063
4260,39,1894.8,113,2020-03-20,SMB,Canada,0,0.002891908091908092,-0.040861417571469855,760
4261,55,355.09,120,2024-04-15,B2C,UK,0,0.0013537362637362636,-0.07084303887594788,3678
4262,26,507.18,43,2024-01-10,Enterprise,Singapore,0,0.0015056743256743256,-0.067881504051729,3029
4263,38,239.74,123,2025-05-18,Enterprise,UK,0,0.0012385014985014985,-0.07308916315744995,4213
4264,53,1833.93,50,2026-02-08,Enterprise,Germany,1,0.0028310989010989014,-0.042046693557729324,802
4265,67,257.68,159,2025-06-08,B2B,France,0,0.0012564235764235764,-0.07273983095450114,4113
4266,78,2742.56,123,2023-11-10,B2B,Germany,0,0.0037388211788211786,-0.02435362111818689,420
4267,65,334.3,26,2026-05-05,Enterprise,Germany,1,0.001332967032967033,-0.07124786699742537,3772
4268,53,1304.96,189,2025-08-19,B2C,Japan,0,0.0023026573426573427,-0.05234693075916969,1264
4269,49,327.33,177,2023-08-10,SMB,Singapore,0,0.001326003996003996,-0.07138358859466915,3802
4270,49,211.01,81,2024-05-09,SMB,France,0,0.0012098001998001998,-0.07364860096072308,4363
4271,79,783.17,2,2023-01-12,B2B,Japan,0,0.0017813886113886115,-0.06250735719042207,2177
4272,51,174.71,90,2022-01-06,SMB,UAE,0,0.0011735364635364635,-0.07435544371250916,4542
4273,78,6583.47,110,2020-04-16,Enterprise,Singapore,0,0.0075758941058941065,0.050437546754063575,71
4274,40,850.25,6,2023-07-30,B2B,Japan,0,0.0018484015984015984,-0.06120115851852646,1982
4275,43,658.24,147,2022-06-16,B2C,UAE,0,0.0016565834165834165,-0.06494002564718888,2525
4276,71,59.1,148,2020-04-30,B2C,Japan,0,0.0010580419580419578,-0.0766066307795612,4952
4277,33,855.08,73,2023-02-24,SMB,France,0,0.0018532267732267731,-0.06110710754080947,1971
4278,55,1430.03,194,2020-08-27,B2B,Australia,1,0.0024276023976023972,-0.049911536187106725,1124
4279,66,363.7,158,2025-04-16,B2B,Australia,0,0.0013623376623376623,-0.070675382785235,3637
4280,20,598.76,161,2025-12-08,B2B,UAE,1,0.0015971628371628372,-0.06609823520300807,2697
4281,62,942.93,154,2024-01-04,B2B,UK,0,0.0019409890109890109,-0.059396470192478686,1797
4282,19,3161.74,62,2022-08-11,SMB,France,0,0.004157582417582417,-0.016191242476487414,327
4283,53,203.41,48,2021-10-15,B2B,Germany,1,0.0012022077922077923,-0.0737965900767995,4404
4284,26,2087.72,121,2021-02-14,Enterprise,India,0,0.0030846353646353645,-0.03710483069338248,654
4285,76,1395.5,100,2022-10-12,B2B,France,0,0.002393106893106893,-0.0505839130526487,1168
4286,45,173.44,143,2022-09-14,B2B,USA,0,0.0011722677322677324,-0.07438017347269561,4547
4287,41,103.52,98,2022-12-27,B2B,Australia,0,0.0011024175824175823,-0.07574167334059873,4847
4288,66,255.95,107,2025-12-25,B2C,USA,0,0.0012546953046953047,-0.07277351795066063,4124
4289,62,429.98,143,2020-08-17,B2C,UK,0,0.0014285514485514485,-0.06938476191503164,3361
4290,45,172.9,58,2022-06-17,B2B,India,1,0.0011717282717282717,-0.07439068848883788,4549
4291,24,944.89,183,2026-06-16,Enterprise,Japan,0,0.0019429470529470528,-0.05935830457833266,1794
4292,43,216.2,192,2024-05-09,B2C,Singapore,0,0.001214985014985015,-0.07354753997224457,4326
4293,63,1112.33,167,2023-12-24,SMB,Singapore,0,0.0021102197802197803,-0.05609787068414362,1508
4294,18,464.51,42,2021-12-12,B2B,France,1,0.001463046953046953,-0.06871238504948968,3195
4295,58,514.96,3,2021-12-22,Enterprise,Japan,0,0.0015134465534465534,-0.06773000993027181,2997
4296,62,2037.47,75,2022-08-26,Enterprise,Singapore,0,0.0030344355644355645,-0.03808331136217726,674
4297,58,1958.78,159,2023-07-26,SMB,USA,1,0.0029558241758241757,-0.039615582881131726,723
4298,52,1346.44,135,2024-01-09,SMB,USA,0,0.002344095904095904,-0.05153922174142625,1217
4299,35,195.75,150,2020-04-25,Enterprise,Japan,1,0.0011945554445554445,-0.07394574752800284,4455
4300,73,212.59,42,2023-12-11,B2C,Canada,0,0.0012113786213786212,-0.07361783480238086,4353
4301,39,368.01,188,2026-05-14,B2C,Singapore,0,0.0013666433566433566,-0.07059145737861797,3620
4302,30,4338.8,104,2026-04-27,Enterprise,Singapore,0,0.005333466533466533,0.0067287665983701474,172
4303,33,185.95,14,2021-08-05,B2C,Canada,0,0.0011847652347652348,-0.07413657559873298,4495
4304,64,1221.27,181,2026-04-25,B2B,UAE,1,0.002219050949050949,-0.05397656353870075,1360
4305,68,162.48,71,2022-02-10,SMB,Japan,1,0.0011613186813186813,-0.07459358935587951,4599
4306,46,1216.12,157,2025-07-09,SMB,Australia,1,0.0022139060939060937,-0.054076845637094646,1367
4307,38,296.64,115,2026-01-29,B2C,India,1,0.0012953446553446552,-0.0719811920120883,3938
4308,59,1079.74,113,2023-06-19,B2C,UK,0,0.0020776623376623374,-0.056732471380581864,1552
4309,26,263.33,119,2021-12-20,B2B,USA,1,0.001262067932067932,-0.07262981273004958,4084
4310,46,342.28,147,2025-07-01,B2B,UAE,0,0.0013409390609390608,-0.07109247842554513,3732
4311,29,573.2,71,2020-06-04,Enterprise,India,1,0.0015716283716283716,-0.06659594596707563,2768
4312,25,315.74,150,2021-01-04,B2C,Canada,0,0.0013144255744255745,-0.0716092719966857,3854
4313,27,224.07,155,2020-08-18,B2C,UK,0,0.0012228471528471527,-0.073394293348097,4291
4314,51,403.69,44,2022-08-10,B2C,USA,0,0.0014022877122877124,-0.06989668742314338,3473
4315,64,814.68,122,2022-06-15,SMB,Germany,0,0.0018128671328671328,-0.06189378652626837,2084
4316,37,34.65,161,2020-03-22,B2B,UAE,0,0.0010336163836163837,-0.07708272734378076,4980
4317,33,807.02,14,2025-11-26,SMB,Singapore,0,0.0018052147852147852,-0.06204294397747171,2106
4318,59,118.32,18,2025-05-11,B2C,Japan,1,0.0011172027972027971,-0.075453484009292,4794
4319,62,912.32,178,2020-01-03,Enterprise,Japan,0,0.0019104095904095906,-0.0599925158297286,1854
4320,28,6071.49,107,2023-09-20,B2B,UK,0,0.007064425574425574,0.04046814311606247,85
4321,74,544.25,199,2022-04-05,B2C,USA,0,0.0015427072927072928,-0.06715966766581412,2890
4322,65,805.83,170,2021-06-18,SMB,Germany,1,0.001804025974025974,-0.06206611595748894,2112
4323,31,210.19,33,2023-10-27,B2B,Canada,0,0.001208981018981019,-0.07366456820745763,4365
4324,48,527.39,11,2021-12-27,B2B,UK,0,0.0015258641358641357,-0.06748796983647841,2951
4325,57,128.4,65,2023-08-18,B2C,Canada,0,0.0011272727272727274,-0.07525720370796958,4759
4326,68,2025.53,90,2020-08-31,Enterprise,Germany,0,0.003022507492507492,-0.038315810052434174,684
4327,51,193.94,71,2020-03-30,B2C,India,0,0.001192747252747253,-0.07398099230433157,4460
4328,21,557.77,162,2021-08-28,SMB,Germany,0,0.0015562137862137862,-0.06689640281721501,2827
4329,67,3690.14,136,2021-08-03,SMB,France,0,0.004685454545454545,-0.005902104458752775,239
4330,75,548.29,64,2021-03-30,SMB,France,0,0.0015467432567432568,-0.06708099976726824,2874
4331,65,569.9,93,2025-11-25,Enterprise,USA,0,0.0015683316683316685,-0.06666020439905618,2784
4332,24,907.8,122,2024-02-03,B2B,Canada,0,0.0019058941058941058,-0.06008053040928985,1862
4333,59,2794.51,35,2020-10-24,B2C,Singapore,0,0.003790719280719281,-0.023342037620796056,402
4334,55,475.72,116,2024-03-10,B2B,Germany,0,0.0014742457542457543,-0.06849410110327694,3147
4335,18,3410.26,46,2024-06-08,B2B,UK,1,0.004405854145854146,-0.011351998380788292,282
4336,67,986.32,147,2021-02-17,B2B,India,0,0.0019843356643356644,-0.058551569173194984,1727
4337,75,1340.09,191,2023-10-10,B2B,Germany,0,0.0023377522477522478,-0.05166287054235854,1225
4338,63,1562.99,40,2023-05-21,Enterprise,Canada,0,0.0025604295704295702,-0.04732250554585389,1010
4339,41,822.82,123,2023-08-14,SMB,UAE,1,0.0018209990009990012,-0.06173528239404966,2066
4340,59,508.26,42,2021-07-12,SMB,Singapore,0,0.0015067532467532467,-0.06786047401944446,3022
4341,45,545.66,44,2021-10-07,Enterprise,Japan,0,0.001544115884115884,-0.06713221179033152,2885
4342,41,301.85,174,2024-11-24,Enterprise,Australia,0,0.0013005494505494504,-0.07187974157856748,3912
4343,30,247.69,84,2025-06-18,B2C,Singapore,1,0.0012464435564435565,-0.07293435875313316,4164
4344,55,433.37,169,2023-07-23,Enterprise,Australia,0,0.0014319380619380619,-0.06931875098036071,3336
4345,27,482.41,143,2021-12-14,B2C,Canada,0,0.001480929070929071,-0.06836383173662545,3122
4346,43,365.53,145,2026-04-20,B2C,USA,0,0.0013641658341658341,-0.07063974856386396,3627
4347,79,240.79,52,2024-01-01,Enterprise,UAE,0,0.0012395504495504495,-0.07306871729272887,4203
4348,72,1266.38,68,2022-07-03,SMB,UAE,1,0.0022641158841158844,-0.0530981702457787,1315
4349,19,3623.4,130,2021-12-19,Enterprise,Germany,0,0.004618781218781219,-0.007201682564929171,247
4350,50,4860.15,135,2024-03-29,B2B,India,0,0.005854295704295704,0.016880625238691774,138
4351,45,1284.39,147,2023-06-10,B2B,Australia,0,0.0022821078921078926,-0.05274747498518181,1288
4352,44,140.42,182,2023-04-21,B2B,UAE,0,0.0011392807192807193,-0.07502314723754344,4694
4353,23,4157.57,76,2021-06-05,B2C,UAE,1,0.005152417582417582,0.0031998103475108495,184
4354,78,1207.37,78,2021-12-28,B2C,Australia,0,0.002205164835164835,-0.05424722784310369,1379
4355,75,1717.3,126,2020-01-08,B2B,Singapore,0,0.002714585414585415,-0.044317742321939003,885
4356,76,2609.16,5,2026-06-04,B2B,USA,0,0.0036055544455544453,-0.026951219550370466,468
4357,68,3031.71,154,2024-05-22,Enterprise,UAE,0,0.004027682317682317,-0.018723219419042356,350
4358,34,732.57,148,2026-05-13,Enterprise,France,0,0.001730839160839161,-0.06349265314745721,2298
4359,50,279.84,12,2020-05-12,Enterprise,USA,0,0.0012785614385614386,-0.07230832584762566,4003
4360,32,2367.82,71,2022-01-15,Enterprise,France,0,0.0033644555444555446,-0.031650652875881584,538
4361,63,19.75,24,2023-07-27,B2C,USA,0,0.0010187312687312687,-0.07737286390029902,4990
4362,20,261.72,1,2022-06-23,SMB,UK,1,0.0012604595404595404,-0.07266116305595524,4092
4363,27,4150.97,23,2026-05-05,Enterprise,Germany,0,0.005145824175824176,0.0030712934835497537,185
4364,46,341.41,114,2021-03-02,B2C,UAE,1,0.00134006993006993,-0.07110941928488546,3737
4365,24,3550.42,137,2025-07-25,B2C,France,0,0.004545874125874126,-0.008622767524305162,256
4366,67,319.3,140,2021-07-30,Enterprise,Germany,1,0.0013179820179820179,-0.07153995077915516,3837
4367,53,183.7,68,2023-09-18,B2B,Canada,0,0.0011825174825174825,-0.07418038816599244,4505
4368,69,857.76,104,2020-11-14,B2B,Germany,0,0.0018559040959040959,-0.06105492190514042,1966
4369,61,1520.64,4,2022-09-01,B2B,UK,0,0.0025181218781218785,-0.04814715542293766,1036
4370,39,419.66,55,2023-11-21,B2C,USA,0,0.0014182417582417582,-0.06958571555686173,3412
4371,48,984.26,59,2023-08-01,B2B,UK,0,0.001982277722277722,-0.05859168201255255,1731
4372,56,937.42,185,2021-11-18,B2C,Canada,0,0.0019354845154845157,-0.05950376230163409,1808
4373,31,907.11,189,2020-12-29,SMB,Japan,0,0.0019052047952047954,-0.060093966263249414,1864
4374,19,12388.24,134,2023-10-07,Enterprise,France,0,0.013374865134865134,0.1634694916655047,27
4375,66,357.32,44,2025-01-03,B2C,Singapore,0,0.0013559640359640359,-0.07079961575373073,3668
4376,23,987.78,189,2020-02-16,B2B,Japan,0,0.001985794205794206,-0.05852313968510661,1723
4377,36,359.72,65,2022-12-22,Enterprise,UAE,0,0.0013583616383616385,-0.07075288234865397,3656
4378,44,220.78,72,2022-05-08,B2B,Singapore,0,0.0012195604395604394,-0.0734583570575564,4303
4379,23,597.41,77,2022-10-19,SMB,UK,0,0.0015958141858141857,-0.06612452274336375,2700
4380,19,128.93,82,2020-10-04,B2B,UAE,0,0.0011278021978021978,-0.07524688341434847,4756
4381,75,1054.06,23,2023-12-06,Enterprise,Japan,0,0.002052007992007992,-0.057232518814903266,1597
4382,150,1006.83,182,2022-11-17,B2B,Singapore,0,0.0020048251748251747,-0.05815219328230979,1682
4383,72,390.83,111,2021-03-18,SMB,UAE,0,0.0013894405594405594,-0.07014710058534639,3525
4384,64,534.55,153,2020-01-06,Enterprise,Singapore,0,0.001533016983016983,-0.06734854851133272,2922
4385,77,2351.93,58,2020-07-16,SMB,France,1,0.0033485814185814184,-0.03196006696199401,545
4386,27,502.64,178,2024-04-29,Enterprise,Australia,1,0.001501138861138861,-0.06796990807633255,3049
4387,78,240.11,75,2024-11-29,B2C,Germany,1,0.001238871128871129,-0.07308195842416729,4208
4388,57,352.31,178,2024-09-14,Enterprise,USA,0,0.001350959040959041,-0.07089717173682848,3689
4389,22,1914.03,54,2021-11-12,B2B,Germany,0,0.002911118881118881,-0.040486966163292254,750
4390,31,-1000.0,15,2024-08-22,Enterprise,Japan,0,0.0,-0.0972296929948957,5000
4391,48,796.09,178,2025-07-12,B2B,India,0,0.0017942957042957044,-0.062255775693092145,2137
4392,42,850.35,181,2024-03-31,Enterprise,UK,1,0.0018485014985014983,-0.06119921129331493,1981
4393,23,539.71,161,2023-12-09,SMB,Australia,0,0.0015381718281718283,-0.06724807169041767,2907
4394,29,511.93,119,2026-02-14,B2B,Canada,0,0.0015104195804195805,-0.06778901085418124,3013
4395,20,243.53,147,2024-03-17,B2B,UAE,0,0.0012422877122877122,-0.07301536332193288,4188
4396,64,674.34,177,2021-02-19,B2B,France,0,0.0016726673326673328,-0.06462652238813225,2474
4397,67,498.73,52,2025-05-17,B2B,UK,1,0.0014972327672327672,-0.06804604458210345,3057
4398,40,147.77,189,2026-06-25,B2C,USA,0,0.0011466233766233766,-0.07488002618449585,4657
4399,18,860.05,101,2022-07-12,SMB,France,0,0.001858191808191808,-0.061010330447796336,1959
4400,32,202.99,166,2021-10-28,B2B,UK,0,0.0012017882117882118,-0.07380476842268793,4408
4401,66,31.04,88,2025-01-22,Enterprise,UK,1,0.00103000999000999,-0.07715302217391706,4984
4402,57,578.63,106,2020-10-28,B2B,Australia,0,0.0015770529470529471,-0.06649021163808945,2751
4403,150,335.85,91,2020-05-16,B2B,Germany,1,0.0013345154845154845,-0.07121768500664663,3765
4404,55,369.37,93,2023-04-22,SMB,Singapore,0,0.0013680019980019979,-0.07056497511574113,3612
4405,31,1449.97,149,2020-03-23,SMB,India,1,0.002447522477522478,-0.049523259479927265,1100
4406,36,127.38,180,2023-07-29,B2B,USA,0,0.0011262537462537463,-0.07527706540512721,4762
4407,26,-1000.0,24,2022-12-05,B2C,France,1,0.0,-0.0972296929948957,4998
4408,45,1019.98,167,2021-03-04,B2C,India,0,0.002017962037962038,-0.057896133166993345,1649
4409,50,1970.07,157,2020-10-30,Enterprise,Australia,0,0.002967102897102897,-0.039395741154749774,716
4410,70,240.28,138,2023-11-01,Enterprise,UAE,0,0.001239040959040959,-0.07307864814130767,4207
4411,50,5220.53,145,2021-11-27,Enterprise,Canada,0,0.006214315684315684,0.023898035456010488,114
4412,62,429.45,161,2024-03-17,Enterprise,France,0,0.001428021978021978,-0.06939508220865276,3363
4413,56,491.19,43,2021-10-21,B2C,France,0,0.0014897002997002998,-0.06819286536305295,3090
4414,50,890.29,133,2020-11-03,B2C,UK,0,0.0018884015984015983,-0.06042148954382908,1904
4415,21,743.27,103,2026-02-18,SMB,USA,0,0.0017415284715284714,-0.0632843000498233,2265
4416,35,1093.41,46,2021-01-16,SMB,Germany,0,0.002091318681318681,-0.05646628569416545,1532
4417,43,812.42,128,2023-10-16,Enterprise,India,0,0.0018106093906093907,-0.06193779381604898,2093
4418,42,109.21,129,2025-05-31,B2B,UAE,1,0.0011081018981018982,-0.07563087622606256,4822
4419,52,1429.53,164,2020-05-06,SMB,France,0,0.0024271028971028967,-0.04992127231316438,1126
4420,71,1168.77,62,2024-11-01,B2C,Germany,0,0.0021666033966033964,-0.05499885677475501,1423
4421,56,229.84,115,2021-11-06,B2B,USA,0,0.0012286113886113886,-0.0732819384533916,4266
4422,35,182.71,21,2024-11-13,SMB,UAE,0,0.0011815284715284715,-0.0741996656955866,4509
4423,50,985.55,149,2021-10-05,B2B,UK,0,0.0019835664335664336,-0.05856656280732379,1729
4424,35,961.23,15,2020-08-07,SMB,France,0,0.0019592707292707292,-0.05904012797876834,1767
4425,73,2047.2,50,2021-02-18,Enterprise,India,1,0.003044155844155844,-0.037893846349095206,664
4426,46,1000000.0,53,2023-09-18,Enterprise,Germany,1,1.0,19.39449467443957,2
4427,58,4382.78,123,2022-04-21,B2B,Japan,0,0.005377402597402597,0.0075851562464018755,170
4428,25,378.23,198,2022-02-17,B2C,Germany,0,0.001376853146853147,-0.0703924509619994,3571
4429,66,232.58,156,2024-08-03,B2C,Canada,0,0.0012313486513486512,-0.07322858448259564,4249
4430,19,156.2,145,2026-03-19,Enterprise,Singapore,0,0.001155044955044955,-0.07471587509916372,4617
4431,21,318.15,68,2026-01-21,Enterprise,Singapore,0,0.001316833166833167,-0.07156234386908777,3842
4432,32,1787.2,121,2022-12-22,B2C,France,0,0.0027844155844155842,-0.04295663189907818,831
4433,25,138.36,42,2023-02-27,Enterprise,UK,0,0.0011372227772227773,-0.075063260076901,4712
4434,47,160.14,106,2023-05-03,SMB,USA,0,0.001158981018981019,-0.07463915442582936,4605
4435,64,303.13,58,2022-08-30,Enterprise,Singapore,0,0.001301828171828172,-0.07185481709585986,3907
4436,74,821.09,38,2021-01-27,B2B,USA,0,0.0018192707292707293,-0.061768969390209164,2073
4437,56,1378.32,192,2020-07-22,Enterprise,UAE,1,0.0023759440559440554,-0.05091844634398988,1184
4438,41,637.09,174,2024-05-28,Enterprise,Canada,0,0.0016354545454545456,-0.0653518637794279,2576
4439,58,295.16,63,2026-05-30,B2C,USA,0,0.001293866133866134,-0.07201001094521897,3945
4440,69,1559.17,44,2026-03-01,B2C,Singapore,0,0.002556613386613387,-0.04739688954893441,1012
4441,29,446.26,40,2025-07-03,B2B,Singapore,0,0.0014448151848151848,-0.06906775365059424,3286
4442,53,39.78,11,2021-09-21,B2C,Germany,0,0.0010387412587412588,-0.07698283469042916,4974
4443,31,1399.79,152,2020-08-11,B2B,Canada,0,0.0023973926073926075,-0.05050037709107398,1162
4444,60,1350.3,93,2024-01-17,SMB,USA,0,0.002347952047952048,-0.05146405884826113,1214
4445,49,1872.8,127,2020-01-16,B2C,Australia,1,0.00286993006993007,-0.04128980711800687,776
4446,68,258.69,14,2024-10-17,B2B,Japan,0,0.0012574325674325675,-0.07272016397986465,4108
4447,72,960.96,88,2020-12-24,Enterprise,India,1,0.001959000999000999,-0.05904538548683948,1768
4448,31,2301.43,65,2023-04-21,B2B,India,1,0.0032981318681318678,-0.032943415693817625,567
4449,0,2354.79,96,2025-05-21,B2B,India,0,0.0033514385614385614,-0.03190437632094419,544
4450,60,395.17,142,2022-03-28,Enterprise,Australia,0,0.001393776223776224,-0.0700625910111659,3510
4451,37,204.63,5,2021-02-01,B2C,Canada,0,0.0012034265734265734,-0.07377283392921881,4396
4452,30,191.56,71,2020-04-15,Enterprise,Germany,1,0.0011903696303696303,-0.07402733626436603,4471
4453,63,28.7,105,2022-04-27,SMB,France,0,0.0010276723276723277,-0.07719858724386691,4986
4454,62,688.08,127,2021-11-30,B2B,France,0,0.0016863936063936063,-0.06435897364406777,2441
4455,34,156.77,184,2023-04-10,Enterprise,UAE,0,0.0011556143856143856,-0.07470477591545799,4612
4456,47,2124.14,68,2020-12-01,SMB,USA,1,0.003121018981018981,-0.036395651271342554,639
4457,65,156.62,69,2025-04-23,SMB,Japan,0,0.0011554645354645353,-0.07470769675327528,4614
4458,999,745.94,67,2021-04-18,B2C,Australia,0,0.0017441958041958042,-0.0632323091366754,2260
4459,34,102.91,49,2023-06-17,SMB,Australia,0,0.0011018081918081919,-0.07575355141438907,4848
4460,49,1405.43,93,2024-06-16,B2B,UK,0,0.002403026973026973,-0.05039055358914358,1152
4461,61,3243.87,186,2025-04-12,SMB,Australia,0,0.004239630369630369,-0.01459198641025625,308
4462,77,1794.0,38,2025-06-26,SMB,UK,0,0.002791208791208791,-0.04282422058469402,824
4463,36,1702.8,48,2022-12-21,Enterprise,Australia,0,0.0027000999000999,-0.044600089977611126,902
4464,26,1613.03,30,2021-01-08,B2C,Singapore,0,0.00261041958041958,-0.04634811405000332,969
4465,60,2108.45,102,2026-02-06,SMB,USA,0,0.003105344655344655,-0.03670117090703191,646
4466,43,433.32,115,2024-05-06,B2B,Singapore,0,0.001431888111888112,-0.06931972459296647,3337
4467,77,63.94,150,2022-01-27,B2B,India,1,0.001062877122877123,-0.07651238507932305,4942
4468,18,841.81,170,2024-02-28,B2B,UAE,0,0.00183997002997003,-0.06136550432637976,2006
4469,999,558.99,190,2024-04-11,B2C,Germany,1,0.0015574325674325674,-0.06687264666963431,2819
4470,36,1415.48,74,2024-02-22,B2C,Japan,0,0.002413066933066933,-0.05019485745538462,1143
4471,62,1951.03,152,2022-02-03,B2B,USA,0,0.0029480819180819177,-0.03976649283502545,727
4472,29,1057.49,11,2024-12-30,SMB,Canada,0,0.002055434565434565,-0.05716572899014772,1592
4473,72,65.35,113,2020-07-01,B2C,Canada,1,0.0010642857142857142,-0.07648492920384047,4939
4474,61,138.31,7,2022-12-14,SMB,Australia,0,0.001137172827172827,-0.07506423368950678,4713
4475,45,631.3,120,2024-12-06,SMB,Germany,0,0.0016296703296703296,-0.0654646081191756,2596
4476,62,1311.32,22,2025-03-19,Enterprise,France,0,0.002309010989010989,-0.05222308723571626,1258
4477,55,296.98,86,2022-12-14,Enterprise,UK,1,0.0012956843156843158,-0.07197457144636908,3936
4478,48,457.48,159,2022-07-15,B2C,UAE,0,0.0014560239760239761,-0.06884927498186036,3237
4479,77,1756.98,187,2023-01-05,SMB,UK,0,0.002754225774225774,-0.04354508335800313,853
4480,30,629.65,168,2026-04-30,SMB,Australia,0,0.0016280219780219782,-0.06549673733516587,2600
4481,70,2575.51,131,2020-09-09,B2B,USA,0,0.003571938061938062,-0.02760646083405095,477
4482,60,626.07,89,2021-09-11,SMB,UAE,0,0.0016244455544455545,-0.0655664479977387,2612
4483,69,453.58,42,2021-01-31,SMB,UAE,0,0.001452127872127872,-0.06892521676511011,3251
4484,70,175.14,92,2020-12-17,B2C,Singapore,0,0.0011739660339660338,-0.07434707064409957,4537
4485,70,211.93,17,2023-11-09,B2C,India,0,0.0012107192807192808,-0.07363068648877698,4357
4486,28,334.08,4,2026-01-26,SMB,Singapore,0,0.0013327472527472526,-0.07125215089289075,3775
4487,29,4267.42,84,2024-08-22,SMB,Germany,0,0.0052621578421578425,0.005338837242378665,176
4488,40,7473.05,136,2022-07-20,Enterprise,UAE,0,0.008464585414585413,0.06775967279080918,53
4489,75,471.98,152,2026-03-17,B2C,Japan,0,0.0014705094905094905,-0.06856692732618823,3164
4490,71,2316.94,41,2020-09-06,SMB,Singapore,0,0.003313626373626374,-0.032641401063509025,560
4491,64,1327.85,184,2024-05-04,B2B,UAE,1,0.0023255244755244755,-0.05190121090825004,1234
4492,46,394.62,113,2025-11-10,Enterprise,UK,0,0.0013932267732267732,-0.07007330074982933,3513
4493,26,248.54,90,2024-09-10,SMB,India,0,0.0012472927072927074,-0.07291780733883514,4161
4494,31,1020.61,156,2026-01-02,Enterprise,Germany,0,0.0020185914085914087,-0.05788386564816069,1648
4495,49,174.13,34,2025-04-28,SMB,UK,0,0.0011729570429570432,-0.07436673761873604,4544
4496,20,6929.74,72,2026-06-03,SMB,Australia,0,0.007921818181818181,0.057180203494035124,65
4497,24,918.51,101,2022-08-23,Enterprise,France,0,0.0019165934065934066,-0.05987198258913478,1845
4498,23,1993.95,112,2025-05-04,SMB,USA,1,0.002990959040959041,-0.03893074377423595,704
4499,52,554.76,111,2023-05-09,B2C,Canada,0,0.0015532067932067931,-0.06695501429608212,2846
4500,44,2832.19,4,2020-11-19,Enterprise,UK,0,0.0038283616383616385,-0.02260832316109083,394
4501,72,2295.19,146,2024-06-05,SMB,India,0,0.003291898101898102,-0.03306492254701721,570
4502,45,982.79,34,2020-05-22,Enterprise,France,0,0.001980809190809191,-0.05862030622316206,1733
4503,40,108.87,128,2025-08-18,B2B,Singapore,0,0.0011077622377622376,-0.07563749679178178,4824
4504,27,202.95,156,2026-05-28,SMB,Germany,1,0.001201748251748252,-0.07380554731277254,4409
4505,34,1165.03,166,2025-10-17,B2B,UK,0,0.0021628671328671324,-0.055071682997666294,1426
4506,71,2285.41,114,2026-05-29,Enterprise,France,0,0.003282127872127872,-0.03325536117270504,575
4507,79,1378.3,69,2021-08-26,B2C,India,0,0.0023759240759240762,-0.05091883578903219,1185
4508,32,1338.48,121,2021-05-07,B2B,India,1,0.002336143856143856,-0.051694220868264196,1227
4509,31,1840.0,157,2025-01-13,B2C,USA,0,0.002837162837162837,-0.04192849698738934,798
4510,28,995.58,164,2021-12-09,B2C,Singapore,0,0.0019935864135864137,-0.05837125611860713,1702
4511,72,1159.52,43,2021-11-15,B2C,Germany,0,0.0021573626373626374,-0.05517897510682171,1434
4512,46,3375.67,6,2022-05-17,B2B,Australia,0,0.004371298701298701,-0.012025543581457182,288
4513,35,656.29,52,2022-02-28,Enterprise,India,0,0.0016546353646353647,-0.06497799653881377,2528
4514,43,3333.38,120,2021-05-31,Enterprise,France,0,0.004329050949050949,-0.012849025123414029,293
4515,64,79.84,39,2020-06-23,Enterprise,UAE,0,0.0010787612387612388,-0.07620277627068948,4905
4516,68,547.35,110,2024-09-30,B2B,India,1,0.0015458041958041958,-0.06709930368425664,2875
4517,42,415.63,142,2020-11-16,B2B,India,0,0.0014142157842157842,-0.06966418873288646,3425
4518,57,1500.27,113,2024-11-18,B2C,USA,0,0.002497772227772228,-0.04854380519852671,1055
4519,60,297.82,45,2022-04-07,SMB,USA,0,0.0012965234765234764,-0.07195821475459221,3931
4520,18,326.22,90,2021-08-28,B2B,USA,0,0.001324895104895105,-0.07140520279451716,3807
4521,20,223.03,173,2022-11-22,B2B,Australia,0,0.0012218081918081917,-0.07341454449029693,4296
4522,36,1192.23,124,2023-08-02,B2B,UK,0,0.0021900399600399603,-0.05454203774012962,1397
4523,28,995.06,138,2020-10-01,SMB,France,1,0.001993066933066933,-0.05838138168970709,1703
4524,45,1404.58,135,2020-12-22,B2C,Singapore,0,0.002402177822177822,-0.0504071050034416,1153
4525,68,428.19,16,2024-05-08,Enterprise,Canada,0,0.0014267632367632368,-0.06941961724631805,3372
4526,35,948.99,14,2026-03-28,SMB,UK,0,0.001947042957042957,-0.05927846834465984,1785
4527,70,335.4,105,2024-06-15,Enterprise,Germany,0,0.0013340659340659341,-0.07122644752009852,3769
4528,63,1000000.0,125,2026-03-11,Enterprise,Canada,0,1.0,19.39449467443957,1
4529,31,2706.92,26,2023-08-28,SMB,France,0,0.003703216783216783,-0.025047612183576862,432
4530,30,584.74,170,2023-02-05,Enterprise,Singapore,0,0.0015831568431568432,-0.06637123617766484,2732
4531,36,430.98,65,2025-10-29,SMB,Germany,0,0.0014295504495504495,-0.06936528966291632,3355
4532,61,580.35,127,2025-02-19,B2C,Canada,1,0.0015787712287712286,-0.0664567193644511,2746
4533,68,946.11,51,2020-02-20,B2B,USA,0,0.0019441658341658344,-0.05933454843075196,1792
4534,49,1272.45,63,2025-11-10,B2B,USA,1,0.00227017982017982,-0.05297997367543871,1304
4535,60,628.68,130,2024-09-14,B2B,India,0,0.0016270529470529468,-0.06551562541971773,2604
4536,50,572.89,4,2021-04-05,Enterprise,India,0,0.001571318681318681,-0.06660198236523138,2771
4537,23,1704.9,90,2024-08-24,Enterprise,France,0,0.0027021978021978025,-0.04455919824816895,898
4538,47,480.12,62,2021-09-04,B2C,Japan,0,0.0014786413586413585,-0.06840842319396954,3128
4539,27,747.18,43,2021-08-30,SMB,France,1,0.0017454345654345652,-0.06320816354405241,2253
4540,47,556.45,46,2026-05-09,B2C,UK,0,0.001554895104895105,-0.06692210619000723,2837
4541,26,617.78,14,2021-02-14,B2C,Canada,0,0.0016161638361638362,-0.0657278729677747,2637
4542,23,903.38,108,2021-03-08,SMB,France,0,0.0019014785214785217,-0.06016659776363955,1871
4543,62,891.96,78,2026-04-23,Enterprise,Singapore,0,0.00189006993006993,-0.060388970882796496,1899
4544,23,455.34,43,2021-02-17,B2C,India,0,0.0014538861138861138,-0.06889094560138714,3244
4545,37,1414.62,129,2023-03-17,Enterprise,UAE,0,0.002412207792207792,-0.05021160359220379,1146
4546,34,501.93,28,2026-01-02,SMB,USA,0,0.0015004295704295705,-0.06798373337533443,3050
4547,19,530.05,84,2023-11-09,B2C,Canada,0,0.0015285214785214784,-0.06743617364585165,2941
4548,19,1360.95,19,2024-08-10,Enterprise,Singapore,0,0.0023585914085914083,-0.05125667936323297,1203
4549,27,1197.93,67,2022-12-17,B2C,Australia,0,0.002195734265734266,-0.0544310459030723,1390
4550,78,764.12,190,2024-04-17,Enterprise,Singapore,1,0.0017623576423576423,-0.0628783035932189,2216
4551,18,737.27,78,2025-06-11,B2C,Australia,0,0.0017355344655344655,-0.06340113356251521,2280
4552,51,569.03,8,2026-06-01,SMB,Singapore,0,0.0015674625374625375,-0.0666771452583965,2786
4553,64,616.1,103,2025-04-21,B2C,Germany,0,0.0016144855144855144,-0.06576058635132843,2643
4554,999,360.32,60,2020-06-02,B2B,Australia,0,0.001358961038961039,-0.07074119899738476,3654
4555,53,12466.72,113,2021-12-06,B2B,Singapore,0,0.013453266733266732,0.16499767401151494,26
4556,57,1393.07,184,2023-02-02,Enterprise,USA,0,0.0023906793206793205,-0.05063123062528892,1170
4557,68,450.1,186,2024-07-08,Enterprise,Canada,0,0.0014486513486513485,-0.06899298020247142,3266
4558,37,1058.3,44,2021-08-12,SMB,Australia,1,0.0020562437562437566,-0.05714995646593432,1588
4559,49,122.76,125,2024-07-03,SMB,Japan,0,0.0011216383616383617,-0.07536702720989998,4779
4560,73,427.74,177,2020-06-07,Enterprise,India,0,0.0014263136863136862,-0.06942837975976995,3373
4561,34,2545.37,86,2024-06-09,B2C,India,0,0.003541828171828172,-0.028193354512806672,486
4562,77,5353.34,111,2023-09-19,Enterprise,Australia,0,0.006346993006993007,0.02648414525944603,110
4563,56,376.0,176,2022-08-31,B2B,Australia,0,0.0013746253746253745,-0.07043587408421656,3576
4564,39,1106.08,102,2020-07-20,B2B,Germany,0,0.002103976023976024,-0.05621957225986437,1516
4565,22,397.36,23,2025-04-30,B2B,France,0,0.0013959640359640362,-0.07001994677903335,3496
4566,18,1948.72,50,2023-01-05,Enterprise,Australia,1,0.002945774225774226,-0.03981147373741184,730
4567,48,152.07,179,2024-03-05,B2C,UK,0,0.001150919080919081,-0.07479629550039998,4638
4568,35,966.17,69,2020-03-23,B2B,Australia,1,0.001964205794205794,-0.058943935053318665,1754
4569,22,187.45,129,2023-10-15,Enterprise,USA,1,0.0011862637362637363,-0.07410736722056,4485
4570,79,610.67,90,2023-05-26,Enterprise,UAE,0,0.001609060939060939,-0.06586632068031462,2656
4571,42,517.36,15,2023-06-27,Enterprise,Australia,0,0.001515844155844156,-0.06768327652519505,2988
4572,24,736.86,179,2023-02-22,B2B,Japan,0,0.0017351248751248753,-0.06340911718588249,2281
4573,31,2845.2,76,2025-07-06,B2B,Japan,0,0.003841358641358641,-0.022354989161070534,391
4574,24,1194.04,85,2021-02-06,B2B,UK,0,0.002191848151848152,-0.05450679296380089,1396
4575,47,739.29,101,2022-07-22,B2C,Australia,0,0.0017375524475524474,-0.06336179961324227,2275
4576,34,755.22,17,2021-07-04,B2C,Australia,0,0.0017534665334665335,-0.06305160663704525,2237
4577,30,851.57,129,2023-05-15,SMB,Germany,0,0.00184972027972028,-0.061175455145734234,1978
4578,41,1558.68,95,2024-12-19,B2C,Japan,1,0.0025561238761238766,-0.04740643095247092,1013
4579,53,1057.87,84,2023-08-07,B2C,Australia,1,0.0020558141858141856,-0.0571583295343439,1590
4580,29,2658.02,53,2023-01-08,B2B,UAE,0,0.0036543656343656344,-0.02599980531201597,451
4581,35,266.1,4,2024-09-03,SMB,USA,0,0.0012648351648351648,-0.07257587459169014,4070
4582,40,606.53,153,2020-12-31,B2C,UAE,0,0.001604925074925075,-0.06594693580407204,2669
4583,39,645.93,98,2022-02-08,SMB,UK,0,0.001644285714285714,-0.06517972907072847,2554
4584,42,533.05,135,2024-12-14,Enterprise,UK,0,0.0015315184815184815,-0.0673777568895057,2929
4585,61,682.01,191,2022-05-15,B2C,USA,1,0.0016803296703296704,-0.06447717021440776,2453
4586,42,1054.22,91,2024-07-25,B2C,Japan,0,0.0020521678321678326,-0.05722940325456482,1596
4587,53,263.56,130,2025-06-07,B2C,Germany,0,0.0012622977022977023,-0.07262533411206305,4083
4588,38,71.65,45,2025-10-16,B2B,Canada,0,0.0010705794205794206,-0.07636225401551394,4927
4589,65,996.59,133,2024-03-11,B2C,Japan,0,0.0019945954045954045,-0.05835158914397066,1699
4590,63,311.11,196,2020-08-18,B2B,India,0,0.0013098001998002,-0.07169942852397962,3873
4591,46,204.57,112,2025-10-11,B2C,UAE,0,0.0012033666333666332,-0.07377400226434572,4397
4592,77,564.14,195,2021-10-13,SMB,UK,0,0.0015625774225774224,-0.06677236457124043,2803
4593,70,3666.59,153,2020-09-25,B2B,India,1,0.004661928071928072,-0.0063606759960685355,241
4594,79,3233.68,49,2023-06-28,B2C,USA,0,0.004229450549450549,-0.014790408659311353,309
4595,25,566.72,26,2025-09-06,Enterprise,USA,0,0.0015651548451548452,-0.06672212616078291,2795
4596,66,178.73,91,2024-07-10,B2C,Germany,0,0.0011775524475524475,-0.07427716525900557,4525
4597,71,1842.41,44,2021-07-09,B2C,Canada,0,0.0028395704295704296,-0.04188156885979141,796
4598,22,5074.81,104,2025-11-17,SMB,Singapore,0,0.006068741258741259,0.021060538877766197,126
4599,19,3873.65,161,2026-05-18,Enterprise,Japan,0,0.004868781218781219,-0.0023287514730705545,213
4600,69,674.13,189,2020-04-28,B2C,Singapore,1,0.0016724575424575427,-0.06463061156107647,2476
4601,40,1150.89,9,2021-12-12,SMB,UK,0,0.002148741258741259,-0.05534702064257691,1448
4602,19,1094.09,163,2022-02-28,Enterprise,Australia,0,0.0020919980019980023,-0.056453044562727046,1530
4603,39,844.03,8,2022-04-02,B2C,India,0,0.0018421878121878121,-0.06132227592668374,1999
4604,38,361.57,141,2020-08-24,SMB,Canada,0,0.0013602097902097902,-0.07071685868224062,3646
4605,61,252.11,196,2022-10-18,B2B,India,0,0.001250859140859141,-0.07284829139878345,4139
4606,77,1720.39,169,2020-05-15,SMB,UK,0,0.002717672327672328,-0.044257573062902664,881
4607,66,848.62,133,2025-02-12,B2C,UK,0,0.0018467732267732266,-0.06123289828947443,1987
4608,34,1122.74,108,2020-07-26,B2B,Australia,1,0.0021206193806193804,-0.05589516453962314,1495
4609,57,452.52,14,2024-01-16,B2C,USA,0,0.001451068931068931,-0.06894585735235234,3256
4610,78,368.16,76,2022-03-26,SMB,India,0,0.001366793206793207,-0.07058853654080068,3618
4611,48,121.15,20,2023-01-27,B2B,Germany,1,0.0011200299700299702,-0.07539837753580565,4785
4612,42,106.6,5,2024-02-17,B2C,France,0,0.0011054945054945055,-0.07568169880408354,4833
4613,24,1816.02,141,2025-03-16,Enterprise,UK,1,0.002813206793206793,-0.04239544159311469,810
4614,42,4212.8,23,2025-08-30,SMB,USA,0,0.005207592407592407,0.004275262831839936,179
4615,35,723.66,42,2024-06-13,SMB,Canada,0,0.0017219380619380618,-0.06366615091380472,2329
4616,49,724.03,173,2021-05-22,Enterprise,Singapore,0,0.0017223076923076923,-0.06365894618052204,2327
4617,75,333.37,37,2020-05-05,SMB,Singapore,0,0.001332037962037962,-0.07126597619189262,3777
4618,75,228.49,63,2022-09-17,B2B,Singapore,0,0.0012272627372627372,-0.07330822599374728,4271
4619,78,360.84,113,2024-03-05,Enterprise,Canada,0,0.0013594805194805193,-0.0707310734262848,3651
4620,25,3064.24,56,2025-06-25,B2C,France,0,0.00406017982017982,-0.01808978705773103,344
4621,64,5779.2,31,2025-01-01,B2C,Germany,1,0.0067724275724275725,0.03477659854527584,96
4622,31,205.84,38,2021-12-28,Enterprise,India,0,0.0012046353646353646,-0.07374927250415927,4388
4623,65,1446.1,91,2025-04-27,B2C,Germany,0,0.0024436563436563436,-0.04959861709561355,1106
4624,23,2555.41,105,2026-03-08,B2B,UK,0,0.0035518581418581417,-0.02799785310156887,481
4625,72,437.17,174,2023-12-03,B2C,India,0,0.001435734265734266,-0.06924475642232249,3320
4626,40,838.47,119,2023-11-11,B2C,UAE,0,0.0018366333666333667,-0.06143054164844492,2019
4627,32,300.28,188,2021-10-31,B2C,Australia,0,0.0012989810189810188,-0.07191031301438852,3920
4628,39,2112.89,66,2022-11-25,Enterprise,France,0,0.0031097802197802196,-0.0366147141076399,645
4629,53,1323.42,84,2021-01-05,SMB,Canada,0,0.002321098901098901,-0.0519874729851209,1239
4630,20,168.88,156,2023-03-13,B2C,USA,1,0.0011677122877122878,-0.07446896694234147,4569
4631,200,521.97,121,2020-04-22,Enterprise,Canada,0,0.0015204495504495504,-0.06759350944294343,2972
4632,61,457.55,35,2024-05-02,SMB,France,1,0.001456093906093906,-0.06884791192421229,3236
4633,26,2907.62,184,2020-07-22,Enterprise,Canada,0,0.0039037162837162838,-0.021139531184032313,379
4634,22,878.64,1,2021-10-29,SMB,USA,1,0.0018767632367632367,-0.06064834128097255,1918
4635,29,539.92,111,2026-06-01,Enterprise,France,0,0.0015383816183816184,-0.06724398251747345,2906
4636,46,1893.74,157,2022-05-27,SMB,USA,1,0.0028908491508491505,-0.040882058158712084,762
4637,18,127.63,43,2022-06-25,Enterprise,France,0,0.0011265034965034966,-0.07527219734209838,4761
4638,50,150.83,55,2022-07-11,SMB,India,0,0.0011496803196803197,-0.07482044109302298,4642
4639,73,3285.59,90,2022-04-26,B2C,UK,0,0.004281308691308692,-0.01377960405200513,300
4640,38,450.86,83,2023-01-07,B2C,Canada,0,0.0014494105894105895,-0.06897818129086378,3263
4641,79,340.2,34,2024-08-04,SMB,USA,0,0.001338861138861139,-0.07113298070994499,3748
4642,38,490.91,148,2025-10-03,B2C,Canada,0,0.0014894205794205794,-0.06819831759364524,3092
4643,44,5058.86,65,2020-03-23,SMB,UK,0,0.006052807192807192,0.02074995645652684,128
4644,19,1980.23,41,2020-02-06,B2B,Singapore,0,0.002977252747252747,-0.039197903073258135,710
4645,25,150.47,77,2025-04-25,B2C,India,0,0.0011493206793206793,-0.0748274511037845,4644
4646,29,792.41,88,2021-06-25,SMB,UK,1,0.0017906193806193804,-0.06232743358087652,2150
4647,39,323.81,88,2021-12-10,B2B,Japan,0,0.0013224875124875125,-0.07145213092211507,3815
4648,66,2349.19,25,2020-02-04,B2C,Germany,1,0.003345844155844156,-0.03201342093278998,546
4649,26,226.63,99,2022-07-05,Enterprise,France,1,0.0012254045954045955,-0.07334444438268178,4280
4650,61,1046.68,159,2022-10-30,B2C,Australia,0,0.002044635364635365,-0.057376224035514324,1598
4651,55,513.48,167,2023-06-05,Enterprise,Germany,0,0.001511968031968032,-0.0677588288634025,3004
4652,46,694.57,81,2023-02-01,Enterprise,Germany,0,0.001692877122877123,-0.06423259872783935,2422
4653,20,900.76,173,2024-10-01,B2B,Germany,0,0.001898861138861139,-0.0602176150641817,1874
4654,39,2085.44,177,2024-03-22,B2C,UK,1,0.0030823576423576423,-0.0371492274282054,655
4655,21,340.64,191,2023-11-29,Enterprise,Australia,0,0.0013393006993006992,-0.07112441291901425,3742
4656,46,214.77,103,2025-02-23,B2B,Australia,0,0.0012135564435564435,-0.07357538529276947,4337
4657,58,1033.52,185,2022-10-29,B2C,Canada,0,0.0020314885114885114,-0.05763247887335192,1626
4658,30,272.7,22,2022-06-12,B2B,India,0,0.0012714285714285716,-0.07244735772772903,4034
4659,41,1062.98,105,2025-03-26,Enterprise,USA,1,0.002060919080919081,-0.057058826326034616,1580
4660,19,584.45,8,2023-05-22,Enterprise,France,0,0.0015828671328671328,-0.06637688313077829,2733
4661,20,269.23,1,2025-11-02,B2C,UAE,0,0.001267962037962038,-0.0725149264425692,4052
4662,32,239.99,184,2024-06-14,SMB,Japan,0,0.0012387512487512487,-0.07308429509442112,4211
4663,41,1436.55,139,2021-02-23,B2C,Germany,0,0.0024341158841158844,-0.04978457710331485,1115
4664,67,562.4,122,2020-01-31,Enterprise,Singapore,0,0.0015608391608391608,-0.06680624628992107,2807
4665,43,266.16,187,2025-09-26,B2B,UAE,0,0.001264895104895105,-0.07257470625656322,4069
4666,25,626.63,157,2024-03-12,Enterprise,France,0,0.001625004995004995,-0.06555554353655413,2607
4667,57,291.28,79,2026-04-18,B2B,Germany,0,0.0012899900099900099,-0.0720855632834264,3960
4668,70,847.5,117,2023-03-03,SMB,France,0,0.0018456543456543456,-0.06125470721184359,1988
4669,64,1002.81,108,2023-05-07,B2B,USA,0,0.0020008091908091906,-0.058230471735813374,1691
4670,22,715.44,145,2021-03-18,SMB,UAE,0,0.0017137262737262737,-0.06382621282619264,2356
4671,25,432.46,27,2025-05-27,B2B,UAE,0,0.001431028971028971,-0.06933647072978565,3345
4672,63,214.08,83,2020-09-18,B2C,UAE,0,0.0012128671328671327,-0.07358882114672904,4341
4673,56,783.23,67,2023-10-09,B2C,Canada,0,0.0017814485514485515,-0.06250618885529514,2176
4674,63,271.19,42,2023-02-06,Enterprise,Canada,1,0.00126992007992008,-0.07247676082842316,4040
4675,49,371.46,182,2023-08-24,Enterprise,Japan,0,0.0013700899100899102,-0.07052427810882012,3599
4676,48,639.79,40,2023-02-08,Enterprise,USA,0,0.001638151848151848,-0.06529928869871653,2567
4677,77,975.79,115,2022-12-05,Enterprise,India,1,0.001973816183816184,-0.0587566119879693,1741
4678,79,3140.31,83,2023-05-08,B2B,France,0,0.0041361738261738255,-0.0166085328393187,332
4679,25,326.4,118,2022-02-10,SMB,France,1,0.0013250749250749252,-0.0714016977891364,3805
4680,34,381.18,110,2021-09-06,B2B,Germany,0,0.0013798001998001999,-0.07033500781825922,3565
4681,76,103.79,63,2025-10-19,B2C,Australia,0,0.0011026873126873127,-0.07573641583252759,4845
4682,40,763.86,199,2022-09-11,Enterprise,UK,0,0.0017620979020979022,-0.06288336637876887,2217
4683,56,201.57,136,2020-08-20,B2B,Canada,1,0.0012003696303696304,-0.07383241902069168,4419
4684,67,1581.72,69,2024-07-13,B2C,Japan,0,0.0025791408591408593,-0.04695779026373397,992
4685,30,896.48,93,2023-08-02,Enterprise,USA,0,0.0018945854145854147,-0.06030095630323526,1887
4686,74,198.93,185,2021-07-27,B2C,UK,0,0.0011977322677322677,-0.07388382576627613,4435
4687,61,638.56,93,2020-04-14,B2C,USA,0,0.0016369230769230768,-0.06532323956881837,2572
4688,32,681.95,191,2025-07-30,Enterprise,Canada,0,0.0016802697302697304,-0.06447833854953466,2454
4689,62,2152.08,29,2023-04-25,B2B,UK,0,0.003148931068931069,-0.03585159654724054,625
4690,45,1036.22,35,2022-11-28,Enterprise,France,1,0.0020341858141858142,-0.057579903792640566,1622
4691,65,298.91,181,2024-09-10,B2B,Canada,1,0.0012976123876123878,-0.07193698999978652,3925
4692,47,3889.22,151,2024-07-15,B2C,USA,0,0.004884335664335664,-0.0020255685076350414,212
4693,32,219.27,140,2024-05-09,B2C,Australia,0,0.001218051948051948,-0.07348776015825054,4312
4694,55,3715.36,17,2020-05-24,B2B,UK,0,0.0047106493506493515,-0.0054110142604044216,230
4695,25,708.44,59,2026-06-01,B2B,Japan,0,0.0017067332667332668,-0.06396251859099987,2375
4696,63,180.48,83,2022-02-16,SMB,Germany,0,0.0011793006993006993,-0.07424308881780377,4518
4697,78,316.48,19,2023-11-06,B2B,Australia,0,0.0013151648351648353,-0.07159486253012036,3850
4698,32,1075.15,182,2022-06-29,SMB,Japan,0,0.002073076923076923,-0.056821849017791186,1559
4699,55,2457.14,29,2025-12-29,Enterprise,UAE,0,0.0034536863136863136,-0.02991139131694128,513
4700,56,294.38,120,2025-05-02,SMB,France,0,0.0012930869130869133,-0.07202519930186892,3948
4701,68,407.44,43,2024-01-08,B2B,Germany,1,0.001406033966033966,-0.06982366647771093,3457
4702,51,238.32,115,2025-09-08,B2C,Singapore,0,0.001237082917082917,-0.0731168137554537,4218
4703,53,355.92,5,2023-05-14,B2B,UK,0,0.0013545654345654347,-0.07082687690669218,3673
4704,37,318.02,118,2021-11-27,SMB,UK,0,0.0013167032967032967,-0.07156487526186277,3844
4705,61,339.64,38,2026-04-05,SMB,Canada,0,0.0013383016983016982,-0.07114388517112957,3751
4706,30,842.88,139,2022-01-11,SMB,UK,0,0.0018410389610389612,-0.06134466901661636,2003
4707,61,285.09,150,2023-04-18,B2C,France,0,0.0012838061938061937,-0.07220609652402023,3978
4708,62,693.51,194,2021-02-03,B2B,France,0,0.0016918181818181817,-0.06425323931508159,2426
4709,64,3302.82,141,2025-04-12,B2B,Germany,0,0.004298521478521478,-0.01344409714805818,297
4710,38,190.22,26,2021-06-08,B2C,Singapore,0,0.001189030969030969,-0.07405342908220056,4480
4711,64,1449.79,106,2022-11-25,B2C,France,0,0.0024473426573426572,-0.049526764485308024,1101
4712,40,196.05,112,2026-04-08,B2C,France,0,0.001194855144855145,-0.07393990585236825,4452
4713,63,554.88,127,2022-01-19,B2C,Japan,0,0.0015533266733266733,-0.06695267762582828,2845
4714,20,931.89,165,2023-10-06,Enterprise,Australia,0,0.00192996003996004,-0.05961144385583181,1820
4715,39,707.37,179,2020-12-31,B2B,UK,0,0.0017056643356643355,-0.06398335390076326,2378
4716,46,1189.83,33,2022-06-29,B2C,UK,0,0.0021876423576423576,-0.05458877114520639,1403
4717,57,254.28,56,2023-12-26,Enterprise,Australia,0,0.001253026973026973,-0.07280603661169321,4132
4718,47,669.63,86,2022-07-03,B2B,Australia,0,0.001667962037962038,-0.0647182366955954,2495
4719,41,266.01,61,2023-06-11,B2C,Canada,1,0.0012647452547452547,-0.07257762709438052,4071
4720,42,751.55,7,2024-09-18,B2C,Japan,0,0.0017498001998001997,-0.06312306980230846,2244
4721,29,1856.6,28,2023-09-19,Enterprise,UK,0,0.0028537462537462535,-0.04160525760227504,788
4722,67,2307.74,102,2024-03-02,B2C,Australia,0,0.0033044355644355644,-0.032820545782969966,563
4723,37,1429.1,5,2022-12-03,B2B,France,0,0.0024266733266733267,-0.049929645381573975,1127
4724,50,963.5,123,2023-04-19,Enterprise,Japan,1,0.0019615384615384616,-0.058995925966466564,1762
4725,56,880.94,58,2025-03-14,SMB,France,0,0.0018790609390609391,-0.06060355510110731,1917
4726,39,794.59,33,2021-04-27,B2C,India,1,0.001792797202797203,-0.06228498407126512,2143
4727,78,1944.72,66,2025-04-11,B2B,Australia,0,0.002941778221778222,-0.03988936274587312,732
4728,63,87.0,105,2020-08-07,Enterprise,Australia,0,0.0010859140859140858,-0.0760633549455438,4883
4729,36,692.13,197,2020-10-18,B2B,UAE,0,0.0016904395604395606,-0.06428011102300073,2429
4730,49,824.13,165,2025-04-18,SMB,Singapore,0,0.0018223076923076925,-0.0617097737437786,2063
4731,70,235.16,196,2022-03-07,SMB,UK,0,0.001233926073926074,-0.07317834607213812,4240
4732,68,56.94,134,2025-08-11,B2C,UK,0,0.0010558841158841159,-0.07664869084413028,4957
4733,43,310.33,44,2021-05-05,SMB,Singapore,0,0.001309020979020979,-0.07171461688062958,3876
4734,61,2565.29,70,2024-04-12,Enterprise,UAE,0,0.0035617282717282715,-0.027805467250669513,479
4735,24,7899.39,92,2025-12-10,SMB,UAE,0,0.008890499500499499,0.07606147275765435,51
4736,25,61.22,77,2023-05-07,Enterprise,UAE,0,0.00106015984015984,-0.07656534960507673,4948
4737,78,1294.49,71,2024-08-19,B2C,Singapore,0,0.002292197802197802,-0.052550805238817076,1274
4738,28,534.43,38,2020-08-09,B2B,UK,1,0.0015328971028971028,-0.06735088518158655,2923
4739,76,438.7,96,2021-09-09,B2B,Singapore,0,0.0014372627372627373,-0.06921496387658606,3313
4740,57,200.09,63,2021-07-16,SMB,USA,0,0.001198891108891109,-0.07386123795382235,4426
4741,33,704.19,118,2022-03-31,Enterprise,Germany,1,0.0017024875124875126,-0.06404527566248998,2391
4742,26,61.34,99,2023-11-04,SMB,Germany,0,0.00106027972027972,-0.07656301293482289,4947
4743,58,1590.91,40,2024-08-03,SMB,Canada,0,0.002588321678321678,-0.04677884026679418,986
4744,21,5087.17,182,2026-05-21,B2C,France,0,0.006081088911088911,0.021301215913911535,124
4745,28,377.84,147,2025-02-17,Enterprise,UAE,0,0.0013764635364635364,-0.07040004514032437,3572
4746,27,141.01,152,2021-08-09,B2B,UAE,0,0.00113987012987013,-0.07501165860879541,4689
4747,76,153.62,97,2023-07-19,B2B,Singapore,0,0.0011524675324675324,-0.07476611350962124,4631
4748,76,435.1,1,2022-01-08,B2B,Japan,0,0.0014336663336663336,-0.0692850639842012,3327
4749,70,170.79,53,2020-11-27,B2C,UAE,0,0.0011696203796203795,-0.0744317749408012,4555
4750,46,621.96,84,2025-06-20,SMB,UK,0,0.0016203396603396603,-0.06564647895393266,2622
4751,58,1058.24,7,2023-09-24,B2B,Japan,0,0.002056183816183816,-0.05715112480106123,1589
4752,22,450.1,47,2021-12-25,SMB,UAE,0,0.0014486513486513485,-0.06899298020247142,3267
4753,20,564.53,43,2023-07-07,B2C,France,0,0.001562967032967033,-0.06676477039291544,2802
4754,30,1267.37,130,2020-08-25,SMB,UK,0,0.002265104895104895,-0.05307889271618454,1312
4755,33,449.35,38,2020-01-20,B2C,USA,0,0.0014479020979020977,-0.06900758439155791,3272
4756,150,2590.08,32,2025-01-25,SMB,USA,0,0.0035864935064935065,-0.027322750120730755,473
4757,25,1395.08,69,2023-01-25,B2C,UAE,0,0.002392687312687313,-0.05059209139853713,1169
4758,45,823.58,168,2022-05-07,SMB,Japan,0,0.0018217582417582416,-0.06172048348244202,2065
4759,41,651.32,41,2021-11-21,B2B,UAE,0,0.0016496703296703299,-0.0650747736318269,2542
4760,55,898.59,108,2026-06-18,B2B,UAE,0,0.001896693306693307,-0.06025986985127193,1880
4761,19,1962.14,130,2021-10-10,B2C,Germany,0,0.0029591808191808196,-0.03955015611402425,721
4762,79,607.92,43,2025-06-28,SMB,Singapore,1,0.0016063136863136865,-0.06591986937363174,2664
4763,23,1461.71,115,2020-12-26,B2C,UK,0,0.002459250749250749,-0.04929465524009342,1092
4764,36,1278.64,3,2021-06-14,B2B,UAE,0,0.0022763636363636367,-0.0528594404348449,1294
4765,35,145.93,78,2024-11-11,SMB,UK,0,0.001144785214785215,-0.07491585512838804,4666
4766,79,2530.4,114,2024-10-24,B2C,Canada,0,0.003526873126873127,-0.028484854126973,490
4767,55,557.56,199,2024-07-10,B2B,Australia,0,0.0015560039960039959,-0.06690049199015922,2829
4768,41,205.95,164,2024-10-23,B2B,Australia,0,0.0012047452547452547,-0.0737471305564266,4386
4769,56,1788.59,143,2025-05-09,Enterprise,India,0,0.002785804195804196,-0.0429295654686379,830
4770,37,628.76,82,2024-04-19,Enterprise,UAE,0,0.0016271328671328671,-0.0655140676395485,2603
4771,41,247.7,97,2020-01-20,B2B,Japan,0,0.0012464535464535465,-0.07293416403061201,4163
4772,73,1479.96,15,2020-06-03,Enterprise,Germany,0,0.0024774825174825174,-0.04893928663898884,1078
4773,72,593.52,95,2025-12-26,B2C,Germany,0,0.0015919280719280718,-0.06620026980409234,2710
4774,76,615.02,28,2022-03-27,Enterprise,UAE,0,0.0016134065934065933,-0.06578161638361299,2645
4775,19,1015.36,120,2024-03-08,SMB,Australia,1,0.0020133466533466533,-0.057986094971766114,1667
4776,53,115.53,180,2020-02-27,B2C,UAE,0,0.0011144155844155844,-0.07550781159269374,4804
4777,33,1004.07,198,2023-08-12,Enterprise,Canada,1,0.002002067932067932,-0.05820593669814807,1689
4778,52,1542.32,44,2025-12-15,Enterprise,UAE,0,0.0025397802197802194,-0.04772499699707754,1023
4779,24,775.07,36,2022-02-19,SMB,Germany,0,0.0017732967032967034,-0.06266508243255615,2197
4780,77,735.81,176,2020-03-14,B2C,USA,0,0.001734075924075924,-0.06342956305060359,2285
4781,47,2966.64,104,2020-01-17,B2C,India,0,0.003962677322677323,-0.019990278864186178,367
4782,52,145.9,9,2022-10-16,B2C,Singapore,1,0.0011447552447552448,-0.0749164392959515,4667
4783,56,1242.08,183,2022-07-15,SMB,France,0,0.0022398401598401597,-0.05357134597218096,1341
4784,60,950.36,167,2023-11-11,Enterprise,France,1,0.0019484115884115885,-0.05925179135926186,1782
4785,33,163.93,183,2023-07-02,B2C,Japan,0,0.0011627672327672329,-0.0745653545903123,4589
4786,33,657.88,196,2021-06-12,SMB,UAE,1,0.0016562237762237763,-0.0649470356579504,2526
4787,41,1516.2,186,2021-02-24,SMB,Canada,0,0.0025136863136863137,-0.04823361222232967,1041
4788,31,1225.52,167,2024-04-20,B2B,India,0,0.0022232967032967035,-0.05389380646721065,1356
4789,33,578.11,185,2025-08-23,SMB,France,1,0.0015765334665334666,-0.06650033720918941,2753
4790,49,351.71,81,2023-06-07,B2B,Germany,0,0.0013503596403596403,-0.07090885508809766,3693
4791,69,754.62,147,2021-11-15,B2B,USA,1,0.0017528671328671328,-0.06306328998831444,2239
4792,24,573.24,144,2020-09-24,B2B,Japan,0,0.0015716683316683317,-0.06659516707699101,2767
4793,42,995.67,96,2020-07-06,Enterprise,France,0,0.001993676323676324,-0.05836950361591675,1701
4794,40,338.83,155,2023-05-06,B2C,UK,1,0.0013374925074925075,-0.07115965769534298,3756
4795,19,573.58,21,2023-04-06,Enterprise,Japan,0,0.0015720079920079919,-0.06658854651127182,2766
4796,26,1749.23,77,2025-02-10,Enterprise,Singapore,0,0.0027464835164835166,-0.04369599331189686,858
4797,54,2226.12,101,2025-11-01,SMB,USA,0,0.003222897102897103,-0.03440987100062231,600
4798,59,252.85,145,2025-11-16,Enterprise,France,0,0.0012515984015984015,-0.07283388193221813,4137
4799,49,191.06,116,2023-10-15,B2B,Germany,0,0.0011898701298701298,-0.07403707239042369,4474
4800,60,78.55,22,2024-11-11,Enterprise,Australia,0,0.0010774725274725274,-0.07622789547591824,4910
4801,39,458.75,37,2021-07-02,SMB,UAE,1,0.0014572927072927073,-0.0688245452216739,3230
4802,35,3780.66,148,2023-11-04,B2C,UK,0,0.004775884115884116,-0.004139476197274086,221
4803,59,1153.06,192,2025-06-30,B2B,Japan,0,0.002150909090909091,-0.05530476585548667,1445
4804,78,1587.14,49,2024-01-11,B2B,Germany,0,0.002584555444555445,-0.04685225065726894,987
4805,63,704.34,125,2022-02-10,B2B,France,0,0.0017026373626373627,-0.06404235482467267,2390
4806,40,1282.34,125,2021-11-06,Enterprise,Canada,1,0.00228005994005994,-0.052787393102018215,1290
4807,26,411.15,149,2024-07-10,B2B,UK,0,0.00140974025974026,-0.0697514244223631,3439
4808,0,790.7,45,2020-03-19,B2B,France,0,0.001788911088911089,-0.06236073113199371,2155
4809,51,1194.99,139,2022-07-24,B2C,USA,1,0.0021927972027972024,-0.054488294324291336,1394
4810,26,2463.09,18,2022-07-07,B2B,Japan,0,0.0034596303696303697,-0.029795531416855127,510
4811,38,1071.46,4,2021-06-21,Enterprise,Japan,0,0.0020693906093906095,-0.05689370162809671,1567
4812,34,652.42,168,2022-05-15,B2B,Australia,0,0.0016507692307692308,-0.06505335415450005,2538
4813,22,242.1,178,2020-03-30,B2B,Germany,1,0.0012408591408591407,-0.07304320864245781,4198
4814,31,497.83,187,2025-08-28,Enterprise,USA,0,0.0014963336663336663,-0.06806356960900724,3062
4815,35,1059.12,2,2021-11-23,B2B,Canada,0,0.002057062937062937,-0.05713398921919975,1586
4816,41,517.97,69,2021-05-19,B2C,Germany,0,0.0015164535464535465,-0.06767139845140471,2986
4817,68,237.11,179,2024-02-10,SMB,UK,0,0.001235874125874126,-0.07314037518051324,4226
4818,26,1237.55,121,2020-06-02,B2C,France,0,0.0022353146853146856,-0.05365955527426336,1347
4819,48,634.57,71,2024-03-16,B2C,USA,0,0.001632937062937063,-0.0654009338547585,2584
4820,38,314.77,105,2022-11-13,B2C,USA,0,0.0013134565434565434,-0.07162816008123755,3860
4821,52,74.67,77,2025-12-30,B2B,France,0,0.0010735964035964037,-0.07630344781412568,4920
4822,43,691.29,97,2020-07-18,SMB,Canada,0,0.0016896003996003995,-0.0642964677147776,2430
4823,34,447.91,75,2020-07-15,B2B,UAE,1,0.0014464635364635366,-0.06903562443460397,3279
4824,21,8163.71,76,2021-03-18,Enterprise,France,0,0.009154555444555445,0.08120837843677549,46
4825,24,2639.95,157,2020-03-21,B2B,Germany,0,0.003636313686313686,-0.02635166890773979,457
4826,20,217.73,183,2020-07-16,B2C,UAE,0,0.0012165134865134866,-0.07351774742650813,4318
4827,58,2198.29,155,2021-04-19,B2B,UK,0,0.003195094905094905,-0.03495178377699164,608
4828,48,732.69,13,2024-09-03,B2C,France,1,0.001730959040959041,-0.06349031647720338,2297
4829,38,1887.33,148,2024-12-24,SMB,Canada,1,0.0028844455544455544,-0.04100687529477128,770
4830,77,9993.81,196,2024-04-06,SMB,UAE,0,0.010982827172827172,0.11684454703302107,35
4831,76,395.9,17,2021-05-21,Enterprise,France,0,0.0013945054945054946,-0.07004837626712171,3506
4832,79,427.27,168,2026-02-19,SMB,Singapore,0,0.0014258441558441558,-0.06943753171826415,3374
4833,31,258.23,183,2022-11-01,SMB,France,0,0.001256973026973027,-0.0727291212158377,4112
4834,61,1582.43,123,2025-04-27,SMB,Australia,0,0.00257985014985015,-0.04694396496473209,991
4835,44,1508.9,142,2021-09-19,B2C,UK,0,0.0025063936063936063,-0.0483757596627715,1046
4836,55,3891.96,142,2022-04-21,SMB,Germany,0,0.004887072927072927,-0.0019722145368390623,210
4837,40,1258.79,91,2020-02-08,Enterprise,UK,0,0.0022565334665334666,-0.053245964639333974,1324
4838,27,161.19,88,2023-05-18,B2B,India,0,0.0011600299700299701,-0.07461870856110828,4603
4839,63,2970.01,3,2024-09-19,Enterprise,USA,0,0.0039660439560439565,-0.019924657374557543,366
4840,78,917.31,5,2021-02-17,SMB,France,0,0.0019153946053946053,-0.05989534929167316,1848
4841,38,516.26,53,2025-11-01,B2C,Canada,0,0.0015147452547452547,-0.06770469600252191,2992
4842,67,268.99,182,2023-01-10,SMB,France,0,0.0012677222777222777,-0.07251959978307686,4054
4843,20,1704.98,133,2021-07-15,SMB,UK,1,0.0027022777222777223,-0.044557640467999725,897
4844,65,165.15,98,2024-09-11,B2B,India,0,0.001163986013986014,-0.0745415984427316,4584
4845,28,4105.18,71,2021-03-05,B2C,Singapore,0,0.005100079920079921,0.002179659059189291,190
4846,30,652.29,9,2025-09-26,SMB,India,0,0.0016506393606393606,-0.06505588554727504,2539
4847,26,73.41,162,2021-04-27,B2C,India,0,0.0010723376623376624,-0.07632798285179099,4923
4848,0,964.23,188,2023-03-03,B2B,Australia,0,0.0019622677322677323,-0.058981711222422385,1760
4849,32,855.65,28,2021-04-11,B2C,Japan,0,0.0018537962037962039,-0.061096008357103736,1969
4850,68,549.03,58,2021-03-11,B2B,India,0,0.0015474825174825175,-0.06706659030070289,2870
4851,19,4068.45,66,2025-07-31,SMB,Canada,0,0.005063386613386613,0.0014644432389936096,193
4852,41,1971.84,114,2022-03-24,SMB,USA,0,0.002968871128871129,-0.03936127526850566,715
4853,30,170.95,156,2022-03-29,B2B,France,0,0.0011697802197802199,-0.07442865938046277,4553
4854,41,1217.88,45,2022-12-13,B2C,UAE,0,0.0022156643356643357,-0.05404257447337168,1364
4855,40,1632.34,102,2025-11-12,Enterprise,Canada,1,0.00262971028971029,-0.04597210486165652,954
4856,67,419.42,4,2022-04-06,B2C,USA,0,0.001418001998001998,-0.0695903888973694,3413
4857,51,488.24,125,2024-01-06,SMB,Japan,0,0.0014867532467532467,-0.06825030850679314,3096
4858,20,643.91,128,2024-08-05,SMB,Canada,0,0.0016422677322677321,-0.06521906302000141,2557
4859,31,147.55,66,2023-04-24,Enterprise,USA,0,0.0011464035964035963,-0.07488431007996121,4660
4860,43,465.22,62,2021-10-18,B2C,USA,0,0.0014637562437562438,-0.06869855975048779,3189
4861,78,690.96,190,2020-06-10,SMB,Singapore,0,0.0016892707292707294,-0.06430289355797565,2432
4862,18,2068.48,166,2026-02-23,B2C,Singapore,0,0.0030654145854145855,-0.03747947682408122,659
4863,46,350.18,59,2025-07-26,SMB,Japan,0,0.0013488311688311689,-0.0709386476338341,3698
4864,29,716.61,33,2022-04-30,B2B,India,0,0.001714895104895105,-0.06380343029121771,2351
4865,22,257.62,181,2025-05-22,B2C,Singapore,0,0.0012563636363636362,-0.07274099928962804,4114
4866,77,311.69,24,2023-09-16,Enterprise,UK,0,0.0013103796203796205,-0.07168813461775274,3871
4867,68,305.22,97,2022-08-18,Enterprise,UK,0,0.001303916083916084,-0.07181412008893887,3898
4868,69,397.66,46,2020-01-12,B2B,Singapore,0,0.0013962637362637364,-0.07001410510339875,3494
4869,58,762.52,84,2020-02-22,B2C,USA,0,0.0017607592407592406,-0.06290945919660342,2222
4870,72,1088.43,44,2020-12-30,B2B,Germany,0,0.0020863436563436566,-0.05656325750969975,1539
4871,24,1718.49,191,2021-03-28,B2B,Germany,0,0.0027157742257742255,-0.04429457034192176,884
4872,52,186.32,197,2026-06-09,SMB,Germany,0,0.001185134865134865,-0.0741293708654503,4493
4873,24,992.66,149,2025-07-16,Enterprise,USA,0,0.0019906693306693305,-0.058428115094783864,1713
4874,64,148.88,38,2021-09-02,Enterprise,UK,1,0.0011477322677322678,-0.07485841198464785,4651
4875,42,45.3,17,2021-01-03,B2C,UK,0,0.0010442557442557443,-0.07687534785875261,4968
4876,49,964.63,19,2025-09-26,SMB,UAE,0,0.001962667332667333,-0.05897392232157626,1759
4877,45,812.56,27,2020-11-03,B2C,UAE,0,0.0018107492507492507,-0.06193506770075284,2092
4878,60,1841.82,61,2021-02-18,B2B,India,0,0.0028389810189810185,-0.04189305748853945,797
4879,77,240.37,146,2022-11-14,B2C,Germany,0,0.001239130869130869,-0.0730768956386173,4205
4880,43,425.17,87,2022-08-04,SMB,Canada,0,0.0014237462537462539,-0.06947842344770633,3387
4881,74,998.81,52,2025-02-13,Enterprise,India,0,0.001996813186813187,-0.05830836074427465,1696
4882,27,483.52,172,2023-04-27,SMB,USA,0,0.001482037962037962,-0.06834221753677745,3116
4883,50,503.48,9,2022-12-17,B2C,Singapore,0,0.001501978021978022,-0.06795355138455568,3042
4884,26,916.25,83,2025-03-16,Enterprise,Canada,1,0.0019143356643356643,-0.059915989878915395,1850
4885,52,1813.23,39,2020-07-24,B2B,Canada,1,0.0028104195804195807,-0.04244976917651643,812
4886,23,2569.41,47,2021-02-12,Enterprise,Japan,0,0.0035658441558441556,-0.0277252415719544,478
4887,35,1403.14,37,2021-12-16,Enterprise,UK,0,0.002400739260739261,-0.05043514504648766,1156
4888,21,281.11,130,2020-06-10,SMB,France,1,0.00127983016983017,-0.0722835960874392,3996
4889,36,222.23,95,2023-04-05,B2C,USA,0,0.001221008991008991,-0.07343012229198918,4299
4890,23,11103.72,96,2024-01-15,B2B,India,0,0.01209162837162837,0.13845699437833495,31
4891,50,415.13,81,2023-07-04,SMB,UAE,0,0.0014137162837162837,-0.06967392485894412,3428
4892,21,476.19,26,2024-10-10,SMB,Canada,0,0.0014747152847152847,-0.06848494914478274,3145
4893,50,685.3,106,2021-04-19,B2B,Japan,0,0.0016836163836163836,-0.06441310650494836,2446
4894,66,139.31,125,2021-01-24,B2C,USA,0,0.001138171828171828,-0.07504476143739146,4704
4895,21,253.86,79,2020-07-06,B2B,Japan,0,0.0012526073926073928,-0.07281421495758164,4133
4896,38,1126.61,61,2020-02-09,B2B,France,0,0.0021244855144855143,-0.05581980692393686,1487
4897,45,137.65,103,2021-07-20,Enterprise,UAE,0,0.0011365134865134866,-0.07507708537590288,4716
4898,24,346.78,105,2021-11-29,B2B,Germany,0,0.0013454345654345654,-0.07100485329102618,3715
4899,25,205.02,68,2023-09-08,Enterprise,France,0,0.0012038161838161838,-0.07376523975089383,4394
4900,52,345.3,137,2024-01-04,B2C,Germany,0,0.001343956043956044,-0.07103367222415687,3721
4901,29,461.74,182,2024-11-27,B2C,Germany,0,0.0014602797202797203,-0.0687663231878491,3212
4902,36,1531.84,186,2023-01-03,B2C,Singapore,0,0.0025293106893106896,-0.04792906619924609,1029
4903,59,1581.44,27,2021-01-15,B2B,India,0,0.0025788611388611387,-0.046963242494326256,993
4904,69,682.88,131,2024-03-06,Enterprise,Singapore,0,0.0016811988011988014,-0.06446022935506743,2448
4905,55,541.0,194,2023-11-04,SMB,Japan,0,0.0015394605394605395,-0.0672229524851889,2900
4906,35,150.05,193,2022-01-19,SMB,Japan,0,0.0011489010989010988,-0.07483562944967292,4645
4907,45,135.94,185,2021-04-11,B2C,Japan,1,0.0011348051948051948,-0.07511038292702008,4727
4908,55,851.54,4,2024-06-29,SMB,UK,0,0.0018496903096903096,-0.0611760393132977,1979
4909,49,2289.15,52,2024-06-27,SMB,India,0,0.003285864135864136,-0.03318253494979374,573
4910,76,787.72,65,2025-02-12,B2C,USA,0,0.001785934065934066,-0.06241875844329737,2161
4911,47,734.94,126,2023-01-18,B2C,Canada,0,0.0017332067932067932,-0.06344650390994391,2287
4912,49,4979.33,100,2024-04-28,B2B,Singapore,0,0.005973356643356643,0.019201328245795516,134
4913,39,1338.53,15,2025-05-12,B2B,France,0,0.002336193806193806,-0.05169324725565842,1226
4914,67,180.83,42,2024-09-23,Enterprise,USA,0,0.0011796503496503497,-0.0742362735295634,4514
4915,22,193.94,193,2021-11-14,B2C,Canada,0,0.001192747252747253,-0.07398099230433157,4459
4916,77,404.6,56,2021-04-08,SMB,UAE,0,0.0014031968031968031,-0.06987896767371844,3469
4917,76,214.11,86,2021-06-26,SMB,USA,0,0.001212897102897103,-0.07358823697916558,4340
4918,60,351.02,77,2020-08-28,Enterprise,UAE,0,0.0013496703296703297,-0.07092229094205724,3696
4919,24,653.04,76,2021-10-14,SMB,India,0,0.0016513886113886113,-0.06504128135818855,2534
4920,26,184.32,82,2021-02-28,Enterprise,Japan,0,0.001183136863136863,-0.07416831536968094,4503
4921,20,635.27,2,2024-08-31,B2C,Japan,0,0.0016336363636363636,-0.06538730327827777,2580
4922,72,802.2,173,2025-05-31,B2B,Germany,0,0.0018003996003996005,-0.06213680023266754,2126
4923,36,6424.62,63,2026-05-19,SMB,Japan,1,0.007417202797202797,0.04734437950554512,73
4924,61,548.64,175,2024-11-29,B2B,Singapore,0,0.001547092907092907,-0.06707418447902787,2873
4925,35,414.59,124,2022-01-12,B2B,India,0,0.001413176823176823,-0.06968443987508639,3431
4926,47,4273.89,71,2024-04-04,Enterprise,UAE,0,0.005268621378621379,0.005464822713564785,175
4927,64,147.22,83,2024-01-08,SMB,Germany,0,0.0011460739260739262,-0.07489073592315929,4662
4928,69,7918.93,34,2020-04-28,B2B,Australia,0,0.00891001998001998,0.07644196056398768,50
4929,77,919.3,129,2021-06-19,B2B,India,0,0.0019173826173826173,-0.05985659950996368,1843
4930,73,2046.55,59,2025-06-01,B2B,France,1,0.0030435064935064936,-0.037906503312970165,666
4931,54,459.07,110,2025-06-22,B2B,India,0,0.0014576123876123876,-0.068818314100997,3227
4932,25,165.33,82,2021-04-07,Enterprise,Japan,0,0.001164165834165834,-0.07453809343735085,4582
4933,71,194.49,175,2024-08-11,Enterprise,Singapore,0,0.0011932967032967034,-0.07397028256566814,4456
4934,46,1045.1,133,2024-12-10,Enterprise,Canada,0,0.002043056943056943,-0.057406990193856526,1600
4935,61,4593.91,124,2020-07-07,B2C,Australia,0,0.005588321678321679,0.011696332835509209,150
4936,78,213.58,157,2020-09-16,Enterprise,UK,0,0.0012123676323676322,-0.0735985572727867,4344
4937,34,803.66,181,2022-12-07,B2B,France,0,0.0018018581418581417,-0.062108370744579186,2118
4938,36,145.71,127,2023-07-11,SMB,Australia,0,0.0011445654345654346,-0.07492013902385342,4671
4939,73,2245.13,11,2020-02-20,B2B,India,1,0.003241888111888112,-0.03403970348791009,592
4940,31,921.25,91,2025-11-19,B2C,France,0,0.0019193306693306694,-0.0598186286183388,1839
4941,33,126.04,22,2026-06-19,SMB,France,0,0.001124915084915085,-0.07530315822296174,4769
4942,32,840.25,45,2026-05-03,Enterprise,Singapore,0,0.0018384115884115884,-0.061395881039679655,2011
4943,53,1042.47,75,2022-07-06,B2B,UK,0,0.0020404295704295706,-0.057458202216919815,1608
4944,35,2055.94,121,2023-10-17,B2C,Singapore,0,0.003052887112887113,-0.03772365886560732,662
4945,57,1017.72,190,2025-10-27,B2C,UK,0,0.002015704295704296,-0.05794014045677397,1658
4946,54,30.91,21,2025-11-12,B2C,UK,0,0.0010298801198801199,-0.07715555356669206,4985
4947,48,75.5,54,2021-01-25,Enterprise,UK,1,0.0010744255744255743,-0.07628728584486996,4917
4948,66,1066.92,164,2024-11-07,B2C,UK,0,0.002064855144855145,-0.05698210565270026,1573
4949,57,100.05,196,2022-10-15,SMB,Singapore,0,0.0010989510489510489,-0.07580924205543887,4852
4950,30,18299.37,145,2025-05-27,Enterprise,Canada,0,0.01928008991008991,0.2785725053119311,21
4951,26,824.29,2,2023-11-17,SMB,Canada,0,0.0018224675324675324,-0.06170665818344015,2062
4952,73,1168.77,125,2024-04-25,B2C,Germany,0,0.0021666033966033964,-0.05499885677475501,1422
4953,63,382.38,148,2021-08-31,Enterprise,USA,0,0.0013809990009990012,-0.07031164111572083,3558
4954,66,792.41,183,2026-04-05,SMB,UAE,0,0.0017906193806193804,-0.06232743358087652,2149
4955,71,8169.04,11,2020-08-11,Enterprise,Canada,1,0.00915988011988012,0.08131216554055014,45
4956,55,513.41,98,2020-02-17,Enterprise,Japan,0,0.0015118981018981017,-0.06776019192105057,3006
4957,24,1182.24,66,2021-10-04,SMB,Canada,1,0.00218005994005994,-0.054736565538761654,1409
4958,50,1456.95,116,2025-09-01,B2C,Singapore,0,0.0024544955044955045,-0.04938734316016233,1098
4959,41,249.51,123,2025-04-06,SMB,Japan,0,0.0012482617382617383,-0.0728989192542833,4153
4960,53,748.56,173,2025-07-23,Enterprise,UAE,1,0.0017468131868131867,-0.06318129183613326,2250
4961,44,923.75,52,2021-11-08,B2C,Germany,0,0.001921828171828172,-0.059769947988050506,1831
4962,69,2512.31,121,2020-11-02,Enterprise,Singapore,0,0.003508801198801199,-0.028837107167739122,494
4963,60,425.99,25,2025-07-06,SMB,Germany,0,0.0014245654345654347,-0.06946245620097176,3380
4964,27,123.22,141,2023-08-06,B2B,France,0,0.001122097902097902,-0.07535806997392694,4778
4965,30,2721.2,145,2022-09-13,B2B,Japan,0,0.003717482517482517,-0.02476954842337011,426
4966,69,771.87,32,2023-09-17,B2B,Canada,0,0.0017700999000999,-0.06272739363932518,2200
4967,78,1426.66,56,2023-02-13,SMB,Singapore,0,0.002424235764235764,-0.04997715767673535,1130
4968,39,1272.16,47,2020-07-25,Enterprise,India,1,0.0022698901098901097,-0.05298562062855215,1305
4969,62,4406.01,118,2025-09-07,Enterprise,Australia,0,0.005400609390609391,0.008037496663040747,166
4970,71,946.65,142,2022-07-01,B2B,USA,0,0.0019447052947052948,-0.05932403341460969,1791
4971,23,2028.35,187,2026-03-04,SMB,Singapore,0,0.0030253246753246753,-0.038260898301468976,682
4972,67,1102.45,149,2024-03-30,B2B,Japan,0,0.00210034965034965,-0.056290256535042965,1520
4973,38,682.43,161,2024-07-09,B2B,France,0,0.0016807492507492506,-0.06446899186851933,2449
4974,44,4404.13,187,2022-08-20,B2C,Japan,0,0.0053987312687312685,0.008000888829063945,167
4975,61,2310.98,144,2020-11-18,B2B,Japan,0,0.003307672327672328,-0.03275745568611633,562
4976,51,328.05,112,2025-02-23,SMB,USA,0,0.0013267232767232766,-0.07136956857314611,3799
4977,23,870.81,86,2024-12-24,Enterprise,Germany,0,0.001868941058941059,-0.0608008090150355,1935
4978,24,708.16,139,2026-06-05,B2B,Japan,0,0.0017064535464535464,-0.06396797082159215,2376
4979,71,619.31,123,2025-01-09,SMB,Canada,0,0.0016176923076923076,-0.06569808042203827,2633
4980,52,1102.9,149,2020-12-26,Enterprise,Singapore,0,0.002100799200799201,-0.05628149402159108,1519
4981,47,948.27,147,2025-08-03,B2C,USA,0,0.0019463236763236763,-0.05929248836618288,1789
4982,28,164.74,167,2025-01-05,SMB,Japan,0,0.0011635764235764237,-0.07454958206609888,4586
4983,79,472.91,15,2023-07-18,B2C,USA,0,0.0014714385614385615,-0.06854881813172099,3159
4984,47,514.01,52,2021-05-01,B2C,Canada,0,0.0015124975024975024,-0.06774850856978137,3002
4985,75,362.25,31,2025-07-30,B2C,France,0,0.001360889110889111,-0.0707036175508022,3642
4986,75,226.53,123,2020-03-13,B2C,Japan,0,0.0012253046953046953,-0.07334639160789332,4281
4987,38,432.92,170,2021-02-24,B2B,Germany,0,0.0014314885114885116,-0.0693275134938126,3339
4988,58,498.52,62,2024-07-10,SMB,Japan,0,0.001497022977022977,-0.06805013375504766,3058
4989,63,620.29,187,2024-08-15,Enterprise,UAE,0,0.0016186713286713286,-0.06567899761496525,2629
4990,28,372.54,177,2020-05-26,B2B,Canada,1,0.0013711688311688311,-0.07050324807653557,3593
4991,0,666.95,159,2026-04-01,Enterprise,UAE,1,0.0016652847152847153,-0.06477042233126445,2504
4992,36,84.48,50,2026-02-27,Enterprise,Germany,1,0.0010833966033966034,-0.0761124250208744,4893
4993,64,424.95,27,2020-01-01,Enterprise,Canada,0,0.0014235264735264735,-0.06948270734317169,3390
4994,42,2644.49,7,2021-01-07,Enterprise,UK,1,0.0036408491508491507,-0.026263264883136243,456
4995,49,629.66,78,2023-06-01,Enterprise,Singapore,1,0.0016280319680319678,-0.06549654261264472,2599
4996,44,485.91,191,2025-09-13,B2C,USA,0,0.0014844255744255745,-0.06829567885422184,3106
4997,63,644.35,1,2026-04-22,B2B,UAE,0,0.0016427072927072926,-0.06521049522907067,2556
4998,29,5126.4,145,2022-04-27,Enterprise,USA,0,0.00612027972027972,0.022065112364395494,121
4999,30,2382.12,65,2025-02-11,B2C,Canada,0,0.0033787412587412587,-0.031372199670632525,534
5000,22,752.57,61,2023-10-28,Enterprise,UAE,1,0.001750819180819181,-0.06310320810515083,2242
5001,29,395.26,146,2024-01-28,Enterprise,Australia,1,0.0013938661338661338,-0.07006083850847553,3507
5002,66,329.9,45,2020-08-10,B2C,Germany,0,0.0013285714285714287,-0.07133354490673277,3789
5003,43,1310.51,173,2022-07-02,SMB,Germany,0,0.0023082017982017982,-0.05223885975992967,1259
5004,68,1089.11,82,2025-02-04,Enterprise,Australia,0,0.002087022977022977,-0.05655001637826133,1537
5005,52,558.09,20,2023-09-21,B2B,UAE,0,0.0015565334665334667,-0.0668901716965381,2825
5006,35,2443.75,186,2026-04-13,B2C,Japan,0,0.0034403096903096904,-0.030172124772765402,515
5007,35,502.99,50,2025-04-21,SMB,Australia,0,0.0015014885114885115,-0.06796309278809218,3046
5008,58,292.16,166,2024-01-28,SMB,UK,1,0.001290869130869131,-0.07206842770156492,3956
5009,79,727.07,141,2025-01-27,B2C,France,0,0.0017253446553446555,-0.06359975053409148,2316
5010,20,108.76,125,2021-04-12,SMB,Germany,0,0.0011076523476523477,-0.07563963873951444,4826
5011,43,1025.56,168,2021-02-03,SMB,Singapore,1,0.0020235364635364634,-0.057787478000189865,1637
5012,60,234.05,178,2022-06-27,B2B,UK,1,0.0012328171828171828,-0.07319996027198611,4244
5013,79,830.16,193,2020-01-09,Enterprise,Singapore,0,0.001828331668331668,-0.06159235606352322,2045
5014,69,3573.09,33,2023-10-30,SMB,UAE,1,0.004568521478521478,-0.008181331568850876,252
5015,65,572.47,64,2023-12-25,B2B,Germany,0,0.0015708991008991009,-0.06661016071111982,2775
5016,32,1073.54,172,2023-04-10,B2B,Canada,0,0.0020714685314685314,-0.05685319934369685,1562
5017,55,363.46,110,2026-02-21,Enterprise,India,0,0.001362097902097902,-0.07068005612574267,3638
5018,43,1649.17,165,2025-11-08,B2C,Canada,0,0.0026465234765234765,-0.04564438685855569,938
5019,58,833.78,12,2024-03-11,B2C,India,0,0.0018319480519480519,-0.06152186651086576,2033
5020,18,436.84,85,2021-03-11,Enterprise,USA,1,0.0014354045954045954,-0.06925118226552054,3322
5021,31,106.82,66,2020-07-06,SMB,India,0,0.0011057142857142856,-0.07567741490861817,4831
5022,68,804.43,6,2021-11-03,SMB,UK,0,0.0018026273726273725,-0.06209337711045039,2115
5023,52,425.33,64,2025-07-09,Enterprise,UAE,0,0.0014239060939060938,-0.06947530788736787,3385
5024,71,3074.56,2,2021-07-29,B2B,UAE,1,0.00407048951048951,-0.017888833415900935,343
5025,26,85.9,123,2024-08-03,Enterprise,Canada,0,0.001084815184815185,-0.07608477442287065,4888
5026,44,1703.98,178,2021-03-14,B2C,Canada,0,0.0027012787212787213,-0.044577112720115046,901
5027,58,780.1,64,2022-11-07,B2B,Singapore,1,0.0017783216783216781,-0.0625671370044161,2183
5028,49,465.35,102,2022-03-13,B2C,France,0,0.0014638861138861138,-0.0686960283577128,3188
5029,22,3401.36,17,2022-02-07,B2C,Japan,1,0.004396963036963038,-0.011525301424614633,284
5030,74,1712.46,197,2021-05-09,B2B,India,0,0.00270975024975025,-0.04441198802217714,891
5031,79,293.62,10,2024-05-28,Enterprise,Germany,0,0.0012923276723276723,-0.07203999821347656,3950
5032,49,242.21,75,2022-06-02,B2C,Australia,0,0.001240969030969031,-0.07304106669472511,4196
5033,48,1640.48,127,2025-02-15,B2C,Germany,1,0.002637842157842158,-0.04581360072943781,943
5034,23,1896.73,118,2022-02-19,Enterprise,USA,0,0.0028938361638361637,-0.04082383612488728,759
5035,70,373.15,168,2023-10-16,SMB,USA,0,0.0013717782217782218,-0.07049137000274522,3588
5036,73,1899.01,159,2021-03-17,SMB,USA,0,0.0028961138861138863,-0.040779439390064356,758
5037,48,3368.28,195,2024-08-24,Enterprise,Canada,0,0.004363916083916085,-0.01216944352458939,289
5038,48,1191.44,159,2020-07-09,Enterprise,Singapore,0,0.0021892507492507493,-0.05455742081930072,1398
5039,61,1317.65,123,2021-05-19,Enterprise,USA,0,0.0023153346653346655,-0.05209982787982629,1247
5040,79,3490.93,49,2025-01-19,SMB,Japan,0,0.004486443556443557,-0.009781171802645504,266
5041,77,679.19,151,2025-02-16,B2C,USA,0,0.0016775124875124876,-0.06453208196537295,2461
5042,56,1210.98,24,2025-08-27,B2B,Canada,1,0.002208771228771229,-0.05417693301296739,1373
5043,24,515.37,64,2021-07-05,B2B,India,0,0.0015138561438561438,-0.06772202630690453,2995
5044,69,560.53,54,2025-08-05,B2B,Australia,0,0.0015589710289710288,-0.06684265940137672,2813
5045,27,903.61,81,2020-01-18,B2B,Australia,0,0.0019017082917082919,-0.06016211914565303,1870
5046,65,213.39,72,2025-12-12,Enterprise,Singapore,1,0.001212177822177822,-0.07360225700068862,4346
5047,66,2031.27,98,2020-07-17,SMB,Canada,0,0.003028241758241758,-0.03820403932529225,681
5048,78,1342.56,61,2026-03-16,B2C,France,1,0.00234021978021978,-0.05161477407963369,1222
5049,48,1000000.0,121,2024-11-07,Enterprise,UAE,1,1.0,19.39449467443957,8
5050,62,156.23,15,2025-06-01,SMB,USA,0,0.0011550749250749252,-0.07471529093160026,4616
5051,22,432.67,145,2025-09-13,B2B,UK,1,0.0014312387612387613,-0.06933238155684143,3342
5052,49,953.57,86,2021-12-26,B2B,UAE,0,0.0019516183816183819,-0.059189285429971684,1778
5053,31,433.89,5,2026-06-27,B2B,Singapore,0,0.0014324575424575423,-0.06930862540926075,3335
5054,58,1351.26,166,2021-12-12,Enterprise,Australia,0,0.002348911088911089,-0.05144536548623042,1213
5055,31,144.59,157,2021-06-09,Enterprise,Germany,0,0.0011434465534465533,-0.07494194794622257,4676
5056,25,532.05,198,2021-02-28,SMB,India,0,0.0015305194805194805,-0.06739722914162102,2934
5057,37,1019.24,11,2024-05-05,B2C,UAE,1,0.0020172227772227774,-0.05791054263355867,1651
5058,59,367.55,26,2023-08-11,Enterprise,Germany,0,0.001366183816183816,-0.070600414614591,3622
5059,58,354.07,104,2025-08-26,B2B,Japan,0,0.0013527172827172826,-0.07086290057310551,3684
5060,71,1918.62,57,2024-04-24,B2C,USA,0,0.0029157042957042956,-0.040397588526082946,745
5061,56,890.45,72,2024-09-10,B2C,UAE,0,0.0018885614385614387,-0.06041837398349063,1903
5062,27,1281.17,161,2022-10-13,SMB,Japan,1,0.002278891108891109,-0.05281017563699313,1292
5063,27,2196.33,48,2023-01-25,SMB,Australia,0,0.0031931368631368633,-0.03498994939113767,611
5064,75,721.2,72,2024-06-17,B2C,UAE,0,0.0017194805194805196,-0.0637140526540084,2335
5065,25,856.63,160,2023-11-05,B2C,Germany,0,0.0018547752247752248,-0.06107692555003072,1967
5066,34,1739.06,116,2023-04-19,SMB,France,0,0.0027363236763236765,-0.04389402611590965,865
5067,69,3742.46,152,2025-01-28,Enterprise,India,0,0.004737722277722278,-0.004883316228079275,225
5068,55,1462.98,83,2021-06-30,B2C,USA,0,0.0024605194805194805,-0.04926992547990696,1090
5069,69,4360.51,163,2021-07-19,B2C,India,0,0.005355154845154845,0.007151509191793727,171
5070,68,3441.2,185,2024-08-17,B2C,Japan,0,0.0044367632367632364,-0.010749526900340324,273
5071,30,126.31,151,2025-09-29,B2B,Singapore,0,0.001125184815184815,-0.0752979007148906,4768
5072,54,1663.73,96,2023-05-09,B2B,Australia,0,0.002661068931068931,-0.04536087086775664,927
5073,53,324.19,47,2026-02-21,Enterprise,UAE,0,0.001322867132867133,-0.07144473146631125,3813
5074,38,2406.52,126,2023-07-09,SMB,Japan,0,0.0034031168831168833,-0.030897076719018736,527
5075,61,2474.15,89,2026-03-17,Enterprise,UK,0,0.0034706793206793207,-0.0295801683084597,505
5076,64,1566.46,145,2022-06-09,Enterprise,USA,0,0.002563896103896104,-0.047254936831013734,1009
5077,19,145.31,193,2022-04-02,Enterprise,UK,0,0.0011441658341658342,-0.07492792792469954,4673
5078,47,919.68,120,2022-05-08,B2B,Australia,0,0.0019177622377622376,-0.059849200054159855,1842
5079,64,2359.66,115,2023-04-05,SMB,India,0,0.0033563036963036963,-0.031809546453142594,539
5080,36,910.24,169,2023-11-15,SMB,USA,0,0.0019083316683316683,-0.06003301811412846,1857
5081,78,839.17,55,2021-06-27,Enterprise,UAE,1,0.0018373326673326673,-0.061416911071964196,2016
5082,57,359.34,170,2021-12-29,Enterprise,UAE,0,0.001357982017982018,-0.07076028180445779,3659
5083,32,895.62,39,2025-08-25,B2C,Australia,0,0.0018937262737262737,-0.06031770244005443,1891
5084,41,302.2,112,2026-01-31,SMB,UAE,0,0.001300899100899101,-0.07187292629032713,3911
5085,59,1177.65,170,2023-08-13,B2B,UAE,0,0.0021754745254745256,-0.05482594317597097,1415
5086,30,481.42,17,2021-04-17,B2B,Singapore,0,0.00147994005994006,-0.06838310926621961,3124
5087,41,133.73,172,2023-12-13,Enterprise,Germany,0,0.0011325974025974026,-0.07515341660419493,4736
5088,68,156.0,145,2026-04-22,SMB,Canada,0,0.0011548451548451548,-0.07471976954958678,4619
5089,18,658.81,119,2025-05-21,B2B,France,0,0.001657152847152847,-0.06492892646348315,2521
5090,60,409.21,156,2026-05-26,B2C,India,0,0.001407802197802198,-0.06978920059146682,3449
5091,35,1421.36,25,2024-09-05,B2C,Canada,0,0.0024189410589410586,-0.05008036061294654,1136
5092,68,748.18,146,2025-12-26,B2C,UAE,1,0.0017464335664335662,-0.06318869129193709,2251
5093,35,3004.47,167,2023-03-17,Enterprise,UK,0,0.004000469530469531,-0.019253643566663654,355
5094,68,4169.52,95,2024-09-26,SMB,UAE,0,0.005164355644355645,0.0034325037602889277,183
5095,56,1511.32,104,2020-02-22,B2B,Australia,0,0.0025088111888111886,-0.04832863681265243,1044
5096,54,1307.11,111,2025-11-11,SMB,UK,0,0.0023048051948051946,-0.05230506541712175,1262
5097,63,193.45,39,2021-03-12,B2B,Australia,1,0.0011922577422577422,-0.07399053370786808,4461
5098,76,593.27,177,2020-04-13,Enterprise,Australia,0,0.0015916783216783216,-0.06620513786712118,2712
5099,28,540.2,165,2024-04-09,SMB,Germany,0,0.0015386613386613388,-0.06723853028688116,2905
5100,45,829.57,14,2021-08-18,B2B,Singapore,0,0.001827742257742258,-0.06160384469227126,2047
5101,28,650.71,67,2020-08-05,SMB,Singapore,0,0.0016490609390609392,-0.06508665170561724,2543
5102,70,718.19,53,2020-08-19,B2C,Australia,0,0.0017164735264735265,-0.06377266413287551,2347
5103,49,724.69,136,2022-03-29,SMB,Australia,0,0.0017229670329670331,-0.06364609449412593,2323
5104,51,805.87,30,2022-12-29,Enterprise,UK,0,0.0018040659340659339,-0.06206533706740432,2111
5105,74,2024.46,101,2021-10-21,B2B,USA,0,0.0030214385614385614,-0.038336645362197566,685
5106,58,1303.57,67,2023-03-19,B2B,India,0,0.002301268731268731,-0.052373997189609986,1266
5107,18,405.69,125,2022-10-23,SMB,India,0,0.0014042857142857143,-0.06985774291891274,3466
5108,32,191.74,197,2021-08-22,Enterprise,UAE,0,0.0011905494505494506,-0.07402383125898526,4469
5109,41,206.16,1,2020-09-11,SMB,Germany,0,0.001204955044955045,-0.07374304138348237,4384
5110,57,466.93,123,2023-04-23,Enterprise,Singapore,0,0.0014654645354645354,-0.0686652621993706,3182
5111,74,3301.05,86,2022-04-15,Enterprise,UAE,0,0.004296753246753247,-0.013478563034302296,298
5112,79,987.01,127,2026-01-25,B2B,France,0,0.001985024975024975,-0.05853813331923542,1725
5113,19,1557.83,164,2020-05-12,B2C,Canada,0,0.002555274725274725,-0.047422982366768944,1014
5114,23,261.89,185,2024-01-09,SMB,Germany,1,0.0012606293706293706,-0.07265785277309564,4091
5115,19,425.11,107,2025-01-27,B2B,Canada,0,0.0014236863136863139,-0.06947959178283324,3389
5116,34,1138.49,174,2021-02-23,SMB,UK,0,0.002136353646353646,-0.05558847656880687,1469
5117,24,699.27,126,2026-04-20,B2C,Australia,0,0.0016975724275724276,-0.06414107914289735,2406
5118,20,1656.13,44,2022-07-07,B2B,USA,0,0.0026534765234765235,-0.04550885998383306,931
5119,41,425.11,10,2026-04-17,Enterprise,Australia,1,0.0014236863136863139,-0.06947959178283324,3388
5120,68,1458.63,136,2024-05-11,Enterprise,Australia,0,0.0024561738261738263,-0.049354629776608594,1095
5121,79,121.39,56,2022-08-31,B2B,UK,0,0.0011202697302697304,-0.07539370419529798,4784
5122,29,1276.01,145,2025-09-23,B2B,France,0,0.002273736263736264,-0.052910652457908186,1297
5123,35,7946.42,56,2023-03-24,Enterprise,Japan,0,0.008937482517482517,0.0769772527746378,49
5124,73,1017.9,75,2020-07-11,Enterprise,Singapore,1,0.002015884115884116,-0.0579366354513932,1656
5125,25,2091.58,53,2024-04-11,SMB,Singapore,0,0.0030884915084915085,-0.037029667800217346,652
5126,61,322.4,11,2024-05-06,B2B,India,1,0.001321078921078921,-0.07147958679759767,3822
5127,78,2044.42,154,2024-09-02,B2B,Germany,0,0.0030413786213786213,-0.03794797920997579,668
5128,43,258.85,56,2023-07-04,B2B,India,0,0.0012575924075924076,-0.07271704841952621,4106
5129,18,1114.45,96,2026-03-11,B2B,France,0,0.0021123376623376623,-0.05605658950965914,1507
5130,18,2260.63,81,2020-08-08,B2B,India,0,0.0032573726273726275,-0.03373788358012264,582
5131,77,200.68,114,2020-02-23,Enterprise,Canada,0,0.0011994805194805195,-0.07384974932507432,4424
5132,59,285.28,96,2022-10-26,SMB,Singapore,0,0.001283996003996004,-0.07220239679611831,3975
5133,20,197.44,6,2022-04-11,Enterprise,UAE,0,0.0011962437562437562,-0.07391283942192794,4445
5134,59,84.69,103,2024-12-19,B2C,Germany,0,0.0010836063936063938,-0.07610833584793018,4892
5135,21,3586.22,13,2022-07-12,B2C,Japan,1,0.004581638361638361,-0.007925660898576742,250
5136,41,1628.85,79,2024-02-15,Enterprise,France,0,0.0026262237762237762,-0.04604006302153898,957
5137,29,269.2,119,2026-02-16,B2C,Germany,0,0.001267932067932068,-0.07251551061013266,4053
5138,31,497.59,193,2022-03-15,Enterprise,USA,0,0.001496093906093906,-0.06806824294951491,3064
5139,57,89.59,190,2022-03-03,B2B,UK,0,0.0010885014985014985,-0.07601292181256512,4876
5140,41,276.83,52,2023-04-19,Enterprise,Japan,0,0.0012755544455544455,-0.07236693732649277,4019
5141,47,2548.49,178,2025-01-12,Enterprise,UK,0,0.003544945054945055,-0.02813260108620688,483
5142,56,77.47,79,2021-12-27,SMB,India,0,0.0010763936063936065,-0.0762489255082028,4913
5143,50,155.51,154,2020-11-01,B2C,Japan,1,0.0011543556443556443,-0.07472931095312328,4622
5144,66,833.31,153,2022-02-04,Enterprise,USA,0,0.0018314785214785215,-0.06153101846935997,2034
5145,38,1422.75,160,2021-12-12,SMB,USA,0,0.0024203296703296704,-0.05005329418250625,1134
5146,32,252.06,165,2025-10-05,B2B,UAE,0,0.0012508091908091908,-0.07284926501138922,4140
5147,77,228.47,175,2021-05-03,B2B,UK,0,0.0012272427572427573,-0.07330861543878961,4272
5148,64,385.34,45,2024-03-25,SMB,UK,0,0.0013839560439560439,-0.07025400324945948,3545
5149,49,428.54,189,2020-06-15,B2B,UK,0,0.0014271128871128872,-0.0694128019580777,3370
5150,54,31.82,71,2024-10-21,B2C,Australia,0,0.0010307892107892108,-0.0771378338172671,4983
5151,70,570.43,93,2023-02-17,SMB,Germany,0,0.0015688611388611387,-0.06664988410543507,2780
5152,48,162.44,55,2026-03-29,B2C,USA,0,0.0011612787212787214,-0.07459436824596412,4600
5153,18,329.96,161,2022-12-18,Enterprise,Germany,0,0.0013286313686313687,-0.07133237657160586,3788
5154,68,1128.35,116,2021-06-16,B2C,UK,0,0.0021262237762237762,-0.05578592520525621,1482
5155,50,307.67,165,2021-10-21,B2B,Canada,1,0.0013063636363636365,-0.07176641307125632,3887
5156,51,506.04,118,2022-11-10,B2C,France,0,0.0015045354645354646,-0.06790370241914047,3035
5157,60,474.06,191,2020-01-24,B2C,Germany,0,0.0014725874125874126,-0.06852642504178837,3154
5158,79,160.26,87,2023-09-15,Enterprise,India,0,0.0011591008991008991,-0.07463681775557553,4604
5159,61,676.92,20,2025-03-25,Enterprise,Canada,0,0.0016752447552447554,-0.06457628397767473,2466
5160,28,1341.5,145,2021-09-26,B2B,Germany,0,0.002339160839160839,-0.051635414666875934,1224
5161,57,1427.65,39,2020-06-12,SMB,Japan,0,0.002425224775224775,-0.049957880147141184,1129
5162,69,410.67,127,2021-09-21,B2B,Germany,0,0.0014092607392607393,-0.06976077110337844,3444
5163,53,298.38,17,2023-08-14,B2C,Canada,1,0.0012970829170829172,-0.07194731029340763,3929
5164,70,811.21,182,2020-07-27,B2B,Australia,0,0.0018094005994005995,-0.06196135524110852,2096
5165,51,5722.4,129,2023-05-18,SMB,Australia,0,0.006715684315684315,0.03367057462512571,99
5166,26,1136.21,154,2025-07-02,Enterprise,USA,0,0.0021340759240759243,-0.055632873303629794,1473
5167,48,689.53,130,2026-06-03,Enterprise,Singapore,0,0.001687842157842158,-0.06433073887850055,2437
5168,46,468.83,173,2026-03-03,B2C,Germany,0,0.0014673626373626373,-0.06862826492035148,3178
5169,30,339.62,179,2024-01-06,B2B,India,0,0.0013382817182817182,-0.07114427461617188,3752
5170,27,78.94,12,2020-10-25,B2B,Japan,0,0.001077862137862138,-0.07622030129759327,4909
5171,26,670.01,10,2023-07-25,Enterprise,UK,0,0.0016683416583416584,-0.06471083723979158,2489
5172,62,246.8,13,2025-11-22,Enterprise,Japan,0,0.0012455544455544456,-0.0729516890575158,4169
5173,20,558.12,167,2022-06-19,B2B,India,0,0.0015565634365634364,-0.06688958752897464,2824
5174,66,931.98,25,2022-01-23,B2B,Canada,1,0.00193004995004995,-0.059609691353141425,1819
5175,35,3120.26,114,2025-11-02,Enterprise,Japan,0,0.004116143856143856,-0.016998951494230842,333
5176,76,196.57,37,2020-10-06,Enterprise,USA,1,0.0011953746253746253,-0.07392978028126827,4449
5177,44,276.81,182,2025-08-31,B2B,UK,0,0.0012755344655344654,-0.07236732677153507,4020
5178,49,1943.58,184,2021-10-14,SMB,France,0,0.0029406393606393605,-0.03991156111328458,733
5179,25,275.91,64,2024-08-30,B2B,USA,1,0.0012746353646353647,-0.07238485179843886,4023
5180,73,462.13,70,2026-02-02,B2B,Canada,0,0.0014606693306693308,-0.06875872900952412,3209
5181,30,215.72,64,2026-01-08,B2B,UAE,0,0.0012145054945054946,-0.07355688665325992,4332
5182,-5,2510.86,27,2024-07-10,Enterprise,Australia,0,0.0035073526473526477,-0.02886534193330633,495
5183,43,948.52,78,2021-01-11,SMB,India,0,0.0019465734265734266,-0.05928762030315405,1788
5184,33,255.44,182,2023-12-02,B2C,Singapore,0,0.0012541858141858141,-0.07278344879923944,4127
5185,38,2289.79,123,2022-06-25,Enterprise,India,1,0.0032865034965034964,-0.03317007270843994,571
5186,63,3349.57,155,2022-05-23,SMB,UK,0,0.004345224775224775,-0.01253376936166701,292
5187,42,171.55,100,2023-09-21,B2C,India,0,0.0011703796203796203,-0.07441697602919356,4552
5188,77,1971.88,7,2023-09-18,B2C,USA,0,0.002968911088911089,-0.039360496378421046,714
5189,62,824.69,173,2024-01-17,SMB,France,0,0.001822867132867133,-0.061698869282594014,2060
5190,76,139.99,109,2023-04-17,Enterprise,India,0,0.0011388511488511488,-0.07503152030595303,4697
5191,21,609.24,198,2022-06-13,B2B,Canada,0,0.0016076323676323676,-0.06589416600083953,2661
5192,50,794.78,159,2025-12-12,SMB,Canada,0,0.001792987012987013,-0.06228128434336321,2142
5193,47,105.73,199,2025-04-29,B2B,Germany,0,0.0011046253746253747,-0.07569863966342387,4839
5194,48,5966.17,13,2026-04-18,Enterprise,USA,1,0.006959210789210789,0.03841732552327706,89
5195,50,361.98,113,2020-02-06,Enterprise,Germany,0,0.0013606193806193806,-0.07070887505887334,3643
5196,23,1013.22,22,2021-04-14,Enterprise,Germany,0,0.002011208791208791,-0.058027765591292906,1670
5197,32,609.94,15,2023-11-18,B2C,Japan,0,0.0016083316683316684,-0.0658805354243588,2658
5198,32,506.21,171,2024-12-30,Enterprise,Japan,1,0.0015047052947052947,-0.06790039213628087,3033
5199,56,371.24,114,2022-09-11,B2C,Singapore,1,0.0013698701298701299,-0.07052856200428548,3600
5200,48,748.78,95,2022-09-25,B2C,Canada,0,0.001747032967032967,-0.06317700794066788,2249
5201,26,221.9,85,2020-06-12,B2B,Canada,0,0.0012206793206793207,-0.07343654813518724,4301
5202,77,667.06,129,2023-08-07,B2C,UK,0,0.0016653946053946053,-0.06476828038353177,2503
5203,49,136.39,43,2024-04-11,B2C,Japan,0,0.001135254745254745,-0.07510162041356819,4724
5204,62,1632.7,63,2021-04-09,Enterprise,UK,0,0.00263006993006993,-0.04596509485089499,952
5205,55,371.06,29,2024-04-29,B2C,Canada,1,0.0013696903096903097,-0.07053206700966624,3601
5206,59,559.64,193,2022-11-16,Enterprise,Canada,1,0.001558081918081918,-0.06685998970575936,2816
5207,38,1104.51,126,2026-01-21,Enterprise,Japan,0,0.0021024075924075927,-0.05625014369568542,1518
5208,70,2601.37,92,2023-03-04,B2C,Canada,1,0.0035977722277722277,-0.027102908394348802,469
5209,29,4051.3,122,2020-04-11,B2B,Singapore,0,0.005046253746253747,0.0011304941152158934,196
5210,52,1689.68,167,2025-10-18,B2C,France,0,0.0026869930069930072,-0.04485556592536411,914
5211,32,197.94,8,2024-03-15,B2B,USA,0,0.0011967432567432568,-0.0739031032958703,4444
5212,69,2549.46,52,2025-10-07,B2B,France,0,0.003545914085914086,-0.028113713001655015,482
5213,60,258.43,35,2025-09-14,B2B,India,0,0.0012571728271728272,-0.07272522676541464,4110
5214,45,232.08,177,2024-12-30,SMB,Australia,0,0.0012308491508491509,-0.0732383206086533,4254
5215,49,423.32,151,2025-06-16,SMB,Japan,0,0.001421898101898102,-0.06951444711411967,3394
5216,68,1018.11,180,2020-06-28,B2C,UK,0,0.002016093906093906,-0.05793254627844899,1655
5217,43,6855.15,128,2023-04-29,Enterprise,India,1,0.007847302697302697,0.05572776820875347,67
5218,79,520.24,136,2022-02-27,B2C,India,0,0.0015187212787212787,-0.06762719643910292,2975
5219,27,11311.52,162,2023-08-05,Enterprise,Japan,0,0.01229922077922078,0.14250332836789828,30
5220,58,1576.55,184,2025-10-05,SMB,Japan,1,0.0025739760239760242,-0.047058461807170174,999
5221,40,414.9,114,2020-12-03,Enterprise,Australia,0,0.0014134865134865135,-0.06967840347693065,3430
5222,18,1699.27,192,2021-01-28,B2B,UK,0,0.0026965734265734266,-0.0446688270275782,905
5223,33,243.34,91,2021-11-16,B2B,Japan,0,0.001242097902097902,-0.0730190630498348,4189
5224,76,418.27,82,2026-01-12,B2C,Singapore,0,0.0014168531468531469,-0.06961278198730203,3419
5225,38,305.95,129,2025-12-24,B2B,UAE,0,0.0013046453546453546,-0.07179990534489468,3894
5226,64,1292.17,96,2020-01-31,B2B,Germany,0,0.00228988011988012,-0.05259598086372462,1277
5227,34,2143.15,84,2020-09-25,B2C,India,0,0.0031400099900099902,-0.036025483758630336,630
5228,37,710.02,68,2022-05-13,B2C,USA,0,0.0017083116883116884,-0.06393175243265767,2369
5229,43,504.59,168,2022-05-23,Enterprise,UAE,0,0.001503086913086913,-0.06793193718470768,3041
5230,34,523.67,157,2024-10-03,B2C,Germany,0,0.0015221478521478522,-0.06756040661434738,2965
5231,42,106.51,133,2021-03-01,B2C,India,0,0.0011054045954045954,-0.07568345130677392,4834
5232,42,442.47,164,2022-04-22,B2C,Singapore,0,0.001441028971028971,-0.06914155348611131,3302
5233,21,716.3,153,2026-01-11,SMB,Germany,1,0.0017145854145854146,-0.06380946668937347,2353
5234,45,5961.82,198,2024-11-17,B2C,France,0,0.006954865134865135,0.038332621226575415,90
5235,18,205.78,124,2020-10-22,B2C,Singapore,0,0.0012045754245754246,-0.07375044083928618,4389
5236,78,921.6,81,2021-09-21,Enterprise,UK,0,0.0019196803196803195,-0.05981181333009844,1838
5237,31,175.8,158,2020-04-07,Enterprise,Germany,0,0.0011746253746253747,-0.07433421895770345,4531
5238,39,991.75,39,2025-02-23,B2C,UAE,0,0.0019897602397602396,-0.0584458348442088,1715
5239,31,921.77,24,2023-09-20,B2C,Australia,0,0.00191985014985015,-0.05980850304723884,1836
5240,32,2213.57,4,2020-06-04,B2B,Singapore,0,0.0032103596403596406,-0.03465424776466956,605
5241,22,732.26,3,2020-12-24,SMB,France,0,0.0017305294705294706,-0.06349868954561297,2300
5242,32,770.07,159,2020-10-27,B2B,Germany,0,0.0017683016983016985,-0.06276244369313275,2202
5243,69,1013.87,145,2020-08-10,Enterprise,France,0,0.0020118581418581416,-0.05801510862741795,1668
5244,61,528.89,187,2021-12-30,SMB,USA,0,0.0015273626373626373,-0.06745876145830543,2946
5245,64,789.9,191,2022-10-28,B2C,India,0,0.0017881118881118883,-0.06237630893368597,2157
5246,51,639.2,136,2026-04-04,B2B,Germany,0,0.0016375624375624376,-0.06531077732746456,2570
5247,46,249.75,153,2020-10-15,SMB,USA,0,0.0012485014985014985,-0.07289424591377561,4152
5248,39,1291.88,139,2026-06-13,B2B,Japan,1,0.0022895904095904095,-0.05260162781683807,1278
5249,33,3423.36,154,2022-07-21,SMB,USA,0,0.0044189410589410595,-0.011096911878077612,276
5250,24,236.32,158,2022-11-25,SMB,USA,0,0.001235084915084915,-0.07315575825968434,4235
5251,18,961.25,190,2024-07-27,SMB,Australia,0,0.0019592907092907093,-0.05903973853372604,1766
5252,68,2668.13,138,2024-05-08,Enterprise,Australia,1,0.0036644655344655348,-0.02580294084313009,444
5253,24,583.92,137,2025-01-21,Enterprise,Germany,0,0.0015823376623376624,-0.06638720342439941,2736
5254,59,3653.09,196,2024-07-14,B2B,UK,0,0.004648441558441558,-0.006623551399625344,243
5255,39,1802.05,5,2024-11-08,B2B,Germany,0,0.0027992507492507496,-0.042667468955165704,821
5256,67,233.78,101,2023-07-19,B2B,Singapore,0,0.0012325474525474525,-0.07320521778005724,4245
5257,25,390.88,118,2020-03-10,B2B,UAE,0,0.0013894905094905096,-0.07014612697274061,3524
5258,55,1714.98,16,2024-05-14,B2C,USA,0,0.002712267732267732,-0.04436291794684653,889
5259,18,103.78,77,2021-04-29,Enterprise,France,0,0.0011026773226773226,-0.07573661055504874,4846
5260,40,290.08,2,2025-12-30,B2C,Australia,1,0.0012887912087912088,-0.07210892998596478,3962
5261,49,1008.48,18,2020-01-25,B2C,Canada,1,0.0020064735264735266,-0.05812006406631951,1680
5262,42,382.47,37,2020-09-16,Enterprise,UK,0,0.001381088911088911,-0.07030988861303046,3556
5263,77,190.52,49,2020-07-05,Enterprise,Singapore,0,0.0011893306693306694,-0.07404758740656596,4477
5264,62,690.5,9,2020-10-24,B2B,USA,0,0.0016888111888111888,-0.06431185079394869,2433
5265,25,2347.94,194,2024-01-05,B2C,UK,0,0.0033445954045954046,-0.03203776124793413,548
5266,72,297.26,158,2025-08-21,Enterprise,USA,0,0.001295964035964036,-0.0719691192157768,3932
5267,73,345.17,55,2021-03-10,Enterprise,France,0,0.001343826173826174,-0.07103620361693186,3723
5268,41,552.19,18,2023-04-02,B2C,India,0,0.0015506393606393607,-0.06700505798401848,2853
5269,53,4529.05,168,2023-05-19,B2C,UAE,0,0.005523526473526474,0.010433362563309616,155
5270,22,241.0,108,2020-12-20,B2B,UK,0,0.0012397602397602398,-0.07306462811978465,4201
5271,64,220.5,38,2023-02-27,Enterprise,Canada,0,0.0012192807192807193,-0.07346380928814869,4305
5272,54,986.9,13,2024-11-27,B2C,UK,0,0.001984915084915085,-0.058540275266968096,1726
5273,41,3175.47,125,2024-04-11,B2C,Canada,0,0.004171298701298701,-0.015923888454944083,324
5274,60,318.51,26,2024-06-06,B2C,UAE,0,0.0013171928071928072,-0.07155533385832627,3840
5275,59,4206.07,31,2020-05-06,SMB,Australia,0,0.005200869130869131,0.0041442145751038285,180
5276,76,140.54,55,2025-04-25,B2B,Japan,1,0.0011394005994005993,-0.07502081056728961,4691
5277,58,166.69,64,2021-10-02,Enterprise,India,0,0.0011655244755244755,-0.07451161117447401,4580
5278,76,310.88,75,2025-12-25,SMB,India,0,0.0013095704295704297,-0.07170390714196614,3874
5279,25,632.65,136,2022-06-19,Enterprise,USA,0,0.001631018981018981,-0.0654383205788199,2592
5280,76,483.81,96,2021-07-12,SMB,Germany,0,0.0014823276723276723,-0.068336570583664,3115
5281,19,1000000.0,120,2024-05-20,Enterprise,Australia,0,1.0,19.39449467443957,5
5282,49,67.08,31,2026-02-13,B2B,Japan,0,0.001066013986013986,-0.07645124220768096,4934
5283,40,670.4,142,2023-04-23,Enterprise,Singapore,0,0.001668731268731269,-0.0647032430614666,2488
5284,49,531.84,57,2021-08-13,SMB,Japan,0,0.0015303096903096904,-0.06740131831456522,2936
5285,65,658.35,78,2023-05-05,SMB,Singapore,0,0.0016566933066933067,-0.0649378836994562,2524
5286,20,235.54,76,2024-03-08,Enterprise,USA,0,0.0012343056943056943,-0.07317094661633429,4238
5287,67,466.97,16,2020-02-15,Enterprise,Japan,0,0.0014655044955044956,-0.06866448330928598,3181
5288,35,588.48,158,2026-03-17,Enterprise,Japan,0,0.0015868931068931068,-0.06629840995475356,2727
5289,59,398.08,22,2026-03-23,Enterprise,Canada,0,0.0013966833166833166,-0.07000592675751031,3490
5290,67,327.2,178,2021-08-02,B2C,Germany,0,0.001325874125874126,-0.07138611998744414,3803
5291,52,1142.45,99,2021-05-19,B2C,Singapore,0,0.00214030969030969,-0.0555113664504302,1461
5292,45,165.13,145,2020-06-20,Enterprise,India,1,0.001163966033966034,-0.07454198788777391,4585
5293,37,619.37,167,2020-01-21,B2C,Australia,0,0.0016177522477522476,-0.06569691208691135,2632
5294,39,373.04,170,2026-06-03,Enterprise,Japan,0,0.0013716683316683316,-0.07049351195047791,3589
5295,18,371.87,119,2024-06-02,B2B,France,1,0.0013704995004995004,-0.07051629448545284,3597
5296,59,1568.2,23,2026-01-09,SMB,Australia,0,0.0025656343656343655,-0.04722105511233308,1007
5297,25,1371.04,197,2026-02-20,B2B,Japan,1,0.0023686713286713286,-0.0510602043393894,1195
5298,25,795.92,192,2020-12-14,SMB,USA,0,0.0017941258741258743,-0.06225908597595175,2138
5299,37,1143.92,137,2023-06-02,B2B,Singapore,0,0.0021417782217782217,-0.055482742239820686,1458
5300,34,1066.45,98,2022-05-10,SMB,UK,0,0.002064385614385614,-0.05699125761119446,1575
5301,32,292.73,136,2023-11-09,SMB,Canada,0,0.0012914385614385614,-0.07205732851785919,3953
5302,60,588.57,64,2022-05-17,SMB,USA,1,0.0015869830169830171,-0.06629665745206317,2725
5303,65,-1000.0,40,2024-08-17,B2C,India,1,0.0,-0.0972296929948957,4999
5304,39,648.95,143,2025-09-30,B2C,France,0,0.0016473026973026974,-0.0651209228693402,2547
5305,72,27.11,82,2021-08-06,SMB,Canada,0,0.001026083916083916,-0.07722954812473026,4987
5306,33,32.45,140,2021-10-21,Enterprise,UAE,1,0.0010314185814185816,-0.07712556629843446,4982
5307,50,806.96,144,2022-01-23,SMB,Australia,0,0.0018051548451548452,-0.062044112312598626,2107
5308,41,2488.6,28,2022-06-23,SMB,UK,0,0.003485114885114885,-0.029298794265393342,501
5309,37,601.69,188,2022-11-01,Enterprise,France,0,0.0016000899100899102,-0.06604118150431018,2688
5310,47,262.23,156,2022-03-06,B2C,UK,0,0.001260969030969031,-0.07265123220737642,4089
5311,50,401.09,152,2021-04-14,SMB,UK,1,0.0013996903096903095,-0.0699473152786432,3478
5312,42,895.12,102,2022-01-12,Enterprise,Singapore,0,0.0018932267732267732,-0.06032743856611209,1892
5313,63,3664.18,131,2026-05-12,Enterprise,France,0,0.00465952047952048,-0.006407604123666461,242
5314,63,19.86,151,2020-08-10,Enterprise,Germany,0,0.001018841158841159,-0.07737072195256632,4989
5315,-5,1375.65,98,2026-02-26,Enterprise,France,0,0.0023732767232767234,-0.05097043725713778,1190
5316,74,363.8,90,2025-03-04,B2B,France,1,0.0013624375624375624,-0.07067343556002345,3636
5317,53,631.2,50,2026-03-01,SMB,Japan,0,0.0016295704295704297,-0.06546655534438711,2597
5318,25,40.82,189,2020-10-26,B2C,India,0,0.0010397802197802198,-0.07696258354822923,4973
5319,47,316.13,131,2023-04-05,B2C,Japan,0,0.0013148151848151849,-0.07160167781836071,3852
5320,33,525.26,103,2020-10-02,B2B,UAE,0,0.0015237362637362637,-0.06752944573348403,2958
5321,57,945.09,34,2022-10-23,Enterprise,Australia,0,0.0019431468531468533,-0.05935441012790959,1793
5322,75,116.87,157,2021-02-06,B2B,Japan,0,0.0011157542457542456,-0.07548171877485922,4800
5323,32,1371.99,86,2022-03-19,Enterprise,Australia,0,0.002369620379620379,-0.05104170569987985,1194
5324,44,1412.53,91,2025-06-18,B2B,Canada,1,0.00241011988011988,-0.050252300599124805,1147
5325,67,2241.04,45,2023-09-17,B2C,Germany,0,0.003237802197802198,-0.034119344999061746,595
5326,62,669.79,104,2024-01-02,Enterprise,Australia,0,0.001668121878121878,-0.06471512113525696,2492
5327,27,397.81,152,2021-06-09,SMB,UK,0,0.0013964135864135863,-0.07001118426558145,3493
5328,41,5616.39,84,2022-08-18,SMB,Singapore,0,0.00660978021978022,0.03160632117838074,103
5329,48,146.4,37,2021-02-13,B2B,France,0,0.0011452547452547453,-0.07490670316989384,4663
5330,55,682.1,162,2023-03-13,Enterprise,Germany,0,0.0016804195804195803,-0.06447541771171737,2452
5331,36,673.04,91,2020-10-12,Enterprise,Germany,0,0.0016713686313686313,-0.06465183631588217,2481
5332,73,2333.11,49,2022-03-03,B2B,USA,0,0.0033297802197802197,-0.03232653474680431,554
5333,18,431.38,80,2023-07-25,Enterprise,Australia,0,0.00142995004995005,-0.06935750076207019,3352
5334,19,470.47,149,2025-06-13,B2C,UK,0,0.001469000999000999,-0.06859633042688237,3168
5335,56,7948.06,15,2025-01-19,B2B,Canada,1,0.00893912087912088,0.07700918726810693,48
5336,29,2249.29,13,2023-09-06,B2B,Japan,0,0.003246043956043956,-0.03395869891911037,591
5337,47,922.03,144,2023-06-06,B2C,India,0,0.00192010989010989,-0.05980344026168885,1835
5338,57,374.44,189,2021-09-16,SMB,Australia,0,0.0013730669330669332,-0.07046625079751646,3584
5339,30,1228.08,29,2026-05-05,SMB,Canada,0,0.002225854145854146,-0.05384395750179543,1355
5340,42,2113.23,185,2026-05-10,SMB,Japan,0,0.0031101198801198804,-0.03660809354192068,644
5341,50,285.55,36,2024-02-01,Enterprise,Germany,1,0.0012842657342657343,-0.07219713928804718,3974
5342,42,187.25,44,2023-07-19,Enterprise,Canada,0,0.001186063936063936,-0.07411126167098306,4488
5343,35,1126.95,143,2024-10-20,B2B,UAE,0,0.0021248251748251746,-0.05581318635821765,1486
5344,25,1491.13,11,2021-11-21,B2C,Australia,0,0.0024886413586413586,-0.048721781582860724,1068
5345,0,1528.38,11,2020-01-20,Enterprise,Singapore,0,0.002525854145854146,-0.047996440191565085,1033
5346,29,476.54,28,2023-07-06,B2B,USA,0,0.001475064935064935,-0.06847813385654238,3143
5347,72,694.34,81,2022-10-05,B2C,India,0,0.0016926473526473528,-0.06423707734582587,2423
5348,71,1029.29,65,2022-06-26,B2C,UK,0,0.002027262737262737,-0.05771484649979972,1634
5349,71,1040.07,84,2024-11-21,SMB,UAE,0,0.002038031968031968,-0.05750493562199658,1612
5350,36,544.97,59,2023-02-07,SMB,Singapore,0,0.0015434265734265735,-0.0671456476442911,2888
5351,38,274.31,114,2024-01-12,B2C,France,0,0.001273036963036963,-0.07241600740182337,4026
5352,61,459.62,52,2021-07-04,B2B,Singapore,0,0.001458161838161838,-0.06880760436233357,3226
5353,19,3498.61,99,2023-09-20,Enterprise,Japan,0,0.004494115884115885,-0.009631624906399846,263
5354,70,1228.47,59,2025-05-19,B2C,Japan,0,0.0022262437562437566,-0.05383636332347046,1354
5355,64,814.67,14,2025-03-10,Enterprise,Japan,1,0.001812857142857143,-0.06189398124878952,2085
5356,77,330.73,35,2024-12-29,B2C,UAE,0,0.0013294005994005994,-0.07131738293747707,3784
5357,28,267.55,3,2024-01-09,SMB,France,0,0.0012662837162837161,-0.07254763982612292,4060
5358,68,487.41,192,2023-06-05,Enterprise,UAE,0,0.001485924075924076,-0.06826647047604886,3101
5359,42,170.35,95,2025-06-17,SMB,USA,0,0.001169180819180819,-0.07444034273173195,4561
5360,18,1481.41,39,2026-03-09,Enterprise,USA,0,0.002478931068931069,-0.048911051873421624,1077
5361,52,3540.02,71,2021-03-21,B2B,Singapore,0,0.0045354845154845155,-0.008825278946304483,257
5362,50,169.66,195,2021-12-20,Enterprise,Australia,1,0.0011684915084915085,-0.07445377858569152,4565
5363,58,266.82,89,2020-12-01,SMB,Singapore,0,0.0012655544455544454,-0.0725618545701671,4065
5364,44,870.19,94,2023-02-23,Enterprise,UAE,0,0.0018683216783216784,-0.060812881811346996,1936
5365,38,706.08,93,2021-07-27,B2C,India,0,0.0017043756243756243,-0.06400847310599202,2380
5366,31,741.17,17,2026-01-15,B2B,Australia,0,0.0017394305694305695,-0.06332519177926547,2269
5367,72,994.22,149,2022-03-15,B2B,France,0,0.0019922277722277722,-0.05839773838148397,1706
5368,65,3956.65,144,2022-12-14,B2B,France,0,0.004951698301698301,-0.0007125545474990656,204
5369,20,118.55,50,2020-11-09,B2B,Singapore,0,0.0011174325674325673,-0.07544900539130547,4793
5370,58,5187.99,153,2020-11-04,SMB,USA,0,0.006181808191808191,0.023264408372178004,116
5371,46,397.03,42,2020-03-17,SMB,UAE,0,0.0013956343656343656,-0.0700263726222314,3498
5372,34,399.49,87,2025-09-08,B2B,Canada,0,0.001398091908091908,-0.06997847088202772,3485
5373,75,661.66,135,2020-05-07,SMB,France,0,0.0016599999999999998,-0.06487343054495451,2513
5374,66,331.29,132,2026-06-29,SMB,Singapore,0,0.0013299600399600399,-0.07130647847629248,3782
5375,21,8339.52,60,2024-07-17,Enterprise,USA,0,0.00933018981018981,0.08463179508116978,44
5376,61,834.11,67,2022-05-21,Enterprise,USA,0,0.0018322777222777224,-0.06151544066766771,2032
5377,79,1533.98,174,2020-05-30,SMB,India,0,0.0025314485514485513,-0.0478873955797193,1026
5378,63,2174.8,61,2026-03-09,Enterprise,UAE,0,0.003171628371628372,-0.03540918697918048,617
5379,39,925.7,198,2022-12-03,B2C,Australia,0,0.0019237762237762238,-0.05973197709642562,1828
5380,31,296.37,1,2026-02-04,Enterprise,USA,0,0.0012950749250749249,-0.07198644952015944,3939
5381,31,1074.44,99,2026-01-19,B2C,Australia,0,0.0020723676323676325,-0.05683567431679306,1560
5382,65,340.34,31,2025-04-17,B2B,Germany,1,0.001339000999000999,-0.07113025459464885,3746
5383,74,1082.47,91,2021-08-31,SMB,UK,0,0.0020803896103896106,-0.05667931213230705,1549
5384,26,268.57,125,2024-02-07,B2B,Japan,0,0.0012673026973026972,-0.0725277781289653,4056
5385,19,539.15,31,2024-05-26,B2B,UK,1,0.0015376123876123878,-0.06725897615160224,2910
5386,54,410.96,165,2022-07-03,B2C,UAE,0,0.0014095504495504497,-0.06975512415026501,3441
5387,22,151.13,118,2023-04-06,Enterprise,France,0,0.0011499800199800201,-0.07481459941738838,4640
5388,35,244.55,14,2021-07-02,SMB,UAE,0,0.0012433066933066933,-0.07299550162477526,4182
5389,60,925.75,67,2025-03-18,Enterprise,Singapore,0,0.0019238261738261737,-0.059731003483819864,1827
5390,49,96.68,40,2025-08-14,SMB,Australia,0,0.0010955844155844155,-0.0758748635450675,4861
5391,58,784.61,9,2025-09-21,Enterprise,Singapore,0,0.001782827172827173,-0.06247931714737601,2169
5392,26,767.54,117,2021-01-05,B2C,Germany,0,0.0017657742257742258,-0.06281170849098451,2208
5393,61,2010.87,45,2024-06-13,Enterprise,UK,0,0.0030078621378621375,-0.03860127326844476,696
5394,21,211.01,23,2024-01-30,B2C,UAE,1,0.0012098001998001998,-0.07364860096072308,4362
5395,20,369.84,150,2025-08-18,B2B,Australia,0,0.0013684715284715285,-0.07055582315724693,3610
5396,54,56.48,159,2020-02-13,SMB,India,0,0.0010554245754245755,-0.07665764808010334,4958
5397,38,1213.11,50,2022-09-05,Enterprise,UAE,1,0.0022108991008991004,-0.05413545711596175,1371
5398,56,2218.23,191,2021-11-10,Enterprise,Germany,1,0.003215014985014985,-0.03456350706981218,602
5399,73,3358.94,187,2025-10-06,Enterprise,USA,0,0.004354585414585415,-0.012351314359346473,291
5400,63,3908.38,160,2021-07-28,SMB,Singapore,0,0.004903476523476524,-0.0016524801571055204,206
5401,47,543.03,190,2025-01-01,SMB,USA,0,0.0015414885114885114,-0.0671834238133948,2893
5402,54,568.71,12,2021-10-14,SMB,USA,0,0.0015671428571428572,-0.06668337637907341,2788
5403,41,2047.08,6,2022-01-03,B2C,France,0,0.003044035964035964,-0.03789618301934905,665
5404,18,321.82,32,2026-05-08,Enterprise,Australia,0,0.0013204995004995005,-0.07149088070382455,3825
5405,33,956.46,136,2026-05-06,SMB,Singapore,0,0.0019545054945054948,-0.059133010621358416,1772
5406,45,1023.94,163,2021-08-21,B2B,France,0,0.002021918081918082,-0.05781902304861668,1639
5407,79,2011.19,79,2025-06-03,Enterprise,UAE,0,0.0030081818181818183,-0.03859504214776785,695
5408,47,460.17,58,2024-01-09,SMB,France,1,0.0014587112887112887,-0.06879689462367015,3220
5409,74,2276.08,22,2020-06-14,SMB,UK,1,0.003272807192807193,-0.03343703728494096,577
5410,36,1128.8,59,2022-06-15,B2B,UAE,0,0.0021266733266733268,-0.05577716269180432,1481
5411,40,624.31,46,2025-06-20,SMB,UAE,0,0.0016226873126873127,-0.06560071916146167,2614
5412,51,421.68,95,2022-08-07,Enterprise,Germany,0,0.0014202597402597403,-0.06954638160758879,3403
5413,67,132.04,9,2020-09-14,B2C,UAE,0,0.0011309090909090908,-0.07518632471026983,4741
5414,54,2493.43,43,2022-12-18,B2B,Germany,0,0.00348994005994006,-0.02920474328767635,496
5415,40,1317.98,3,2024-02-22,B2C,France,0,0.0023156643356643356,-0.05209340203662824,1246
5416,77,1611.65,192,2022-08-16,Enterprise,Germany,0,0.002609040959040959,-0.04637498575792246,971
5417,60,213.1,73,2020-06-24,SMB,Germany,0,0.0012118881118881118,-0.07360790395380205,4348
5418,33,85.29,195,2022-04-26,SMB,Australia,0,0.0010842057942057942,-0.07609665249666099,4890
5419,58,13846.88,196,2025-10-22,B2C,Australia,0,0.014832047952047952,0.1918724974909938,23
5420,49,373.26,6,2024-01-19,SMB,India,0,0.001371888111888112,-0.07048922805501255,3587
5421,33,243.54,76,2024-05-08,Enterprise,Germany,0,0.0012422977022977023,-0.07301516859941173,4187
5422,52,314.81,98,2025-04-07,B2B,UK,0,0.0013134965034965035,-0.07162738119115294,3859
5423,44,5174.6,28,2025-02-05,B2C,Japan,0,0.006168431568431569,0.023003674916353894,117
5424,20,444.09,42,2020-07-09,B2C,France,0,0.0014426473526473525,-0.06911000843768449,3293
5425,37,393.56,150,2020-06-12,Enterprise,Japan,0,0.0013921678321678322,-0.07009394133707156,3515
5426,44,4920.31,190,2023-08-20,Enterprise,India,0,0.005914395604395605,0.018052075925949387,135
5427,73,1039.34,98,2021-02-26,B2B,USA,0,0.0020373026973026973,-0.05751915036604077,1614
5428,19,746.59,155,2025-11-05,Enterprise,Japan,1,0.001744845154845155,-0.06321965217280044,2257
5429,30,1004.68,117,2023-01-25,B2C,USA,0,0.0020026773226773224,-0.058194058624357725,1685
5430,23,999999.0,156,2022-12-14,Enterprise,Australia,0,0.999999000999001,19.394475202187454,9
5431,31,259.52,103,2026-06-28,B2C,USA,0,0.0012582617382617383,-0.07270400201060893,4100
5432,41,2322.99,146,2026-02-07,B2C,Singapore,0,0.0033196703296703295,-0.032523593938211345,558
5433,44,485.67,118,2026-05-24,SMB,Canada,0,0.0014841858141858143,-0.06830035219472952,3108
5434,26,419.91,134,2021-12-13,Enterprise,India,0,0.0014184915084915085,-0.0695808474938329,3411
5435,67,237.49,28,2024-03-22,SMB,Australia,0,0.0012362537462537462,-0.07313297572470942,4224
5436,40,2154.83,65,2024-03-30,Enterprise,UAE,0,0.0031516783216783218,-0.03579804785392341,622
5437,52,699.19,83,2024-02-05,B2C,Canada,0,0.0016974925074925075,-0.06414263692306657,2407
5438,61,1266.71,146,2020-11-14,Enterprise,France,0,0.0022644455544455545,-0.053091744402580646,1314
5439,68,2662.47,80,2025-10-17,SMB,UAE,0,0.0036588111888111886,-0.025913153790102804,448
5440,54,743.55,177,2022-10-27,B2B,Singapore,0,0.0017418081918081918,-0.06327884781923102,2264
5441,31,1252.72,132,2024-03-21,Enterprise,India,1,0.002250469530469531,-0.053364161209673966,1333
5442,43,1819.16,94,2022-07-01,B2C,UK,1,0.0028163436563436563,-0.04233429872147258,808
5443,25,736.25,116,2025-10-16,B2B,Singapore,1,0.0017345154845154844,-0.06342099525967285,2283
5444,70,1182.72,152,2024-07-20,B2C,Singapore,0,0.0021805394605394607,-0.054727218857746306,1408
5445,62,620.82,12,2023-12-16,B2B,Japan,0,0.0016192007992007994,-0.06566867732134413,2628
5446,48,1692.3,139,2023-11-14,Enterprise,UK,1,0.00268961038961039,-0.04480454862482198,910
5447,25,307.89,138,2025-06-17,Enterprise,Singapore,0,0.0013065834165834165,-0.07176212917579096,3886
5448,53,1420.6,143,2025-05-28,Enterprise,USA,0,0.002418181818181818,-0.050095159524554185,1138
5449,47,443.42,61,2020-01-28,B2C,USA,0,0.001441978021978022,-0.06912305484660175,3296
5450,76,1746.43,147,2025-08-17,B2B,Singapore,0,0.002743686313686314,-0.04375051561781975,860
5451,33,265.17,7,2021-07-23,SMB,Japan,0,0.001263906093906094,-0.07259398378615739,4073
5452,72,2143.15,189,2024-12-06,B2C,USA,0,0.0031400099900099902,-0.036025483758630336,629
5453,70,60.83,68,2021-11-09,B2C,UAE,0,0.0010597702297702298,-0.0765729437834017,4950
5454,75,1229.21,190,2022-07-31,B2C,UK,0,0.002226983016983017,-0.053821953856905115,1353
5455,48,141.19,99,2020-11-11,SMB,UK,0,0.0011400499500499501,-0.07500815360341466,4688
5456,48,812.66,196,2025-10-08,B2B,USA,0,0.0018108491508491507,-0.06193312047554131,2091
5457,52,219.99,82,2023-02-24,B2C,Germany,0,0.0012187712287712287,-0.0734737401367275,4309
5458,54,672.54,79,2022-05-16,Enterprise,Canada,1,0.0016708691308691308,-0.06466157244193983,2482
5459,31,1368.96,193,2021-09-07,B2B,Singapore,0,0.0023665934065934067,-0.051100706623789266,1196
5460,74,215.1,118,2022-02-04,B2C,UK,0,0.0012138861138861138,-0.07356895944957141,4336
5461,64,478.72,128,2021-10-06,Enterprise,UAE,0,0.0014772427572427574,-0.06843568434693098,3134
5462,79,24.23,147,2024-01-23,B2B,UAE,1,0.0010232067932067932,-0.07728562821082238,4988
5463,56,3014.93,98,2021-04-29,B2C,UAE,0,0.00401091908091908,-0.019049963809537416,352
5464,79,7953.3,187,2022-08-01,Enterprise,Germany,0,0.008944355644355643,0.0771112218691912,47
5465,73,2323.18,82,2024-08-25,SMB,UK,0,0.0033198601398601395,-0.03251989421030944,557
5466,42,540.36,91,2023-09-14,Enterprise,UAE,1,0.001538821178821179,-0.06723541472654271,2904
5467,18,2378.76,19,2021-04-09,SMB,Australia,0,0.0033753846153846156,-0.031437626437739986,535
5468,72,867.77,151,2025-05-26,B2B,Canada,0,0.001865904095904096,-0.06086000466146607,1941
5469,46,2522.34,171,2025-05-15,B2B,India,0,0.003518821178821179,-0.02864180047902247,492
5470,45,623.11,68,2025-05-16,B2B,France,0,0.0016214885114885116,-0.06562408586400005,2620
5471,-5,1267.73,7,2022-05-13,SMB,Australia,0,0.0022654645354645356,-0.053071882705423026,1310
5472,27,385.51,46,2021-10-22,SMB,UK,1,0.001384125874125874,-0.07025069296659989,3544
5473,25,98.46,89,2024-08-10,Enterprise,Canada,0,0.0010973626373626374,-0.07584020293630224,4856
5474,57,4575.46,174,2020-04-01,B2C,UK,0,0.00556989010989011,0.011337069783981574,152
5475,47,3586.85,159,2022-09-25,SMB,USA,1,0.004582267732267733,-0.00791339337974409,248
5476,47,1154.95,78,2020-06-25,B2B,UK,0,0.0021527972027972028,-0.05526796329898871,1443
5477,58,401.24,140,2021-06-07,SMB,France,0,0.0013998401598401598,-0.06994439444082591,3477
5478,23,502.92,121,2026-06-07,B2C,Canada,1,0.0015014185814185815,-0.06796445584574026,3047
5479,32,812.69,116,2021-10-21,Enterprise,India,0,0.001810879120879121,-0.06193253630797785,2090
5480,72,6941.95,22,2021-07-05,B2C,Japan,0,0.007934015984015984,0.05741795969236317,64
5481,41,592.67,65,2025-09-30,B2B,UAE,0,0.0015910789210789211,-0.06621682121839037,2714
5482,30,361.15,29,2020-06-09,B2B,Japan,0,0.00135979020979021,-0.07072503702812906,3648
5483,26,213.6,197,2026-06-02,SMB,UK,0,0.0012123876123876123,-0.07359816782774439,4343
5484,67,140.37,182,2021-08-24,B2B,Japan,0,0.0011392307692307691,-0.07502412085014921,4695
5485,37,279.86,121,2020-08-17,SMB,UK,0,0.0012785814185814186,-0.07230793640258334,4002
5486,53,2613.97,109,2021-11-12,B2B,Singapore,0,0.0036103596403596404,-0.026857558017695782,466
5487,69,116.85,14,2022-11-23,B2B,Singapore,0,0.0011157342657342657,-0.07548210821990152,4801
5488,66,955.41,80,2022-01-07,Enterprise,Japan,0,0.0019534565434565433,-0.0591534564860795,1774
5489,30,684.57,6,2025-10-17,B2B,India,0,0.001682887112887113,-0.06442732124899253,2447
5490,44,552.49,92,2024-07-18,B2C,USA,0,0.001550939060939061,-0.06699921630838389,2852
5491,35,254.53,65,2026-04-27,B2B,Australia,1,0.0012532767232767232,-0.07280116854866438,4130
5492,74,1162.11,198,2020-03-17,B2B,Singapore,0,0.0021599500499500496,-0.05512854197384303,1432
5493,25,767.78,130,2023-03-07,B2B,Germany,1,0.001766013986013986,-0.06280703515047682,2206
5494,59,1392.01,60,2020-12-17,Enterprise,UK,0,0.0023896203796203797,-0.05065187121253117,1171
5495,66,990.71,125,2022-06-06,B2B,India,0,0.001988721278721279,-0.05846608598640873,1717
5496,25,214.24,157,2025-01-13,Enterprise,Japan,0,0.001213026973026973,-0.07358570558639059,4339
5497,77,482.56,69,2025-04-14,B2B,India,0,0.001481078921078921,-0.06836091089880816,3120
5498,75,824.5,160,2025-05-26,SMB,Canada,1,0.0018226773226773228,-0.06170256901049593,2061
5499,68,132.07,79,2021-11-29,B2C,Singapore,0,0.001130939060939061,-0.07518574054270637,4740
5500,69,1652.6,59,2022-06-17,SMB,USA,0,0.00264995004995005,-0.04557759703380015,934
5501,41,2785.83,10,2024-08-09,SMB,Germany,0,0.003782047952047952,-0.023511056769157032,405
5502,61,843.4,31,2021-08-07,B2B,France,0,0.0018415584415584416,-0.06133454344551639,2000
5503,57,442.85,124,2022-01-14,SMB,USA,1,0.0014414085914085913,-0.06913415403030748,3299
5504,44,150.73,146,2025-09-23,B2B,Canada,0,0.0011495804195804195,-0.07482238831823451,4643
5505,68,410.82,44,2022-12-19,SMB,Germany,0,0.0014094105894105894,-0.06975785026556115,3442
5506,37,1213.18,198,2021-11-17,SMB,UAE,0,0.0022109690309690313,-0.05413409405831369,1370
5507,52,1697.17,59,2023-11-04,SMB,India,0,0.0026944755244755246,-0.044709718757020366,907
5508,79,1326.84,190,2025-01-31,B2B,Japan,0,0.0023245154845154847,-0.05192087788288652,1237
5509,25,16.95,5,2020-10-08,Enterprise,UAE,0,0.001015934065934066,-0.0774273862062219,4991
5510,41,232.33,20,2022-07-30,B2C,Canada,1,0.001231098901098901,-0.07323345254562447,4253
5511,57,1216.37,26,2024-03-29,B2C,UAE,1,0.002214155844155844,-0.054071977574065816,1366
5512,29,181.21,145,2024-04-27,B2C,Germany,1,0.0011800299700299702,-0.07422887407375958,4511
5513,78,348.8,42,2021-06-25,B2C,Canada,0,0.0013474525474525473,-0.07096551934175324,3707
5514,64,294.84,125,2021-03-20,B2B,Singapore,0,0.0012935464535464535,-0.07201624206589587,3947
5515,50,139.58,169,2020-03-08,SMB,Canada,0,0.0011384415584415584,-0.07503950392932032,4701
5516,31,1307.86,142,2022-04-08,Enterprise,Singapore,0,0.0023055544455544454,-0.05229046122803526,1261
5517,38,1254.71,82,2025-11-11,Enterprise,USA,1,0.0022524575424575427,-0.05332541142796448,1330
5518,50,632.08,155,2025-08-27,B2B,France,0,0.0016304495504495505,-0.06544941976252563,2593
5519,58,2912.73,95,2024-09-15,Enterprise,France,0,0.003908821178821179,-0.02104002797572303,376
5520,62,1161.66,55,2021-09-04,B2C,Singapore,0,0.0021595004995004995,-0.05513730448729492,1433
5521,72,780.52,143,2021-01-29,B2B,UK,0,0.0017787412587412588,-0.06255895865852766,2182
5522,18,714.59,107,2021-12-27,B2B,Singapore,1,0.001712877122877123,-0.06384276424049065,2358
5523,74,1579.41,33,2025-05-03,B2B,Singapore,0,0.002576833166833167,-0.047002771166120345,996
5524,23,1057.71,130,2020-06-08,B2C,Australia,1,0.0020556543456543455,-0.05716144509468235,1591
5525,31,352.02,195,2025-12-16,SMB,UAE,1,0.0013506693306693305,-0.07090281868994192,3691
5526,45,1038.15,84,2025-08-23,SMB,UAE,0,0.0020361138861138862,-0.057542322346057995,1617
5527,42,1899.86,2,2021-04-26,SMB,USA,0,0.0028969630369630366,-0.04076288797576633,757
5528,56,2899.42,128,2021-01-16,B2B,Australia,0,0.0038955244755244757,-0.021299203651377926,383
5529,40,7298.32,152,2025-05-29,SMB,UAE,0,0.00829002997002997,0.06435728617869946,56
5530,60,2645.36,155,2021-06-17,SMB,France,0,0.003641718281718282,-0.026246324023795908,455
5531,56,201.73,150,2026-01-17,B2C,USA,0,0.0012005294705294705,-0.07382930346035323,4418
5532,73,993.01,65,2020-01-05,B2B,Singapore,0,0.001991018981018981,-0.0584212998065435,1710
5533,34,1922.66,31,2024-11-02,Enterprise,USA,0,0.0029197402597402598,-0.04031892062753705,741
5534,48,136.68,13,2025-11-08,B2B,France,0,0.0011355444555444555,-0.07509597346045474,4721
5535,75,830.32,101,2024-09-19,B2C,USA,1,0.0018284915084915087,-0.06158924050318477,2043
5536,69,426.7,149,2024-02-26,SMB,UK,0,0.0014252747252747253,-0.06944863090196988,3377
5537,45,355.45,53,2020-06-26,B2C,Singapore,0,0.001354095904095904,-0.07083602886518638,3676
5538,24,1024.45,40,2025-12-10,B2C,Australia,0,0.0020224275724275726,-0.05780909220003786,1638
5539,74,257.12,27,2024-10-23,Enterprise,Singapore,0,0.0012558641358641357,-0.0727507354156857,4116
5540,35,310.08,101,2022-07-28,B2B,UAE,1,0.0013087712287712288,-0.0717194849436584,3878
5541,33,380.15,40,2025-05-28,Enterprise,Canada,0,0.001378771228771229,-0.07035506423793798,3568
5542,23,196.92,100,2024-04-10,B2B,Singapore,1,0.0011957242757242759,-0.07392296499302792,4447
5543,19,388.29,45,2023-12-06,Enterprise,UAE,0,0.001386903096903097,-0.0701965601057193,3537
5544,37,2890.2,182,2026-06-17,SMB,Germany,0,0.003886313686313686,-0.021478737815881173,384
5545,78,233.09,125,2021-02-04,Enterprise,Germany,0,0.0012318581418581417,-0.07321865363401682,4247
5546,40,732.73,188,2024-10-08,Enterprise,Australia,0,0.001730999000999001,-0.06348953758711877,2296
5547,999,592.34,113,2021-07-02,Enterprise,Singapore,0,0.0015907492507492508,-0.06622324706158841,2715
5548,42,3868.51,64,2022-11-08,B2C,Australia,0,0.004863646353646354,-0.002428838848943293,214
5549,64,1500.0,36,2025-05-08,SMB,USA,0,0.0024975024975024975,-0.04854906270659785,1056
5550,23,629.43,167,2022-08-10,SMB,India,0,0.0016278021978021976,-0.06550102123063124,2601
5551,60,3188.3,1,2020-12-09,B2C,Canada,0,0.004184115884115884,-0.015674059460304528,319
5552,57,351.42,126,2023-03-06,B2C,USA,1,0.00135006993006993,-0.07091450204121111,3694
5553,46,3224.32,176,2026-02-05,B2C,UK,0,0.0042200999000999,-0.014972668939110733,311
5554,26,2616.35,106,2024-07-31,B2C,UK,0,0.0036127372627372625,-0.02681121405766132,465
5555,26,849.85,122,2022-11-21,B2C,Japan,0,0.0018480019980019978,-0.06120894741937259,1984
5556,31,359.49,72,2022-02-13,SMB,Germany,0,0.001358131868131868,-0.07075736096664048,3657
5557,62,2469.3,66,2020-01-23,Enterprise,Australia,0,0.003465834165834166,-0.029674608731218993,509
5558,32,1437.72,151,2020-01-30,Enterprise,UAE,0,0.0024352847152847154,-0.04976179456833993,1112
5559,63,1422.95,61,2026-06-25,Enterprise,Australia,0,0.0024205294705294702,-0.05004939973208318,1133
5560,33,948.91,115,2025-11-10,B2B,Australia,0,0.001946963036963037,-0.05928002612482908,1786
5561,65,475.53,181,2021-04-27,Enterprise,France,0,0.001474055944055944,-0.06849780083117885,3149
5562,68,1245.22,85,2025-10-29,SMB,USA,0,0.0022429770229770232,-0.05351020310053886,1339
5563,62,283.59,35,2020-01-30,B2C,UAE,0,0.0012823076923076922,-0.07223530490219321,3984
5564,61,318.46,193,2024-03-16,B2B,India,0,0.0013171428571428572,-0.07155630747093203,3841
5565,26,2999.42,148,2022-04-21,B2B,Canada,0,0.003995424575424575,-0.019351978439846013,356
5566,45,8805.9,187,2023-07-17,B2B,Japan,1,0.009796103896103896,0.0937132640227123,41
5567,21,544.62,102,2024-08-01,SMB,Japan,1,0.001543076923076923,-0.06715246293253145,2889
5568,57,2099.42,180,2024-01-23,B2B,France,0,0.0030963236763236765,-0.036877005343633244,651
5569,29,955.03,175,2021-03-12,B2B,UK,0,0.001953076923076923,-0.05916085594188332,1775
5570,76,590.77,49,2021-09-25,B2C,India,0,0.0015891808191808192,-0.06625381849740947,2722
5571,39,524.11,130,2024-10-11,SMB,UAE,0,0.0015225874125874127,-0.06755183882341664,2963
5572,18,2902.21,144,2022-11-04,SMB,UK,0,0.0038983116883116883,-0.021244876067976187,380
5573,61,505.35,24,2022-12-06,B2B,UAE,0,0.0015038461538461538,-0.06791713827310003,3037
5574,57,384.19,93,2026-01-04,B2B,France,1,0.001382807192807193,-0.0702763963393921,3549
5575,77,2119.46,133,2024-09-30,Enterprise,Canada,0,0.0031163436563436562,-0.036486781411242244,641
5576,21,3232.97,12,2026-05-01,Enterprise,UAE,0,0.004228741258741258,-0.01480423395831323,310
5577,59,1484.72,67,2024-02-06,SMB,Singapore,1,0.0024822377622377625,-0.04884659871891993,1076
5578,50,123.81,66,2023-02-02,B2B,Germany,0,0.0011226873126873127,-0.0753465813451789,4776
5579,37,550.29,166,2024-06-15,SMB,Japan,0,0.0015487412587412586,-0.0670420552630376,2863
5580,52,2745.88,60,2022-04-14,SMB,USA,1,0.0037421378621378624,-0.024288973241164028,418
5581,64,822.74,95,2024-08-19,B2B,UK,0,0.001820919080919081,-0.061736840174218884,2067
5582,19,147.69,70,2026-03-11,B2C,USA,0,0.0011465434565434566,-0.07488158396466507,4659
5583,27,1325.2,196,2026-04-02,B2C,USA,0,0.0023228771228771226,-0.05195281237635563,1238
5584,25,483.37,93,2025-05-30,B2C,Germany,0,0.0014818881118881118,-0.06834513837459476,3117
5585,31,236.38,52,2022-01-02,B2C,Australia,0,0.0012351448551448552,-0.07315458992455742,4234
5586,78,163.22,62,2024-02-25,SMB,Germany,1,0.001162057942057942,-0.07457917988931417,4594
5587,44,810.67,163,2026-04-09,B2C,Canada,0,0.0018088611388611389,-0.06197187025725079,2097
5588,30,1330.15,155,2026-03-22,B2C,UAE,1,0.0023278221778221778,-0.0518564247283848,1233
5589,75,244.27,1,2025-06-04,SMB,Canada,0,0.001243026973026973,-0.07300095385536756,4184
5590,30,83.8,41,2022-11-05,B2C,Germany,0,0.0010827172827172827,-0.07612566615231281,4894
5591,71,2039.34,153,2023-06-10,B2B,India,0,0.0030363036963036963,-0.03804689825072162,672
5592,46,2491.46,151,2026-06-24,B2C,Singapore,0,0.003487972027972028,-0.029243103624343524,499
5593,25,279.22,115,2023-11-11,B2C,UK,0,0.001277942057942058,-0.07232039864393716,4010
5594,41,487.33,178,2024-06-18,B2C,Canada,0,0.0014858441558441558,-0.06826802825621808,3102
5595,22,4010.19,20,2021-07-19,B2B,Germany,0,0.005005184815184816,0.0003299898307551207,198
5596,45,288.6,11,2021-05-02,B2B,France,0,0.0012873126873126873,-0.07213774891909545,3964
5597,19,1157.87,105,2022-07-30,B2B,Singapore,1,0.0021557142857142855,-0.05521110432281199,1437
5598,38,474.49,89,2025-01-03,B2B,Japan,1,0.001473016983016983,-0.06851805197337878,3153
5599,55,219.88,71,2021-10-24,SMB,UK,1,0.0012186613386613388,-0.0734758820844602,4310
5600,44,364.24,132,2021-02-14,B2C,Japan,0,0.001362877122877123,-0.07066486776909271,3634
5601,25,150.93,185,2022-05-28,B2C,India,0,0.0011497802197802198,-0.07481849386781145,4641
5602,29,423.72,134,2025-09-13,Enterprise,Germany,0,0.0014222977022977023,-0.06950665821327354,3391
5603,27,280.07,141,2024-06-28,B2B,USA,0,0.0012787912087912088,-0.07230384722963913,4001
5604,67,604.72,117,2023-10-18,B2B,Canada,0,0.0016031168831168831,-0.06598218058040077,2675
5605,24,3382.45,148,2026-03-05,B2C,UK,0,0.004378071928071928,-0.011893521712115324,286
5606,58,434.24,114,2020-08-01,B2C,Germany,1,0.0014328071928071929,-0.06930181012102038,3333
5607,27,392.64,62,2021-10-20,B2C,Canada,0,0.001391248751248751,-0.07011185580901766,3520
5608,46,230.27,127,2024-05-12,B2B,Australia,0,0.001229040959040959,-0.07327356538498203,4265
5609,42,2264.3,34,2020-01-22,B2B,Germany,0,0.003261038961038961,-0.03366642041485942,579
5610,43,646.38,118,2021-01-08,SMB,Canada,1,0.0016447352647352648,-0.06517096655727657,2553
5611,69,3395.75,6,2021-08-18,Enterprise,France,0,0.004391358641358641,-0.011634540758981576,285
5612,43,423.54,73,2025-04-15,SMB,Australia,0,0.001422117882117882,-0.06951016321865429,3393
5613,23,1018.32,94,2024-11-18,SMB,UAE,0,0.0020163036963036967,-0.05792845710550477,1654
5614,39,179.09,190,2020-12-27,SMB,France,0,0.001177912087912088,-0.07427015524824405,4523
5615,56,921.66,27,2020-09-19,B2C,Japan,0,0.0019197402597402595,-0.059810644994971525,1837
5616,29,2698.68,137,2022-12-13,SMB,Singapore,0,0.003694985014985015,-0.025208063541007096,436
5617,75,840.16,74,2022-06-27,SMB,Australia,0,0.001838321678321678,-0.06139763354237003,2012
5618,24,411.45,38,2024-02-27,Enterprise,Japan,0,0.0014100399600399602,-0.0697455827467285,3435
5619,43,101.11,129,2020-11-23,SMB,Germany,0,0.0011000099900099899,-0.07578860146819665,4850
5620,30,1144.54,131,2020-06-03,SMB,France,0,0.002142397602397602,-0.05547066944350919,1457
5621,35,2289.46,34,2024-04-23,B2B,Canada,0,0.0032861738261738263,-0.03317649855163799,572
5622,22,652.56,55,2024-06-29,B2B,India,1,0.001650909090909091,-0.0650506280392039,2537
5623,48,308.03,113,2025-11-04,Enterprise,Germany,1,0.0013067232767232768,-0.0717594030604948,3885
5624,34,156.49,164,2023-03-19,B2C,France,0,0.0011553346653346654,-0.07471022814605027,4615
5625,32,676.32,33,2020-08-23,Enterprise,UAE,0,0.0016746453546453547,-0.06458796732894391,2469
5626,51,819.53,44,2021-12-18,B2B,UK,0,0.0018177122877122878,-0.06179934610350906,2076
5627,39,400.62,48,2025-07-17,B2C,USA,0,0.0013992207792207791,-0.06995646723713742,3480
5628,22,1219.06,173,2024-12-03,SMB,UK,0,0.002216843156843157,-0.054019597215875605,1362
5629,73,830.27,195,2020-02-13,SMB,Canada,1,0.0018284415584415585,-0.06159021411579054,2044
5630,33,965.71,180,2022-04-06,SMB,Singapore,0,0.0019637462537462538,-0.05895289228929171,1757
5631,77,2172.71,159,2025-10-23,Enterprise,UAE,1,0.0031695404595404597,-0.0354498839861015,618
5632,50,1000000.0,6,2023-03-17,SMB,India,0,1.0,19.39449467443957,4
5633,58,491.75,16,2022-03-08,B2B,Canada,0,0.0014902597402597403,-0.06818196090186837,3086
5634,21,1526.63,171,2020-05-17,B2B,Singapore,0,0.0025241058941058944,-0.0480305166327669,1035
5635,50,541.49,77,2025-09-22,B2B,Singapore,0,0.00153995004995005,-0.0672134110816524,2898
5636,45,2306.49,193,2025-10-13,B2C,Singapore,0,0.003303186813186813,-0.03284488609811411,564
5637,28,282.11,46,2022-08-06,B2C,UAE,0,0.001280829170829171,-0.07226412383532388,3990
5638,22,1851.14,188,2021-11-25,Enterprise,UK,0,0.0028482917082917085,-0.041711576098824685,791
5639,59,1388.32,182,2020-05-27,Enterprise,India,0,0.0023859340659340656,-0.050723723822836686,1173
5640,58,966.16,137,2024-01-13,Enterprise,India,0,0.001964195804195804,-0.05894412977583982,1755
5641,24,3048.27,178,2022-09-06,B2C,UAE,0,0.004044225774225774,-0.01840075892401267,346
5642,68,595.07,111,2020-01-02,B2C,Singapore,0,0.0015934765234765236,-0.0661700878133136,2702
5643,41,2124.58,125,2021-10-06,SMB,Germany,0,0.0031214585414585413,-0.036387083480411815,638
5644,61,803.59,98,2020-12-21,SMB,Germany,0,0.0018017882117882119,-0.06210973380222725,2119
5645,67,2033.81,162,2023-02-04,B2B,Singapore,1,0.003030779220779221,-0.038154579804919334,677
5646,21,1321.62,181,2024-06-24,Enterprise,Canada,1,0.002319300699300699,-0.05202252303892848,1240
5647,29,835.39,193,2023-12-17,SMB,Australia,0,0.0018335564435564434,-0.061490516184960105,2026
5648,72,363.06,37,2024-06-06,Enterprise,Canada,0,0.0013616983016983017,-0.0706878450265888,3640
5649,21,395.08,23,2024-07-18,B2B,Germany,0,0.0013936863136863136,-0.07006434351385628,3511
5650,42,1018.99,123,2022-03-31,B2C,India,0,0.002016973026973027,-0.0579154106965875,1653
5651,20,2911.55,146,2025-10-21,SMB,Germany,0,0.003907642357642358,-0.021063005233219103,377
5652,34,585.1,140,2020-03-03,SMB,UK,0,0.0015835164835164835,-0.06636422616690334,2731
5653,43,1004.26,110,2020-10-08,SMB,France,0,0.002002257742257742,-0.058202236970246166,1687
5654,76,677.72,133,2021-01-04,Enterprise,Australia,0,0.0016760439560439561,-0.06456070617598247,2463
5655,0,1751.76,20,2026-03-01,SMB,UAE,0,0.002749010989010989,-0.0436467285140451,857
5656,26,561.92,83,2023-03-11,B2B,UK,1,0.0015603596403596404,-0.06681559297093644,2808
5657,63,739.51,183,2026-04-09,B2C,UAE,0,0.0017377722277722278,-0.06335751571777691,2274
5658,30,275.5,194,2023-11-26,B2C,USA,0,0.0012742257742257741,-0.07239283542180613,4025
5659,22,1030.23,4,2023-11-24,B2B,Canada,0,0.0020282017982017984,-0.057696542582811323,1631
5660,64,259.04,27,2023-02-06,B2B,UK,0,0.0012577822177822176,-0.0727133486916243,4104
5661,76,3693.51,162,2022-07-15,SMB,France,0,0.004688821178821179,-0.005836482969124143,236
5662,70,355.39,117,2022-03-07,B2C,UK,1,0.0013540359640359639,-0.0708371972003133,3677
5663,77,612.08,102,2025-02-05,SMB,UAE,0,0.0016104695304695305,-0.06583886480483202,2652
5664,78,73.62,199,2024-07-12,Enterprise,France,0,0.0010725474525474525,-0.07632389367884677,4922
5665,22,386.97,29,2026-06-12,SMB,USA,0,0.0013855844155844157,-0.07022226347851152,3539
5666,29,423.31,40,2020-01-20,SMB,Japan,1,0.001421888111888112,-0.06951464183664081,3395
5667,45,1802.79,55,2022-12-05,Enterprise,UAE,0,0.00279999000999001,-0.04265305948860036,820
5668,27,321.11,106,2021-12-17,B2C,Germany,0,0.0013197902097902099,-0.07150470600282643,3828
5669,18,822.34,186,2024-07-25,Enterprise,Japan,0,0.0018205194805194806,-0.06174462907506501,2069
5670,52,2778.47,169,2025-09-04,SMB,India,0,0.0037746953046953044,-0.023654372544725782,407
5671,45,1098.79,11,2021-03-12,SMB,France,0,0.0020966933066933068,-0.056361524977785044,1523
5672,68,399.97,194,2026-04-07,SMB,Japan,0,0.0013985714285714285,-0.06996912420101237,3482
5673,19,2434.2,41,2020-10-23,SMB,UAE,0,0.0034307692307692307,-0.030358084780466706,518
5674,40,74.98,134,2025-08-22,B2B,UAE,0,0.001073906093906094,-0.07629741141596993,4919
5675,22,1102.33,64,2023-04-20,B2B,India,1,0.00210022977022977,-0.05629259320529681,1521
5676,50,2142.14,157,2023-10-24,SMB,UAE,0,0.003139000999000999,-0.03604515073326681,631
5677,48,248.41,14,2021-04-24,SMB,India,1,0.0012471628371628373,-0.07292033873161013,4162
5678,32,61.55,79,2025-10-03,SMB,France,0,0.0010604895104895104,-0.07655892376187867,4946
5679,18,999999.0,179,2022-11-21,SMB,India,0,0.999999000999001,19.394475202187454,10
5680,69,546.77,47,2026-01-12,SMB,USA,0,0.0015452247752247752,-0.06711059759048352,2879
5681,46,280.93,176,2026-06-12,SMB,USA,0,0.0012796503496503497,-0.07228710109281997,3998
5682,41,1056.0,47,2022-10-21,SMB,Singapore,0,0.002053946053946054,-0.057194742645799546,1593
5683,26,247.62,133,2024-12-18,B2C,Canada,0,0.0012463736263736262,-0.07293572181078124,4165
5684,52,538.8,75,2024-03-24,B2C,Australia,0,0.0015372627372627371,-0.06726579143984261,2912
5685,78,1572.48,101,2026-04-25,B2B,Germany,1,0.00256991008991009,-0.047137713873279516,1003
5686,33,808.94,87,2025-06-03,B2B,India,1,0.0018071328671328672,-0.062005557253410296,2100
5687,25,144.4,113,2022-09-23,SMB,Singapore,0,0.0011432567432567433,-0.07494564767412448,4679
5688,25,3146.88,146,2023-10-23,B2C,Germany,0,0.004142737262737263,-0.016480600142921048,331
5689,40,568.37,74,2025-02-22,Enterprise,Japan,0,0.0015668031968031966,-0.06668999694479262,2789
5690,79,932.94,123,2025-03-02,SMB,Australia,0,0.0019310089910089911,-0.05959099799111072,1816
5691,64,1583.15,47,2020-04-22,B2C,Singapore,0,0.002580569430569431,-0.04692994494320906,989
5692,61,248.92,85,2025-05-28,Enterprise,Germany,0,0.0012476723276723277,-0.07291040788303133,4158
5693,76,152.03,198,2021-04-21,Enterprise,Singapore,0,0.0011508791208791208,-0.0747970743904846,4639
5694,34,314.38,112,2022-11-22,B2C,UK,0,0.0013130669330669333,-0.07163575425956253,3863
5695,44,3559.35,76,2020-10-03,SMB,UAE,1,0.0045547952047952055,-0.008448880312915366,254
5696,46,515.85,134,2024-04-16,B2C,Japan,0,0.0015143356643356643,-0.06771267962588919,2993
5697,28,1443.51,140,2022-06-21,Enterprise,India,0,0.0024410689310689314,-0.04964905022859223,1107
5698,40,402.9,103,2022-07-30,Enterprise,Singapore,0,0.0014014985014985015,-0.06991207050231447,3474
5699,21,502.79,2,2023-07-17,B2B,Australia,0,0.0015012887112887112,-0.06796698723851526,3048
5700,34,6344.91,76,2024-08-16,SMB,UK,0,0.007337572427572428,0.045792246289433035,77
5701,28,565.63,131,2023-12-17,Enterprise,UK,0,0.001564065934065934,-0.0667433509155886,2799
5702,25,288.65,153,2025-10-16,B2C,Australia,0,0.0012873626373626375,-0.0721367753064897,3963
5703,68,703.66,24,2026-01-03,SMB,UAE,1,0.0017019580419580418,-0.0640555959561111,2392
5704,43,132.47,63,2020-02-09,B2C,USA,0,0.0011313386613386613,-0.07517795164186024,4738
5705,78,178.68,174,2022-12-14,Enterprise,France,0,0.0011775024975024975,-0.07427813887161135,4526
5706,69,2022.71,161,2022-10-13,SMB,Canada,1,0.0030196903096903096,-0.03837072180339938,686
5707,66,886.8,199,2023-03-22,B2B,India,1,0.001884915084915085,-0.06048944770371155,1908
5708,25,849.83,11,2021-01-15,Enterprise,India,1,0.001847982017982018,-0.0612093368644149,1985
5709,25,556.01,6,2024-06-22,B2C,USA,0,0.0015544555444555444,-0.06693067398093797,2839
5710,24,187.12,89,2023-11-01,B2B,Japan,0,0.0011859340659340657,-0.07411379306375805,4490
5711,68,1704.4,116,2020-11-07,B2C,Singapore,0,0.002701698301698302,-0.04456893437422661,899
5712,51,3570.21,50,2026-03-21,SMB,India,0,0.004565644355644356,-0.008237411654942997,253
5713,49,156.04,197,2022-01-01,B2C,Australia,0,0.001154885114885115,-0.07471899065950216,4618
5714,30,1039.33,108,2025-05-05,B2C,USA,0,0.002037292707292707,-0.05751934508856192,1615
5715,53,114.69,76,2023-07-09,B2C,Japan,1,0.0011135764235764237,-0.07552416828447062,4809
5716,35,361.03,85,2023-12-19,SMB,Canada,0,0.0013596703296703296,-0.07072737369838289,3649
5717,30,6031.98,114,2022-06-14,B2C,India,0,0.007024955044955044,0.03969879443498621,87
5718,47,1883.47,192,2026-06-07,B2B,Germany,0,0.002880589410589411,-0.04108203818793642,771
5719,18,1035.44,98,2023-01-07,Enterprise,France,0,0.0020334065934065936,-0.057595092149290504,1623
5720,77,113.89,62,2022-01-18,B2B,India,0,0.0011127772227772228,-0.07553974608616287,4813
5721,74,1690.09,79,2022-02-17,B2C,Canada,0,0.0026874025974025976,-0.044847582301996834,913
5722,70,868.33,185,2025-08-05,SMB,Singapore,0,0.0018664635364635364,-0.06084910020028149,1940
5723,52,474.01,17,2022-03-28,Enterprise,Singapore,0,0.0014725374625374624,-0.06852739865439414,3155
5724,20,236.81,70,2022-08-19,Enterprise,Japan,1,0.0012355744255744254,-0.07314621685614783,4229
5725,47,215.51,22,2022-09-18,B2C,Canada,0,0.0012142957042957042,-0.07356097582620413,4334
5726,76,287.89,23,2022-12-23,SMB,Germany,0,0.0012866033966033965,-0.07215157421809734,3966
5727,65,1272.14,46,2022-04-26,B2B,India,0,0.00226987012987013,-0.05298601007359447,1306
5728,42,596.24,49,2022-07-27,B2C,Germany,0,0.0015946453546453548,-0.06614730527833868,2701
5729,50,720.25,198,2022-04-10,B2C,UAE,0,0.0017185314685314685,-0.06373255129351794,2338
5730,33,2255.29,148,2022-10-19,B2C,India,1,0.003252037962037962,-0.033841865406418446,586
5731,66,175.56,154,2023-12-29,B2B,France,0,0.0011743856143856142,-0.07433889229821114,4532
5732,20,92.76,112,2021-09-30,Enterprise,Canada,1,0.0010916683316683318,-0.07595119477335956,4871
5733,64,1458.34,191,2021-03-12,B2B,Australia,0,0.002455884115884116,-0.04936027672972205,1096
5734,46,194.14,126,2021-05-06,B2B,UK,1,0.0011929470529470527,-0.0739770978539085,4458
5735,31,392.66,19,2020-11-17,SMB,France,0,0.0013912687312687313,-0.07011146636397535,3519
5736,60,483.11,4,2025-07-10,Enterprise,Canada,0,0.0014816283716283718,-0.06835020116014473,3118
5737,62,575.03,72,2020-01-28,B2C,UAE,0,0.0015734565434565434,-0.06656031174570459,2760
5738,22,88.33,56,2026-01-26,SMB,USA,0,0.0010872427572427572,-0.07603745685023043,4881
5739,78,602.97,35,2020-06-22,B2C,UAE,1,0.0016013686313686314,-0.06601625702160259,2682
5740,61,3889.6,92,2025-05-29,SMB,France,0,0.004884715284715285,-0.002018169051831218,211
5741,34,486.77,171,2024-02-29,SMB,Australia,0,0.0014852847152847153,-0.06827893271740267,3104
5742,70,825.18,115,2023-07-15,B2B,Singapore,1,0.0018233566433566433,-0.061689327879057516,2058
5743,46,1643.83,51,2025-07-09,SMB,France,0,0.002641188811188811,-0.04574836868485149,941
5744,38,2383.9,154,2026-06-11,SMB,Singapore,0,0.0033805194805194808,-0.03133753906186725,533
5745,23,2369.35,48,2023-01-30,Enterprise,Canada,0,0.003365984015984016,-0.03162086033014515,537
5746,41,415.51,160,2025-07-03,Enterprise,Germany,0,0.001414095904095904,-0.0696665254031403,3426
5747,66,1168.26,115,2022-01-19,SMB,France,0,0.0021660939060939065,-0.055008787623333825,1424
5748,45,3691.15,94,2025-09-24,Enterprise,India,1,0.004686463536463536,-0.005882437484116299,238
5749,74,458.78,150,2023-02-21,SMB,Singapore,0,0.0014573226773226774,-0.06882396105411044,3229
5750,76,3052.82,51,2024-06-17,Enterprise,Canada,0,0.004048771228771229,-0.018312160176887967,345
5751,74,416.39,117,2022-06-28,Enterprise,France,1,0.0014149750249750248,-0.06964938982127883,3424
5752,34,743.23,160,2026-06-20,SMB,India,0,0.0017414885114885115,-0.06328507893990791,2266
5753,71,5961.14,14,2021-06-09,B2C,Singapore,1,0.006954185814185814,0.03831938009513701,91
5754,59,239.98,1,2020-08-09,SMB,India,0,0.0012387412587412587,-0.07308448981694228,4212
5755,39,72.28,107,2025-11-23,SMB,France,0,0.0010712087912087911,-0.07634998649668129,4925
5756,41,1194.79,171,2024-09-29,B2C,Canada,0,0.0021925974025974026,-0.0544921887747144,1395
5757,57,1736.27,23,2025-05-13,Enterprise,India,0,0.0027335364635364635,-0.04394835369931139,869
5758,35,460.16,28,2026-01-23,B2B,Japan,0,0.0014587012987012987,-0.0687970893461913,3221
5759,45,532.22,150,2020-05-13,B2B,France,1,0.0015306893106893107,-0.0673939188587614,2933
5760,74,1415.11,177,2025-08-20,B2B,UK,0,0.0024126973026973022,-0.05020206218866729,1145
5761,27,370.64,138,2023-11-23,B2C,France,0,0.0013692707292707292,-0.07054024535555468,3606
5762,18,429.41,123,2024-05-31,SMB,USA,1,0.0014279820179820182,-0.06939586109873737,3364
5763,54,1560.86,189,2021-12-16,SMB,UAE,0,0.002558301698301698,-0.04736398144285952,1011
5764,43,1710.59,164,2025-02-15,B2C,Germany,0,0.002707882117882118,-0.04444840113363279,893
5765,67,661.37,89,2021-05-08,B2C,UK,1,0.0016597102897102896,-0.06487907749806794,2514
5766,43,301.43,32,2025-10-23,B2C,Australia,0,0.0013001298701298702,-0.07188791992445592,3914
5767,50,1496.75,151,2025-02-27,Enterprise,France,0,0.002494255744255744,-0.048612347525972634,1062
5768,78,901.08,174,2023-07-16,B2B,India,0,0.0018991808191808192,-0.06021138394350479,1873
5769,72,263.84,145,2020-02-04,Enterprise,India,0,0.0012625774225774225,-0.07261988188147075,4081
5770,26,265.99,181,2020-02-18,Enterprise,Canada,1,0.0012647252747252748,-0.07257801653942282,4072
5771,35,429.1,113,2022-05-13,B2B,Canada,0,0.0014276723276723275,-0.06940189749689311,3367
5772,73,2657.08,52,2024-04-03,B2B,France,0,0.0036534265734265736,-0.026018109229004372,452
5773,22,246.03,178,2021-02-16,B2C,UAE,0,0.0012447852147852148,-0.0729666826916446,4173
5774,39,4551.78,42,2023-08-25,B2B,Canada,0,0.005546233766233766,0.010875966853890811,154
5775,27,2439.71,114,2024-01-21,B2C,Singapore,0,0.003436273726273726,-0.03025079267131129,516
5776,31,1302.36,182,2022-11-29,B2B,France,0,0.0023000599400599397,-0.05239755861466952,1267
5777,29,405.76,62,2022-02-05,SMB,Canada,0,0.0014043556443556443,-0.06985637986126467,3464
5778,49,5588.09,24,2026-02-24,Enterprise,USA,0,0.006581508491508492,0.031055256443517202,104
5779,56,652.73,57,2022-12-12,B2C,Canada,0,0.001651078921078921,-0.0650473177563443,2536
5780,62,353.62,134,2022-08-29,SMB,Australia,0,0.0013522677322677322,-0.07087166308655742,3686
5781,53,434.15,83,2023-01-08,B2C,UAE,0,0.0014327172827172828,-0.06930356262371075,3334
5782,68,141.26,115,2025-04-14,B2B,Canada,0,0.0011401198801198802,-0.07500679054576659,4687
5783,67,253.85,83,2023-11-06,SMB,Canada,0,0.0012525974025974025,-0.0728144096801028,4134
5784,64,310.2,115,2024-02-07,B2B,Australia,0,0.001308891108891109,-0.07171714827340457,3877
5785,32,577.63,76,2022-01-23,Enterprise,India,0,0.0015760539460539461,-0.06650968389020477,2755
5786,76,539.1,160,2025-08-04,Enterprise,Australia,0,0.0015375624375624374,-0.06725994976420802,2911
5787,50,156.77,153,2024-10-02,B2C,Canada,0,0.0011556143856143856,-0.07470477591545799,4613
5788,33,454.8,64,2022-05-12,SMB,USA,0,0.0014533466533466534,-0.06890146061752941,3248
5789,21,506.57,4,2024-09-12,B2C,UK,0,0.001505064935064935,-0.06789338212551935,3032
5790,71,414.22,167,2024-03-04,Enterprise,Canada,0,0.0014128071928071928,-0.06969164460836907,3432
5791,68,829.47,130,2024-02-04,Enterprise,Canada,1,0.0018276423576423578,-0.0616057919174828,2049
5792,20,948.74,151,2024-06-28,B2B,India,0,0.0019467932067932067,-0.05928333640768867,1787
5793,43,1158.44,199,2023-02-19,Enterprise,USA,1,0.0021562837162837165,-0.05520000513910625,1436
5794,73,167.19,84,2025-01-20,Enterprise,Japan,0,0.001166023976023976,-0.07450187504841635,4576
5795,54,259.15,36,2022-01-06,B2C,Canada,1,0.001257892107892108,-0.0727112067438916,4102
5796,51,355.49,188,2026-05-29,B2B,UK,0,0.0013541358641358642,-0.07083524997510175,3675
5797,59,1442.68,181,2021-06-21,B2C,Canada,0,0.0024402397602397603,-0.04966521219784794,1108
5798,26,835.18,17,2026-06-16,Enterprise,UAE,0,0.0018333466533466533,-0.061494605357904325,2027
5799,61,553.89,86,2022-07-25,B2C,UAE,0,0.0015523376623376621,-0.06697195515542244,2848
5800,31,568.94,71,2021-02-13,B2C,USA,0,0.0015673726273726274,-0.06667889776108689,2787
5801,64,2319.02,104,2023-01-10,B2B,Germany,1,0.0033157042957042957,-0.03260089877910916,559
5802,50,3187.75,87,2022-08-23,Enterprise,Japan,0,0.004183566433566433,-0.015684769198967958,320
5803,65,550.71,74,2026-03-24,B2C,Singapore,1,0.0015491608391608393,-0.06703387691714915,2859
5804,55,369.16,193,2024-11-05,B2C,Japan,0,0.001367792207792208,-0.07056906428868535,3613
5805,22,77.29,60,2024-04-09,SMB,Singapore,0,0.0010762137862137863,-0.07625243051358355,4914
5806,68,1012.01,110,2022-03-14,B2C,India,1,0.00201,-0.05805132701635244,1671
5807,64,697.05,40,2021-08-20,SMB,Singapore,0,0.0016953546453546452,-0.06418430754259336,2410
5808,45,1663.77,49,2021-09-04,Enterprise,Germany,0,0.0026611088911088912,-0.04536009197767203,926
5809,50,1745.85,56,2025-04-21,B2C,India,0,0.002743106893106893,-0.04376180952404664,861
5810,34,588.64,81,2020-02-09,SMB,Germany,0,0.001587052947052947,-0.0662952943944151,2724
5811,38,174.78,10,2021-12-24,B2C,UK,0,0.0011736063936063936,-0.07435408065486108,4541
5812,24,2563.34,122,2024-09-22,B2B,Canada,0,0.00355978021978022,-0.027843438142294383,480
5813,57,316.65,163,2025-08-08,Enterprise,Japan,0,0.0013153346653346654,-0.07159155224726076,3849
5814,52,2716.38,138,2021-07-04,B2C,USA,0,0.0037126673326673327,-0.02486340467856594,427
5815,24,1354.21,43,2025-10-18,Enterprise,Germany,0,0.002351858141858142,-0.051387922342490226,1211
5816,25,95.14,20,2025-12-27,B2B,France,0,0.001094045954045954,-0.0759048508133251,4866
5817,68,439.87,145,2023-07-17,Enterprise,UAE,0,0.0014384315684315683,-0.06919218134161113,3307
5818,61,339.53,39,2025-06-16,Enterprise,Japan,1,0.0013381918081918083,-0.07114602711886225,3753
5819,77,35.03,50,2023-05-13,Enterprise,Singapore,1,0.001033996003996004,-0.07707532788797693,4979
5820,59,162.76,92,2022-10-24,Enterprise,UAE,1,0.0011615984015984017,-0.07458813712528722,4597
5821,48,139.68,73,2026-04-21,Enterprise,Australia,0,0.0011385414585414586,-0.07503755670410879,4700
5822,73,1663.33,198,2026-05-14,SMB,USA,0,0.0026606693306693305,-0.04536865976860277,928
5823,22,360.66,176,2020-07-14,SMB,Canada,0,0.0013593006993006993,-0.07073457843166557,3652
5824,77,563.97,161,2024-06-19,Enterprise,France,0,0.0015624075924075924,-0.06677567485410003,2804
5825,22,658.44,35,2021-02-09,B2C,USA,0,0.0016567832167832168,-0.06493613119676582,2523
5826,0,6005.08,150,2021-10-31,SMB,France,0,0.006998081918081918,0.03917499085308413,88
5827,71,669.23,151,2020-09-02,Enterprise,Canada,0,0.0016675624375624375,-0.06472602559644153,2496
5828,39,368.42,46,2022-06-01,Enterprise,France,0,0.001367052947052947,-0.07058347375525069,3617
5829,61,343.41,89,2022-11-07,B2C,Canada,0,0.0013420679320679321,-0.07107047478065481,3729
5830,79,425.45,119,2025-05-05,SMB,India,0,0.001424025974025974,-0.06947297121711404,3384
5831,30,1016.61,7,2021-01-29,SMB,Japan,0,0.0020145954045954046,-0.05796175465662196,1660
5832,39,479.86,15,2025-01-16,B2B,France,0,0.0014783816183816184,-0.06841348597951952,3130
5833,43,250.54,93,2023-10-02,B2C,France,0,0.0012492907092907092,-0.07287886283460451,4148
5834,18,701.62,165,2022-11-30,B2C,Japan,0,0.0016999200799200798,-0.06409531935042635,2402
5835,34,2227.0,74,2024-01-18,B2C,Australia,0,0.003223776223776224,-0.034392735418760825,599
5836,36,747.1,60,2024-01-15,B2C,Canada,0,0.0017453546453546453,-0.06320972132422163,2254
5837,19,368.82,178,2026-04-14,B2C,UK,0,0.0013674525474525474,-0.07057568485440456,3616
5838,74,789.09,109,2026-04-02,B2C,UAE,0,0.0017873026973026975,-0.06239208145789938,2158
5839,67,72.44,13,2022-11-21,B2C,UK,0,0.0010713686313686315,-0.07634687093634285,4924
5840,69,514.18,147,2023-11-10,Enterprise,Australia,0,0.0015126673326673326,-0.06774519828692177,3001
5841,28,271.81,49,2020-03-22,B2B,UAE,0,0.0012705394605394605,-0.07246468803211167,4037
5842,47,103.85,23,2024-08-13,B2B,USA,1,0.0011027472527472527,-0.07573524749740067,4844
5843,63,2663.27,55,2021-05-11,SMB,UAE,0,0.0036596103896103897,-0.025897575988410543,447
5844,40,386.2,143,2023-12-09,Enterprise,Singapore,0,0.0013848151848151848,-0.07023725711264031,3541
5845,75,280.41,10,2022-03-25,B2C,Singapore,0,0.0012791308691308691,-0.07229722666391993,4000
5846,32,705.56,184,2026-06-20,Enterprise,UAE,0,0.0017038561438561437,-0.06401859867709199,2386
5847,77,152.17,116,2026-06-16,B2B,USA,1,0.001151018981018981,-0.07479434827518845,4636
5848,999,327.59,104,2026-01-14,B2C,UK,1,0.0013262637362637362,-0.07137852580911916,3800
5849,29,311.28,63,2021-12-15,Enterprise,Japan,0,0.0013099700299700299,-0.07169611824112002,3872
5850,44,521.88,185,2023-03-11,SMB,Japan,0,0.0015203596403596405,-0.06759526194563381,2973
5851,23,4878.72,46,2023-12-25,Enterprise,Japan,1,0.005872847152847153,0.01724222496047326,137
5852,47,3513.12,161,2023-08-24,B2C,UK,0,0.004508611388611389,-0.00934908252820657,260
5853,22,139.57,56,2025-09-21,B2C,India,1,0.0011384315684315684,-0.07503969865184147,4702
5854,63,681.12,109,2025-06-19,B2C,Canada,1,0.0016794405594405593,-0.0644945005187904,2456
5855,55,333.79,18,2025-01-04,Enterprise,India,0,0.0013324575424575424,-0.07125779784600418,3776
5856,52,863.22,68,2020-11-17,Enterprise,France,0,0.0018613586413586413,-0.060948603408590776,1950
5857,72,155.95,59,2024-04-09,Enterprise,Australia,0,0.0011547952047952048,-0.07472074316219254,4620
5858,23,5157.96,132,2023-03-19,B2C,UK,0,0.006151808191808192,0.022679656641154976,119
5859,31,601.43,143,2025-03-14,B2B,UK,0,0.0015998301698301697,-0.06604624428986017,2690
5860,69,343.89,159,2021-08-16,Enterprise,Canada,0,0.0013425474525474523,-0.07106112809963946,3727
5861,67,311.76,2,2021-11-17,B2B,India,0,0.0013104495504495505,-0.07168677156010467,3870
5862,34,784.18,62,2023-10-13,B2C,UAE,0,0.0017823976023976023,-0.0624876902157856,2173
5863,26,256.86,161,2024-09-23,B2C,Japan,0,0.0012556043956043958,-0.07275579820123569,4117
5864,57,349.1,174,2026-05-30,B2C,Australia,0,0.0013477522477522476,-0.07095967766611866,3705
5865,48,991.57,178,2024-07-15,B2C,UAE,1,0.00198958041958042,-0.058449339849589554,1716
5866,53,191.96,148,2020-10-19,SMB,Australia,0,0.0011907692307692307,-0.0740195473635199,4468
5867,27,784.86,194,2020-11-20,B2C,Germany,0,0.0017830769230769233,-0.062474449084347176,2167
5868,44,1061.61,65,2021-10-25,Enterprise,India,1,0.0020595504495504492,-0.057085503311432605,1582
5869,66,144.87,84,2023-11-08,B2B,Germany,0,0.0011437262737262737,-0.07493649571563028,4675
5870,69,744.57,24,2022-07-23,B2C,Canada,0,0.0017428271728271729,-0.06325898612207338,2262
5871,22,716.11,142,2023-07-08,B2C,USA,0,0.0017143956043956046,-0.06381316641727537,2354
5872,34,1575.73,49,2023-07-21,SMB,UAE,0,0.002573156843156843,-0.04707442905390473,1001
5873,48,462.42,101,2023-04-08,B2C,Japan,0,0.001460959040959041,-0.06875308205641069,3208
5874,74,234.58,169,2022-12-31,Enterprise,India,0,0.0012333466533466532,-0.073189639978365,4243
5875,31,205.22,157,2024-06-07,Enterprise,UAE,1,0.001204015984015984,-0.07376134530047078,4392
5876,40,164.43,149,2023-01-16,SMB,France,0,0.0011632667332667334,-0.07455561846425464,4587
5877,61,608.47,32,2024-12-27,B2C,UK,0,0.001606863136863137,-0.06590915963496832,2663
5878,46,263.23,187,2024-01-27,Enterprise,Germany,1,0.001261968031968032,-0.07263175995526111,4085
5879,56,1916.87,128,2025-11-03,B2B,Australia,0,0.0029139560439560438,-0.04043166496728476,748
5880,32,715.68,53,2025-01-18,Enterprise,Singapore,1,0.001713966033966034,-0.06382153948568496,2355
5881,64,942.15,87,2024-08-22,SMB,Germany,0,0.0019402097902097902,-0.05941165854912863,1800
5882,29,732.0,63,2021-11-16,Enterprise,Australia,0,0.0017302697302697303,-0.06350375233116295,2301
5883,50,550.45,199,2022-01-23,Enterprise,Canada,1,0.001548901098901099,-0.06703893970269914,2861
5884,77,2358.17,151,2020-04-04,B2C,Japan,0,0.003354815184815185,-0.03183856010879441,540
5885,74,116.34,81,2021-05-27,B2C,Japan,0,0.0011152247752247752,-0.07549203906848033,4802
5886,75,645.44,34,2022-08-19,Enterprise,USA,0,0.0016437962037962038,-0.06518927047426497,2555
5887,57,149.72,165,2022-10-27,B2B,Japan,0,0.0011485714285714287,-0.07484205529287098,4648
5888,47,105.29,133,2020-11-23,B2B,Germany,0,0.0011041858141858142,-0.07570720745435461,4841
5889,39,167.06,42,2022-05-12,B2B,USA,0,0.0011658941058941058,-0.07450440644119134,4578
5890,47,4458.19,72,2021-11-14,B2C,UAE,0,0.0054527372627372625,0.009053558778418088,160
5891,49,437.08,88,2024-06-14,Enterprise,Germany,0,0.0014356443556443556,-0.06924650892501287,3321
5892,37,727.85,153,2021-02-25,Enterprise,USA,0,0.0017261238761238761,-0.06358456217744153,2312
5893,55,3004.89,46,2021-01-26,Enterprise,UK,0,0.004000889110889111,-0.01924546522077522,354
5894,76,220.17,27,2020-09-18,B2B,Japan,0,0.001218951048951049,-0.07347023513134675,4308
5895,37,530.36,96,2025-04-22,B2B,Australia,0,0.001528831168831169,-0.0674301372476959,2940
5896,19,488.47,135,2026-02-24,SMB,France,0,0.001486983016983017,-0.06824582988880662,3095
5897,74,1583.13,188,2020-08-08,SMB,France,1,0.0025805494505494507,-0.046930334388251366,990
5898,48,2305.03,12,2020-04-17,B2C,Singapore,0,0.003301728271728272,-0.03287331558620247,566
5899,75,224.64,112,2024-06-14,B2B,Canada,0,0.0012234165834165832,-0.07338319416439128,4288
5900,67,295.19,135,2025-11-16,Enterprise,USA,1,0.0012938961038961039,-0.07200942677765551,3944
5901,72,2251.78,109,2020-12-06,B2B,Japan,0,0.0032485314685314686,-0.03391021301134321,588
5902,45,307.29,173,2021-03-01,B2C,France,0,0.001305984015984016,-0.07177381252706014,3888
5903,20,508.7,136,2022-12-11,B2B,Japan,0,0.0015071928071928073,-0.06785190622851373,3020
5904,76,397.54,132,2021-09-28,B2B,France,0,0.0013961438561438562,-0.07001644177365259,3495
5905,37,1812.33,156,2020-12-11,SMB,France,0,0.0028095204795204796,-0.04246729420342022,813
5906,52,894.73,46,2024-05-15,Enterprise,UAE,0,0.0018928371628371629,-0.060335032744437064,1893
5907,79,88.46,189,2023-06-21,B2B,USA,0,0.0010873726273726275,-0.07603492545745544,4880
5908,36,226.93,112,2022-07-28,B2B,Australia,0,0.0012257042957042957,-0.07333860270704719,4278
5909,23,419.05,40,2022-10-10,B2C,Germany,0,0.0014176323676323675,-0.06959759363065207,3415
5910,28,570.08,34,2023-03-09,B2B,UK,0,0.0015685114885114885,-0.06665669939367543,2782
5911,62,2694.43,116,2024-12-20,B2C,UK,0,0.0036907392607392606,-0.0252908206124972,439
5912,23,893.39,27,2021-06-01,B2C,Japan,1,0.0018914985014985013,-0.06036112556227159,1898
5913,35,496.17,154,2021-06-21,B2C,Germany,1,0.0014946753246753248,-0.06809589354751866,3071
5914,64,926.6,139,2025-11-27,Enterprise,UAE,0,0.0019246753246753246,-0.05971445206952185,1824
5915,79,602.59,1,2021-11-29,B2B,India,0,0.001600989010989011,-0.06602365647740639,2684
5916,31,334.24,149,2020-04-27,B2B,France,0,0.001332907092907093,-0.0712490353325523,3773
5917,31,267.74,32,2020-05-23,B2C,Germany,0,0.0012664735264735264,-0.07254394009822102,4058
5918,18,463.64,188,2024-01-01,SMB,UAE,0,0.001462177822177822,-0.06872932590882999,3201
5919,71,202.65,68,2023-08-25,B2B,UAE,1,0.0012014485514485515,-0.07381138898840714,4411
5920,78,739.77,130,2025-05-04,SMB,France,0,0.001738031968031968,-0.06335245293222692,2273
5921,34,1977.74,84,2025-03-28,B2C,Singapore,0,0.0029747652347652345,-0.039246388981025275,711
5922,77,1215.9,54,2026-01-23,SMB,Canada,0,0.0022136863136863138,-0.054081129532560016,1368
5923,71,1425.72,137,2023-01-20,B2C,Japan,0,0.0024232967032967036,-0.049995461593723756,1132
5924,31,283.36,197,2026-02-24,Enterprise,UK,0,0.0012820779220779222,-0.07223978352017973,3985
5925,48,178.89,138,2024-12-27,Enterprise,UK,0,0.0011777122877122876,-0.07427404969866712,4524
5926,62,1533.56,73,2021-07-07,B2B,UAE,1,0.002531028971028971,-0.04789557392560773,1027
5927,27,888.52,3,2026-01-17,B2C,Germany,0,0.0018866333666333667,-0.0604559554300732,1905
5928,55,525.47,31,2021-12-26,SMB,UK,1,0.001523946053946054,-0.06752535656053982,2957
5929,50,1250.57,99,2025-02-13,Enterprise,France,0,0.002248321678321678,-0.0534060265517219,1336
5930,22,500.77,132,2026-04-29,SMB,Japan,1,0.0014992707292707293,-0.0680063211877882,3051
5931,33,3358.96,135,2024-11-16,Enterprise,France,0,0.0043546053946053945,-0.012350924914304166,290
5932,37,1257.85,16,2025-11-14,B2B,France,0,0.0022555944055944054,-0.05326426855632238,1326
5933,65,643.51,16,2025-12-26,B2C,France,0,0.0016418681318681318,-0.06522685192084754,2558
5934,39,145.95,92,2023-06-22,Enterprise,UAE,0,0.0011448051948051948,-0.07491546568334574,4665
5935,57,384.55,103,2023-11-23,Enterprise,Australia,0,0.0013831668331668332,-0.07026938632863058,3546
5936,34,2263.67,114,2025-05-26,B2C,Germany,1,0.0032604095904095903,-0.033678687933692074,580
5937,67,1249.25,13,2026-01-19,B2B,India,0,0.002247002997002997,-0.05343172992451412,1338
5938,67,3418.98,189,2022-07-19,B2C,UAE,0,0.0044145654345654345,-0.011182200342342711,278
5939,26,264.0,173,2021-01-01,B2C,Germany,0,0.0012627372627372628,-0.07261676632113231,4078
5940,55,114.26,196,2024-12-14,B2B,USA,0,0.001113146853146853,-0.07553254135288019,4810
5941,59,1619.39,152,2023-06-15,Enterprise,Australia,0,0.002616773226773227,-0.0462242705265499,964
5942,26,1548.91,86,2024-02-07,Enterprise,France,0,0.002546363636363636,-0.04759667485563758,1018
5943,32,732.83,188,2024-08-15,Enterprise,India,0,0.001731098901098901,-0.06348759036190724,2295
5944,69,1762.76,126,2022-11-30,Enterprise,Canada,0,0.0027600000000000003,-0.043432533740776595,848
5945,63,2873.33,188,2021-09-29,SMB,Japan,0,0.0038694605394605395,-0.021807234709066606,387
5946,31,496.46,5,2023-05-28,B2C,Australia,0,0.001494965034965035,-0.06809024659440523,3068
5947,26,2694.81,121,2020-02-13,Enterprise,Singapore,1,0.003691118881118881,-0.025283421156693377,438
5948,26,120.05,98,2020-01-01,B2C,UK,1,0.0011189310689310688,-0.07541979701313249,4789
5949,50,732.93,104,2025-11-13,Enterprise,France,0,0.001731198801198801,-0.0634856431366957,2294
5950,74,705.89,160,2021-07-12,B2B,Canada,0,0.001704185814185814,-0.06401217283389393,2383
5951,70,913.7,88,2023-11-09,Enterprise,USA,0,0.0019117882117882117,-0.05996564412180946,1852
5952,48,1434.17,101,2023-03-20,B2C,India,0,0.002431738261738262,-0.049830921063349305,1121
5953,27,1741.69,136,2025-04-05,Enterprise,USA,0,0.002738951048951049,-0.04384281409284636,864
5954,27,408.63,175,2025-12-31,SMB,Germany,1,0.0014072227772227773,-0.0698004944976937,3450
5955,76,220.22,73,2020-02-04,SMB,Germany,0,0.001219000999000999,-0.07346926151874099,4307
5956,56,1629.42,130,2025-07-07,Enterprise,USA,0,0.002626793206793207,-0.04602896383783324,956
5957,22,270.3,65,2025-05-08,Enterprise,Germany,0,0.001269030969030969,-0.07249409113280579,4045
5958,35,128.47,117,2023-05-12,B2B,Singapore,0,0.0011273426573426574,-0.07525584065032152,4758
5959,70,940.16,199,2020-02-07,B2B,UAE,0,0.001938221778221778,-0.05945040833083812,1804
5960,50,493.59,170,2024-10-29,B2C,Singapore,0,0.001492097902097902,-0.06814613195797618,3079
5961,66,149.2,20,2023-04-14,B2C,India,0,0.0011480519480519481,-0.07485218086397095,4650
5962,35,159.46,139,2022-08-05,B2B,France,0,0.0011583016983016984,-0.07465239555726777,4608
5963,69,572.91,109,2020-01-30,Enterprise,Canada,1,0.0015713386613386612,-0.06660159292018908,2770
5964,75,439.62,2,2026-02-23,Enterprise,UAE,0,0.001438181818181818,-0.06919704940463996,3310
5965,29,992.86,97,2024-03-10,B2C,Germany,1,0.0019908691308691308,-0.05842422064436079,1711
5966,42,872.31,86,2022-02-11,B2B,India,0,0.0018704395604395604,-0.06077160063686252,1934
5967,71,936.52,92,2024-08-13,Enterprise,France,0,0.0019345854145854146,-0.05952128732853788,1810
5968,44,284.48,159,2026-04-15,SMB,France,0,0.0012831968031968032,-0.07221797459781057,3980
5969,58,540.82,10,2024-11-25,Enterprise,Germany,0,0.0015392807192807195,-0.06722645749056966,2901
5970,70,1033.97,86,2024-06-04,SMB,France,0,0.002031938061938062,-0.05762371635990003,1625
5971,26,533.84,59,2022-10-20,SMB,Germany,0,0.0015323076923076924,-0.0673623738103346,2925
5972,66,1965.61,107,2021-10-30,B2C,Singapore,0,0.0029626473526473524,-0.0394825873991841,718
5973,30,405.81,114,2024-05-15,Enterprise,UAE,0,0.0014044055944055943,-0.06985540624865891,3462
5974,66,1159.12,135,2024-03-29,B2B,Germany,0,0.002156963036963037,-0.05518676400766784,1435
5975,39,775.09,37,2022-06-22,Enterprise,India,0,0.0017733166833166834,-0.06266469298751384,2196
5976,19,334.23,13,2022-12-13,SMB,India,0,0.001332897102897103,-0.07124923005507344,3774
5977,56,1497.2,118,2020-11-20,Enterprise,Germany,0,0.0024947052947052947,-0.04860358501252073,1060
5978,74,358.41,154,2024-09-25,B2C,France,0,0.0013570529470529472,-0.07077839099892504,3662
5979,65,1155.96,3,2022-09-08,B2B,Canada,0,0.002153806193806194,-0.05524829632435224,1440
5980,32,1485.33,39,2025-10-17,B2C,Singapore,0,0.0024828471528471527,-0.04883472064512958,1075
5981,40,1505.59,138,2023-01-18,Enterprise,Canada,1,0.0025030869130869132,-0.04844021281727322,1051
5982,79,662.2,165,2023-03-12,SMB,France,1,0.0016605394605394607,-0.06486291552881222,2512
5983,30,192.44,23,2025-12-18,B2B,Singapore,0,0.0011912487512487514,-0.07401020068250455,4465
5984,74,926.54,20,2023-01-06,B2B,Japan,1,0.0019246153846153846,-0.05971562040464876,1825
5985,62,3510.39,34,2024-08-18,B2C,Japan,0,0.004505884115884116,-0.009402241776481392,262
5986,64,4009.94,4,2022-02-09,Enterprise,UK,0,0.005004935064935065,0.0003251217677262909,199
5987,37,309.87,160,2020-10-07,B2B,UAE,1,0.0013085614385614384,-0.07172357411660263,3881
5988,30,868.8,109,2022-01-17,B2B,France,0,0.0018669330669330668,-0.060839948241787296,1939
5989,72,285.75,170,2021-07-13,Enterprise,Singapore,0,0.0012844655344655344,-0.07219324483762411,3973
5990,44,3458.55,146,2023-04-01,Enterprise,Singapore,0,0.004454095904095904,-0.01041168332613953,270
5991,59,1368.69,52,2021-03-28,B2C,Canada,0,0.0023663236763236764,-0.0511059641318604,1197
5992,34,803.85,129,2025-02-08,B2B,India,0,0.001802047952047952,-0.06210467101667727,2117
5993,48,1256.22,87,2025-01-28,Enterprise,India,1,0.002253966033966034,-0.05329600832727035,1327
5994,43,91.77,108,2023-01-19,SMB,UAE,0,0.0010906793206793208,-0.07597047230295373,4872
5995,39,430.05,132,2025-07-08,Enterprise,USA,0,0.0014286213786213785,-0.06938339885738357,3359
5996,58,907.99,174,2022-02-08,Enterprise,Singapore,1,0.001906083916083916,-0.06007683068138793,1860
5997,49,266.22,159,2023-08-06,SMB,Japan,0,0.001264955044955045,-0.07257353792143631,4068
5998,39,460.97,66,2020-03-20,B2C,India,0,0.0014595104895104895,-0.0687813168219779,3219
5999,79,1059.76,178,2021-09-15,SMB,Germany,0,0.002057702297702298,-0.05712152697784595,1584
6000,45,1190.23,80,2020-07-22,Enterprise,Singapore,0,0.002188041958041958,-0.054580982244360254,1402
