customer_id,days_as_customer,total_transactions,total_spent,days_since_last_purchase,purchase_count,avg_order_value,support_tickets_raised,newsletter_subscriber,referrals_made,lifetime_months
30001,1048,40,7212.64,51,40,180.32,7,0,2,34.4
30002,1403,11,10661.63,563,11,969.24,12,1,17,46.1
30003,185,379,27454.57,259,379,72.44,20,0,45,6.1
30004,2022,147,5811.97,79,147,39.54,4,1,3,66.4
30005,684,230,1441.0,382,230,6.27,29,1,39,22.5
30006,688,30,2554.93,445,30,85.16,21,1,46,22.6
30007,1233,459,8450.57,669,459,18.41,3,0,10,40.5
30008,1713,456,3469.1,262,456,7.61,24,0,30,56.3
30009,1115,245,70229.64,603,245,286.65,0,1,6,36.6
30010,2317,497,269.45,584,497,0.54,6,0,21,76.1
30011,1211,391,285.35,648,391,0.73,2,1,16,39.8
30012,842,327,976.6,34,327,2.99,22,1,22,27.7
30013,2385,380,182.61,417,380,0.48,25,0,35,78.4
30014,1996,269,3090.93,301,269,11.49,21,1,44,65.6
30015,1678,450,8838.76,431,450,19.64,25,0,49,55.1
30016,1034,191,3592.8,609,191,18.81,23,0,15,34.0
30017,2228,330,205.32,265,330,0.62,10,0,23,73.2
30018,41,404,898.17,610,404,2.22,11,0,15,1.3
30019,339,97,1805.65,335,97,18.61,18,1,9,11.1
30020,1892,484,1613.62,513,484,3.33,26,1,14,62.2
30021,645,158,520.39,571,158,3.29,23,1,34,21.2
30022,900,193,347.77,220,193,1.8,27,0,26,29.6
30023,1918,290,9572.64,567,290,33.01,3,0,5,63.0
30024,1535,195,541.96,496,195,2.78,6,0,3,50.4
30025,1897,69,17581.2,84,69,254.8,18,1,39,62.3
30026,961,49,463.33,323,49,9.46,19,0,11,31.6
30027,736,369,1578.43,398,369,4.28,17,1,24,24.2
30028,1966,130,1175.96,412,130,9.05,2,1,48,64.6
30029,516,132,2113.54,223,132,16.01,24,1,46,17.0
30030,1680,290,5075.34,207,290,17.5,20,0,41,55.2
30031,885,95,1823.07,176,95,19.19,20,0,8,29.1
30032,1426,258,4441.64,513,258,17.22,23,1,13,46.8
30033,1410,201,538.98,94,201,2.68,12,1,37,46.3
30034,1004,34,1454.65,277,34,42.78,13,1,14,33.0
30035,195,362,1244.84,652,362,3.44,4,0,5,6.4
30036,2388,151,3439.71,187,151,22.78,16,1,33,78.4
30037,375,16,1001.73,61,16,62.61,17,1,36,12.3
30038,1432,425,1456.13,714,425,3.43,13,1,48,47.0
30039,1435,130,350.83,631,130,2.7,12,0,34,47.1
30040,1698,271,3450.67,164,271,12.73,23,1,41,55.8
30041,878,480,206.49,695,480,0.43,26,0,43,28.8
30042,1784,361,818.4,406,361,2.27,11,0,29,58.6
30043,929,138,2119.58,428,138,15.36,12,0,18,30.5
30044,2211,302,446.92,115,302,1.48,7,0,19,72.6
30045,2199,177,7971.56,428,177,45.04,21,0,1,72.2
30046,2421,236,722.33,631,236,3.06,15,1,17,79.5
30047,46,188,4380.27,80,188,23.3,21,0,19,1.5
30048,610,298,3317.4,63,298,11.13,16,0,22,20.0
30049,2284,286,8976.7,667,286,31.39,27,0,14,75.0
30050,362,263,328.27,66,263,1.25,15,1,17,11.9
30051,869,326,315.6,128,326,0.97,12,1,27,28.5
30052,1509,464,386.04,279,464,0.83,18,1,16,49.6
30053,377,207,3323.61,347,207,16.06,3,0,29,12.4
30054,463,379,21200.6,145,379,55.94,3,1,31,15.2
30055,122,190,3121.98,592,190,16.43,20,1,35,4.0
30056,1640,313,6231.8,6,313,19.91,22,0,47,53.9
30057,31,220,789.55,700,220,3.59,6,1,15,1.0
30058,2384,6,1895.3,358,6,315.88,27,1,21,78.3
30059,667,305,1457.78,640,305,4.78,9,1,24,21.9
30060,2487,56,2709.28,347,56,48.38,4,1,33,81.7
30061,1158,248,3855.37,386,248,15.55,9,0,49,38.0
30062,1219,313,981.92,514,313,3.14,26,1,40,40.0
30063,2412,439,7510.86,261,439,17.11,5,1,11,79.2
30064,2086,356,13320.42,93,356,37.42,17,0,17,68.5
30065,365,282,697.15,436,282,2.47,23,1,23,12.0
30066,2205,46,332.87,378,46,7.24,7,0,21,72.4
30067,459,175,3980.63,293,175,22.75,4,0,21,15.1
30068,2115,416,72205.48,479,416,173.57,6,0,20,69.5
30069,1694,369,269.34,606,369,0.73,27,1,25,55.7
30070,1769,498,38.58,161,498,0.08,22,1,48,58.1
30071,530,306,575.35,297,306,1.88,2,0,46,17.4
30072,2553,401,1260.47,3,401,3.14,7,0,5,83.9
30073,656,153,4791.52,231,153,31.32,4,1,6,21.6
30074,2411,413,663.29,189,413,1.61,27,1,0,79.2
30075,668,197,531.99,16,197,2.7,29,1,30,21.9
30076,1760,61,790.03,72,61,12.95,29,1,25,57.8
30077,595,257,830.96,165,257,3.23,20,1,10,19.5
30078,1894,419,161.25,252,419,0.38,11,0,19,62.2
30079,1287,432,1015.9,360,432,2.35,8,1,49,42.3
30080,1714,230,5918.94,0,230,25.73,7,1,2,56.3
30081,405,102,377.18,167,102,3.7,13,0,26,13.3
30082,1551,24,2004.99,153,24,83.54,5,0,27,51.0
30083,224,19,106.13,626,19,5.59,27,1,11,7.4
30084,2468,22,1946.26,264,22,88.47,20,1,24,81.1
30085,853,481,4911.27,126,481,10.21,21,1,29,28.0
30086,2292,7,1497.96,229,7,213.99,4,0,35,75.3
30087,2181,359,905.48,278,359,2.52,26,0,38,71.6
30088,653,179,2262.93,669,179,12.64,6,1,26,21.5
30089,1792,239,3269.26,297,239,13.68,14,0,2,58.9
30090,1457,84,4068.92,585,84,48.44,3,1,18,47.9
30091,1918,217,2661.15,354,217,12.26,29,0,19,63.0
30092,645,202,419.32,435,202,2.08,29,1,45,21.2
30093,833,294,1225.42,386,294,4.17,11,1,17,27.4
30094,120,197,346.18,258,197,1.76,20,1,10,3.9
30095,1144,213,2172.79,576,213,10.2,14,1,38,37.6
30096,509,283,555.09,636,283,1.96,6,1,0,16.7
30097,1062,125,3077.32,78,125,24.62,19,1,45,34.9
30098,939,295,2056.22,444,295,6.97,17,0,7,30.8
30099,1079,66,1330.41,331,66,20.16,14,1,46,35.4
30100,948,201,6610.97,398,201,32.89,29,1,22,31.1
30101,665,28,384.47,66,28,13.73,28,1,11,21.8
30102,1083,323,668.72,239,323,2.07,12,1,15,35.6
30103,1570,323,185.42,65,323,0.57,9,1,4,51.6
30104,2506,382,598.72,192,382,1.57,13,1,16,82.3
30105,2315,276,476.21,487,276,1.73,6,0,38,76.1
30106,2405,401,12989.99,216,401,32.39,3,1,42,79.0
30107,616,289,1791.28,496,289,6.2,22,1,0,20.2
30108,796,400,686.92,85,400,1.72,3,0,12,26.1
30109,2129,496,338.99,488,496,0.68,16,1,40,69.9
30110,1631,186,264.51,260,186,1.42,2,0,38,53.6
30111,1392,211,391.1,282,211,1.85,13,1,9,45.7
30112,226,34,4739.72,714,34,139.4,21,1,36,7.4
30113,240,279,2346.4,267,279,8.41,0,1,5,7.9
30114,332,477,425.76,301,477,0.89,6,0,37,10.9
30115,2235,180,5670.94,658,180,31.51,14,1,36,73.4
30116,993,345,625.07,208,345,1.81,25,1,27,32.6
30117,985,181,1910.49,306,181,10.56,17,0,5,32.4
30118,480,255,333.26,549,255,1.31,21,0,37,15.8
30119,538,30,5130.67,482,30,171.02,5,1,18,17.7
30120,171,94,7304.13,523,94,77.7,21,0,30,5.6
30121,497,402,750.8,53,402,1.87,19,0,46,16.3
30122,1087,268,609.48,159,268,2.27,3,0,41,35.7
30123,2291,478,673.08,649,478,1.41,9,0,13,75.3
30124,275,180,2380.61,328,180,13.23,12,1,4,9.0
30125,1401,468,202.83,710,468,0.43,24,1,23,46.0
30126,591,479,1958.47,216,479,4.09,3,1,24,19.4
30127,1542,433,23560.11,366,433,54.41,8,1,44,50.7
30128,545,143,1420.6,660,143,9.93,20,0,0,17.9
30129,2497,36,723.0,352,36,20.08,5,0,7,82.0
30130,1140,304,818.63,649,304,2.69,20,0,11,37.5
30131,647,438,156.92,415,438,0.36,5,1,9,21.3
30132,1252,11,15120.26,587,11,1374.57,26,1,32,41.1
30133,1208,309,191.18,17,309,0.62,10,0,15,39.7
30134,1171,141,1569.61,447,141,11.13,11,0,27,38.5
30135,1962,169,46590.9,245,169,275.69,6,0,6,64.5
30136,2419,380,2850.61,710,380,7.5,1,1,35,79.5
30137,493,251,1434.72,568,251,5.72,26,1,39,16.2
30138,270,20,328.04,550,20,16.4,18,1,49,8.9
30139,2210,212,4362.52,672,212,20.58,23,0,49,72.6
30140,700,342,264.98,241,342,0.77,21,1,41,23.0
30141,2178,187,2402.27,710,187,12.85,20,0,32,71.6
30142,466,480,1193.32,538,480,2.49,25,0,29,15.3
30143,792,112,764.42,1,112,6.83,10,0,31,26.0
30144,46,452,758.66,190,452,1.68,28,1,10,1.5
30145,870,290,825.55,589,290,2.85,15,0,20,28.6
30146,1317,266,986.49,275,266,3.71,10,1,9,43.3
30147,395,256,1844.95,428,256,7.21,2,1,25,13.0
30148,75,274,366.73,717,274,1.34,18,0,31,2.5
30149,941,455,1175.91,67,455,2.58,26,0,44,30.9
30150,75,441,628.4,151,441,1.42,11,0,29,2.5
30151,1221,95,3141.11,685,95,33.06,1,1,29,40.1
30152,1692,109,234.69,599,109,2.15,19,0,38,55.6
30153,2463,497,390.99,138,497,0.79,9,0,31,80.9
30154,410,167,5279.78,340,167,31.62,11,0,48,13.5
30155,616,304,320.03,103,304,1.05,7,1,49,20.2
30156,2119,193,380.76,580,193,1.97,20,1,41,69.6
30157,1354,397,2834.07,479,397,7.14,11,1,20,44.5
30158,648,49,2994.16,239,49,61.11,21,1,18,21.3
30159,1374,189,695.29,217,189,3.68,20,1,10,45.1
30160,1439,155,141.87,706,155,0.92,29,1,40,47.3
30161,2339,315,1450.75,579,315,4.61,1,1,24,76.8
30162,1204,250,1740.26,172,250,6.96,17,0,42,39.6
30163,1864,336,3011.37,332,336,8.96,1,1,8,61.2
30164,1180,15,33156.53,671,15,2210.44,22,0,19,38.8
30165,2498,416,537.82,111,416,1.29,2,0,25,82.1
30166,419,146,2898.86,311,146,19.86,9,1,31,13.8
30167,961,408,392.6,292,408,0.96,20,0,5,31.6
30168,2225,154,1107.92,687,154,7.19,12,0,18,73.1
30169,1568,356,1275.42,457,356,3.58,22,1,39,51.5
30170,1243,55,632.53,628,55,11.5,27,1,36,40.8
30171,541,380,4640.55,633,380,12.21,7,0,12,17.8
30172,1513,408,2445.28,67,408,5.99,6,1,34,49.7
30173,639,324,6430.42,346,324,19.85,0,1,38,21.0
30174,2013,238,1954.64,64,238,8.21,24,0,6,66.1
30175,1052,351,10289.6,717,351,29.32,23,1,4,34.6
30176,172,332,369.33,118,332,1.11,7,0,30,5.7
30177,2511,198,3015.2,719,198,15.23,14,0,41,82.5
30178,729,223,592.08,404,223,2.66,13,1,1,23.9
30179,1826,2,5923.01,606,2,2961.5,24,1,2,60.0
30180,992,273,2958.74,571,273,10.84,15,0,40,32.6
30181,609,309,5899.23,718,309,19.09,7,1,32,20.0
30182,354,463,1742.81,200,463,3.76,16,1,31,11.6
30183,890,408,1348.57,553,408,3.31,27,0,23,29.2
30184,1404,101,2339.63,579,101,23.16,18,0,4,46.1
30185,1550,277,1200.4,273,277,4.33,11,0,43,50.9
30186,1315,437,6224.93,103,437,14.24,4,0,41,43.2
30187,1928,346,1956.62,266,346,5.65,6,1,48,63.3
30188,217,318,2280.78,352,318,7.17,1,1,3,7.1
30189,292,369,4006.08,102,369,10.86,27,1,0,9.6
30190,1947,34,383.78,571,34,11.29,18,0,26,64.0
30191,819,255,163.88,573,255,0.64,4,0,9,26.9
30192,713,196,1007.53,280,196,5.14,24,1,33,23.4
30193,2168,61,2160.88,176,61,35.42,3,0,21,71.2
30194,1595,459,6580.61,661,459,14.34,12,0,45,52.4
30195,2201,177,533.78,8,177,3.02,16,1,22,72.3
30196,2179,342,2423.6,24,342,7.09,12,0,23,71.6
30197,209,499,4231.62,693,499,8.48,22,0,34,6.9
30198,487,222,2135.9,71,222,9.62,6,1,3,16.0
30199,314,25,7449.96,486,25,298.0,19,0,14,10.3
30200,152,449,1188.41,182,449,2.65,14,1,25,5.0
30201,1746,237,3015.7,210,237,12.72,9,1,36,57.4
30202,365,484,4752.54,48,484,9.82,5,1,27,12.0
30203,1031,483,6542.76,413,483,13.55,21,0,38,33.9
30204,2471,202,20000.89,374,202,99.01,1,1,35,81.2
30205,2274,413,1882.05,182,413,4.56,19,1,37,74.7
30206,1950,339,710.62,196,339,2.1,28,1,0,64.1
30207,1851,58,1176.74,655,58,20.29,17,1,45,60.8
30208,2015,349,10890.61,522,349,31.21,10,1,37,66.2
30209,979,114,6353.96,566,114,55.74,18,0,47,32.2
30210,2030,400,238.38,381,400,0.6,11,1,19,66.7
30211,2441,336,973.1,530,336,2.9,18,0,38,80.2
30212,2382,36,382.91,579,36,10.64,29,1,46,78.3
30213,1919,418,1734.82,363,418,4.15,5,1,25,63.0
30214,2008,303,741.54,443,303,2.45,18,0,43,66.0
30215,286,221,249.58,229,221,1.13,2,1,47,9.4
30216,1184,151,646.24,286,151,4.28,16,1,18,38.9
30217,1256,469,9422.62,193,469,20.09,11,1,12,41.3
30218,1433,246,1367.35,576,246,5.56,23,1,44,47.1
30219,453,111,1886.8,525,111,17.0,12,0,12,14.9
30220,966,370,1006.86,163,370,2.72,28,1,41,31.7
30221,113,153,14281.95,446,153,93.35,20,0,16,3.7
30222,2094,489,1297.27,567,489,2.65,15,1,8,68.8
30223,133,118,1779.55,641,118,15.08,0,0,9,4.4
30224,2424,331,5042.08,364,331,15.23,12,1,18,79.6
30225,348,16,4146.29,214,16,259.14,26,0,41,11.4
30226,2099,401,1722.66,664,401,4.3,11,1,43,69.0
30227,125,310,17508.51,161,310,56.48,22,1,43,4.1
30228,153,170,5142.67,630,170,30.25,28,1,7,5.0
30229,2518,36,511.3,174,36,14.2,13,0,21,82.7
30230,1453,55,21238.47,409,55,386.15,27,0,1,47.7
30231,1539,210,12261.87,236,210,58.39,19,1,9,50.6
30232,709,345,2023.19,320,345,5.86,23,0,16,23.3
30233,695,498,1547.22,561,498,3.11,25,1,22,22.8
30234,760,411,786.25,482,411,1.91,22,1,27,25.0
30235,2526,52,2208.31,201,52,42.47,29,1,0,83.0
30236,310,130,225.23,104,130,1.73,8,0,30,10.2
30237,1407,228,2655.45,95,228,11.65,20,0,42,46.2
30238,943,452,1146.35,256,452,2.54,27,1,10,31.0
30239,793,101,584.04,439,101,5.78,27,0,39,26.1
30240,1012,384,4460.21,313,384,11.62,2,0,31,33.2
30241,333,129,463.15,264,129,3.59,21,0,41,10.9
30242,348,371,32891.32,358,371,88.66,27,0,19,11.4
30243,1974,466,274.38,298,466,0.59,16,0,46,64.8
30244,256,249,216.16,290,249,0.87,24,0,6,8.4
30245,2476,296,5207.94,431,296,17.59,25,1,14,81.3
30246,976,153,88.86,487,153,0.58,17,0,10,32.1
30247,2052,372,4614.44,353,372,12.4,10,0,2,67.4
30248,348,489,3811.74,636,489,7.79,8,1,20,11.4
30249,1626,112,876.66,318,112,7.83,8,1,12,53.4
30250,416,175,2272.22,552,175,12.98,8,1,9,13.7
30251,428,262,1390.77,502,262,5.31,2,1,36,14.1
30252,457,419,6014.9,448,419,14.36,14,0,6,15.0
30253,1002,373,29883.83,116,373,80.12,12,1,20,32.9
30254,48,211,9772.24,719,211,46.31,12,1,31,1.6
30255,2058,38,7837.77,315,38,206.26,9,0,14,67.6
30256,1691,220,9845.02,352,220,44.75,10,1,34,55.6
30257,1369,172,4022.29,186,172,23.39,16,1,0,45.0
30258,1235,347,368.96,314,347,1.06,25,1,47,40.6
30259,2546,195,12278.28,430,195,62.97,18,0,32,83.6
30260,1857,335,2997.12,38,335,8.95,20,0,48,61.0
30261,765,45,11741.74,22,45,260.93,15,1,36,25.1
30262,1008,483,5206.14,323,483,10.78,15,0,19,33.1
30263,745,455,4288.85,466,455,9.43,2,1,10,24.5
30264,2379,436,4542.13,295,436,10.42,9,1,26,78.2
30265,121,405,1448.16,272,405,3.58,25,0,3,4.0
30266,1415,239,1036.31,252,239,4.34,15,0,33,46.5
30267,1173,270,38940.37,624,270,144.22,11,0,24,38.5
30268,1778,206,27897.08,307,206,135.42,4,1,39,58.4
30269,1607,242,2206.04,553,242,9.12,4,1,28,52.8
30270,1173,372,4992.18,441,372,13.42,3,1,43,38.5
30271,1331,57,3264.71,413,57,57.28,4,0,20,43.7
30272,1157,414,1633.73,285,414,3.95,15,0,15,38.0
30273,1388,186,40.91,72,186,0.22,6,0,42,45.6
30274,276,258,231.97,297,258,0.9,9,1,31,9.1
30275,2245,46,1551.3,135,46,33.72,7,1,12,73.8
30276,1832,325,295.5,676,325,0.91,13,1,24,60.2
30277,1930,48,8073.49,164,48,168.2,4,1,25,63.4
30278,1641,495,1108.93,712,495,2.24,10,1,47,53.9
30279,1016,272,924.99,484,272,3.4,4,1,40,33.4
30280,1487,149,240.68,622,149,1.62,9,1,0,48.9
30281,420,470,12546.18,158,470,26.69,2,1,24,13.8
30282,697,272,2925.95,376,272,10.76,27,1,36,22.9
30283,935,377,372.29,126,377,0.99,23,1,32,30.7
30284,2044,293,346.24,473,293,1.18,18,1,10,67.1
30285,874,367,591.79,60,367,1.61,10,1,2,28.7
30286,227,41,3099.67,312,41,75.6,24,0,38,7.5
30287,1401,101,48.73,491,101,0.48,14,1,1,46.0
30288,614,159,9695.9,541,159,60.98,3,1,27,20.2
30289,2154,239,343.55,224,239,1.44,13,1,46,70.8
30290,1661,8,236.25,203,8,29.53,21,1,29,54.6
30291,1531,136,4644.95,507,136,34.15,12,1,28,50.3
30292,2409,55,793.6,270,55,14.43,6,1,46,79.1
30293,1870,321,2189.82,328,321,6.82,1,1,48,61.4
30294,778,68,282.49,258,68,4.15,23,0,47,25.6
30295,2521,191,587.61,185,191,3.08,8,1,8,82.8
30296,889,459,3687.61,386,459,8.03,22,1,28,29.2
30297,1836,217,2191.72,510,217,10.1,20,1,19,60.3
30298,819,385,325.79,91,385,0.85,18,0,2,26.9
30299,1258,91,5638.78,419,91,61.96,24,1,17,41.3
30300,2301,130,2337.76,585,130,17.98,18,1,4,75.6
30301,461,193,51.7,156,193,0.27,7,1,24,15.1
30302,690,406,4711.76,109,406,11.61,8,0,28,22.7
30303,986,226,3252.41,216,226,14.39,11,0,45,32.4
30304,1526,93,494.91,667,93,5.32,3,0,15,50.1
30305,471,428,425.26,469,428,0.99,3,0,30,15.5
30306,2466,229,51318.81,32,229,224.1,23,1,39,81.0
30307,1431,413,992.03,698,413,2.4,22,1,48,47.0
30308,2106,103,129.75,116,103,1.26,15,1,41,69.2
30309,1100,217,628.83,605,217,2.9,6,1,35,36.1
30310,2002,132,1285.3,139,132,9.74,0,0,47,65.8
30311,67,41,1530.29,324,41,37.32,28,1,25,2.2
30312,1439,324,183.92,37,324,0.57,16,0,24,47.3
30313,1145,452,439.82,15,452,0.97,24,0,34,37.6
30314,2551,410,959.32,414,410,2.34,15,0,14,83.8
30315,68,230,1866.07,587,230,8.11,13,1,5,2.2
30316,1093,72,16244.05,233,72,225.61,29,1,16,35.9
30317,2258,39,910.19,401,39,23.34,5,1,16,74.2
30318,1095,422,340.01,70,422,0.81,18,0,0,36.0
30319,1253,420,9317.96,311,420,22.19,23,1,31,41.2
30320,1639,133,73.58,229,133,0.55,29,1,29,53.8
30321,1891,320,420.69,70,320,1.31,12,0,48,62.1
30322,463,229,18857.09,672,229,82.35,16,0,34,15.2
30323,1895,254,766.64,489,254,3.02,10,0,28,62.3
30324,2234,321,8444.95,561,321,26.31,14,1,10,73.4
30325,423,218,3253.42,326,218,14.92,17,1,24,13.9
30326,782,113,139.75,584,113,1.24,22,1,11,25.7
30327,106,231,1660.97,478,231,7.19,16,1,21,3.5
30328,2470,310,515.72,240,310,1.66,0,0,1,81.1
30329,1614,469,1751.28,337,469,3.73,5,0,28,53.0
30330,1364,57,193.47,113,57,3.39,4,0,48,44.8
30331,762,19,4691.01,453,19,246.9,5,1,7,25.0
30332,1026,205,2909.25,584,205,14.19,15,1,7,33.7
30333,2198,56,153.69,675,56,2.74,15,1,41,72.2
30334,1435,459,704.62,510,459,1.54,11,0,25,47.1
30335,1585,42,529.38,426,42,12.6,11,1,40,52.1
30336,1751,339,5198.08,426,339,15.33,0,1,31,57.5
30337,1275,152,173.58,646,152,1.14,20,1,21,41.9
30338,2000,201,7353.55,108,201,36.58,17,0,40,65.7
30339,2039,51,2253.14,391,51,44.18,20,0,37,67.0
30340,1714,488,5280.99,257,488,10.82,4,1,29,56.3
30341,869,219,2288.18,353,219,10.45,9,0,46,28.5
30342,2234,276,749.6,508,276,2.72,5,0,10,73.4
30343,1398,379,394.22,660,379,1.04,18,0,23,45.9
30344,291,29,233.78,241,29,8.06,23,1,15,9.6
30345,240,337,6712.47,373,337,19.92,23,1,49,7.9
30346,154,153,3203.12,509,153,20.94,14,1,13,5.1
30347,1117,220,122.76,430,220,0.56,22,1,36,36.7
30348,1963,264,971.96,74,264,3.68,7,1,48,64.5
30349,1938,247,226.38,313,247,0.92,14,1,34,63.7
30350,156,464,3352.7,430,464,7.23,1,0,18,5.1
30351,125,271,5515.03,687,271,20.35,2,0,39,4.1
30352,2360,479,503.34,211,479,1.05,8,0,13,77.5
30353,1990,79,2598.33,614,79,32.89,4,0,45,65.4
30354,1950,5,1545.19,39,5,309.04,3,1,2,64.1
30355,1450,287,1286.92,95,287,4.48,9,1,45,47.6
30356,839,414,1123.4,395,414,2.71,27,0,28,27.6
30357,2444,458,2132.69,225,458,4.66,22,0,36,80.3
30358,1025,280,22.42,488,280,0.08,3,0,16,33.7
30359,2403,478,1795.9,660,478,3.76,4,1,12,78.9
30360,2465,167,5076.3,237,167,30.4,12,1,31,81.0
30361,2138,433,261.35,115,433,0.6,7,0,40,70.2
30362,436,353,4102.79,691,353,11.62,15,0,24,14.3
30363,1769,90,13616.82,708,90,151.3,0,0,23,58.1
30364,1731,136,1408.21,539,136,10.35,6,1,31,56.9
30365,448,350,729.13,333,350,2.08,18,1,14,14.7
30366,783,141,517.37,178,141,3.67,3,1,31,25.7
30367,1470,415,242.77,699,415,0.58,24,0,20,48.3
30368,1712,429,715.46,632,429,1.67,9,0,10,56.2
30369,1912,63,3017.12,479,63,47.89,21,1,8,62.8
30370,962,339,554.31,97,339,1.64,22,1,2,31.6
30371,1738,236,8103.37,505,236,34.34,22,0,18,57.1
30372,1607,393,5336.05,76,393,13.58,29,1,18,52.8
30373,180,172,8437.68,368,172,49.06,22,0,40,5.9
30374,1591,376,3345.17,637,376,8.9,7,1,6,52.3
30375,1223,82,284.17,216,82,3.47,20,0,47,40.2
30376,2081,206,63798.37,199,206,309.7,19,1,13,68.4
30377,2336,415,1783.3,175,415,4.3,0,0,31,76.7
30378,1578,252,250.93,584,252,1.0,16,1,35,51.8
30379,376,111,5612.19,708,111,50.56,28,0,34,12.4
30380,1457,324,53383.42,463,324,164.76,26,1,48,47.9
30381,871,334,944.86,237,334,2.83,3,0,30,28.6
30382,1682,382,576.65,134,382,1.51,7,0,33,55.3
30383,1124,200,320.82,423,200,1.6,10,1,44,36.9
30384,199,77,13484.86,657,77,175.13,8,1,36,6.5
30385,551,229,1237.65,11,229,5.4,24,1,47,18.1
30386,763,340,717.5,367,340,2.11,26,1,44,25.1
30387,1587,81,1124.67,725,81,13.88,17,1,32,52.1
30388,2069,154,323.84,378,154,2.1,7,0,27,68.0
30389,1345,5,947.22,498,5,189.44,29,1,14,44.2
30390,2331,134,1248.15,388,134,9.31,24,0,43,76.6
30391,2467,342,648.8,629,342,1.9,5,0,10,81.0
30392,420,133,476.57,670,133,3.58,21,1,38,13.8
30393,332,207,2305.04,367,207,11.14,22,1,6,10.9
30394,400,308,858.26,481,308,2.79,7,0,1,13.1
30395,1144,78,325.11,226,78,4.17,14,1,7,37.6
30396,592,288,867.83,138,288,3.01,2,0,26,19.4
30397,121,482,3090.21,482,482,6.41,22,1,8,4.0
30398,2289,169,3231.47,347,169,19.12,25,0,49,75.2
30399,2177,249,2901.63,611,249,11.65,16,1,15,71.5
30400,1872,421,11564.66,138,421,27.47,13,1,8,61.5
30401,1706,479,4529.13,723,479,9.46,26,1,9,56.0
30402,866,179,2290.07,590,179,12.79,26,1,5,28.4
30403,2524,9,598.46,402,9,66.5,9,0,47,82.9
30404,453,17,2408.33,280,17,141.67,0,1,13,14.9
30405,128,17,8445.51,47,17,496.79,21,1,3,4.2
30406,1551,176,1320.56,340,176,7.5,7,0,41,51.0
30407,2102,194,3411.49,444,194,17.58,26,1,45,69.1
30408,914,271,152.49,152,271,0.56,25,1,46,30.0
30409,327,178,2468.53,352,178,13.87,29,1,5,10.7
30410,1387,207,6987.63,599,207,33.76,6,0,32,45.6
30411,2068,429,6471.06,536,429,15.08,15,0,38,67.9
30412,1429,342,476.63,300,342,1.39,13,1,48,46.9
30413,441,249,61.85,535,249,0.25,2,0,6,14.5
30414,295,73,892.01,267,73,12.22,9,0,0,9.7
30415,55,405,1772.47,375,405,4.38,7,1,28,1.8
30416,2134,139,1588.98,610,139,11.43,25,0,30,70.1
30417,1311,190,1123.22,100,190,5.91,29,1,21,43.1
30418,1468,84,2784.58,329,84,33.15,17,0,28,48.2
30419,918,122,667.39,7,122,5.47,17,1,31,30.2
30420,165,341,1439.84,359,341,4.22,11,1,7,5.4
30421,1784,46,3946.52,230,46,85.79,20,0,32,58.6
30422,683,413,2601.72,444,413,6.3,3,1,33,22.4
30423,941,222,413.13,126,222,1.86,4,1,42,30.9
30424,2388,445,773.98,704,445,1.74,6,0,42,78.4
30425,1760,41,203.81,455,41,4.97,22,0,36,57.8
30426,1105,11,910.06,130,11,82.73,22,1,6,36.3
30427,2010,170,2074.55,187,170,12.2,21,0,10,66.0
30428,1401,18,1875.1,210,18,104.17,29,1,20,46.0
30429,416,139,4305.32,724,139,30.97,5,1,11,13.7
30430,1363,19,240.35,526,19,12.65,15,1,2,44.8
30431,1143,226,5617.06,168,226,24.85,5,1,2,37.5
30432,396,96,71.12,532,96,0.74,9,1,14,13.0
30433,1774,159,916.97,690,159,5.77,1,0,13,58.3
30434,370,174,398.45,326,174,2.29,12,0,32,12.2
30435,132,399,884.16,31,399,2.22,6,1,8,4.3
30436,2209,331,2466.83,660,331,7.45,26,0,3,72.6
30437,282,353,5516.99,542,353,15.63,4,1,1,9.3
30438,1350,87,668.23,650,87,7.68,5,0,2,44.3
30439,517,129,10065.25,307,129,78.03,26,1,1,17.0
30440,1230,26,5498.16,724,26,211.47,6,1,21,40.4
30441,1242,336,1753.75,626,336,5.22,7,1,19,40.8
30442,2322,452,999.98,299,452,2.21,4,1,44,76.3
30443,108,190,1173.3,615,190,6.18,14,1,19,3.5
30444,1644,307,207.62,441,307,0.68,15,1,41,54.0
30445,68,210,9053.84,513,210,43.11,0,0,26,2.2
30446,2547,491,559.28,181,491,1.14,10,1,36,83.7
30447,2187,203,988.99,252,203,4.87,0,0,6,71.8
30448,1290,94,3075.24,421,94,32.72,4,1,32,42.4
30449,1845,203,841.22,271,203,4.14,11,1,8,60.6
30450,1135,367,5388.92,317,367,14.68,6,0,12,37.3
30451,1807,189,745.53,265,189,3.94,4,1,35,59.4
30452,339,440,1639.05,590,440,3.73,29,0,27,11.1
30453,2006,50,1702.82,383,50,34.06,10,0,16,65.9
30454,787,489,5472.11,113,489,11.19,6,1,33,25.9
30455,1238,412,353.12,612,412,0.86,19,0,17,40.7
30456,890,393,938.46,154,393,2.39,11,0,3,29.2
30457,2172,415,381.77,369,415,0.92,12,0,23,71.4
30458,2522,469,972.28,385,469,2.07,16,0,20,82.9
30459,469,434,320.37,669,434,0.74,26,1,33,15.4
30460,1537,334,9320.87,473,334,27.91,15,0,12,50.5
30461,2117,252,3053.97,257,252,12.12,4,1,22,69.5
30462,940,219,566.73,363,219,2.59,5,1,30,30.9
30463,793,393,333.83,349,393,0.85,25,1,11,26.1
30464,1673,206,4415.12,269,206,21.43,6,1,37,55.0
30465,2017,148,6870.69,478,148,46.42,15,1,35,66.3
30466,780,57,11983.86,336,57,210.24,4,0,6,25.6
30467,550,309,20676.55,226,309,66.91,18,1,18,18.1
30468,821,468,2428.17,604,468,5.19,7,1,37,27.0
30469,2414,438,2271.43,137,438,5.19,17,1,42,79.3
30470,1722,413,783.93,180,413,1.9,22,0,17,56.6
30471,489,23,1337.54,693,23,58.15,15,1,49,16.1
30472,1698,164,16149.24,368,164,98.47,21,0,4,55.8
30473,2364,193,7044.43,191,193,36.5,23,1,2,77.7
30474,1776,153,1782.93,332,153,11.65,10,1,32,58.3
30475,1516,177,4493.03,409,177,25.38,23,1,0,49.8
30476,1814,434,35165.7,627,434,81.03,26,1,0,59.6
30477,695,114,782.96,383,114,6.87,25,0,45,22.8
30478,908,19,38695.22,463,19,2036.59,7,0,23,29.8
30479,1299,22,11235.9,100,22,510.72,29,1,13,42.7
30480,1444,256,3084.75,255,256,12.05,17,1,47,47.4
30481,796,364,3158.28,340,364,8.68,19,1,44,26.1
30482,1504,419,2472.61,615,419,5.9,1,1,44,49.4
30483,40,307,19455.6,51,307,63.37,8,0,9,1.3
30484,1592,137,1027.23,667,137,7.5,25,1,26,52.3
30485,1972,255,89.36,470,255,0.35,29,1,45,64.8
30486,1604,317,5938.38,665,317,18.73,12,1,28,52.7
30487,124,419,911.53,716,419,2.18,4,0,34,4.1
30488,874,8,3223.22,215,8,402.9,7,0,10,28.7
30489,1637,491,568.13,507,491,1.16,4,0,22,53.8
30490,839,98,3607.0,204,98,36.81,8,1,11,27.6
30491,769,458,5296.92,717,458,11.57,1,1,44,25.3
30492,677,339,466.55,389,339,1.38,2,1,32,22.2
30493,1431,59,550.75,35,59,9.33,1,1,47,47.0
30494,2008,7,329.07,198,7,47.01,0,1,44,66.0
30495,2356,277,477.24,486,277,1.72,26,1,0,77.4
30496,685,449,132.07,272,449,0.29,14,1,17,22.5
30497,1955,72,820.09,550,72,11.39,14,0,4,64.2
30498,1600,320,1279.82,30,320,4.0,25,1,13,52.6
30499,1765,497,2739.99,153,497,5.51,22,1,36,58.0
30500,1642,285,3179.05,567,285,11.15,24,1,12,53.9
30501,536,442,635.46,368,442,1.44,22,1,35,17.6
30502,580,183,738.39,257,183,4.03,7,1,34,19.1
30503,2103,198,12124.6,645,198,61.24,3,1,39,69.1
30504,216,280,23524.69,524,280,84.02,21,1,1,7.1
30505,2238,63,13668.55,95,63,216.96,5,0,19,73.5
30506,886,153,1187.1,304,153,7.76,10,0,27,29.1
30507,1571,249,1499.92,610,249,6.02,13,1,21,51.6
30508,689,356,44639.4,301,356,125.39,26,1,21,22.6
30509,153,353,1685.56,289,353,4.77,20,0,48,5.0
30510,607,266,207.33,657,266,0.78,21,1,36,19.9
30511,1897,159,20313.73,633,159,127.76,9,1,22,62.3
30512,2479,323,2660.49,292,323,8.24,23,1,16,81.4
30513,2075,275,380.17,107,275,1.38,26,0,10,68.2
30514,2101,168,957.44,147,168,5.7,24,1,21,69.0
30515,2227,216,3194.19,336,216,14.79,15,1,17,73.2
30516,1474,418,497.77,140,418,1.19,13,1,27,48.4
30517,971,98,348.44,260,98,3.56,17,1,37,31.9
30518,597,394,1436.49,224,394,3.65,12,1,3,19.6
30519,1310,122,27907.43,589,122,228.75,22,0,10,43.0
30520,371,429,4282.83,45,429,9.98,19,1,36,12.2
30521,2548,270,113.84,321,270,0.42,22,1,28,83.7
30522,2035,209,38.88,34,209,0.19,8,1,41,66.9
30523,640,371,367.12,343,371,0.99,5,0,45,21.0
30524,60,359,7478.84,674,359,20.83,16,0,45,2.0
30525,2304,270,138298.3,721,270,512.22,25,1,3,75.7
30526,1506,218,2728.43,67,218,12.52,15,1,8,49.5
30527,2219,463,708.66,428,463,1.53,8,1,22,72.9
30528,1583,234,24109.98,146,234,103.03,23,0,7,52.0
30529,330,205,1319.36,157,205,6.44,13,1,39,10.8
30530,920,341,113.23,704,341,0.33,5,0,37,30.2
30531,1887,76,814.22,111,76,10.71,19,0,49,62.0
30532,1301,188,1646.23,65,188,8.76,26,1,17,42.7
30533,983,132,9740.18,647,132,73.79,6,0,7,32.3
30534,1893,351,3492.69,525,351,9.95,27,1,46,62.2
30535,1619,176,5144.75,517,176,29.23,25,1,33,53.2
30536,1282,52,6010.69,489,52,115.59,0,0,37,42.1
30537,2248,336,2069.53,122,336,6.16,27,1,41,73.9
30538,1673,53,3057.93,136,53,57.7,26,0,45,55.0
30539,1665,247,9139.45,233,247,37.0,14,0,5,54.7
30540,583,257,2188.5,297,257,8.52,17,1,46,19.2
30541,460,294,1140.74,599,294,3.88,7,0,12,15.1
30542,2349,227,57628.02,252,227,253.87,21,1,8,77.2
30543,480,348,3755.4,663,348,10.79,8,0,43,15.8
30544,2208,446,3570.99,202,446,8.01,28,1,41,72.5
30545,201,76,483.51,611,76,6.36,1,1,20,6.6
30546,809,120,427.66,722,120,3.56,16,1,33,26.6
30547,1731,351,10750.43,595,351,30.63,28,1,35,56.9
30548,1299,487,4467.03,224,487,9.17,17,1,45,42.7
30549,2364,162,7009.48,143,162,43.27,18,1,46,77.7
30550,476,416,3308.74,166,416,7.95,5,0,31,15.6
30551,1617,20,471.5,607,20,23.58,10,0,47,53.1
30552,96,201,738.36,309,201,3.67,10,1,33,3.2
30553,2032,480,37.18,520,480,0.08,23,0,9,66.8
30554,1452,45,2791.44,679,45,62.03,29,0,15,47.7
30555,2552,7,2916.43,239,7,416.63,7,1,26,83.8
30556,2429,417,8183.82,91,417,19.63,14,0,28,79.8
30557,2152,445,1825.67,45,445,4.1,27,0,1,70.7
30558,2303,125,74315.26,604,125,594.52,9,0,3,75.7
30559,1039,278,331.31,569,278,1.19,1,1,21,34.1
30560,340,482,224.68,310,482,0.47,20,0,9,11.2
30561,2091,296,501.16,252,296,1.69,18,0,4,68.7
30562,1466,444,590.0,48,444,1.33,7,0,46,48.2
30563,1230,476,2279.77,547,476,4.79,20,0,7,40.4
30564,2425,208,3335.38,23,208,16.04,25,1,46,79.7
30565,2474,474,1009.87,249,474,2.13,16,0,39,81.3
30566,2378,369,1750.95,107,369,4.75,21,1,0,78.1
30567,348,487,8843.67,420,487,18.16,8,0,8,11.4
30568,2358,391,9574.33,622,391,24.49,9,1,34,77.5
30569,1934,241,12028.22,679,241,49.91,21,0,49,63.5
30570,1879,82,3946.99,62,82,48.13,10,1,8,61.7
30571,2094,80,312.64,370,80,3.91,4,1,46,68.8
30572,2322,269,335.57,475,269,1.25,21,0,18,76.3
30573,2491,236,4800.1,176,236,20.34,21,0,12,81.8
30574,2544,56,2303.9,696,56,41.14,19,0,44,83.6
30575,2044,246,4518.23,616,246,18.37,21,1,32,67.1
30576,467,55,2537.19,728,55,46.13,20,1,35,15.3
30577,1929,45,1338.29,261,45,29.74,1,1,17,63.4
30578,760,196,408.16,473,196,2.08,23,0,30,25.0
30579,1179,388,10661.61,296,388,27.48,3,1,18,38.7
30580,1773,104,7605.82,441,104,73.13,28,0,31,58.2
30581,1554,38,3020.32,279,38,79.48,0,1,4,51.1
30582,1987,270,3642.26,295,270,13.49,3,0,42,65.3
30583,2202,417,67.97,244,417,0.16,1,1,14,72.3
30584,845,347,3880.95,260,347,11.18,16,1,2,27.8
30585,291,8,7821.0,469,8,977.62,1,0,37,9.6
30586,353,397,2975.55,372,397,7.5,22,1,31,11.6
30587,1711,259,2932.75,391,259,11.32,23,0,0,56.2
30588,2264,327,22866.07,227,327,69.93,13,0,28,74.4
30589,1788,463,5881.86,394,463,12.7,8,1,6,58.7
30590,579,398,2679.0,185,398,6.73,9,1,47,19.0
30591,1592,15,2865.74,223,15,191.05,1,1,33,52.3
30592,2271,138,338.0,541,138,2.45,16,1,6,74.6
30593,234,394,1593.66,522,394,4.04,16,1,29,7.7
30594,928,418,3575.87,585,418,8.55,26,1,2,30.5
30595,72,166,1230.8,659,166,7.41,17,1,4,2.4
30596,2487,370,1806.13,686,370,4.88,7,1,19,81.7
30597,1784,345,2210.99,180,345,6.41,29,1,20,58.6
30598,451,495,1242.98,578,495,2.51,1,0,4,14.8
30599,663,391,2896.76,590,391,7.41,22,1,47,21.8
30600,2539,468,2784.12,114,468,5.95,18,0,37,83.4
30601,2199,27,1152.44,544,27,42.68,0,1,6,72.2
30602,1120,400,1439.64,182,400,3.6,22,1,16,36.8
30603,1412,228,76.48,578,228,0.34,26,1,20,46.4
30604,1124,462,10898.89,218,462,23.59,17,0,36,36.9
30605,2541,395,9385.64,474,395,23.76,20,0,21,83.5
30606,2239,306,2913.82,509,306,9.52,17,1,27,73.6
30607,1004,135,4122.6,29,135,30.54,28,1,21,33.0
30608,1454,226,3994.4,77,226,17.67,29,1,46,47.8
30609,2034,99,173.83,202,99,1.76,18,0,4,66.8
30610,1330,284,9462.7,487,284,33.32,25,1,2,43.7
30611,1440,137,3042.21,371,137,22.21,16,0,24,47.3
30612,1273,3,155.74,558,3,51.91,13,1,17,41.8
30613,346,139,275.01,175,139,1.98,26,0,16,11.4
30614,2212,404,21259.36,663,404,52.62,10,1,18,72.7
30615,875,112,362.48,243,112,3.24,15,0,9,28.7
30616,782,108,7114.35,287,108,65.87,24,1,17,25.7
30617,813,20,15889.42,665,20,794.47,1,0,41,26.7
30618,1650,49,3490.76,261,49,71.24,21,0,1,54.2
30619,89,384,896.21,702,384,2.33,20,1,2,2.9
30620,1350,383,325.41,99,383,0.85,3,1,10,44.3
30621,1962,230,3092.7,537,230,13.45,3,0,19,64.5
30622,759,240,7576.76,77,240,31.57,9,0,44,24.9
30623,736,147,1081.46,553,147,7.36,28,1,43,24.2
30624,2412,74,521.61,415,74,7.05,19,1,16,79.2
30625,1832,54,965.93,88,54,17.89,22,0,0,60.2
30626,117,432,64126.78,169,432,148.44,4,0,11,3.8
30627,221,178,4471.17,466,178,25.12,20,1,33,7.3
30628,814,68,12529.9,476,68,184.26,17,1,43,26.7
30629,2542,335,3911.79,477,335,11.68,8,1,34,83.5
30630,1547,485,2719.33,355,485,5.61,1,0,49,50.8
30631,455,458,2020.93,66,458,4.41,26,0,0,14.9
30632,1605,426,1029.61,556,426,2.42,18,0,18,52.7
30633,441,277,3125.73,521,277,11.28,17,1,44,14.5
30634,1756,284,11706.21,240,284,41.22,27,0,26,57.7
30635,481,368,4927.11,539,368,13.39,28,1,42,15.8
30636,1817,496,19210.44,595,496,38.73,20,0,22,59.7
30637,1848,205,2319.68,306,205,11.32,20,1,14,60.7
30638,730,124,11023.55,635,124,88.9,5,1,22,24.0
30639,277,76,2663.93,442,76,35.05,18,0,8,9.1
30640,1097,465,23251.24,330,465,50.0,18,0,41,36.0
30641,1643,323,4093.19,507,323,12.67,0,1,9,54.0
30642,1542,481,144.87,695,481,0.3,27,1,36,50.7
30643,1957,423,242.2,451,423,0.57,18,1,32,64.3
30644,473,452,62774.65,702,452,138.88,26,0,39,15.5
30645,2185,318,19392.24,51,318,60.98,5,0,39,71.8
30646,1511,458,2113.63,193,458,4.61,17,1,21,49.6
30647,520,248,92.27,539,248,0.37,18,0,22,17.1
30648,1171,375,1246.27,579,375,3.32,5,1,40,38.5
30649,2001,370,1728.18,212,370,4.67,4,1,41,65.7
30650,1052,489,8393.8,201,489,17.17,17,1,39,34.6
30651,1538,378,1201.02,430,378,3.18,18,1,30,50.5
30652,1588,211,10590.75,373,211,50.19,25,1,18,52.2
30653,733,291,836.54,517,291,2.87,24,0,14,24.1
30654,2238,309,11151.67,231,309,36.09,10,1,37,73.5
30655,1992,14,390.47,287,14,27.89,25,0,12,65.4
30656,2026,308,16415.74,533,308,53.3,1,0,26,66.6
30657,1570,165,4666.64,256,165,28.28,28,0,2,51.6
30658,2179,349,619.79,192,349,1.78,29,0,33,71.6
30659,247,174,89.82,720,174,0.52,3,1,27,8.1
30660,1562,17,3075.29,360,17,180.9,20,1,10,51.3
30661,2416,308,6227.78,586,308,20.22,0,1,21,79.4
30662,2052,33,538.58,418,33,16.32,2,1,23,67.4
30663,1074,202,3102.47,175,202,15.36,28,1,3,35.3
30664,954,346,787.5,300,346,2.28,20,0,42,31.3
30665,2313,243,583.36,50,243,2.4,22,0,38,76.0
30666,2535,33,480.31,191,33,14.55,29,1,20,83.3
30667,591,57,2553.1,724,57,44.79,23,0,40,19.4
30668,639,322,42515.83,641,322,132.04,18,1,10,21.0
30669,2312,301,12475.6,569,301,41.45,5,1,45,76.0
30670,632,261,2322.39,486,261,8.9,3,1,9,20.8
30671,1668,296,16221.07,284,296,54.8,21,1,28,54.8
30672,1146,187,19451.1,174,187,104.02,23,1,24,37.6
30673,1358,488,1257.53,104,488,2.58,22,0,40,44.6
30674,1400,25,13298.97,394,25,531.96,26,0,39,46.0
30675,957,51,524.99,613,51,10.29,21,0,36,31.4
30676,1162,336,1315.34,369,336,3.91,3,1,6,38.2
30677,2390,275,3480.41,39,275,12.66,23,0,16,78.5
30678,1121,446,1779.07,386,446,3.99,23,0,8,36.8
30679,1800,71,1250.94,474,71,17.62,12,0,39,59.1
30680,1544,174,736.46,204,174,4.23,27,1,32,50.7
30681,408,148,209.67,607,148,1.42,14,1,48,13.4
30682,2487,273,1640.43,22,273,6.01,4,1,21,81.7
30683,2145,239,3227.4,152,239,13.5,27,0,46,70.5
30684,1696,173,576.5,118,173,3.33,16,0,47,55.7
30685,1184,440,6303.56,152,440,14.33,24,1,19,38.9
30686,223,443,1066.34,322,443,2.41,17,0,2,7.3
30687,579,113,1052.99,511,113,9.32,29,0,9,19.0
30688,1363,117,783.25,717,117,6.69,24,1,45,44.8
30689,1198,415,23222.91,345,415,55.96,18,0,17,39.4
30690,498,196,11537.91,411,196,58.87,14,0,2,16.4
30691,2508,469,3104.1,268,469,6.62,11,0,29,82.4
30692,846,366,12242.69,567,366,33.45,3,1,15,27.8
30693,1053,306,9196.41,712,306,30.05,5,0,7,34.6
30694,997,411,3966.4,228,411,9.65,10,1,49,32.8
30695,59,496,653.05,423,496,1.32,10,1,8,1.9
30696,1908,71,365.97,187,71,5.15,17,1,39,62.7
30697,1050,271,3568.78,316,271,13.17,10,1,15,34.5
30698,1631,255,519.65,16,255,2.04,26,0,5,53.6
30699,763,346,145.97,709,346,0.42,20,1,14,25.1
30700,86,467,2142.46,607,467,4.59,18,0,7,2.8
30701,1926,219,388.11,208,219,1.77,4,1,40,63.3
30702,725,40,1429.83,261,40,35.75,12,0,11,23.8
30703,2085,290,654.59,645,290,2.26,7,0,37,68.5
30704,2322,109,416.22,566,109,3.82,18,0,17,76.3
30705,695,15,4826.83,220,15,321.79,29,0,18,22.8
30706,1765,145,5785.93,326,145,39.9,8,0,6,58.0
30707,1555,412,19146.71,665,412,46.47,2,1,7,51.1
30708,1662,21,35212.16,570,21,1676.77,4,1,14,54.6
30709,873,86,1558.92,588,86,18.13,26,1,6,28.7
30710,1193,356,664.83,100,356,1.87,23,0,21,39.2
30711,44,44,460.65,105,44,10.47,21,0,18,1.4
30712,504,449,13644.45,720,449,30.39,25,1,27,16.6
30713,1774,130,836.64,198,130,6.44,29,1,29,58.3
30714,226,137,1705.7,312,137,12.45,21,1,14,7.4
30715,481,437,3297.9,189,437,7.55,15,1,38,15.8
30716,723,139,10080.16,271,139,72.52,7,0,8,23.8
30717,2311,292,366.98,653,292,1.26,26,1,9,75.9
30718,451,478,8424.15,440,478,17.62,4,1,21,14.8
30719,942,411,3556.24,180,411,8.65,11,1,23,30.9
30720,1422,433,11084.14,148,433,25.6,21,0,19,46.7
30721,954,232,3114.67,612,232,13.43,7,0,23,31.3
30722,1485,435,12454.43,287,435,28.63,19,0,30,48.8
30723,2427,5,1490.76,368,5,298.15,1,1,11,79.7
30724,2397,447,6156.53,649,447,13.77,11,1,15,78.7
30725,163,70,1517.92,305,70,21.68,18,1,3,5.4
30726,827,39,2657.72,463,39,68.15,28,0,30,27.2
30727,268,339,1035.14,538,339,3.05,2,0,41,8.8
30728,1243,85,2415.69,420,85,28.42,19,1,28,40.8
30729,2415,5,25225.49,328,5,5045.1,29,1,39,79.3
30730,2521,137,1274.78,227,137,9.3,20,0,49,82.8
30731,932,217,1274.73,309,217,5.87,22,0,22,30.6
30732,1404,125,419.51,442,125,3.36,8,1,37,46.1
30733,1723,413,650.03,228,413,1.57,2,0,25,56.6
30734,1066,264,617.07,215,264,2.34,0,0,34,35.0
30735,369,355,4840.96,98,355,13.64,6,1,20,12.1
30736,1840,60,5741.27,47,60,95.69,17,0,13,60.4
30737,735,242,270.59,467,242,1.12,5,1,42,24.1
30738,736,229,14637.62,435,229,63.92,12,1,41,24.2
30739,2281,425,519.93,190,425,1.22,4,1,30,74.9
30740,39,297,3069.41,240,297,10.33,2,0,19,1.3
30741,1216,40,1525.32,468,40,38.13,5,1,34,39.9
30742,1227,255,972.15,238,255,3.81,1,1,5,40.3
30743,1602,81,1091.31,92,81,13.47,0,1,22,52.6
30744,2107,266,1849.3,4,266,6.95,27,1,6,69.2
30745,1455,390,1109.07,729,390,2.84,27,1,36,47.8
30746,1928,438,68.54,502,438,0.16,22,1,0,63.3
30747,697,248,2420.51,356,248,9.76,17,1,4,22.9
30748,2340,22,8726.8,368,22,396.67,4,0,4,76.9
30749,1732,226,3091.32,643,226,13.68,9,0,28,56.9
30750,1851,487,3412.85,67,487,7.01,5,1,1,60.8
30751,2202,349,1206.03,497,349,3.46,10,1,6,72.3
30752,467,401,1536.65,660,401,3.83,2,1,14,15.3
30753,900,427,1693.02,99,427,3.96,21,0,29,29.6
30754,2505,344,1499.5,234,344,4.36,6,1,4,82.3
30755,2044,37,14319.85,653,37,387.02,25,1,31,67.1
30756,1481,266,430.21,369,266,1.62,20,1,18,48.7
30757,468,199,2197.6,299,199,11.04,14,1,6,15.4
30758,893,427,2992.93,365,427,7.01,0,0,17,29.3
30759,2018,59,18771.58,729,59,318.16,7,1,19,66.3
30760,1596,59,3353.68,24,59,56.84,22,1,25,52.4
30761,591,292,580.8,116,292,1.99,1,1,25,19.4
30762,1377,6,569.21,538,6,94.87,0,1,48,45.2
30763,457,56,30518.31,579,56,544.97,1,0,22,15.0
30764,1363,395,1413.75,549,395,3.58,22,0,47,44.8
30765,827,469,4315.73,56,469,9.2,24,0,31,27.2
30766,2464,495,13036.99,684,495,26.34,16,1,18,80.9
30767,1537,490,18669.35,678,490,38.1,5,1,16,50.5
30768,945,135,1702.47,585,135,12.61,26,1,42,31.0
30769,595,271,533.46,568,271,1.97,13,0,49,19.5
30770,733,21,895.94,255,21,42.66,11,0,22,24.1
30771,1821,74,537.22,33,74,7.26,12,1,4,59.8
30772,1925,240,6909.31,725,240,28.79,4,1,0,63.2
30773,1082,474,908.24,91,474,1.92,29,1,5,35.5
30774,2048,351,43152.09,379,351,122.94,0,1,32,67.3
30775,385,414,488.18,505,414,1.18,21,0,11,12.6
30776,2527,419,391.89,41,419,0.94,7,1,16,83.0
30777,2232,132,1093.23,694,132,8.28,20,0,28,73.3
30778,1288,281,107.44,575,281,0.38,5,1,14,42.3
30779,136,493,12418.7,256,493,25.19,22,0,36,4.5
30780,722,76,197.77,133,76,2.6,29,1,44,23.7
30781,2165,476,2169.52,435,476,4.56,9,1,20,71.1
30782,1309,390,655.43,356,390,1.68,29,1,13,43.0
30783,434,23,9002.65,38,23,391.42,21,1,39,14.3
30784,2173,249,103.39,43,249,0.42,5,0,34,71.4
30785,672,413,2892.72,94,413,7.0,19,1,13,22.1
30786,821,193,1021.12,596,193,5.29,17,0,31,27.0
30787,217,168,3684.3,626,168,21.93,22,1,13,7.1
30788,2306,190,560.47,230,190,2.95,12,1,11,75.8
30789,1594,43,483.7,149,43,11.25,26,1,33,52.4
30790,1179,39,967.21,325,39,24.8,5,1,32,38.7
30791,416,244,20067.77,91,244,82.24,4,1,12,13.7
30792,420,371,3209.45,492,371,8.65,19,1,26,13.8
30793,351,488,318.35,221,488,0.65,2,1,18,11.5
30794,150,165,3162.92,408,165,19.17,15,0,26,4.9
30795,1001,142,2605.4,229,142,18.35,25,0,12,32.9
30796,186,228,49609.77,450,228,217.59,29,0,13,6.1
30797,2373,5,1820.21,144,5,364.04,7,1,0,78.0
30798,294,314,2876.87,571,314,9.16,20,0,15,9.7
30799,422,377,1699.15,171,377,4.51,0,0,40,13.9
30800,1398,467,2319.07,251,467,4.97,20,1,14,45.9
30801,510,363,1300.51,706,363,3.58,21,0,31,16.8
30802,1404,430,2094.98,306,430,4.87,20,0,23,46.1
30803,1477,107,516.31,720,107,4.83,13,1,6,48.5
30804,1148,367,2871.2,584,367,7.82,20,0,17,37.7
30805,1250,176,4365.77,357,176,24.81,20,0,18,41.1
30806,1146,47,5552.74,519,47,118.14,12,1,4,37.6
30807,1549,227,1152.56,559,227,5.08,19,0,21,50.9
30808,1803,86,1623.88,677,86,18.88,3,1,20,59.2
30809,2260,422,1394.42,665,422,3.3,9,0,17,74.2
30810,870,200,3876.46,278,200,19.38,4,1,3,28.6
30811,1393,60,741.72,223,60,12.36,13,1,26,45.8
30812,2060,101,1097.52,566,101,10.87,18,1,2,67.7
30813,1258,442,289.2,530,442,0.65,18,1,40,41.3
30814,1699,425,5372.38,62,425,12.64,28,0,44,55.8
30815,540,475,1933.03,118,475,4.07,2,1,35,17.7
30816,1721,382,13427.89,609,382,35.15,25,0,38,56.5
30817,2479,224,8593.43,404,224,38.36,22,0,4,81.4
30818,584,94,9181.08,436,94,97.67,11,0,10,19.2
30819,2538,259,1114.55,462,259,4.3,29,1,33,83.4
30820,1720,139,764.87,199,139,5.5,5,0,46,56.5
30821,638,262,788.01,623,262,3.01,14,0,16,21.0
30822,1820,88,3146.2,403,88,35.75,29,1,21,59.8
30823,288,30,6268.18,226,30,208.94,23,1,13,9.5
30824,335,98,207.69,423,98,2.12,15,1,16,11.0
30825,2093,185,1065.07,474,185,5.76,14,1,35,68.8
30826,973,494,2194.45,652,494,4.44,25,0,23,32.0
30827,665,438,1425.67,301,438,3.25,8,1,43,21.8
30828,2552,258,157.16,415,258,0.61,2,1,47,83.8
30829,2544,497,9987.13,456,497,20.09,16,1,0,83.6
30830,950,348,1258.95,298,348,3.62,9,0,8,31.2
30831,1947,31,3524.43,351,31,113.69,1,0,26,64.0
30832,1953,486,6384.25,226,486,13.14,8,0,38,64.2
30833,452,461,2499.06,107,461,5.42,18,0,45,14.8
30834,306,201,17972.76,147,201,89.42,21,1,8,10.1
30835,1660,75,521.37,630,75,6.95,17,1,30,54.5
30836,2313,235,6754.34,143,235,28.74,17,1,47,76.0
30837,74,410,81646.23,140,410,199.14,28,1,7,2.4
30838,2191,21,985.31,687,21,46.92,0,0,49,72.0
30839,1500,478,420.0,471,478,0.88,10,0,33,49.3
30840,2208,261,9505.01,439,261,36.42,5,1,31,72.5
30841,1786,195,683.31,262,195,3.5,9,1,49,58.7
30842,168,378,4846.54,39,378,12.82,18,1,35,5.5
30843,2418,323,1392.08,305,323,4.31,16,1,5,79.4
30844,579,71,559.09,683,71,7.87,23,1,20,19.0
30845,2031,235,35219.77,634,235,149.87,9,1,21,66.7
30846,357,9,1675.97,520,9,186.22,3,1,0,11.7
30847,2050,393,623.4,373,393,1.59,26,1,30,67.3
30848,1268,232,8017.34,353,232,34.56,17,1,4,41.7
30849,1494,252,8610.35,661,252,34.17,10,0,44,49.1
30850,561,391,5402.19,159,391,13.82,5,0,35,18.4
30851,261,145,1799.64,433,145,12.41,28,1,21,8.6
30852,155,139,206.17,200,139,1.48,11,0,21,5.1
30853,1114,197,3465.97,336,197,17.59,17,1,41,36.6
30854,891,96,1353.02,114,96,14.09,16,0,16,29.3
30855,1275,484,4599.12,707,484,9.5,29,0,22,41.9
30856,398,193,2253.77,202,193,11.68,26,1,37,13.1
30857,1035,75,268.32,400,75,3.58,2,0,29,34.0
30858,1242,350,12615.0,510,350,36.04,8,1,34,40.8
30859,2497,269,2337.03,369,269,8.69,29,0,44,82.0
30860,1486,107,1024.18,436,107,9.57,25,1,19,48.8
30861,858,489,4860.13,385,489,9.94,1,0,41,28.2
30862,271,461,2058.55,187,461,4.47,25,1,24,8.9
30863,991,48,518.77,398,48,10.81,26,1,21,32.6
30864,1120,106,6427.88,453,106,60.64,11,1,3,36.8
30865,2381,427,5165.07,389,427,12.1,4,0,31,78.2
30866,1174,288,1867.41,319,288,6.48,27,1,19,38.6
30867,1647,464,4222.61,267,464,9.1,6,0,9,54.1
30868,1993,346,30111.98,664,346,87.03,0,0,39,65.5
30869,914,452,2285.76,96,452,5.06,0,1,11,30.0
30870,2107,351,855.62,720,351,2.44,18,1,24,69.2
30871,1859,462,304.03,14,462,0.66,18,1,18,61.1
30872,147,452,147980.31,476,452,327.39,11,1,30,4.8
30873,592,122,21824.33,134,122,178.89,8,0,12,19.4
30874,1306,288,5940.69,54,288,20.63,5,0,46,42.9
30875,785,26,11467.74,191,26,441.07,12,0,41,25.8
30876,870,152,10142.93,288,152,66.73,3,1,9,28.6
30877,796,41,669.77,112,41,16.34,8,1,12,26.1
30878,2183,82,4667.22,222,82,56.92,11,1,21,71.7
30879,957,1,3737.77,175,1,3737.77,26,0,21,31.4
30880,1029,19,740.21,387,19,38.96,22,1,11,33.8
30881,874,130,27826.93,305,130,214.05,18,1,41,28.7
30882,548,64,711.75,146,64,11.12,27,1,26,18.0
30883,677,441,1136.63,55,441,2.58,26,0,25,22.2
30884,272,337,14538.74,630,337,43.14,25,0,22,8.9
30885,1382,252,441.94,116,252,1.75,3,1,22,45.4
30886,400,203,559.64,625,203,2.76,28,1,26,13.1
30887,414,139,498.67,239,139,3.59,12,1,1,13.6
30888,121,50,448.4,73,50,8.97,23,1,12,4.0
30889,1021,44,50.71,511,44,1.15,2,1,19,33.5
30890,263,19,690.77,511,19,36.36,6,0,1,8.6
30891,1691,443,1705.27,350,443,3.85,2,1,21,55.6
30892,976,54,7720.06,459,54,142.96,6,0,48,32.1
30893,1290,183,1616.11,118,183,8.83,19,1,45,42.4
30894,2414,337,8611.5,374,337,25.55,26,0,12,79.3
30895,823,48,493.78,565,48,10.29,15,0,2,27.0
30896,1530,319,797.28,217,319,2.5,25,0,33,50.3
30897,1984,313,16423.88,115,313,52.47,26,0,46,65.2
30898,583,219,110.13,722,219,0.5,7,1,1,19.2
30899,1266,37,1321.44,659,37,35.71,12,1,37,41.6
30900,1322,391,7636.29,116,391,19.53,0,0,23,43.4
30901,2173,396,649.46,202,396,1.64,22,0,7,71.4
30902,2390,489,23140.14,511,489,47.32,29,0,1,78.5
30903,1181,240,5400.19,61,240,22.5,19,0,24,38.8
30904,2459,327,9199.07,603,327,28.13,1,1,38,80.8
30905,2101,182,1648.67,95,182,9.06,20,0,22,69.0
30906,2116,389,2532.08,321,389,6.51,27,1,25,69.5
30907,336,173,77.14,268,173,0.45,15,1,37,11.0
30908,212,340,18700.22,343,340,55.0,2,1,19,7.0
30909,552,467,4194.55,724,467,8.98,22,1,39,18.1
30910,293,317,278.79,637,317,0.88,24,0,5,9.6
30911,351,12,1491.86,154,12,124.32,0,1,31,11.5
30912,877,406,1142.61,703,406,2.81,12,1,47,28.8
30913,878,36,14030.17,301,36,389.73,19,1,31,28.8
30914,1896,371,404.9,698,371,1.09,15,0,36,62.3
30915,938,145,395.59,297,145,2.73,26,1,36,30.8
30916,1491,42,10978.11,106,42,261.38,24,1,16,49.0
30917,218,161,243.83,574,161,1.51,10,1,43,7.2
30918,510,388,2500.2,492,388,6.44,18,0,19,16.8
30919,2330,25,1216.6,323,25,48.66,21,0,37,76.5
30920,1619,302,492.94,494,302,1.63,3,0,23,53.2
30921,1874,434,7491.07,382,434,17.26,28,1,10,61.6
30922,1588,200,468.71,62,200,2.34,13,1,19,52.2
30923,653,31,7018.72,304,31,226.41,26,0,20,21.5
30924,2418,290,1632.9,599,290,5.63,12,1,43,79.4
30925,665,166,871.91,329,166,5.25,13,0,2,21.8
30926,1726,294,1905.69,279,294,6.48,0,1,23,56.7
30927,2392,245,3655.35,276,245,14.92,5,1,3,78.6
30928,1348,25,1187.34,39,25,47.49,0,0,37,44.3
30929,1062,337,2775.06,231,337,8.23,22,1,46,34.9
30930,1741,415,286.79,348,415,0.69,22,1,5,57.2
30931,833,325,633.68,432,325,1.95,24,1,43,27.4
30932,1016,351,1163.01,669,351,3.31,5,1,14,33.4
30933,1080,215,27213.07,316,215,126.57,21,0,22,35.5
30934,391,85,556.77,348,85,6.55,19,0,32,12.8
30935,226,101,69487.31,190,101,687.99,3,0,23,7.4
30936,833,27,309.26,113,27,11.45,4,1,1,27.4
30937,1520,124,15008.62,96,124,121.04,29,0,45,49.9
30938,2086,308,827.75,632,308,2.69,12,1,29,68.5
30939,1487,278,14722.65,151,278,52.96,10,1,45,48.9
30940,2548,448,12197.15,549,448,27.23,2,0,42,83.7
30941,92,280,3701.71,320,280,13.22,25,1,38,3.0
30942,2509,282,10658.62,477,282,37.8,2,1,41,82.4
30943,1356,105,74.95,209,105,0.71,15,1,26,44.5
30944,50,37,786.81,435,37,21.27,7,1,28,1.6
30945,1878,401,42004.31,249,401,104.75,10,0,33,61.7
30946,2079,461,567.36,122,461,1.23,20,1,42,68.3
30947,802,179,5407.25,686,179,30.21,29,0,23,26.3
30948,2346,309,2882.21,307,309,9.33,26,0,7,77.1
30949,1911,456,237.18,468,456,0.52,9,1,37,62.8
30950,876,45,1893.63,120,45,42.08,8,0,0,28.8
30951,1639,24,755.74,152,24,31.49,20,1,31,53.8
30952,2139,360,1962.23,317,360,5.45,10,0,1,70.3
30953,2395,228,1584.76,268,228,6.95,0,1,48,78.7
30954,2474,36,1216.2,410,36,33.78,22,1,3,81.3
30955,215,251,2976.26,542,251,11.86,6,1,10,7.1
30956,1227,127,5335.38,266,127,42.01,29,1,3,40.3
30957,720,364,488.33,462,364,1.34,5,1,19,23.7
30958,1373,357,569.76,521,357,1.6,3,0,45,45.1
30959,981,445,2890.82,451,445,6.5,5,1,39,32.2
30960,403,144,3681.78,253,144,25.57,4,0,11,13.2
30961,2307,412,4253.75,525,412,10.32,7,0,4,75.8
30962,1772,80,19.27,24,80,0.24,3,1,30,58.2
30963,773,390,3058.0,418,390,7.84,24,0,26,25.4
30964,1325,312,6439.52,696,312,20.64,1,0,22,43.5
30965,398,422,3714.59,670,422,8.8,16,0,29,13.1
30966,2081,446,11471.5,272,446,25.72,17,0,22,68.4
30967,74,341,29427.28,78,341,86.3,3,0,14,2.4
30968,41,452,512.81,7,452,1.13,14,1,6,1.3
30969,219,180,2619.34,660,180,14.55,16,0,27,7.2
30970,2262,362,8276.95,154,362,22.86,24,0,33,74.3
30971,1945,349,186.29,243,349,0.53,26,0,14,63.9
30972,840,210,1372.26,15,210,6.53,11,0,16,27.6
30973,431,484,8137.71,546,484,16.81,16,0,27,14.2
30974,782,194,10008.82,694,194,51.59,23,0,27,25.7
30975,1717,86,2018.03,293,86,23.47,5,0,37,56.4
30976,1824,107,6770.24,628,107,63.27,27,1,2,59.9
30977,2217,94,63.1,399,94,0.67,20,1,27,72.8
30978,1478,158,1462.04,585,158,9.25,23,1,22,48.6
30979,246,47,1872.73,665,47,39.85,9,0,3,8.1
30980,1535,211,2084.83,219,211,9.88,9,1,49,50.4
30981,2332,149,244.82,81,149,1.64,8,1,2,76.6
30982,1715,172,4261.27,706,172,24.77,18,1,29,56.3
30983,1279,348,518.07,579,348,1.49,12,1,11,42.0
30984,620,335,1358.91,546,335,4.06,19,1,32,20.4
30985,370,438,4280.27,301,438,9.77,22,1,23,12.2
30986,619,372,622.32,227,372,1.67,18,0,45,20.3
30987,850,83,1403.87,465,83,16.91,16,0,27,27.9
30988,2172,207,7952.44,53,207,38.42,12,0,5,71.4
30989,1735,197,1038.09,631,197,5.27,12,0,40,57.0
30990,2377,281,4317.18,64,281,15.36,0,1,30,78.1
30991,743,321,33648.21,33,321,104.82,10,0,15,24.4
30992,289,488,121.04,127,488,0.25,19,1,12,9.5
30993,1274,162,779.83,673,162,4.81,2,1,39,41.9
30994,1466,337,2088.28,719,337,6.2,23,1,41,48.2
30995,2286,456,312.94,12,456,0.69,22,1,14,75.1
30996,803,242,6113.88,660,242,25.26,16,1,20,26.4
30997,631,414,521.69,171,414,1.26,6,1,3,20.7
30998,738,326,216.64,106,326,0.66,21,1,33,24.2
30999,1974,249,584.57,590,249,2.35,17,0,39,64.8
31000,1488,115,1638.49,609,115,14.25,21,1,6,48.9
31001,707,234,895.75,334,234,3.83,7,1,30,23.2
31002,1104,296,448.67,564,296,1.52,9,1,42,36.3
31003,1221,332,1612.2,331,332,4.86,4,0,7,40.1
31004,671,48,946.33,67,48,19.72,6,1,0,22.0
31005,716,480,1097.95,362,480,2.29,6,0,9,23.5
31006,38,211,5366.59,124,211,25.43,10,1,26,1.2
31007,750,164,421.48,345,164,2.57,9,0,10,24.6
31008,1106,179,248.56,227,179,1.39,11,1,30,36.3
31009,662,54,4220.76,399,54,78.16,20,1,31,21.7
31010,2148,179,2172.59,304,179,12.14,20,0,30,70.6
31011,131,172,186.21,68,172,1.08,5,1,44,4.3
31012,728,115,3510.62,445,115,30.53,27,1,43,23.9
31013,444,144,384.08,63,144,2.67,21,0,40,14.6
31014,2463,125,664.49,6,125,5.32,24,1,49,80.9
31015,2538,32,746.04,65,32,23.31,3,1,28,83.4
31016,2509,432,965.36,658,432,2.23,8,0,28,82.4
31017,1630,358,6100.43,424,358,17.04,12,0,16,53.5
31018,2487,30,532.05,310,30,17.74,18,0,24,81.7
31019,1160,173,368.61,476,173,2.13,24,0,25,38.1
31020,1247,365,192.18,115,365,0.53,25,1,44,41.0
31021,2278,37,3676.44,557,37,99.36,14,0,25,74.8
31022,39,302,785.64,271,302,2.6,22,1,44,1.3
31023,1864,199,3544.59,420,199,17.81,19,1,27,61.2
31024,786,254,210.62,186,254,0.83,19,1,2,25.8
31025,982,86,1810.48,141,86,21.05,29,0,10,32.3
31026,800,68,2037.94,676,68,29.97,18,0,37,26.3
31027,2329,197,849.06,336,197,4.31,3,1,43,76.5
31028,2389,266,865.01,659,266,3.25,4,0,39,78.5
31029,1166,86,9134.06,325,86,106.21,22,1,0,38.3
31030,329,312,1355.51,48,312,4.34,9,1,21,10.8
31031,2129,221,2859.73,38,221,12.94,12,1,46,69.9
31032,2547,242,3094.4,628,242,12.79,2,1,13,83.7
31033,998,426,354.62,282,426,0.83,6,1,32,32.8
31034,1432,236,2032.36,337,236,8.61,4,0,48,47.0
31035,176,189,229.05,648,189,1.21,0,1,27,5.8
31036,524,129,1513.61,511,129,11.73,15,1,1,17.2
31037,957,110,4541.13,365,110,41.28,13,1,23,31.4
31038,2054,379,6392.47,659,379,16.87,23,0,37,67.5
31039,1090,247,1542.44,82,247,6.24,15,1,48,35.8
31040,1757,202,1710.87,591,202,8.47,29,1,19,57.7
31041,798,8,30336.43,628,8,3792.05,26,1,23,26.2
31042,2245,159,19667.49,96,159,123.69,25,1,45,73.8
31043,2533,77,3397.18,68,77,44.12,3,0,0,83.2
31044,1391,347,7356.79,165,347,21.2,26,1,34,45.7
31045,674,228,1620.98,124,228,7.11,12,1,49,22.1
31046,1915,268,510.65,235,268,1.91,1,1,0,62.9
31047,1919,107,1936.5,142,107,18.1,25,1,2,63.0
31048,2363,246,3235.63,151,246,13.15,1,0,9,77.6
31049,365,188,2719.42,538,188,14.46,13,0,1,12.0
31050,555,80,1161.25,227,80,14.52,3,0,6,18.2
31051,2145,150,51978.66,368,150,346.52,22,1,18,70.5
31052,476,376,935.89,642,376,2.49,29,1,8,15.6
31053,1499,406,623.28,321,406,1.54,20,1,13,49.2
31054,2052,262,46329.19,125,262,176.83,17,1,12,67.4
31055,1269,413,5885.92,13,413,14.25,19,1,20,41.7
31056,344,140,1722.28,530,140,12.3,0,1,25,11.3
31057,1106,213,392.94,316,213,1.84,16,0,9,36.3
31058,1099,312,35576.98,164,312,114.03,8,1,17,36.1
31059,503,439,26036.54,274,439,59.31,15,0,5,16.5
31060,444,400,188906.71,76,400,472.27,11,0,13,14.6
31061,1460,486,5476.7,120,486,11.27,28,1,17,48.0
31062,294,168,2660.81,191,168,15.84,8,0,27,9.7
31063,621,495,501.71,47,495,1.01,9,0,23,20.4
31064,2137,182,1827.6,465,182,10.04,25,0,30,70.2
31065,2117,118,314.9,512,118,2.67,23,0,48,69.5
31066,2038,450,2255.96,65,450,5.01,3,0,18,67.0
31067,768,210,2272.2,688,210,10.82,5,0,13,25.2
31068,1730,268,1122.12,477,268,4.19,11,1,43,56.8
31069,710,377,1844.63,710,377,4.89,12,1,45,23.3
31070,413,467,500.08,268,467,1.07,19,0,36,13.6
31071,1322,19,2047.46,405,19,107.76,25,1,17,43.4
31072,1582,78,461.09,294,78,5.91,22,0,29,52.0
31073,1882,246,1436.36,386,246,5.84,0,1,25,61.8
31074,487,309,4810.2,512,309,15.57,22,0,32,16.0
31075,1961,437,322.84,687,437,0.74,24,0,15,64.4
31076,296,75,7562.93,428,75,100.84,13,0,1,9.7
31077,2356,288,6530.5,636,288,22.68,13,1,2,77.4
31078,697,395,102.96,19,395,0.26,23,0,38,22.9
31079,1616,462,3834.65,302,462,8.3,17,0,22,53.1
31080,1475,324,1679.28,604,324,5.18,25,1,39,48.5
31081,2052,442,922.91,411,442,2.09,14,1,23,67.4
31082,2295,464,226.88,49,464,0.49,8,0,31,75.4
31083,192,15,108.18,89,15,7.21,8,0,21,6.3
31084,1835,381,3906.67,539,381,10.25,16,1,18,60.3
31085,815,102,102499.78,39,102,1004.9,16,0,48,26.8
31086,164,79,171.76,119,79,2.17,18,0,39,5.4
31087,416,305,16422.14,399,305,53.84,19,0,44,13.7
31088,1891,337,2684.13,624,337,7.96,2,1,12,62.1
31089,2423,89,2113.97,268,89,23.75,21,1,1,79.6
31090,2487,214,978.31,425,214,4.57,8,0,46,81.7
31091,137,84,12036.94,711,84,143.3,25,1,36,4.5
31092,2208,180,4650.76,317,180,25.84,25,0,14,72.5
31093,1177,372,10933.16,206,372,29.39,23,1,23,38.7
31094,1024,381,1116.35,176,381,2.93,10,1,29,33.6
31095,1456,467,2421.51,466,467,5.19,29,0,22,47.8
31096,1357,48,25581.54,497,48,532.95,9,1,6,44.6
31097,149,98,10394.02,500,98,106.06,29,0,44,4.9
31098,2092,230,402.27,684,230,1.75,11,0,20,68.7
31099,1665,62,5972.66,587,62,96.33,6,1,30,54.7
31100,2309,345,1364.98,690,345,3.96,29,1,32,75.9
31101,1772,271,11376.59,519,271,41.98,2,1,7,58.2
31102,1332,177,4054.62,576,177,22.91,12,1,7,43.8
31103,2139,467,5058.55,388,467,10.83,13,0,31,70.3
31104,690,62,605.71,130,62,9.77,3,1,0,22.7
31105,2427,49,2541.67,154,49,51.87,16,1,29,79.7
31106,1939,100,911.25,570,100,9.11,16,1,37,63.7
31107,547,231,11890.75,396,231,51.48,20,0,24,18.0
31108,1275,402,391.92,79,402,0.97,20,1,2,41.9
31109,861,112,448.61,152,112,4.01,19,0,30,28.3
31110,787,374,6355.59,280,374,16.99,3,1,48,25.9
31111,1917,457,2514.04,613,457,5.5,2,0,33,63.0
31112,2269,133,2284.11,440,133,17.17,20,0,38,74.5
31113,235,154,5334.69,303,154,34.64,17,0,14,7.7
31114,1521,236,480.57,675,236,2.04,1,0,23,50.0
31115,1439,10,1794.41,397,10,179.44,11,1,3,47.3
31116,1749,115,26578.54,714,115,231.12,18,0,37,57.5
31117,2516,210,7339.07,684,210,34.95,29,1,32,82.7
31118,1356,285,690.85,164,285,2.42,27,0,2,44.5
31119,1055,407,107.81,457,407,0.26,6,1,41,34.7
31120,1274,25,849.13,48,25,33.97,10,1,39,41.9
31121,2550,216,19411.73,604,216,89.87,22,0,38,83.8
31122,153,7,640.28,163,7,91.47,9,1,2,5.0
31123,2235,92,13655.4,112,92,148.43,9,0,47,73.4
31124,553,99,9887.05,412,99,99.87,24,0,5,18.2
31125,737,91,2946.91,30,91,32.38,27,1,41,24.2
31126,2378,310,24244.5,334,310,78.21,20,1,37,78.1
31127,2318,441,444.84,17,441,1.01,9,1,49,76.1
31128,2045,20,205.43,319,20,10.27,11,0,15,67.2
31129,2255,54,31306.37,188,54,579.75,1,1,4,74.1
31130,796,229,167.9,385,229,0.73,28,1,2,26.1
31131,649,7,17122.4,392,7,2446.06,17,0,48,21.3
31132,404,438,319.72,427,438,0.73,20,1,41,13.3
31133,877,168,6400.65,391,168,38.1,12,0,37,28.8
31134,1931,436,169.67,723,436,0.39,6,1,39,63.4
31135,1289,135,472.36,50,135,3.5,29,1,43,42.3
31136,220,463,9195.64,172,463,19.86,17,1,29,7.2
31137,140,147,2171.38,720,147,14.77,8,0,6,4.6
31138,713,346,440.91,21,346,1.27,28,1,45,23.4
31139,1861,138,3088.12,546,138,22.38,21,0,47,61.1
31140,901,387,1972.51,173,387,5.1,28,0,2,29.6
31141,293,473,2780.4,699,473,5.88,26,0,35,9.6
31142,2211,64,4478.11,0,64,69.97,10,1,14,72.6
31143,109,46,356.77,109,46,7.76,22,0,20,3.6
31144,262,29,3016.25,250,29,104.01,5,1,2,8.6
31145,705,397,13868.42,652,397,34.93,4,1,47,23.2
31146,714,294,28010.09,247,294,95.27,4,1,4,23.5
31147,1606,330,8648.32,308,330,26.21,29,0,1,52.8
31148,1997,20,4381.94,576,20,219.1,24,1,13,65.6
31149,746,91,142.09,202,91,1.56,18,0,28,24.5
31150,334,428,7025.42,661,428,16.41,14,1,38,11.0
31151,2039,125,740.81,538,125,5.93,0,1,31,67.0
31152,1178,96,8067.81,282,96,84.04,22,1,6,38.7
31153,1771,381,311.78,699,381,0.82,3,0,22,58.2
31154,1752,131,1603.31,75,131,12.24,13,0,34,57.6
31155,312,451,2938.13,253,451,6.51,20,1,11,10.2
31156,1720,406,2454.83,393,406,6.05,28,0,6,56.5
31157,2536,269,2585.44,476,269,9.61,27,0,6,83.3
31158,1987,340,20323.38,680,340,59.77,13,0,4,65.3
31159,1638,470,2433.81,484,470,5.18,23,1,14,53.8
31160,2138,217,5069.57,256,217,23.36,16,1,28,70.2
31161,1808,213,1578.99,308,213,7.41,20,1,24,59.4
31162,2356,146,20287.21,187,146,138.95,13,1,22,77.4
31163,968,380,1667.8,376,380,4.39,20,0,6,31.8
31164,324,470,3779.46,276,470,8.04,13,0,19,10.6
31165,1933,171,157.52,581,171,0.92,23,0,49,63.5
31166,692,396,88.45,35,396,0.22,17,0,28,22.7
31167,1049,261,17145.3,69,261,65.69,22,1,11,34.5
31168,1041,255,1331.62,444,255,5.22,9,0,22,34.2
31169,898,443,3017.56,215,443,6.81,20,1,5,29.5
31170,1392,272,727.19,673,272,2.67,0,1,13,45.7
31171,1543,187,19696.28,599,187,105.33,6,0,27,50.7
31172,1391,366,1344.67,63,366,3.67,24,1,48,45.7
31173,1783,320,579.1,105,320,1.81,23,0,5,58.6
31174,1340,367,334.22,198,367,0.91,21,1,40,44.0
31175,73,28,3986.16,304,28,142.36,6,0,26,2.4
31176,362,420,1475.79,291,420,3.51,21,0,24,11.9
31177,1342,498,1034.5,95,498,2.08,0,1,10,44.1
31178,2030,388,5229.11,154,388,13.48,8,1,14,66.7
31179,2365,81,11226.87,421,81,138.6,29,0,0,77.7
31180,1462,400,1877.74,33,400,4.69,3,1,26,48.0
31181,1665,2,305.24,144,2,152.62,24,1,36,54.7
31182,2165,116,2559.11,186,116,22.06,13,0,16,71.1
31183,433,338,441.57,29,338,1.31,1,1,35,14.2
31184,688,11,1909.95,88,11,173.63,14,1,2,22.6
31185,879,116,1238.81,559,116,10.68,28,1,4,28.9
31186,1274,393,337.83,406,393,0.86,4,0,7,41.9
31187,1395,404,3421.3,632,404,8.47,18,1,19,45.8
31188,2493,276,1391.98,553,276,5.04,2,1,6,81.9
31189,2000,9,13761.78,546,9,1529.09,21,1,27,65.7
31190,441,292,2332.57,505,292,7.99,10,0,35,14.5
31191,2213,188,8847.19,280,188,47.06,8,1,40,72.7
31192,1979,68,1396.65,661,68,20.54,7,0,34,65.0
31193,992,184,389.5,83,184,2.12,17,0,2,32.6
31194,2098,397,56.99,342,397,0.14,24,1,41,68.9
31195,239,284,1417.59,437,284,4.99,18,1,21,7.9
31196,1277,373,1321.34,409,373,3.54,16,0,7,42.0
31197,1234,249,434.78,587,249,1.75,0,1,27,40.5
31198,1274,70,4661.41,718,70,66.59,16,1,24,41.9
31199,1932,357,297.38,618,357,0.83,13,1,43,63.5
31200,2180,345,2182.28,104,345,6.33,26,0,8,71.6
31201,2391,165,7719.42,705,165,46.78,23,0,37,78.5
31202,687,216,540.69,435,216,2.5,25,1,39,22.6
31203,1042,141,624.81,423,141,4.43,13,1,2,34.2
31204,607,499,3545.73,526,499,7.11,19,1,27,19.9
31205,1455,60,1318.58,26,60,21.98,25,1,38,47.8
31206,1156,119,2171.06,162,119,18.24,12,1,31,38.0
31207,475,8,4112.72,329,8,514.09,0,1,38,15.6
31208,922,378,52.48,309,378,0.14,5,1,9,30.3
31209,574,63,459.76,184,63,7.3,5,0,41,18.9
31210,1158,30,2919.83,545,30,97.33,28,0,3,38.0
31211,930,487,1473.75,171,487,3.03,3,1,18,30.6
31212,2327,313,875.79,711,313,2.8,4,1,27,76.4
31213,1453,140,79452.54,433,140,567.52,27,0,45,47.7
31214,845,29,1755.13,24,29,60.52,17,0,17,27.8
31215,1610,423,551.79,248,423,1.3,3,1,33,52.9
31216,1608,120,14944.83,452,120,124.54,3,1,16,52.8
31217,1187,309,299.4,527,309,0.97,25,0,22,39.0
31218,911,170,498.02,100,170,2.93,21,0,6,29.9
31219,791,56,513.83,403,56,9.18,22,0,17,26.0
31220,340,422,6784.96,477,422,16.08,13,1,42,11.2
31221,838,485,5512.41,163,485,11.37,7,0,30,27.5
31222,2376,302,7341.21,195,302,24.31,29,0,14,78.1
31223,578,214,86.32,483,214,0.4,23,1,20,19.0
31224,2483,39,5173.68,708,39,132.66,13,0,3,81.6
31225,1631,499,23385.23,188,499,46.86,1,1,3,53.6
31226,1606,74,385.48,288,74,5.21,23,1,3,52.8
31227,2191,302,6887.97,384,302,22.81,9,0,21,72.0
31228,1761,492,1170.6,657,492,2.38,4,0,44,57.9
31229,46,218,20882.66,541,218,95.79,24,1,12,1.5
31230,2167,71,1725.29,425,71,24.3,9,1,18,71.2
31231,642,387,380.19,207,387,0.98,13,1,21,21.1
31232,1495,344,673.2,386,344,1.96,19,1,8,49.1
31233,2332,343,298.78,412,343,0.87,0,1,9,76.6
31234,173,491,686.2,337,491,1.4,27,1,2,5.7
31235,350,145,926.91,128,145,6.39,29,1,3,11.5
31236,744,123,1836.86,382,123,14.93,18,0,10,24.4
31237,1354,373,75.25,482,373,0.2,12,1,47,44.5
31238,1046,252,8902.92,501,252,35.33,14,0,24,34.4
31239,1802,254,17056.05,112,254,67.15,13,0,28,59.2
31240,1411,26,784.69,670,26,30.18,16,1,35,46.4
31241,709,358,124.21,203,358,0.35,18,1,45,23.3
31242,1606,368,90.22,331,368,0.25,22,1,40,52.8
31243,2044,181,986.88,183,181,5.45,1,0,27,67.1
31244,881,44,3856.16,494,44,87.64,8,1,16,28.9
31245,1072,371,4369.01,595,371,11.78,2,0,23,35.2
31246,481,453,889.53,542,453,1.96,13,0,2,15.8
31247,408,6,2441.9,214,6,406.98,21,1,35,13.4
31248,331,95,759.47,409,95,7.99,12,0,46,10.9
31249,1467,431,3922.21,67,431,9.1,16,0,10,48.2
31250,2202,116,1582.91,607,116,13.65,20,1,36,72.3
31251,2089,131,283.75,343,131,2.17,1,0,3,68.6
31252,1843,288,1067.44,680,288,3.71,6,1,40,60.5
31253,1055,272,4462.93,619,272,16.41,1,0,1,34.7
31254,381,223,638.09,650,223,2.86,15,0,2,12.5
31255,433,320,5420.99,623,320,16.94,0,0,17,14.2
31256,1003,452,2387.79,424,452,5.28,6,1,30,33.0
31257,1963,419,7077.76,470,419,16.89,23,1,36,64.5
31258,1255,476,1926.22,663,476,4.05,25,1,13,41.2
31259,1134,146,2384.01,367,146,16.33,17,1,44,37.3
31260,1826,445,1401.62,329,445,3.15,24,0,14,60.0
31261,1574,71,22197.65,562,71,312.64,13,1,16,51.7
31262,2076,111,1122.27,636,111,10.11,28,1,20,68.2
31263,641,384,9111.94,391,384,23.73,2,0,37,21.1
31264,2435,446,17920.22,519,446,40.18,14,1,44,80.0
31265,874,393,1181.58,357,393,3.01,6,0,45,28.7
31266,622,413,935.09,556,413,2.26,4,0,18,20.4
31267,2436,155,2310.82,693,155,14.91,21,0,19,80.0
31268,2340,111,5096.54,606,111,45.91,19,1,38,76.9
31269,2310,308,464.36,369,308,1.51,6,0,36,75.9
31270,2175,180,667.47,439,180,3.71,16,0,44,71.5
31271,2252,211,2633.41,126,211,12.48,20,0,7,74.0
31272,2248,444,5336.25,35,444,12.02,18,1,17,73.9
31273,2539,26,789.3,695,26,30.36,23,1,33,83.4
31274,154,72,999.58,441,72,13.88,10,1,2,5.1
31275,1076,446,756.8,477,446,1.7,17,1,6,35.3
31276,275,78,874.61,86,78,11.21,7,1,43,9.0
31277,1467,435,3027.33,299,435,6.96,27,0,20,48.2
31278,2299,31,3990.6,371,31,128.73,29,0,17,75.5
31279,1197,265,3343.53,74,265,12.62,23,0,6,39.3
31280,989,243,2314.65,43,243,9.53,11,1,37,32.5
31281,248,290,134250.45,500,290,462.93,26,0,42,8.1
31282,1588,37,219.06,716,37,5.92,11,1,29,52.2
31283,845,138,197.2,221,138,1.43,23,1,36,27.8
31284,1894,435,4497.94,665,435,10.34,12,1,37,62.2
31285,1751,173,341.82,61,173,1.98,21,1,40,57.5
31286,2472,89,5401.98,110,89,60.7,21,0,32,81.2
31287,1234,127,2694.32,73,127,21.22,25,0,28,40.5
31288,298,275,1481.68,567,275,5.39,7,1,36,9.8
31289,934,449,2714.65,48,449,6.05,2,1,26,30.7
31290,1636,346,6596.55,142,346,19.07,28,1,41,53.7
31291,1034,451,462.56,350,451,1.03,25,1,18,34.0
31292,881,184,647.15,506,184,3.52,10,1,12,28.9
31293,1088,210,1117.23,139,210,5.32,28,1,21,35.7
31294,696,211,23449.26,479,211,111.13,28,1,3,22.9
31295,1644,303,675.75,160,303,2.23,3,1,23,54.0
31296,1132,160,1964.61,151,160,12.28,25,0,37,37.2
31297,624,207,3132.55,29,207,15.13,25,1,32,20.5
31298,1884,83,12042.09,585,83,145.09,21,1,29,61.9
31299,311,168,657.05,452,168,3.91,23,1,25,10.2
31300,1474,333,27065.86,528,333,81.28,21,0,18,48.4
31301,1387,331,1652.11,569,331,4.99,14,1,36,45.6
31302,125,290,3022.56,74,290,10.42,6,0,1,4.1
31303,732,345,1937.08,433,345,5.61,23,1,7,24.0
31304,586,346,807.8,144,346,2.33,16,0,38,19.3
31305,1307,422,3153.91,616,422,7.47,18,0,8,42.9
31306,1840,488,7421.06,270,488,15.21,12,1,25,60.4
31307,1199,25,954.23,154,25,38.17,18,1,38,39.4
31308,1030,36,436.84,117,36,12.13,12,0,42,33.8
31309,1120,10,649.77,717,10,64.98,2,0,46,36.8
31310,2379,148,103314.99,524,148,698.07,22,1,44,78.2
31311,1304,230,253.91,546,230,1.1,20,0,1,42.8
31312,1633,344,1648.01,503,344,4.79,8,1,13,53.6
31313,1849,470,295.74,599,470,0.63,2,0,7,60.7
31314,2394,497,1185.69,411,497,2.39,11,0,23,78.6
31315,2475,205,569.55,529,205,2.78,19,1,38,81.3
31316,1733,484,295.71,13,484,0.61,3,1,23,56.9
31317,514,313,1355.76,662,313,4.33,18,1,22,16.9
31318,2522,102,1741.66,491,102,17.08,29,0,36,82.9
31319,740,1,2134.46,151,1,2134.46,16,0,45,24.3
31320,135,431,2401.05,713,431,5.57,23,1,20,4.4
31321,1339,138,1964.32,172,138,14.23,18,1,47,44.0
31322,2439,405,468.0,650,405,1.16,20,1,28,80.1
31323,1497,308,10711.22,134,308,34.78,13,0,49,49.2
31324,31,3,566.71,557,3,188.9,14,0,18,1.0
31325,414,417,3301.61,144,417,7.92,18,1,37,13.6
31326,2328,317,1258.79,55,317,3.97,2,0,30,76.5
31327,790,423,322.22,475,423,0.76,27,0,29,26.0
31328,1004,252,2143.13,641,252,8.5,21,1,11,33.0
31329,2502,43,15527.07,315,43,361.09,4,0,25,82.2
31330,1548,172,1353.37,414,172,7.87,21,0,6,50.9
31331,1291,6,851.62,702,6,141.94,25,1,33,42.4
31332,2310,78,280.43,447,78,3.6,12,1,27,75.9
31333,480,336,2474.86,532,336,7.37,7,1,46,15.8
31334,616,255,345.44,663,255,1.35,10,1,16,20.2
31335,851,404,8256.68,271,404,20.44,1,1,2,28.0
31336,914,178,1335.13,679,178,7.5,13,1,38,30.0
31337,2161,360,4846.71,243,360,13.46,17,0,47,71.0
31338,1495,277,703.32,454,277,2.54,16,0,10,49.1
31339,786,242,1608.66,270,242,6.65,6,1,18,25.8
31340,527,96,611.71,317,96,6.37,28,1,9,17.3
31341,958,152,455.51,171,152,3.0,15,0,29,31.5
31342,46,476,3111.59,358,476,6.54,10,0,6,1.5
31343,686,236,765.09,629,236,3.24,7,1,32,22.5
31344,870,271,2287.16,290,271,8.44,9,1,42,28.6
31345,980,391,241.52,573,391,0.62,26,1,26,32.2
31346,1942,364,10313.55,507,364,28.33,10,1,8,63.8
31347,2399,190,1695.49,269,190,8.92,0,1,31,78.8
31348,667,56,1310.06,246,56,23.39,15,1,6,21.9
31349,416,57,3192.77,358,57,56.01,25,1,36,13.7
31350,1967,202,380.13,655,202,1.88,18,1,20,64.6
31351,1660,200,2625.41,372,200,13.13,24,1,14,54.5
31352,1832,212,24516.7,297,212,115.64,0,0,44,60.2
31353,2170,76,549.46,545,76,7.23,12,1,48,71.3
31354,919,155,10561.21,385,155,68.14,20,1,27,30.2
31355,1652,114,3408.99,636,114,29.9,3,1,32,54.3
31356,1510,272,925.0,347,272,3.4,5,1,44,49.6
31357,2120,465,7556.41,548,465,16.25,0,1,0,69.6
31358,1242,69,81286.59,375,69,1178.07,4,1,25,40.8
31359,1412,261,1011.01,672,261,3.87,22,0,7,46.4
31360,2330,69,241.43,711,69,3.5,27,1,19,76.5
31361,1841,58,1574.34,204,58,27.14,9,1,18,60.5
31362,2501,269,4927.25,250,269,18.32,2,0,37,82.2
31363,2131,188,1273.57,524,188,6.77,13,1,40,70.0
31364,1423,116,546.08,469,116,4.71,24,0,28,46.7
31365,611,313,3963.43,393,313,12.66,16,1,39,20.1
31366,933,339,788.8,168,339,2.33,16,1,35,30.7
31367,1002,480,599.46,540,480,1.25,1,1,30,32.9
31368,438,141,23887.99,53,141,169.42,11,0,18,14.4
31369,653,212,346.54,0,212,1.63,28,1,35,21.5
31370,1637,63,132.13,164,63,2.1,3,1,3,53.8
31371,1001,425,2384.92,265,425,5.61,25,0,23,32.9
31372,1516,258,118.99,153,258,0.46,17,0,8,49.8
31373,1636,462,293.92,606,462,0.64,16,0,10,53.7
31374,271,8,883.71,611,8,110.46,11,0,16,8.9
31375,1554,311,4375.54,661,311,14.07,4,1,25,51.1
31376,2172,40,1059.23,206,40,26.48,2,0,34,71.4
31377,796,156,841.34,292,156,5.39,13,0,27,26.1
31378,513,195,19582.57,281,195,100.42,1,0,23,16.9
31379,879,139,222.21,658,139,1.6,0,1,1,28.9
31380,1636,357,2106.01,691,357,5.9,7,0,41,53.7
31381,1014,89,11030.76,430,89,123.94,19,1,47,33.3
31382,1437,157,21.06,115,157,0.13,24,0,34,47.2
31383,718,219,190.5,502,219,0.87,11,0,3,23.6
31384,1361,456,1949.58,497,456,4.28,3,0,41,44.7
31385,421,277,17652.45,447,277,63.73,11,1,46,13.8
31386,1737,34,1731.02,670,34,50.91,25,1,29,57.1
31387,1399,479,2475.25,453,479,5.17,5,1,19,46.0
31388,1331,308,2383.04,214,308,7.74,6,1,4,43.7
31389,1894,289,41678.49,126,289,144.22,19,1,23,62.2
31390,184,493,772.01,688,493,1.57,7,1,24,6.0
31391,87,74,2948.7,562,74,39.85,8,0,30,2.9
31392,1430,457,7258.78,728,457,15.88,10,1,23,47.0
31393,1184,141,195.96,557,141,1.39,6,0,2,38.9
31394,283,453,2002.87,462,453,4.42,24,0,14,9.3
31395,594,267,4868.44,209,267,18.23,13,1,15,19.5
31396,237,429,1900.05,119,429,4.43,9,0,43,7.8
31397,376,276,688.64,116,276,2.5,29,1,44,12.4
31398,316,440,2185.95,451,440,4.97,15,1,31,10.4
31399,1868,13,1934.82,585,13,148.83,7,1,10,61.4
31400,2025,280,26645.23,29,280,95.16,29,1,18,66.5
31401,1629,491,217.42,150,491,0.44,4,1,18,53.5
31402,1291,14,7961.88,553,14,568.71,6,1,21,42.4
31403,705,494,1141.48,401,494,2.31,0,0,7,23.2
31404,916,433,18504.96,147,433,42.74,23,1,3,30.1
31405,1037,411,160.54,479,411,0.39,2,1,27,34.1
31406,202,497,56233.01,501,497,113.14,7,1,0,6.6
31407,2529,134,6197.7,55,134,46.25,0,1,15,83.1
31408,1482,375,4581.6,270,375,12.22,16,0,9,48.7
31409,667,334,757.92,314,334,2.27,2,0,44,21.9
31410,30,61,1102.21,457,61,18.07,2,1,6,1.0
31411,1979,211,135.79,11,211,0.64,13,1,27,65.0
31412,527,288,92801.24,707,288,322.23,14,0,44,17.3
31413,152,265,25925.06,208,265,97.83,25,1,13,5.0
31414,2446,266,899.76,724,266,3.38,14,1,30,80.4
31415,445,3,9341.64,492,3,3113.88,9,0,16,14.6
31416,1028,331,840.75,626,331,2.54,21,1,9,33.8
31417,1164,40,17311.8,187,40,432.79,22,1,17,38.2
31418,337,163,3039.51,456,163,18.65,11,0,26,11.1
31419,1124,142,3501.43,45,142,24.66,29,0,44,36.9
31420,2332,263,392.58,406,263,1.49,14,1,8,76.6
31421,1366,152,5729.93,167,152,37.7,27,1,28,44.9
31422,2020,136,138.4,302,136,1.02,1,1,22,66.4
31423,2469,75,1098.17,321,75,14.64,24,1,18,81.1
31424,524,196,12629.01,330,196,64.43,10,0,7,17.2
31425,508,436,872.64,711,436,2.0,15,0,3,16.7
31426,1886,264,3621.17,389,264,13.72,0,1,25,62.0
31427,601,404,508.93,26,404,1.26,11,1,32,19.7
31428,627,198,1253.05,522,198,6.33,20,0,2,20.6
31429,416,420,1196.93,160,420,2.85,7,0,29,13.7
31430,484,319,16518.47,559,319,51.78,12,0,22,15.9
31431,266,429,312.65,414,429,0.73,22,0,23,8.7
31432,696,338,2214.08,562,338,6.55,5,1,32,22.9
31433,136,334,1427.56,14,334,4.27,29,1,48,4.5
31434,2317,223,3577.72,439,223,16.04,21,1,21,76.1
31435,1739,157,487.05,179,157,3.1,20,1,25,57.1
31436,1404,251,14928.66,294,251,59.48,17,1,41,46.1
31437,2025,498,443.65,640,498,0.89,1,0,8,66.5
31438,1744,337,45501.34,371,337,135.02,18,1,3,57.3
31439,698,78,507.21,619,78,6.5,21,1,14,22.9
31440,1969,442,23129.11,185,442,52.33,12,0,26,64.7
31441,472,408,27278.87,277,408,66.86,9,1,5,15.5
31442,1318,175,36866.12,516,175,210.66,8,0,42,43.3
31443,958,199,241.15,187,199,1.21,18,1,13,31.5
31444,628,161,787.78,127,161,4.89,3,1,30,20.6
31445,1893,358,910.51,441,358,2.54,0,1,23,62.2
31446,2303,245,322.84,545,245,1.32,10,1,46,75.7
31447,933,222,444.42,509,222,2.0,1,0,35,30.7
31448,1255,165,393.23,589,165,2.38,2,0,29,41.2
31449,1040,2,1585.5,227,2,792.75,0,1,30,34.2
31450,604,169,2906.3,309,169,17.2,7,0,5,19.8
31451,1438,146,106.86,659,146,0.73,22,1,15,47.2
31452,339,182,3122.86,18,182,17.16,8,1,44,11.1
31453,1794,33,105.36,273,33,3.19,10,0,8,58.9
31454,132,238,1156.03,666,238,4.86,15,0,43,4.3
31455,1034,207,2952.27,628,207,14.26,2,1,35,34.0
31456,1430,470,5454.8,31,470,11.61,12,1,36,47.0
31457,880,132,1617.76,421,132,12.26,26,1,1,28.9
31458,1048,202,9407.35,426,202,46.57,27,0,45,34.4
31459,337,112,805.26,57,112,7.19,28,0,4,11.1
31460,1948,461,7089.3,324,461,15.38,17,1,6,64.0
31461,441,328,7542.45,184,328,23.0,0,0,41,14.5
31462,390,93,7771.99,414,93,83.57,8,1,24,12.8
31463,1568,149,15953.7,509,149,107.07,4,0,0,51.5
31464,1809,438,923.37,72,438,2.11,28,0,23,59.4
31465,712,31,1611.52,315,31,51.98,27,1,36,23.4
31466,1005,195,457.1,633,195,2.34,28,1,25,33.0
31467,1387,342,4053.75,486,342,11.85,27,0,10,45.6
31468,2267,479,310.42,110,479,0.65,6,1,48,74.5
31469,1823,492,11238.52,415,492,22.84,9,1,5,59.9
31470,861,292,660.49,26,292,2.26,11,1,43,28.3
31471,1477,161,1370.07,52,161,8.51,28,1,11,48.5
31472,1697,15,6421.84,95,15,428.12,7,0,4,55.7
31473,707,292,356.78,139,292,1.22,23,1,3,23.2
31474,2107,229,456.83,440,229,1.99,7,0,32,69.2
31475,2459,205,9770.13,327,205,47.66,21,0,33,80.8
31476,904,321,814.87,265,321,2.54,11,1,9,29.7
31477,2049,185,478.05,91,185,2.58,21,1,5,67.3
31478,1595,159,15713.73,482,159,98.83,10,0,9,52.4
31479,2132,454,262.35,262,454,0.58,3,1,4,70.0
31480,419,423,5263.03,313,423,12.44,27,0,32,13.8
31481,141,130,4714.41,17,130,36.26,18,0,27,4.6
31482,393,115,37035.33,125,115,322.05,16,1,41,12.9
31483,579,337,50142.68,287,337,148.79,6,0,32,19.0
31484,1115,125,1928.35,45,125,15.43,9,1,40,36.6
31485,2396,431,1454.2,56,431,3.37,25,0,12,78.7
31486,537,276,606.92,23,276,2.2,4,1,25,17.6
31487,224,116,27.75,280,116,0.24,18,1,20,7.4
31488,984,264,8755.24,209,264,33.16,9,1,9,32.3
31489,498,21,1115.6,575,21,53.12,15,0,37,16.4
31490,252,132,414.75,33,132,3.14,19,1,26,8.3
31491,875,24,1503.71,616,24,62.65,2,1,46,28.7
31492,262,318,269.13,681,318,0.85,11,1,19,8.6
31493,1789,100,7601.62,628,100,76.02,27,1,10,58.8
31494,767,130,664.06,628,130,5.11,8,1,42,25.2
31495,2439,149,2566.38,127,149,17.22,12,1,13,80.1
31496,639,248,1140.08,155,248,4.6,4,1,12,21.0
31497,1072,181,376.4,578,181,2.08,10,1,29,35.2
31498,1422,278,990.94,716,278,3.56,3,0,6,46.7
31499,1935,79,2362.11,344,79,29.9,16,1,16,63.6
31500,1715,313,1535.77,400,313,4.91,5,1,19,56.3
31501,2110,29,21151.15,646,29,729.35,8,0,38,69.3
31502,295,18,3499.57,311,18,194.42,20,1,30,9.7
31503,1331,16,2588.41,601,16,161.78,9,1,33,43.7
31504,1370,381,2841.74,641,381,7.46,15,1,46,45.0
31505,919,240,2763.59,186,240,11.51,6,1,14,30.2
31506,133,366,987.18,38,366,2.7,5,0,22,4.4
31507,313,65,579.13,451,65,8.91,1,0,45,10.3
31508,955,457,1479.88,7,457,3.24,1,0,38,31.4
31509,853,402,1504.02,165,402,3.74,21,1,46,28.0
31510,1618,427,1058.25,623,427,2.48,9,1,35,53.2
31511,265,320,2859.08,367,320,8.93,6,1,11,8.7
31512,2485,264,8000.07,594,264,30.3,11,0,40,81.6
31513,1454,88,1566.38,513,88,17.8,1,0,1,47.8
31514,1473,297,2044.85,677,297,6.89,17,0,40,48.4
31515,1480,190,255.26,16,190,1.34,7,1,42,48.6
31516,609,265,438.97,321,265,1.66,8,1,24,20.0
31517,1024,321,3419.62,70,321,10.65,7,0,33,33.6
31518,592,418,1063.77,103,418,2.54,12,1,48,19.4
31519,1566,335,5464.42,474,335,16.31,18,1,43,51.4
31520,1227,18,297.69,378,18,16.54,9,0,8,40.3
31521,267,166,16769.43,536,166,101.02,22,1,13,8.8
31522,1866,251,306.12,404,251,1.22,29,0,24,61.3
31523,2256,186,338.9,372,186,1.82,4,1,44,74.1
31524,265,332,2359.71,202,332,7.11,16,1,42,8.7
31525,2222,102,968.53,139,102,9.5,20,1,46,73.0
31526,1415,50,162.55,429,50,3.25,10,0,38,46.5
31527,1576,223,13633.91,286,223,61.14,8,1,28,51.8
31528,1560,452,4093.03,704,452,9.06,8,0,27,51.2
31529,284,376,133.86,360,376,0.36,15,0,18,9.3
31530,430,10,4725.29,637,10,472.53,6,0,17,14.1
31531,360,120,1501.78,286,120,12.51,16,1,28,11.8
31532,598,354,202.8,676,354,0.57,7,1,29,19.6
31533,1247,315,8283.24,404,315,26.3,17,1,19,41.0
31534,454,309,775.74,723,309,2.51,19,1,15,14.9
31535,1968,295,3758.17,709,295,12.74,0,0,28,64.7
31536,2107,289,716.12,554,289,2.48,15,0,33,69.2
31537,1645,178,350.57,595,178,1.97,10,1,4,54.0
31538,1072,378,157.57,363,378,0.42,7,1,27,35.2
31539,734,120,215.68,236,120,1.8,29,0,30,24.1
31540,1086,146,887.31,527,146,6.08,24,1,13,35.7
31541,1085,261,2198.78,715,261,8.42,5,0,4,35.6
31542,1667,457,40690.82,137,457,89.04,21,1,22,54.8
31543,871,404,1103.5,218,404,2.73,14,1,27,28.6
31544,2061,309,906.34,121,309,2.93,13,1,18,67.7
31545,2286,376,22592.24,506,376,60.09,22,1,26,75.1
31546,2254,270,4129.87,684,270,15.3,23,1,37,74.0
31547,1453,215,2301.83,35,215,10.71,29,1,5,47.7
31548,1003,403,1242.34,34,403,3.08,6,1,0,33.0
31549,1718,375,3413.84,162,375,9.1,27,0,38,56.4
31550,1123,211,9301.75,334,211,44.08,13,0,24,36.9
31551,1472,377,3548.77,536,377,9.41,27,0,31,48.4
31552,1047,105,626.94,163,105,5.97,14,1,2,34.4
31553,1851,343,829.49,294,343,2.42,12,1,40,60.8
31554,2242,160,1887.45,377,160,11.8,22,0,13,73.7
31555,147,230,527.8,353,230,2.29,16,0,47,4.8
31556,1324,301,1241.24,325,301,4.12,25,1,13,43.5
31557,1320,408,218.49,675,408,0.54,0,0,40,43.4
31558,1688,67,718.78,576,67,10.73,19,1,2,55.5
31559,1408,157,5993.2,172,157,38.17,29,1,38,46.3
31560,1287,170,8287.42,183,170,48.75,29,1,9,42.3
31561,2476,466,223.08,581,466,0.48,3,0,14,81.3
31562,892,85,863.77,61,85,10.16,10,1,24,29.3
31563,692,100,661.61,661,100,6.62,15,1,48,22.7
31564,101,334,984.57,311,334,2.95,7,1,27,3.3
31565,448,498,1370.6,375,498,2.75,10,1,13,14.7
31566,1343,472,123.71,638,472,0.26,13,1,19,44.1
31567,2385,239,721.36,34,239,3.02,20,1,26,78.4
31568,366,239,4009.89,327,239,16.78,4,0,40,12.0
31569,406,33,166.66,635,33,5.05,7,1,39,13.3
31570,281,444,289.59,633,444,0.65,8,0,34,9.2
31571,299,381,4578.15,195,381,12.02,24,1,46,9.8
31572,2083,389,2366.11,91,389,6.08,18,1,22,68.4
31573,1852,268,2476.89,12,268,9.24,14,1,37,60.8
31574,1005,179,2310.0,189,179,12.91,23,0,25,33.0
31575,2434,293,15190.8,51,293,51.85,21,1,4,80.0
31576,47,66,2184.21,379,66,33.09,11,1,27,1.5
31577,123,257,5523.41,398,257,21.49,12,1,31,4.0
31578,2486,102,7179.53,699,102,70.39,26,0,48,81.7
31579,195,384,575.97,544,384,1.5,2,0,6,6.4
31580,2142,329,151.74,442,329,0.46,28,0,5,70.4
31581,1371,495,688.0,83,495,1.39,9,1,45,45.0
31582,1969,71,7113.25,517,71,100.19,5,1,17,64.7
31583,289,45,1631.96,240,45,36.27,7,1,12,9.5
31584,1228,94,2318.21,62,94,24.66,27,1,22,40.3
31585,232,309,3771.18,6,309,12.2,29,0,11,7.6
31586,789,277,485.52,3,277,1.75,29,1,31,25.9
31587,632,143,216.53,713,143,1.51,16,1,0,20.8
31588,2333,414,3365.29,415,414,8.13,23,1,31,76.6
31589,649,424,2462.66,323,424,5.81,5,1,48,21.3
31590,1864,90,426.57,557,90,4.74,5,1,18,61.2
31591,2025,76,6143.81,41,76,80.84,28,1,20,66.5
31592,2137,388,260.14,474,388,0.67,15,0,40,70.2
31593,172,157,13766.95,45,157,87.69,25,0,13,5.7
31594,106,287,4234.5,261,287,14.75,4,1,2,3.5
31595,1718,187,3260.13,584,187,17.43,24,0,10,56.4
31596,2396,412,5087.55,69,412,12.35,7,1,21,78.7
31597,556,211,655.3,719,211,3.11,16,0,31,18.3
31598,168,44,1215.78,343,44,27.63,20,0,2,5.5
31599,1290,249,4364.95,10,249,17.53,21,1,30,42.4
31600,309,423,207.56,444,423,0.49,22,1,32,10.2
31601,2523,12,1107.01,414,12,92.25,15,0,11,82.9
31602,707,464,1171.83,234,464,2.53,14,0,34,23.2
31603,236,375,775.95,519,375,2.07,18,1,38,7.8
31604,2490,452,292.08,590,452,0.65,9,0,12,81.8
31605,1830,125,11103.13,592,125,88.83,29,0,27,60.1
31606,843,38,49580.82,483,38,1304.76,29,1,16,27.7
31607,905,170,635.61,469,170,3.74,3,0,37,29.7
31608,996,325,783.52,143,325,2.41,27,1,1,32.7
31609,442,38,5282.49,690,38,139.01,21,1,33,14.5
31610,2102,259,10848.74,85,259,41.89,6,1,11,69.1
31611,558,280,859.09,433,280,3.07,8,1,27,18.3
31612,781,21,2146.53,631,21,102.22,13,0,10,25.7
31613,2517,133,376.52,271,133,2.83,16,0,39,82.7
31614,211,384,149.82,596,384,0.39,16,1,6,6.9
31615,366,483,813.17,690,483,1.68,13,1,7,12.0
31616,103,365,2008.86,415,365,5.5,3,1,11,3.4
31617,646,52,1566.3,587,52,30.12,8,0,14,21.2
31618,2216,473,991.59,427,473,2.1,21,0,11,72.8
31619,216,394,3838.14,362,394,9.74,29,0,30,7.1
31620,311,205,787.78,728,205,3.84,22,1,38,10.2
31621,734,220,1318.37,331,220,5.99,2,1,1,24.1
31622,987,9,2838.21,222,9,315.36,20,1,10,32.4
31623,2346,480,2953.86,602,480,6.15,3,0,19,77.1
31624,87,111,805.77,694,111,7.26,12,1,2,2.9
31625,2017,71,24418.33,586,71,343.92,5,0,40,66.3
31626,2051,250,1026.91,96,250,4.11,4,0,28,67.4
31627,740,327,515.32,172,327,1.58,15,1,28,24.3
31628,1485,477,3251.04,676,477,6.82,24,1,10,48.8
31629,799,455,4380.07,647,455,9.63,18,0,23,26.2
31630,138,499,321.85,677,499,0.64,8,0,9,4.5
31631,1072,435,49635.37,114,435,114.1,27,1,43,35.2
31632,1831,43,1771.19,221,43,41.19,15,0,25,60.2
31633,1109,364,23838.72,465,364,65.49,4,1,13,36.4
31634,1552,303,6047.82,674,303,19.96,22,1,2,51.0
31635,1738,402,6681.76,390,402,16.62,23,0,18,57.1
31636,1159,255,1330.44,161,255,5.22,15,1,27,38.1
31637,883,422,4404.34,567,422,10.44,21,0,10,29.0
31638,2372,211,543.24,252,211,2.57,10,1,47,77.9
31639,927,238,13026.41,666,238,54.73,18,1,21,30.5
31640,1403,233,12250.88,361,233,52.58,15,0,16,46.1
31641,2026,19,1010.12,145,19,53.16,28,1,15,66.6
31642,1874,417,3163.77,228,417,7.59,13,0,37,61.6
31643,1542,457,87.93,104,457,0.19,0,1,13,50.7
31644,466,450,534.39,727,450,1.19,5,1,43,15.3
31645,1720,40,188.88,684,40,4.72,7,1,14,56.5
31646,772,33,466.43,508,33,14.13,8,1,8,25.4
31647,2549,443,2953.37,516,443,6.67,7,1,20,83.7
31648,1272,124,323.56,95,124,2.61,24,1,10,41.8
31649,57,77,2002.87,486,77,26.01,20,1,38,1.9
31650,962,238,125.54,391,238,0.53,8,1,4,31.6
31651,1361,301,31553.08,252,301,104.83,23,0,35,44.7
31652,1436,365,114.25,310,365,0.31,7,0,46,47.2
31653,726,288,258.45,190,288,0.9,19,1,28,23.9
31654,306,115,681.67,129,115,5.93,24,1,48,10.1
31655,1897,345,7338.23,290,345,21.27,12,1,16,62.3
31656,1463,177,453.47,140,177,2.56,4,1,36,48.1
31657,1381,45,3170.47,470,45,70.45,13,0,34,45.4
31658,2084,3,3689.48,458,3,1229.83,17,1,14,68.5
31659,653,130,1722.54,346,130,13.25,20,1,16,21.5
31660,1072,167,3217.67,140,167,19.27,15,1,5,35.2
31661,1133,287,12087.27,291,287,42.12,18,0,13,37.2
31662,564,389,6150.46,567,389,15.81,5,1,28,18.5
31663,460,189,3808.31,566,189,20.15,23,1,16,15.1
31664,795,174,4933.17,287,174,28.35,12,1,48,26.1
31665,833,430,1347.32,259,430,3.13,17,1,32,27.4
31666,2149,7,3801.62,88,7,543.09,3,1,28,70.6
31667,1010,191,911.99,428,191,4.77,16,0,0,33.2
31668,1221,159,1056.12,694,159,6.64,17,1,26,40.1
31669,65,96,238.34,47,96,2.48,0,0,48,2.1
31670,444,364,1380.58,274,364,3.79,0,0,20,14.6
31671,1047,440,1221.48,198,440,2.78,12,0,21,34.4
31672,1856,59,831.27,38,59,14.09,28,1,0,61.0
31673,2332,229,32228.26,311,229,140.73,16,0,43,76.6
31674,557,108,1014.1,282,108,9.39,4,1,30,18.3
31675,352,34,1667.52,214,34,49.04,18,1,5,11.6
31676,32,161,1528.88,243,161,9.5,9,0,10,1.1
31677,2471,261,1098.76,689,261,4.21,7,1,41,81.2
31678,2365,81,15490.37,491,81,191.24,26,1,13,77.7
31679,956,226,924.24,700,226,4.09,26,0,14,31.4
31680,2183,30,22643.29,716,30,754.78,8,1,17,71.7
31681,2065,67,503.86,631,67,7.52,6,1,25,67.8
31682,861,200,517.54,120,200,2.59,6,1,7,28.3
31683,2110,140,504.27,401,140,3.6,2,1,14,69.3
31684,2417,304,6455.56,659,304,21.24,24,0,14,79.4
31685,2365,357,1579.67,625,357,4.42,11,0,33,77.7
31686,591,175,1311.8,225,175,7.5,1,0,11,19.4
31687,2037,264,2774.87,379,264,10.51,5,1,42,66.9
31688,789,345,409.5,103,345,1.19,27,0,32,25.9
31689,144,155,958.24,474,155,6.18,15,0,45,4.7
31690,1880,334,532.5,567,334,1.59,27,1,36,61.8
31691,1331,434,3511.51,255,434,8.09,3,0,26,43.7
31692,381,469,1250.07,304,469,2.67,4,0,0,12.5
31693,540,10,6846.79,725,10,684.68,26,1,11,17.7
31694,1113,164,411.6,720,164,2.51,12,0,38,36.6
31695,1129,150,1333.16,539,150,8.89,12,1,8,37.1
31696,2268,16,2644.5,549,16,165.28,20,1,36,74.5
31697,642,442,237.26,37,442,0.54,6,0,40,21.1
31698,805,85,403.38,657,85,4.75,16,0,4,26.4
31699,1973,408,841.38,315,408,2.06,11,1,4,64.8
31700,734,331,256.14,225,331,0.77,3,0,15,24.1
31701,694,460,230.68,411,460,0.5,13,1,31,22.8
31702,1978,487,2240.03,252,487,4.6,14,1,4,65.0
31703,2131,247,914.99,677,247,3.7,2,0,38,70.0
31704,1103,254,304.96,183,254,1.2,20,1,13,36.2
31705,944,419,1240.82,570,419,2.96,12,1,22,31.0
31706,1083,192,346.24,178,192,1.8,7,1,4,35.6
31707,778,345,3305.96,53,345,9.58,7,1,29,25.6
31708,1702,244,5526.26,511,244,22.65,27,0,17,55.9
31709,1187,315,1812.21,205,315,5.75,12,1,38,39.0
31710,291,423,236.82,370,423,0.56,17,0,25,9.6
31711,2053,262,3047.05,166,262,11.63,21,0,34,67.4
31712,1837,357,676.1,56,357,1.89,29,0,21,60.3
31713,287,488,2662.14,568,488,5.46,9,1,33,9.4
31714,136,448,240.57,218,448,0.54,7,1,4,4.5
31715,144,440,2411.13,413,440,5.48,3,1,30,4.7
31716,2227,317,15019.56,712,317,47.38,18,1,6,73.2
31717,1954,84,468.8,728,84,5.58,19,1,22,64.2
31718,1886,420,5126.76,363,420,12.21,6,0,15,62.0
31719,534,177,1543.75,215,177,8.72,14,0,22,17.5
31720,2491,71,756.74,710,71,10.66,21,1,12,81.8
31721,595,196,5846.23,448,196,29.83,17,1,24,19.5
31722,65,279,9478.76,440,279,33.97,1,0,35,2.1
31723,2331,462,649.12,364,462,1.41,26,1,31,76.6
31724,1959,285,4021.58,479,285,14.11,29,1,17,64.4
31725,834,472,1856.36,6,472,3.93,20,0,31,27.4
31726,455,212,2072.56,186,212,9.78,14,1,24,14.9
31727,378,412,616.83,279,412,1.5,18,1,36,12.4
31728,1070,98,1072.4,546,98,10.94,9,1,40,35.2
31729,2402,250,1680.81,213,250,6.72,12,1,18,78.9
31730,2289,380,531.64,325,380,1.4,4,1,31,75.2
31731,1026,178,190.59,585,178,1.07,27,0,35,33.7
31732,152,116,2001.29,436,116,17.25,10,1,49,5.0
31733,1185,428,3176.52,53,428,7.42,8,1,24,38.9
31734,1319,373,2323.85,706,373,6.23,14,1,48,43.3
31735,520,165,1263.49,437,165,7.66,9,1,2,17.1
31736,939,181,659.08,190,181,3.64,1,0,27,30.8
31737,58,491,16263.43,689,491,33.12,9,1,47,1.9
31738,980,372,1794.04,479,372,4.82,15,0,20,32.2
31739,840,93,309.33,160,93,3.33,19,1,29,27.6
31740,117,441,1866.94,108,441,4.23,20,0,29,3.8
31741,363,162,379.31,225,162,2.34,29,0,33,11.9
31742,679,198,2241.36,683,198,11.32,21,0,39,22.3
31743,546,240,6948.67,122,240,28.95,21,1,21,17.9
31744,2205,489,172.91,217,489,0.35,10,0,45,72.4
31745,1510,121,5481.68,420,121,45.3,16,0,36,49.6
31746,1191,108,3125.26,124,108,28.94,11,1,23,39.1
31747,1279,274,3269.91,438,274,11.93,23,0,40,42.0
31748,401,113,829.61,533,113,7.34,1,0,46,13.2
31749,1691,462,1067.86,238,462,2.31,2,0,1,55.6
31750,1354,244,246.02,652,244,1.01,7,0,30,44.5
31751,215,231,537.8,399,231,2.33,15,0,26,7.1
31752,498,21,698.28,683,21,33.25,14,0,41,16.4
31753,1003,352,2539.02,169,352,7.21,6,0,37,33.0
31754,88,143,2139.16,17,143,14.96,26,1,8,2.9
31755,2057,183,21326.47,24,183,116.54,27,0,42,67.6
31756,2390,468,1098.78,309,468,2.35,20,1,30,78.5
31757,1395,33,23814.02,313,33,721.64,3,1,40,45.8
31758,2434,387,1929.02,330,387,4.98,29,0,29,80.0
31759,1511,286,1157.68,579,286,4.05,1,1,2,49.6
31760,2105,30,767.09,282,30,25.57,20,0,2,69.2
31761,2472,7,18512.58,233,7,2644.65,7,1,33,81.2
31762,657,378,3033.11,186,378,8.02,25,1,5,21.6
31763,2031,67,2415.52,62,67,36.05,22,1,26,66.7
31764,1641,13,241.15,56,13,18.55,10,0,47,53.9
31765,1483,230,3084.95,377,230,13.41,24,1,18,48.7
31766,764,236,7318.86,10,236,31.01,4,1,0,25.1
31767,167,374,4102.99,491,374,10.97,28,1,5,5.5
31768,702,29,4945.32,32,29,170.53,25,0,18,23.1
31769,1478,259,244.07,230,259,0.94,11,1,30,48.6
31770,34,224,6038.12,249,224,26.96,28,0,2,1.1
31771,2463,428,158.74,399,428,0.37,21,1,6,80.9
31772,1599,132,1038.13,318,132,7.86,15,1,25,52.5
31773,1553,257,4521.0,308,257,17.59,6,0,46,51.0
31774,2047,438,19280.54,41,438,44.02,9,1,31,67.2
31775,1877,461,3529.66,50,461,7.66,22,1,1,61.7
31776,224,122,780.98,162,122,6.4,25,0,11,7.4
31777,215,7,164.28,634,7,23.47,15,0,19,7.1
31778,1992,332,1317.95,237,332,3.97,21,0,33,65.4
31779,870,326,556.78,684,326,1.71,18,1,3,28.6
31780,797,139,2883.35,13,139,20.74,11,1,5,26.2
31781,1516,158,1022.39,523,158,6.47,17,0,20,49.8
31782,979,197,2208.88,445,197,11.21,11,0,26,32.2
31783,1299,200,2771.16,286,200,13.86,23,1,48,42.7
31784,1514,97,454.21,141,97,4.68,18,1,12,49.7
31785,725,177,564.23,367,177,3.19,18,0,48,23.8
31786,1028,67,1951.17,188,67,29.12,3,1,1,33.8
31787,473,284,331.81,536,284,1.17,18,0,0,15.5
31788,922,197,34801.93,24,197,176.66,19,1,32,30.3
31789,867,169,14155.78,161,169,83.76,22,0,32,28.5
31790,802,296,536.38,716,296,1.81,21,1,49,26.3
31791,732,82,150.77,514,82,1.84,15,1,42,24.0
31792,1641,89,495.97,566,89,5.57,7,0,49,53.9
31793,2303,407,1910.73,547,407,4.69,6,1,26,75.7
31794,934,344,239.11,236,344,0.7,18,1,25,30.7
31795,1202,76,42876.63,322,76,564.17,19,1,2,39.5
31796,1734,344,5599.82,383,344,16.28,12,1,39,57.0
31797,1971,264,1421.78,434,264,5.39,18,1,6,64.8
31798,1146,47,7854.99,211,47,167.13,18,1,35,37.6
31799,184,342,490.11,658,342,1.43,11,0,42,6.0
31800,1002,480,1254.84,359,480,2.61,12,1,40,32.9
31801,844,354,1977.49,647,354,5.59,14,1,11,27.7
31802,1569,487,420.85,178,487,0.86,0,0,30,51.5
31803,539,219,9355.26,436,219,42.72,27,1,35,17.7
31804,2482,158,291.32,134,158,1.84,17,1,18,81.5
31805,303,303,108.32,471,303,0.36,29,1,14,10.0
31806,851,326,3403.46,727,326,10.44,2,0,2,28.0
31807,2479,73,1254.88,558,73,17.19,9,0,42,81.4
31808,406,448,311.63,671,448,0.7,19,1,15,13.3
31809,1926,498,3217.69,162,498,6.46,14,0,25,63.3
31810,2533,108,2678.84,84,108,24.8,19,0,2,83.2
31811,2305,114,2688.14,72,114,23.58,3,1,0,75.7
31812,663,470,28128.02,715,470,59.85,17,0,42,21.8
31813,1560,397,4353.77,564,397,10.97,13,1,8,51.2
31814,522,330,4399.32,62,330,13.33,11,0,1,17.1
31815,1727,79,5975.68,671,79,75.64,9,1,3,56.7
31816,792,87,2946.33,696,87,33.87,10,1,26,26.0
31817,683,237,311.89,73,237,1.32,21,0,38,22.4
31818,2486,79,3668.48,24,79,46.44,13,1,37,81.7
31819,2264,25,1802.17,613,25,72.09,26,1,27,74.4
31820,1148,229,4351.07,715,229,19.0,9,1,2,37.7
31821,1915,473,3701.69,32,473,7.83,12,1,1,62.9
31822,1130,258,16664.02,468,258,64.59,28,1,38,37.1
31823,2491,205,623.92,428,205,3.04,13,0,35,81.8
31824,2220,403,3074.11,392,403,7.63,28,1,1,72.9
31825,1821,131,5331.35,678,131,40.7,25,1,27,59.8
31826,1938,260,4061.84,261,260,15.62,17,1,0,63.7
31827,877,424,228.22,10,424,0.54,7,0,32,28.8
31828,2236,189,188.97,219,189,1.0,19,0,48,73.5
31829,1421,88,6025.85,569,88,68.48,26,0,12,46.7
31830,956,256,1445.11,695,256,5.64,21,1,28,31.4
31831,1530,341,300.95,540,341,0.88,4,1,16,50.3
31832,1833,31,986.61,626,31,31.83,17,0,10,60.2
31833,311,62,15427.5,612,62,248.83,13,0,2,10.2
31834,2303,87,4204.22,694,87,48.32,13,1,11,75.7
31835,467,221,1232.74,115,221,5.58,11,0,22,15.3
31836,1650,437,1495.47,705,437,3.42,28,0,21,54.2
31837,535,445,3496.61,253,445,7.86,25,0,18,17.6
31838,99,220,4704.86,331,220,21.39,0,1,17,3.3
31839,453,335,199.1,652,335,0.59,17,1,31,14.9
31840,1026,299,1392.7,706,299,4.66,9,1,14,33.7
31841,1740,451,1008.94,192,451,2.24,29,1,48,57.2
31842,500,43,726.55,181,43,16.9,21,0,12,16.4
31843,1858,387,683.73,261,387,1.77,15,1,44,61.0
31844,1910,122,975.78,287,122,8.0,2,0,31,62.7
31845,1362,252,5719.7,345,252,22.7,23,1,35,44.7
31846,1561,360,1298.96,603,360,3.61,9,1,46,51.3
31847,80,287,225.68,192,287,0.79,20,1,39,2.6
31848,1246,430,4905.82,29,430,11.41,1,1,11,40.9
31849,649,464,348.85,41,464,0.75,16,0,1,21.3
31850,312,185,646.42,77,185,3.49,21,1,31,10.2
31851,651,164,715.97,530,164,4.37,1,1,32,21.4
31852,2467,378,592.32,165,378,1.57,13,0,7,81.0
31853,1520,305,3258.26,43,305,10.68,2,0,31,49.9
31854,355,388,761.58,287,388,1.96,8,0,6,11.7
31855,1113,304,5402.3,552,304,17.77,8,0,18,36.6
31856,1772,340,1389.05,215,340,4.09,9,1,19,58.2
31857,837,226,7520.15,369,226,33.28,7,1,2,27.5
31858,70,109,2325.23,611,109,21.33,0,1,41,2.3
31859,1163,104,41342.17,399,104,397.52,7,1,9,38.2
31860,711,399,580.79,708,399,1.46,28,0,32,23.4
31861,1156,476,2900.34,63,476,6.09,23,0,24,38.0
31862,2462,336,1175.68,382,336,3.5,29,0,44,80.9
31863,2075,374,934.23,340,374,2.5,18,1,10,68.2
31864,1634,363,531.49,524,363,1.46,15,0,35,53.7
31865,56,363,48.14,254,363,0.13,21,0,45,1.8
31866,1792,477,1001.88,530,477,2.1,29,1,22,58.9
31867,1213,294,8577.15,507,294,29.17,15,0,45,39.8
31868,523,119,595.02,511,119,5.0,6,1,11,17.2
31869,364,124,18856.41,4,124,152.07,21,1,24,12.0
31870,73,353,3215.11,483,353,9.11,0,1,48,2.4
31871,2105,359,409.76,660,359,1.14,21,1,32,69.2
31872,929,136,6208.23,256,136,45.65,11,1,8,30.5
31873,1922,251,3228.85,568,251,12.86,21,1,5,63.1
31874,1792,58,1583.28,719,58,27.3,5,1,35,58.9
31875,983,117,1076.91,366,117,9.2,27,0,8,32.3
31876,1878,33,2960.26,147,33,89.7,3,1,7,61.7
31877,1619,130,609.7,536,130,4.69,21,1,3,53.2
31878,565,447,1032.46,476,447,2.31,15,1,14,18.6
31879,1950,197,2591.99,336,197,13.16,6,1,16,64.1
31880,511,496,11683.53,667,496,23.56,14,1,33,16.8
31881,1763,287,775.07,602,287,2.7,7,1,42,57.9
31882,1357,386,983.09,569,386,2.55,29,0,8,44.6
31883,689,134,772.73,33,134,5.77,11,0,7,22.6
31884,1240,409,5784.93,390,409,14.14,8,0,2,40.7
31885,73,165,636.76,510,165,3.86,14,0,33,2.4
31886,657,430,607.12,103,430,1.41,15,0,33,21.6
31887,166,262,1578.92,615,262,6.03,17,1,33,5.5
31888,1845,350,3445.83,211,350,9.85,7,0,31,60.6
31889,1930,356,760.84,449,356,2.14,12,1,0,63.4
31890,1959,307,4121.24,388,307,13.42,6,1,27,64.4
31891,2008,282,4311.16,349,282,15.29,22,0,30,66.0
31892,1234,75,4048.31,144,75,53.98,11,0,21,40.5
31893,2324,81,8627.01,401,81,106.51,15,0,48,76.3
31894,1144,92,14781.12,366,92,160.66,21,0,16,37.6
31895,1317,166,3595.03,166,166,21.66,4,1,17,43.3
31896,2325,109,3483.99,432,109,31.96,14,0,40,76.4
31897,2086,162,777.41,7,162,4.8,20,1,24,68.5
31898,578,186,1520.41,439,186,8.17,14,0,26,19.0
31899,1068,223,12972.98,422,223,58.17,10,0,12,35.1
31900,205,335,11013.83,711,335,32.88,17,1,20,6.7
31901,2379,229,18257.73,264,229,79.73,19,1,36,78.2
31902,1284,21,443.51,627,21,21.12,8,1,49,42.2
31903,828,153,2156.8,715,153,14.1,29,1,20,27.2
31904,220,179,3448.79,193,179,19.27,10,0,49,7.2
31905,1806,242,6166.56,607,242,25.48,21,1,49,59.3
31906,1356,358,4602.58,430,358,12.86,3,1,48,44.5
31907,1371,211,1165.75,538,211,5.52,9,1,41,45.0
31908,937,409,320.61,629,409,0.78,24,1,42,30.8
31909,2341,380,750.35,672,380,1.97,8,0,46,76.9
31910,2265,230,27142.26,371,230,118.01,21,1,35,74.4
31911,321,197,24931.42,21,197,126.56,3,0,26,10.5
31912,1722,204,2945.33,562,204,14.44,6,1,7,56.6
31913,2315,306,2754.22,182,306,9.0,13,0,10,76.1
31914,2468,184,13203.33,161,184,71.76,1,1,35,81.1
31915,1120,158,343.39,349,158,2.17,5,0,29,36.8
31916,1546,449,999.52,20,449,2.23,8,0,16,50.8
31917,1835,183,1139.65,579,183,6.23,25,1,25,60.3
31918,2146,269,90.67,598,269,0.34,7,1,11,70.5
31919,169,316,2567.37,458,316,8.12,13,1,10,5.6
31920,1807,393,227.44,91,393,0.58,7,1,48,59.4
31921,346,30,19900.58,352,30,663.35,4,1,40,11.4
31922,1329,479,949.38,589,479,1.98,2,1,6,43.7
31923,1805,77,247.52,143,77,3.21,16,0,3,59.3
31924,1592,386,235.36,582,386,0.61,14,1,22,52.3
31925,904,130,34527.39,692,130,265.6,7,1,38,29.7
31926,515,157,473.38,160,157,3.02,25,0,35,16.9
31927,287,494,3160.36,1,494,6.4,10,1,36,9.4
31928,231,113,106.64,250,113,0.94,2,1,36,7.6
31929,2247,245,3339.44,681,245,13.63,24,1,23,73.8
31930,2207,443,97.29,637,443,0.22,18,1,3,72.5
31931,1505,226,22313.46,575,226,98.73,29,0,8,49.4
31932,337,142,2086.29,339,142,14.69,22,1,43,11.1
31933,941,34,828.4,438,34,24.36,2,0,42,30.9
31934,2450,357,87.8,49,357,0.25,9,0,43,80.5
31935,1314,251,1851.62,84,251,7.38,3,0,13,43.2
31936,241,398,517.01,428,398,1.3,26,0,47,7.9
31937,1033,151,3565.58,307,151,23.61,10,1,38,33.9
31938,2150,366,5074.77,286,366,13.87,28,0,40,70.6
31939,1584,366,705.51,224,366,1.93,9,1,13,52.0
31940,2326,329,6845.86,80,329,20.81,23,1,30,76.4
31941,213,302,4617.39,624,302,15.29,4,1,34,7.0
31942,2524,256,5759.95,686,256,22.5,5,0,35,82.9
31943,2473,105,1421.57,523,105,13.54,28,1,48,81.2
31944,299,40,8702.49,633,40,217.56,29,1,47,9.8
31945,2230,116,5102.76,314,116,43.99,15,1,25,73.3
31946,268,165,921.52,428,165,5.58,1,0,44,8.8
31947,1552,328,14700.96,364,328,44.82,29,1,23,51.0
31948,177,268,4601.61,341,268,17.17,21,0,33,5.8
31949,2088,31,979.77,243,31,31.61,14,0,47,68.6
31950,1663,194,2047.71,99,194,10.56,29,0,13,54.6
31951,2247,445,2964.06,57,445,6.66,6,0,1,73.8
31952,429,172,7029.61,466,172,40.87,1,1,40,14.1
31953,2441,58,4327.26,149,58,74.61,19,1,26,80.2
31954,1772,64,1350.06,678,64,21.09,23,0,9,58.2
31955,706,301,720.66,603,301,2.39,6,1,16,23.2
31956,798,401,329.83,19,401,0.82,29,1,29,26.2
31957,1073,21,8887.2,202,21,423.2,2,0,34,35.2
31958,632,96,382.5,508,96,3.98,14,0,26,20.8
31959,2401,423,1547.41,628,423,3.66,8,1,23,78.9
31960,1837,324,1120.34,620,324,3.46,29,1,5,60.3
31961,2432,301,712.02,144,301,2.37,1,0,17,79.9
31962,811,230,371.85,215,230,1.62,20,1,11,26.6
31963,2300,354,8783.11,606,354,24.81,2,1,29,75.6
31964,2038,347,823.66,134,347,2.37,7,1,13,67.0
31965,1374,213,2121.83,336,213,9.96,7,0,13,45.1
31966,711,338,838.74,711,338,2.48,20,1,2,23.4
31967,194,289,669.08,63,289,2.32,19,1,18,6.4
31968,923,297,299.63,15,297,1.01,24,1,48,30.3
31969,1917,147,2578.3,214,147,17.54,2,1,39,63.0
31970,469,253,298.94,495,253,1.18,2,1,49,15.4
31971,2286,483,1322.73,501,483,2.74,13,1,35,75.1
31972,1473,94,997.51,18,94,10.61,15,1,33,48.4
31973,940,352,233.23,232,352,0.66,29,1,2,30.9
31974,2191,288,1699.46,665,288,5.9,11,1,21,72.0
31975,2142,174,682.46,643,174,3.92,4,0,47,70.4
31976,2103,351,1057.86,693,351,3.01,19,1,6,69.1
31977,2262,8,1032.56,466,8,129.07,25,1,23,74.3
31978,637,310,4469.82,415,310,14.42,22,1,9,20.9
31979,1263,407,784.42,279,407,1.93,16,0,11,41.5
31980,1271,253,9072.53,325,253,35.86,22,0,30,41.8
31981,1128,245,4690.43,682,245,19.14,12,1,31,37.1
31982,447,370,599.15,492,370,1.62,15,1,40,14.7
31983,674,496,62303.4,188,496,125.61,16,1,3,22.1
31984,2170,201,10142.99,488,201,50.46,25,1,9,71.3
31985,1882,115,42.29,607,115,0.37,16,1,9,61.8
31986,1287,256,1916.13,643,256,7.48,16,0,3,42.3
31987,97,415,1967.08,306,415,4.74,21,0,15,3.2
31988,1455,400,3188.89,80,400,7.97,20,1,26,47.8
31989,370,210,1150.85,85,210,5.48,9,0,14,12.2
31990,766,176,7460.65,463,176,42.39,8,1,15,25.2
31991,1670,179,2778.32,440,179,15.52,14,1,19,54.9
31992,2377,322,43.63,318,322,0.14,11,0,5,78.1
31993,356,300,12184.93,346,300,40.62,22,1,40,11.7
31994,236,307,283.46,582,307,0.92,11,1,48,7.8
31995,2058,203,1329.13,464,203,6.55,4,0,44,67.6
31996,1338,50,435.0,140,50,8.7,10,0,40,44.0
31997,349,422,591.52,638,422,1.4,0,0,13,11.5
31998,275,257,25170.42,665,257,97.94,29,1,39,9.0
31999,703,153,35484.71,467,153,231.93,10,1,14,23.1
32000,188,467,1660.59,500,467,3.56,15,1,25,6.2
32001,1071,153,362.22,601,153,2.37,25,1,9,35.2
32002,1854,143,96.95,389,143,0.68,0,1,4,60.9
32003,908,19,4753.02,405,19,250.16,18,0,34,29.8
32004,367,356,422.61,699,356,1.19,29,1,5,12.1
32005,618,130,713.65,286,130,5.49,19,1,10,20.3
32006,441,402,20283.36,435,402,50.46,5,1,1,14.5
32007,2171,420,17135.72,323,420,40.8,14,1,6,71.3
32008,2141,146,930.97,708,146,6.38,29,1,12,70.3
32009,610,467,3084.68,122,467,6.61,10,1,26,20.0
32010,1166,119,150.04,341,119,1.26,0,1,17,38.3
32011,1257,180,364.05,158,180,2.02,6,0,48,41.3
32012,1713,413,833.88,292,413,2.02,26,0,36,56.3
32013,373,40,2083.7,14,40,52.09,16,0,41,12.3
32014,72,21,1067.46,288,21,50.83,19,1,45,2.4
32015,170,16,2543.78,639,16,158.99,4,0,27,5.6
32016,1972,379,2161.02,108,379,5.7,19,1,35,64.8
32017,864,330,4605.98,681,330,13.96,24,0,46,28.4
32018,730,198,4760.59,499,198,24.04,15,1,28,24.0
32019,1148,141,271.47,714,141,1.93,25,1,17,37.7
32020,887,96,94.84,154,96,0.99,0,0,39,29.1
32021,154,282,8703.69,708,282,30.86,20,0,39,5.1
32022,1296,378,5225.55,711,378,13.82,27,1,39,42.6
32023,2236,454,12680.57,183,454,27.93,28,1,21,73.5
32024,1663,180,4290.65,665,180,23.84,1,1,41,54.6
32025,1538,164,1900.99,254,164,11.59,17,1,28,50.5
32026,1078,55,67.17,141,55,1.22,26,1,6,35.4
32027,468,23,2682.3,467,23,116.62,25,1,21,15.4
32028,758,325,552.06,595,325,1.7,13,0,46,24.9
32029,703,262,49037.12,262,262,187.16,16,0,49,23.1
32030,430,422,1399.08,398,422,3.32,27,1,4,14.1
32031,1697,192,3570.73,378,192,18.6,3,1,45,55.7
32032,1331,415,603.86,716,415,1.46,17,1,6,43.7
32033,2131,167,41200.17,19,167,246.71,25,0,13,70.0
32034,1900,99,634.92,85,99,6.41,25,1,10,62.4
32035,1598,118,5666.65,127,118,48.02,16,1,32,52.5
32036,577,494,274.3,482,494,0.56,12,1,42,19.0
32037,2447,256,122.41,69,256,0.48,0,1,49,80.4
32038,555,167,832.24,357,167,4.98,1,0,10,18.2
32039,1786,231,2593.37,685,231,11.23,19,1,17,58.7
32040,675,214,1631.29,570,214,7.62,18,0,40,22.2
32041,1536,52,371.19,213,52,7.14,5,0,43,50.5
32042,2547,447,5116.38,718,447,11.45,17,1,7,83.7
32043,1199,463,1264.19,498,463,2.73,15,0,38,39.4
32044,1836,79,1945.14,564,79,24.62,14,0,30,60.3
32045,1215,104,192.7,652,104,1.85,29,1,39,39.9
32046,2340,357,3276.16,229,357,9.18,3,1,28,76.9
32047,2117,60,30233.7,77,60,503.9,13,1,22,69.5
32048,580,73,2099.28,679,73,28.76,1,1,49,19.1
32049,980,449,1758.75,550,449,3.92,4,1,30,32.2
32050,1035,345,167.18,698,345,0.48,25,1,49,34.0
32051,1394,62,3468.21,29,62,55.94,20,1,25,45.8
32052,2401,259,2557.87,140,259,9.88,9,1,29,78.9
32053,2005,427,229.57,516,427,0.54,21,0,17,65.9
32054,543,245,1848.48,52,245,7.54,27,1,38,17.8
32055,618,65,31655.68,713,65,487.01,9,1,12,20.3
32056,1955,117,743.61,509,117,6.36,8,1,9,64.2
32057,1263,328,4738.64,216,328,14.45,15,1,31,41.5
32058,539,3,5985.05,252,3,1995.02,5,0,6,17.7
32059,2341,65,2103.77,641,65,32.37,1,1,37,76.9
32060,217,196,10022.99,309,196,51.14,28,1,29,7.1
32061,397,42,1868.55,522,42,44.49,17,1,17,13.0
32062,1926,154,953.31,221,154,6.19,13,1,19,63.3
32063,1403,79,385.99,383,79,4.89,23,1,45,46.1
32064,1242,389,18232.18,609,389,46.87,28,0,16,40.8
32065,1986,313,968.86,548,313,3.1,20,1,49,65.2
32066,1227,37,21661.53,159,37,585.45,13,1,31,40.3
32067,1448,221,1628.75,37,221,7.37,4,1,15,47.6
32068,2143,286,965.48,432,286,3.38,5,1,22,70.4
32069,740,496,2632.08,164,496,5.31,2,1,7,24.3
32070,2131,99,3065.61,260,99,30.97,29,1,2,70.0
32071,497,155,17792.97,51,155,114.79,19,0,8,16.3
32072,463,442,285.39,691,442,0.65,10,1,36,15.2
32073,263,480,15556.15,528,480,32.41,26,1,34,8.6
32074,503,54,4530.89,153,54,83.91,21,0,33,16.5
32075,1427,453,2797.02,619,453,6.17,25,1,27,46.9
32076,1079,344,125.94,459,344,0.37,4,1,11,35.4
32077,353,9,534.81,92,9,59.42,12,1,47,11.6
32078,341,384,761.7,217,384,1.98,22,1,4,11.2
32079,2266,497,1601.22,201,497,3.22,28,1,21,74.4
32080,522,344,2627.08,178,344,7.64,13,0,39,17.1
32081,383,61,14886.74,295,61,244.04,26,1,35,12.6
32082,735,175,34134.14,309,175,195.05,19,0,16,24.1
32083,1237,336,984.36,92,336,2.93,11,1,16,40.6
32084,1910,162,1132.39,624,162,6.99,19,0,21,62.7
32085,526,284,12605.66,117,284,44.39,22,0,36,17.3
32086,1727,408,390.15,391,408,0.96,26,0,26,56.7
32087,501,58,1174.29,183,58,20.25,8,0,24,16.5
32088,1856,85,535.3,679,85,6.3,16,0,20,61.0
32089,2231,478,1884.16,241,478,3.94,24,1,37,73.3
32090,1792,355,4311.22,126,355,12.14,14,0,36,58.9
32091,895,130,1593.25,661,130,12.26,1,1,25,29.4
32092,1847,455,413.2,728,455,0.91,17,0,3,60.7
32093,917,200,15091.34,49,200,75.46,12,1,26,30.1
32094,920,235,806.29,594,235,3.43,2,1,26,30.2
32095,455,163,137.21,229,163,0.84,18,1,2,14.9
32096,2392,290,4884.17,255,290,16.84,15,0,45,78.6
32097,117,102,2018.97,525,102,19.79,29,1,40,3.8
32098,1434,443,645.17,186,443,1.46,18,0,12,47.1
32099,1541,447,720.65,398,447,1.61,28,1,11,50.6
32100,1368,379,1267.53,330,379,3.34,18,1,25,44.9
32101,911,176,3982.38,362,176,22.63,0,0,49,29.9
32102,1010,311,4919.52,440,311,15.82,24,0,40,33.2
32103,1561,268,3490.9,296,268,13.03,20,1,47,51.3
32104,274,282,1137.26,337,282,4.03,10,0,0,9.0
32105,2363,400,4698.65,11,400,11.75,21,0,29,77.6
32106,1715,452,150.47,52,452,0.33,5,1,36,56.3
32107,771,190,86.06,308,190,0.45,5,1,43,25.3
32108,901,250,125.38,138,250,0.5,23,1,43,29.6
32109,607,352,9035.41,604,352,25.67,3,0,5,19.9
32110,2316,453,219.68,195,453,0.48,22,0,7,76.1
32111,1634,342,282.78,196,342,0.83,14,0,2,53.7
32112,1680,442,531.29,80,442,1.2,19,0,26,55.2
32113,135,449,1062.02,417,449,2.37,11,0,28,4.4
32114,132,343,1413.92,63,343,4.12,9,0,30,4.3
32115,802,45,3518.39,412,45,78.19,29,1,27,26.3
32116,1771,310,11231.25,47,310,36.23,19,0,10,58.2
32117,1360,314,44014.44,559,314,140.17,29,1,19,44.7
32118,1681,309,6717.7,437,309,21.74,28,1,9,55.2
32119,669,287,327.93,110,287,1.14,11,0,24,22.0
32120,1516,4,1287.64,140,4,321.91,6,1,9,49.8
32121,1192,158,5566.22,123,158,35.23,11,0,46,39.2
32122,1015,149,538.17,495,149,3.61,5,0,2,33.3
32123,2072,123,1513.53,414,123,12.31,12,1,18,68.1
32124,1301,17,1553.98,146,17,91.41,20,0,14,42.7
32125,1030,467,576.19,214,467,1.23,15,0,16,33.8
32126,842,154,1843.6,150,154,11.97,24,1,15,27.7
32127,1529,325,3002.36,185,325,9.24,26,1,36,50.2
32128,1382,161,3545.04,187,161,22.02,6,1,46,45.4
32129,736,469,471.58,249,469,1.01,3,1,24,24.2
32130,855,456,1961.32,352,456,4.3,23,1,31,28.1
32131,725,368,1198.88,361,368,3.26,19,0,10,23.8
32132,1616,20,1430.44,88,20,71.52,7,1,22,53.1
32133,1176,158,5579.61,474,158,35.31,7,1,23,38.6
32134,934,72,734.66,372,72,10.2,3,1,28,30.7
32135,1122,301,2861.71,651,301,9.51,16,1,23,36.9
32136,2113,1,2829.1,351,1,2829.1,11,1,37,69.4
32137,513,352,1766.11,388,352,5.02,6,1,46,16.9
32138,2262,6,2435.73,544,6,405.96,12,1,45,74.3
32139,416,479,929.11,636,479,1.94,15,0,16,13.7
32140,799,75,2573.16,593,75,34.31,11,1,7,26.2
32141,254,475,245.52,113,475,0.52,13,1,16,8.3
32142,815,447,3015.76,393,447,6.75,17,1,48,26.8
32143,743,384,5433.36,698,384,14.15,24,1,45,24.4
32144,2143,115,20393.62,53,115,177.34,14,0,38,70.4
32145,388,96,1220.65,532,96,12.72,1,0,46,12.7
32146,608,383,2819.06,414,383,7.36,4,0,30,20.0
32147,998,114,1265.9,478,114,11.1,6,1,22,32.8
32148,1408,327,29665.59,547,327,90.72,15,1,32,46.3
32149,1825,366,1801.87,436,366,4.92,28,1,25,60.0
32150,1506,158,8088.81,388,158,51.2,8,1,40,49.5
32151,2284,184,646.76,84,184,3.52,15,0,12,75.0
32152,2263,485,227.71,507,485,0.47,11,1,41,74.3
32153,1782,319,1590.35,598,319,4.99,11,0,48,58.5
32154,1522,56,10573.77,375,56,188.82,10,1,16,50.0
32155,1380,382,614.95,253,382,1.61,20,1,5,45.3
32156,820,292,991.1,529,292,3.39,16,1,36,26.9
32157,574,145,334.44,39,145,2.31,8,1,42,18.9
32158,1359,35,1276.88,378,35,36.48,23,1,37,44.6
32159,1293,12,16560.12,137,12,1380.01,19,1,35,42.5
32160,786,197,99.06,559,197,0.5,17,0,8,25.8
32161,2339,130,1776.23,651,130,13.66,23,1,13,76.8
32162,447,22,1625.5,655,22,73.89,26,0,28,14.7
32163,1595,494,8938.59,486,494,18.09,20,0,48,52.4
32164,1295,22,4923.64,520,22,223.8,0,1,14,42.5
32165,1269,219,1447.23,562,219,6.61,17,1,25,41.7
32166,351,455,3902.88,12,455,8.58,1,0,31,11.5
32167,1234,143,11947.08,334,143,83.55,6,1,37,40.5
32168,1782,8,4270.84,719,8,533.86,28,1,27,58.5
32169,910,138,50.67,183,138,0.37,12,1,11,29.9
32170,807,252,7316.88,173,252,29.04,25,1,0,26.5
32171,1031,293,9749.45,84,293,33.27,11,1,20,33.9
32172,1688,100,5700.27,247,100,57.0,19,1,9,55.5
32173,1742,487,1747.18,476,487,3.59,22,0,32,57.2
32174,434,141,5746.64,463,141,40.76,4,1,6,14.3
32175,178,464,1443.33,538,464,3.11,23,0,49,5.8
32176,354,181,1574.97,54,181,8.7,18,0,40,11.6
32177,1104,48,60.27,533,48,1.26,29,0,8,36.3
32178,1442,103,931.35,295,103,9.04,13,0,0,47.4
32179,110,270,872.58,723,270,3.23,14,1,21,3.6
32180,2397,314,3188.66,436,314,10.15,12,1,23,78.7
32181,1409,134,8551.91,341,134,63.82,4,1,14,46.3
32182,114,291,949.55,637,291,3.26,23,1,30,3.7
32183,758,19,1303.8,428,19,68.62,26,0,37,24.9
32184,2161,17,323.83,367,17,19.05,29,1,38,71.0
32185,2517,15,1671.31,201,15,111.42,4,0,22,82.7
32186,2400,11,1706.24,127,11,155.11,24,0,1,78.8
32187,819,470,526.7,442,470,1.12,28,0,13,26.9
32188,1349,412,623.98,691,412,1.51,18,0,30,44.3
32189,874,33,1112.81,221,33,33.72,7,1,14,28.7
32190,1573,79,3616.31,252,79,45.78,17,1,28,51.7
32191,813,65,202.47,147,65,3.11,9,1,4,26.7
32192,2538,39,6115.86,229,39,156.82,2,0,44,83.4
32193,1830,24,10368.75,584,24,432.03,3,1,8,60.1
32194,1179,326,863.05,374,326,2.65,4,0,48,38.7
32195,1516,81,16708.36,266,81,206.28,4,1,43,49.8
32196,131,187,3019.08,718,187,16.14,29,1,6,4.3
32197,1118,431,102.1,242,431,0.24,27,1,15,36.7
32198,109,320,104533.02,353,320,326.67,8,0,49,3.6
32199,2125,379,1044.57,722,379,2.76,7,0,48,69.8
32200,2050,416,215.52,343,416,0.52,28,1,28,67.3
32201,1483,85,16371.58,543,85,192.61,16,0,49,48.7
32202,115,354,5243.15,562,354,14.81,12,1,34,3.8
32203,1495,76,8740.44,471,76,115.01,29,0,34,49.1
32204,2077,302,5982.53,290,302,19.81,7,1,2,68.2
32205,1411,243,45441.74,706,243,187.0,24,1,40,46.4
32206,1554,452,2399.2,92,452,5.31,14,1,24,51.1
32207,1445,44,9530.92,397,44,216.61,19,1,24,47.5
32208,1968,286,5933.38,476,286,20.75,7,0,25,64.7
32209,2366,410,3833.51,523,410,9.35,21,0,39,77.7
32210,2396,31,831.41,674,31,26.82,28,1,45,78.7
32211,205,223,645.91,293,223,2.9,20,0,45,6.7
32212,1073,130,1186.47,581,130,9.13,29,1,47,35.2
32213,2457,73,1233.59,504,73,16.9,23,0,41,80.7
32214,904,415,13897.45,230,415,33.49,2,0,2,29.7
32215,2154,382,112.97,720,382,0.3,16,1,13,70.8
32216,307,163,57921.82,357,163,355.35,25,1,39,10.1
32217,1648,220,1487.39,72,220,6.76,14,0,18,54.1
32218,291,463,729.72,693,463,1.58,16,1,8,9.6
32219,953,311,3787.24,131,311,12.18,21,1,12,31.3
32220,499,209,398.79,415,209,1.91,2,0,29,16.4
32221,923,313,1136.56,287,313,3.63,25,1,37,30.3
32222,1433,189,5962.17,462,189,31.55,23,0,35,47.1
32223,38,83,5816.19,672,83,70.07,20,0,48,1.2
32224,1024,497,6802.55,529,497,13.69,12,0,26,33.6
32225,1364,246,5021.29,709,246,20.41,26,0,17,44.8
32226,1123,162,2313.44,109,162,14.28,22,1,18,36.9
32227,2535,368,33987.04,201,368,92.36,5,1,11,83.3
32228,292,235,42518.26,19,235,180.93,13,0,14,9.6
32229,937,27,162.46,559,27,6.02,28,1,40,30.8
32230,1209,197,1358.69,466,197,6.9,5,1,7,39.7
32231,2001,455,1003.0,273,455,2.2,5,0,33,65.7
32232,1899,179,6939.23,516,179,38.77,2,1,23,62.4
32233,374,205,927.08,338,205,4.52,4,1,28,12.3
32234,1039,340,642.59,502,340,1.89,18,0,33,34.1
32235,2437,441,583.19,647,441,1.32,23,0,8,80.1
32236,437,135,1584.64,534,135,11.74,17,1,48,14.4
32237,1440,286,5887.85,665,286,20.59,28,1,43,47.3
32238,2041,459,395.38,138,459,0.86,11,0,30,67.0
32239,1234,241,1733.19,101,241,7.19,13,0,32,40.5
32240,2457,70,943.18,240,70,13.47,0,0,32,80.7
32241,295,382,354.73,209,382,0.93,29,1,23,9.7
32242,2493,364,769.59,52,364,2.11,19,1,28,81.9
32243,2331,163,12402.9,231,163,76.09,19,0,38,76.6
32244,2309,391,3767.64,559,391,9.64,9,0,19,75.9
32245,358,330,2790.67,37,330,8.46,3,1,22,11.8
32246,1175,422,555.75,109,422,1.32,26,1,11,38.6
32247,1193,364,1649.19,422,364,4.53,22,1,39,39.2
32248,758,142,1670.1,82,142,11.76,0,1,0,24.9
32249,664,207,32964.3,21,207,159.25,12,1,32,21.8
32250,1870,366,153.91,106,366,0.42,5,0,48,61.4
32251,709,330,7454.28,655,330,22.59,26,0,32,23.3
32252,2018,170,250399.08,13,170,1472.94,22,1,14,66.3
32253,1262,156,3858.31,218,156,24.73,2,0,24,41.5
32254,331,44,885.48,406,44,20.12,22,0,29,10.9
32255,1655,358,815.32,193,358,2.28,28,0,48,54.4
32256,1463,312,1672.53,614,312,5.36,16,1,30,48.1
32257,252,93,832.01,256,93,8.95,14,1,38,8.3
32258,2226,462,50.55,569,462,0.11,11,1,9,73.1
32259,1942,168,16024.75,445,168,95.39,0,1,20,63.8
32260,288,136,4663.08,657,136,34.29,18,0,3,9.5
32261,1988,85,457.69,458,85,5.38,6,0,0,65.3
32262,1801,140,33077.22,584,140,236.27,17,0,39,59.2
32263,1666,283,654.51,184,283,2.31,3,1,1,54.7
32264,1694,498,421.91,397,498,0.85,17,1,43,55.7
32265,698,209,1298.18,681,209,6.21,20,0,17,22.9
32266,1315,289,292.77,572,289,1.01,15,1,34,43.2
32267,842,72,3614.18,309,72,50.2,7,1,46,27.7
32268,681,93,4873.29,642,93,52.4,19,0,34,22.4
32269,1084,57,2745.57,183,57,48.17,15,1,7,35.6
32270,1238,283,4462.97,674,283,15.77,4,0,13,40.7
32271,2217,292,6107.56,214,292,20.92,18,0,36,72.8
32272,341,91,1357.44,7,91,14.92,17,1,8,11.2
32273,2489,160,1993.03,119,160,12.46,22,0,11,81.8
32274,72,483,400.9,463,483,0.83,26,0,24,2.4
32275,1229,217,2028.51,368,217,9.35,16,1,39,40.4
32276,2112,353,5230.14,255,353,14.82,17,1,20,69.4
32277,969,470,799.41,4,470,1.7,17,1,25,31.8
32278,568,262,1245.46,666,262,4.75,27,1,37,18.7
32279,41,280,1185.42,102,280,4.23,6,0,12,1.3
32280,845,229,1174.95,597,229,5.13,8,1,32,27.8
32281,413,451,1049.13,532,451,2.33,22,1,28,13.6
32282,2033,412,1860.0,464,412,4.51,1,0,34,66.8
32283,2271,32,2471.14,694,32,77.22,16,1,40,74.6
32284,1886,157,2488.83,199,157,15.85,9,1,44,62.0
32285,2402,193,2466.22,614,193,12.78,27,0,6,78.9
32286,1478,234,1044.72,344,234,4.46,28,1,45,48.6
32287,469,499,1546.13,170,499,3.1,22,1,20,15.4
32288,277,312,729.56,278,312,2.34,5,1,1,9.1
32289,153,153,3176.9,477,153,20.76,22,1,9,5.0
32290,1929,367,1434.16,355,367,3.91,23,1,6,63.4
32291,2078,180,1072.5,429,180,5.96,25,0,31,68.3
32292,1245,137,5129.01,507,137,37.44,9,1,48,40.9
32293,2196,390,1874.79,719,390,4.81,14,1,7,72.1
32294,1577,130,9199.36,404,130,70.76,26,0,18,51.8
32295,2191,297,2034.22,576,297,6.85,7,1,4,72.0
32296,1996,198,42.25,250,198,0.21,28,1,3,65.6
32297,578,237,306.31,180,237,1.29,0,1,3,19.0
32298,203,75,1076.9,203,75,14.36,3,1,26,6.7
32299,2434,256,7077.04,662,256,27.64,23,1,27,80.0
32300,2053,402,320.53,572,402,0.8,4,0,8,67.4
32301,1632,489,382.42,205,489,0.78,24,0,0,53.6
32302,1789,447,6120.92,101,447,13.69,16,0,33,58.8
32303,2257,401,2328.01,524,401,5.81,1,1,13,74.1
32304,1484,404,6989.52,276,404,17.3,3,1,49,48.8
32305,1853,419,367042.15,26,419,876.0,19,1,8,60.9
32306,1852,455,1642.34,487,455,3.61,8,1,7,60.8
32307,439,98,4433.0,703,98,45.23,22,1,34,14.4
32308,1477,86,8428.91,95,86,98.01,11,0,40,48.5
32309,2337,334,424.14,540,334,1.27,9,0,19,76.8
32310,707,41,984.06,657,41,24.0,29,1,25,23.2
32311,1777,426,1525.74,560,426,3.58,16,1,4,58.4
32312,72,345,274.44,30,345,0.8,11,0,10,2.4
32313,2514,85,18500.55,649,85,217.65,18,1,41,82.6
32314,162,89,5616.5,303,89,63.11,23,0,29,5.3
32315,553,80,1784.36,311,80,22.3,1,1,28,18.2
32316,2552,204,641.16,65,204,3.14,0,1,47,83.8
32317,2478,195,3896.21,295,195,19.98,26,0,2,81.4
32318,1588,386,490.47,57,386,1.27,4,0,17,52.2
32319,2269,367,11809.3,437,367,32.18,4,1,1,74.5
32320,1793,161,6650.3,633,161,41.31,29,1,29,58.9
32321,977,176,319.07,671,176,1.81,13,1,45,32.1
32322,863,185,10372.41,292,185,56.07,8,1,14,28.4
32323,191,478,704.73,640,478,1.47,23,0,39,6.3
32324,598,208,1516.31,726,208,7.29,25,0,10,19.6
32325,988,385,2391.89,94,385,6.21,12,0,35,32.5
32326,1438,176,3571.41,212,176,20.29,16,0,48,47.2
32327,2111,214,4088.4,727,214,19.1,15,0,41,69.3
32328,120,493,3226.57,157,493,6.54,2,1,46,3.9
32329,798,489,2872.79,186,489,5.87,15,1,9,26.2
32330,751,422,1019.44,380,422,2.42,28,1,4,24.7
32331,2440,247,14301.9,661,247,57.9,19,1,0,80.2
32332,722,482,511.51,205,482,1.06,0,1,18,23.7
32333,263,446,8324.38,540,446,18.66,9,1,19,8.6
32334,1254,389,1426.51,147,389,3.67,13,0,5,41.2
32335,1617,178,10527.05,144,178,59.14,20,0,35,53.1
32336,1542,160,947.09,231,160,5.92,9,0,17,50.7
32337,2260,276,3557.93,242,276,12.89,28,1,25,74.2
32338,2381,96,3082.2,8,96,32.11,11,1,6,78.2
32339,1985,367,12375.52,54,367,33.72,7,1,9,65.2
32340,1964,32,1280.35,196,32,40.01,21,1,37,64.5
32341,813,221,274.85,276,221,1.24,16,0,45,26.7
32342,1001,429,3050.68,174,429,7.11,10,0,20,32.9
32343,459,499,548.39,678,499,1.1,25,0,11,15.1
32344,2339,281,1757.61,709,281,6.25,16,0,41,76.8
32345,261,361,130.02,460,361,0.36,21,0,25,8.6
32346,49,267,835.78,439,267,3.13,13,1,33,1.6
32347,2283,26,1140.12,294,26,43.85,9,0,8,75.0
32348,1854,185,618.2,55,185,3.34,25,1,47,60.9
32349,2040,108,1626.01,465,108,15.06,10,0,14,67.0
32350,2517,177,697.68,699,177,3.94,4,1,23,82.7
32351,2359,88,4652.59,265,88,52.87,15,0,47,77.5
32352,572,419,3135.44,664,419,7.48,23,1,24,18.8
32353,2095,383,8482.97,664,383,22.15,2,1,45,68.8
32354,1182,308,490.76,238,308,1.59,23,0,17,38.8
32355,1132,147,540.01,320,147,3.67,21,1,4,37.2
32356,383,101,8029.23,467,101,79.5,29,0,29,12.6
32357,578,413,258.95,213,413,0.63,9,1,30,19.0
32358,204,297,11297.99,101,297,38.04,2,0,40,6.7
32359,1167,4,6652.83,298,4,1663.21,4,0,48,38.3
32360,2042,10,793.1,35,10,79.31,13,1,9,67.1
32361,361,372,279.23,173,372,0.75,26,1,2,11.9
32362,1413,30,2780.66,151,30,92.69,22,0,47,46.4
32363,337,97,344.42,461,97,3.55,29,0,29,11.1
32364,1533,415,6676.02,643,415,16.09,2,0,40,50.4
32365,1572,67,653.85,433,67,9.76,23,1,12,51.6
32366,2216,224,8952.07,687,224,39.96,20,0,30,72.8
32367,439,175,1352.31,135,175,7.73,5,0,5,14.4
32368,724,94,1596.13,134,94,16.98,10,1,4,23.8
32369,1120,8,7699.43,203,8,962.43,16,1,34,36.8
32370,1931,17,5086.38,339,17,299.2,26,1,12,63.4
32371,2307,314,448.95,17,314,1.43,16,0,48,75.8
32372,2546,92,526.21,635,92,5.72,9,1,46,83.6
32373,1156,65,45850.87,558,65,705.4,3,0,32,38.0
32374,1167,231,528.31,122,231,2.29,15,1,21,38.3
32375,72,414,481.13,491,414,1.16,2,0,0,2.4
32376,1235,287,1220.45,237,287,4.25,25,1,39,40.6
32377,2363,168,1390.06,473,168,8.27,10,0,41,77.6
32378,492,234,2455.18,196,234,10.49,17,0,11,16.2
32379,1053,278,488.32,525,278,1.76,1,1,24,34.6
32380,1879,183,6048.37,374,183,33.05,12,0,49,61.7
32381,720,261,337.08,504,261,1.29,3,1,43,23.7
32382,2104,362,677.97,300,362,1.87,22,1,9,69.1
32383,819,283,1452.65,581,283,5.13,13,1,13,26.9
32384,1946,406,1501.55,723,406,3.7,8,0,43,63.9
32385,2131,258,1940.91,116,258,7.52,20,0,2,70.0
32386,543,214,298.35,252,214,1.39,3,0,41,17.8
32387,2071,142,1217.28,121,142,8.57,4,1,13,68.0
32388,2017,131,7312.02,79,131,55.82,9,1,24,66.3
32389,1104,319,2869.76,331,319,9.0,27,0,47,36.3
32390,1518,25,3975.2,418,25,159.01,3,0,28,49.9
32391,1492,147,12619.67,271,147,85.85,0,0,3,49.0
32392,1214,281,32771.54,618,281,116.62,6,1,45,39.9
32393,2109,170,2708.66,466,170,15.93,1,0,12,69.3
32394,979,425,3603.39,309,425,8.48,29,0,2,32.2
32395,940,157,240.6,91,157,1.53,12,1,34,30.9
32396,1985,402,786.93,220,402,1.96,12,0,5,65.2
32397,2215,197,1041.83,375,197,5.29,6,1,35,72.8
32398,1934,313,356.33,462,313,1.14,15,1,20,63.5
32399,1011,123,2811.14,437,123,22.85,27,1,46,33.2
32400,2202,387,10463.63,489,387,27.04,7,1,18,72.3
32401,803,394,8213.81,149,394,20.85,5,1,4,26.4
32402,285,261,1737.65,470,261,6.66,5,1,40,9.4
32403,447,49,918.66,463,49,18.75,11,1,49,14.7
32404,288,299,12572.22,148,299,42.05,7,1,41,9.5
32405,1140,494,742.65,566,494,1.5,18,0,21,37.5
32406,376,406,826.33,496,406,2.04,19,1,32,12.4
32407,2494,318,3545.87,522,318,11.15,2,0,36,81.9
32408,1138,445,143.24,21,445,0.32,26,1,4,37.4
32409,2154,178,6027.63,331,178,33.86,7,1,27,70.8
32410,2219,131,56.51,155,131,0.43,25,1,43,72.9
32411,1960,452,994.09,403,452,2.2,18,1,10,64.4
32412,1647,386,8681.39,484,386,22.49,6,0,33,54.1
32413,1962,368,17334.36,664,368,47.1,26,1,7,64.5
32414,2100,170,7338.58,59,170,43.17,26,1,23,69.0
32415,220,450,1645.33,156,450,3.66,28,0,43,7.2
32416,1876,488,11875.29,133,488,24.33,12,0,15,61.6
32417,793,258,442.34,694,258,1.71,16,0,29,26.1
32418,1701,77,3851.85,320,77,50.02,26,0,4,55.9
32419,2271,277,66.87,134,277,0.24,9,1,24,74.6
32420,189,353,3730.02,545,353,10.57,16,1,42,6.2
32421,561,262,387.48,156,262,1.48,22,1,43,18.4
32422,1721,48,3824.52,521,48,79.68,1,1,3,56.5
32423,1079,145,1009.36,488,145,6.96,22,1,0,35.4
32424,594,409,3410.39,703,409,8.34,26,0,20,19.5
32425,1228,98,2033.79,482,98,20.75,22,0,26,40.3
32426,320,431,704.97,494,431,1.64,19,0,4,10.5
32427,1024,312,4514.09,663,312,14.47,6,1,32,33.6
32428,112,258,7685.59,336,258,29.79,11,1,48,3.7
32429,631,207,397.33,135,207,1.92,14,0,5,20.7
32430,1573,341,5055.02,243,341,14.82,25,1,4,51.7
32431,1078,345,359.66,99,345,1.04,12,0,34,35.4
32432,2012,316,833.19,9,316,2.64,0,1,32,66.1
32433,1786,383,282.38,198,383,0.74,17,0,34,58.7
32434,1158,356,474.33,332,356,1.33,9,1,28,38.0
32435,2202,410,405.13,584,410,0.99,25,0,10,72.3
32436,1340,58,4362.11,539,58,75.21,16,1,25,44.0
32437,1810,436,3949.92,564,436,9.06,21,1,12,59.5
32438,1239,421,1128.86,337,421,2.68,5,1,30,40.7
32439,1077,50,3182.7,101,50,63.65,12,0,5,35.4
32440,2527,21,2813.35,381,21,133.97,21,0,31,83.0
32441,1745,22,103.24,498,22,4.69,12,0,17,57.3
32442,227,433,776.99,346,433,1.79,8,0,0,7.5
32443,1981,227,2352.34,409,227,10.36,18,0,37,65.1
32444,1687,78,1360.52,658,78,17.44,19,0,19,55.4
32445,760,237,828.37,131,237,3.5,26,1,17,25.0
32446,259,450,41095.55,107,450,91.32,13,1,29,8.5
32447,2037,464,2541.57,393,464,5.48,1,1,16,66.9
32448,927,23,978.27,678,23,42.53,19,0,43,30.5
32449,671,264,3969.4,429,264,15.04,18,0,3,22.0
32450,54,101,808.04,76,101,8.0,6,1,8,1.8
32451,447,389,7903.04,684,389,20.32,12,1,30,14.7
32452,1595,20,1893.78,588,20,94.69,9,0,40,52.4
32453,2128,398,4175.49,255,398,10.49,10,1,15,69.9
32454,728,377,165.11,8,377,0.44,14,1,24,23.9
32455,952,228,4253.12,475,228,18.65,29,1,32,31.3
32456,328,252,142.23,461,252,0.56,9,1,0,10.8
32457,1730,190,13275.46,351,190,69.87,3,0,14,56.8
32458,309,49,12457.67,251,49,254.24,10,0,24,10.2
32459,1470,145,8224.27,180,145,56.72,29,1,19,48.3
32460,327,87,2686.24,674,87,30.88,27,1,14,10.7
32461,1914,249,4156.73,694,249,16.69,22,0,19,62.9
32462,84,189,11586.14,61,189,61.3,22,1,23,2.8
32463,2462,449,870.59,376,449,1.94,13,1,39,80.9
32464,1748,61,1704.65,186,61,27.95,7,0,47,57.4
32465,2132,333,179.97,18,333,0.54,18,1,42,70.0
32466,1788,356,1149.43,108,356,3.23,27,1,15,58.7
32467,471,301,10125.82,134,301,33.64,5,1,14,15.5
32468,2273,183,2039.71,574,183,11.15,28,1,15,74.7
32469,2350,156,12436.33,459,156,79.72,3,1,48,77.2
32470,273,235,550.8,321,235,2.34,17,1,45,9.0
32471,802,148,2628.7,393,148,17.76,1,1,12,26.3
32472,2268,378,5377.28,124,378,14.23,11,1,46,74.5
32473,370,263,2183.75,369,263,8.3,25,1,23,12.2
32474,1186,443,178.61,454,443,0.4,4,1,47,39.0
32475,1019,390,1075.47,394,390,2.76,19,1,12,33.5
32476,350,161,3342.63,107,161,20.76,1,1,12,11.5
32477,1416,340,8197.55,286,340,24.11,16,0,1,46.5
32478,1894,272,439.42,382,272,1.62,13,0,13,62.2
32479,1162,177,8063.39,343,177,45.56,21,1,2,38.2
32480,161,454,6400.43,399,454,14.1,21,1,11,5.3
32481,1499,119,3469.7,498,119,29.16,16,1,37,49.2
32482,1314,453,1328.74,510,453,2.93,26,0,7,43.2
32483,787,233,513.34,232,233,2.2,8,1,13,25.9
32484,693,157,114874.19,594,157,731.68,19,0,46,22.8
32485,1409,237,1537.79,594,237,6.49,22,1,8,46.3
32486,502,434,2274.14,722,434,5.24,11,1,12,16.5
32487,610,245,878.67,556,245,3.59,5,1,42,20.0
32488,1993,372,851.09,79,372,2.29,18,1,1,65.5
32489,2451,451,4951.07,65,451,10.98,28,0,37,80.5
32490,2391,443,3390.94,95,443,7.65,22,0,12,78.5
32491,2548,422,986.06,209,422,2.34,19,1,48,83.7
32492,2230,350,3837.92,266,350,10.97,21,1,46,73.3
32493,1099,46,7363.99,608,46,160.09,28,0,1,36.1
32494,2306,149,544.64,414,149,3.66,22,1,35,75.8
32495,89,489,6252.22,107,489,12.79,14,0,47,2.9
32496,305,113,304.14,686,113,2.69,2,1,11,10.0
32497,720,189,6594.82,171,189,34.89,12,0,31,23.7
32498,1985,134,107841.31,296,134,804.79,23,0,5,65.2
32499,221,420,788.31,351,420,1.88,16,1,5,7.3
32500,2186,325,5157.92,91,325,15.87,3,1,8,71.8
32501,133,58,1262.78,181,58,21.77,18,1,25,4.4
32502,2287,359,422.7,54,359,1.18,28,1,13,75.1
32503,1211,225,452.37,314,225,2.01,7,1,17,39.8
32504,147,394,199.83,337,394,0.51,2,1,44,4.8
32505,284,50,4492.74,613,50,89.85,18,1,4,9.3
32506,1342,156,291.76,326,156,1.87,9,0,49,44.1
32507,649,431,1362.69,428,431,3.16,27,0,33,21.3
32508,162,367,1685.14,348,367,4.59,21,1,45,5.3
32509,2355,280,1548.84,654,280,5.53,19,1,31,77.4
32510,90,386,455.7,423,386,1.18,0,0,11,3.0
32511,377,415,3827.64,367,415,9.22,16,1,45,12.4
32512,2402,292,948.72,330,292,3.25,1,1,49,78.9
32513,706,47,306.88,449,47,6.53,22,1,24,23.2
32514,2445,8,1367.2,293,8,170.9,0,1,23,80.3
32515,225,53,7639.48,527,53,144.14,1,1,33,7.4
32516,701,293,498.76,158,293,1.7,6,0,41,23.0
32517,1831,316,12018.96,427,316,38.03,7,1,47,60.2
32518,895,366,98.03,223,366,0.27,8,1,32,29.4
32519,1310,94,1156.92,717,94,12.31,12,1,7,43.0
32520,1076,386,6970.21,588,386,18.06,7,1,47,35.3
32521,2479,91,1667.53,621,91,18.32,27,1,43,81.4
32522,2024,176,1305.35,510,176,7.42,18,1,13,66.5
32523,272,443,189.55,261,443,0.43,26,1,40,8.9
32524,2108,308,4796.62,11,308,15.57,10,1,17,69.3
32525,634,16,32053.39,600,16,2003.34,29,0,4,20.8
32526,61,321,333.81,114,321,1.04,16,0,0,2.0
32527,798,480,4693.53,72,480,9.78,3,0,29,26.2
32528,2499,91,2076.0,62,91,22.81,10,1,10,82.1
32529,2515,33,361.79,640,33,10.96,21,0,48,82.6
32530,2311,402,2079.26,434,402,5.17,8,0,26,75.9
32531,1533,259,1072.82,237,259,4.14,11,1,8,50.4
32532,1686,184,5761.23,144,184,31.31,8,1,35,55.4
32533,2472,46,9583.16,368,46,208.33,1,0,24,81.2
32534,2357,2,19524.55,452,2,9762.28,24,0,32,77.4
32535,1131,318,611.25,685,318,1.92,24,1,21,37.2
32536,1231,206,4688.26,679,206,22.76,2,1,36,40.4
32537,588,496,1002.21,50,496,2.02,0,1,11,19.3
32538,693,384,7839.22,428,384,20.41,9,0,34,22.8
32539,2333,449,6334.45,421,449,14.11,28,0,32,76.6
32540,1179,112,6871.01,546,112,61.35,19,1,38,38.7
32541,500,165,158.64,75,165,0.96,26,1,6,16.4
32542,815,345,583.19,721,345,1.69,7,0,11,26.8
32543,835,57,1199.16,636,57,21.04,8,1,30,27.4
32544,514,33,2223.49,33,33,67.38,12,0,42,16.9
32545,2468,343,1317.1,243,343,3.84,7,1,39,81.1
32546,322,283,27300.12,574,283,96.47,0,1,15,10.6
32547,1131,480,409.52,389,480,0.85,16,0,13,37.2
32548,1667,223,274.8,181,223,1.23,9,1,20,54.8
32549,2186,351,706.76,3,351,2.01,26,1,16,71.8
32550,1044,154,3354.78,481,154,21.78,16,1,16,34.3
32551,1084,487,2091.13,302,487,4.29,2,1,15,35.6
32552,1553,6,633.36,574,6,105.56,28,0,3,51.0
32553,2179,358,4804.98,479,358,13.42,8,0,8,71.6
32554,1560,446,7345.66,174,446,16.47,5,1,23,51.2
32555,2082,42,11977.26,446,42,285.17,28,0,38,68.4
32556,1872,281,1112.44,325,281,3.96,16,1,9,61.5
32557,1570,373,1909.9,201,373,5.12,0,1,21,51.6
32558,1514,119,61107.93,249,119,513.51,0,1,17,49.7
32559,510,266,579.3,484,266,2.18,22,1,2,16.8
32560,1160,142,459.04,199,142,3.23,14,1,10,38.1
32561,2293,290,18378.99,665,290,63.38,16,1,20,75.3
32562,1567,111,571.47,375,111,5.15,19,1,32,51.5
32563,1439,295,229.67,467,295,0.78,1,1,14,47.3
32564,1384,394,10983.53,618,394,27.88,15,1,27,45.5
32565,716,193,1569.51,224,193,8.13,21,1,18,23.5
32566,1120,471,3919.66,18,471,8.32,7,1,14,36.8
32567,1659,452,1837.83,588,452,4.07,29,1,35,54.5
32568,2366,280,636.21,121,280,2.27,9,1,15,77.7
32569,375,327,2077.46,174,327,6.35,0,0,48,12.3
32570,1883,230,7090.38,678,230,30.83,18,0,23,61.9
32571,869,284,3043.14,621,284,10.72,1,0,44,28.5
32572,1910,437,4058.55,630,437,9.29,8,1,45,62.7
32573,695,233,4352.84,159,233,18.68,16,0,43,22.8
32574,502,157,5892.64,336,157,37.53,5,1,39,16.5
32575,1153,148,1540.76,378,148,10.41,19,1,47,37.9
32576,1393,411,946.29,101,411,2.3,5,0,38,45.8
32577,1215,71,599.45,700,71,8.44,18,1,42,39.9
32578,1592,273,2270.11,717,273,8.32,9,1,9,52.3
32579,2093,265,411.18,289,265,1.55,2,1,5,68.8
32580,1487,363,5703.45,445,363,15.71,28,1,47,48.9
32581,1540,79,398.97,625,79,5.05,10,1,43,50.6
32582,1372,51,252.88,144,51,4.96,19,1,22,45.1
32583,1962,173,9374.6,33,173,54.19,4,0,24,64.5
32584,774,407,8039.9,54,407,19.75,16,1,0,25.4
32585,1116,318,4606.13,694,318,14.48,7,1,3,36.7
32586,943,494,51.31,343,494,0.1,21,1,47,31.0
32587,514,375,3423.62,146,375,9.13,8,0,0,16.9
32588,2250,493,5665.78,186,493,11.49,21,1,16,73.9
32589,1149,326,561.52,566,326,1.72,26,0,45,37.7
32590,1451,462,11699.28,60,462,25.32,5,1,47,47.7
32591,900,206,870.2,434,206,4.22,15,1,39,29.6
32592,997,436,2733.85,350,436,6.27,25,1,19,32.8
32593,1046,148,1288.98,641,148,8.71,10,0,17,34.4
32594,262,104,833.99,548,104,8.02,0,1,0,8.6
32595,70,183,30.68,208,183,0.17,12,0,44,2.3
32596,1466,410,3499.01,307,410,8.53,0,1,2,48.2
32597,2181,32,1068.95,422,32,33.4,26,1,11,71.6
32598,929,483,1904.96,210,483,3.94,7,1,7,30.5
32599,1642,496,666.61,30,496,1.34,29,0,49,53.9
32600,722,207,147.11,498,207,0.71,22,1,49,23.7
32601,2423,354,762.83,729,354,2.15,17,0,31,79.6
32602,55,195,687.83,627,195,3.53,11,1,12,1.8
32603,2408,172,5171.06,20,172,30.06,11,1,24,79.1
32604,858,257,126.08,631,257,0.49,16,1,32,28.2
32605,2437,255,1130.12,641,255,4.43,7,1,9,80.1
32606,1861,385,2341.3,695,385,6.08,28,1,5,61.1
32607,1592,283,94.03,550,283,0.33,5,1,48,52.3
32608,1986,237,55439.12,544,237,233.92,20,0,6,65.2
32609,464,479,13742.91,355,479,28.69,4,0,48,15.2
32610,423,485,4807.01,7,485,9.91,27,1,17,13.9
32611,1156,419,4378.3,404,419,10.45,27,1,21,38.0
32612,1383,386,7288.35,275,386,18.88,7,0,14,45.4
32613,1549,287,2035.26,297,287,7.09,18,1,37,50.9
32614,1088,199,686.7,306,199,3.45,21,1,34,35.7
32615,2023,1,1633.32,166,1,1633.32,18,1,28,66.5
32616,711,183,241.9,87,183,1.32,14,0,30,23.4
32617,1354,407,4334.33,380,407,10.65,24,1,42,44.5
32618,1676,161,1464.14,496,161,9.09,1,0,40,55.1
32619,123,45,68.73,70,45,1.53,14,1,33,4.0
32620,2297,367,657.26,507,367,1.79,29,0,34,75.5
32621,901,68,28646.1,12,68,421.27,28,1,38,29.6
32622,911,67,1058.67,558,67,15.8,8,0,43,29.9
32623,1643,411,595.66,243,411,1.45,29,1,21,54.0
32624,1314,141,435.98,171,141,3.09,1,0,13,43.2
32625,2118,146,4549.81,431,146,31.16,14,1,30,69.6
32626,570,25,857.72,294,25,34.31,26,0,5,18.7
32627,1922,458,656.49,198,458,1.43,1,0,39,63.1
32628,1898,114,56.17,236,114,0.49,22,1,11,62.4
32629,490,333,3956.46,593,333,11.88,8,0,6,16.1
32630,1022,261,297.61,87,261,1.14,26,0,16,33.6
32631,1065,314,5986.98,344,314,19.07,18,1,32,35.0
32632,668,210,7873.99,564,210,37.5,20,0,40,21.9
32633,1251,449,4309.88,525,449,9.6,18,1,39,41.1
32634,1885,379,16451.65,558,379,43.41,2,0,41,61.9
32635,604,21,13301.78,709,21,633.42,19,1,37,19.8
32636,191,381,82.04,394,381,0.22,29,0,47,6.3
32637,1871,74,867.68,211,74,11.73,29,1,40,61.5
32638,2551,202,417.96,381,202,2.07,3,1,31,83.8
32639,255,200,5124.57,175,200,25.62,8,0,21,8.4
32640,856,290,8826.63,382,290,30.44,10,1,43,28.1
32641,640,80,502.93,507,80,6.29,10,0,16,21.0
32642,2542,2,2213.8,676,2,1106.9,18,1,8,83.5
32643,1058,55,624.38,589,55,11.35,17,0,0,34.8
32644,2253,190,80669.35,159,190,424.58,18,0,30,74.0
32645,807,388,909.13,582,388,2.34,27,1,33,26.5
32646,2197,22,1098.89,611,22,49.95,27,0,13,72.2
32647,689,35,949.36,651,35,27.12,21,0,1,22.6
32648,460,54,740.03,60,54,13.7,18,1,30,15.1
32649,1841,490,970.97,354,490,1.98,14,1,33,60.5
32650,1082,367,43569.05,431,367,118.72,3,0,31,35.5
32651,1250,48,91.97,410,48,1.92,12,0,49,41.1
32652,2268,310,1258.67,230,310,4.06,21,0,18,74.5
32653,139,456,1336.3,203,456,2.93,0,0,38,4.6
32654,1155,208,495.75,378,208,2.38,0,1,15,37.9
32655,1247,471,85.79,266,471,0.18,4,1,49,41.0
32656,1881,476,16905.57,14,476,35.52,19,1,7,61.8
32657,231,78,7479.93,325,78,95.9,5,1,18,7.6
32658,1546,227,3828.33,436,227,16.86,0,0,41,50.8
32659,1394,427,486.56,222,427,1.14,17,1,24,45.8
32660,82,94,33579.03,143,94,357.22,27,1,16,2.7
32661,1593,108,16540.35,656,108,153.15,4,1,18,52.3
32662,2093,205,283.97,361,205,1.39,14,0,18,68.8
32663,1755,330,389.64,184,330,1.18,15,1,32,57.7
32664,1058,317,21285.35,463,317,67.15,6,1,13,34.8
32665,263,491,1271.41,585,491,2.59,5,1,44,8.6
32666,1219,38,2835.57,206,38,74.62,22,0,19,40.0
32667,2486,22,1539.46,397,22,69.98,17,1,15,81.7
32668,2319,461,4609.92,126,461,10.0,5,0,6,76.2
32669,709,29,1795.42,153,29,61.91,7,1,33,23.3
32670,206,96,4907.84,555,96,51.12,15,1,20,6.8
32671,1218,494,8105.1,559,494,16.41,22,1,22,40.0
32672,1696,475,95.12,508,475,0.2,13,0,13,55.7
32673,1108,192,626.88,672,192,3.26,6,1,13,36.4
32674,551,109,1683.56,650,109,15.45,20,1,36,18.1
32675,2245,313,588.06,284,313,1.88,9,0,16,73.8
32676,194,291,326.13,263,291,1.12,24,0,31,6.4
32677,1711,467,6129.31,663,467,13.12,19,1,35,56.2
32678,2512,222,1725.24,537,222,7.77,16,1,34,82.5
32679,1944,160,19041.05,404,160,119.01,17,1,39,63.9
32680,1490,322,627.97,483,322,1.95,14,1,29,48.9
32681,845,25,1235.72,229,25,49.43,3,0,15,27.8
32682,31,385,2327.26,61,385,6.04,5,0,42,1.0
32683,78,150,300.28,134,150,2.0,0,0,4,2.6
32684,2008,166,1479.58,402,166,8.91,19,1,30,66.0
32685,1773,377,8264.82,592,377,21.92,17,0,48,58.2
32686,461,453,4619.98,593,453,10.2,22,0,11,15.1
32687,717,188,1745.31,324,188,9.28,11,1,31,23.6
32688,955,117,463.52,414,117,3.96,27,1,27,31.4
32689,583,83,16493.97,278,83,198.72,1,1,19,19.2
32690,963,461,156.21,279,461,0.34,0,1,49,31.6
32691,844,125,4820.31,179,125,38.56,8,0,47,27.7
32692,1643,170,1508.51,616,170,8.87,6,1,27,54.0
32693,1214,480,6829.55,410,480,14.23,0,0,6,39.9
32694,1208,311,1870.35,449,311,6.01,1,0,28,39.7
32695,837,366,9268.16,548,366,25.32,15,1,19,27.5
32696,243,371,1283.42,176,371,3.46,28,1,27,8.0
32697,1374,249,4883.08,656,249,19.61,12,1,4,45.1
32698,2090,350,168.56,619,350,0.48,12,1,15,68.7
32699,2543,266,17817.04,648,266,66.98,10,0,39,83.5
32700,1176,347,22090.66,697,347,63.66,26,0,49,38.6
32701,2223,428,3035.6,128,428,7.09,21,1,23,73.0
32702,40,100,2569.56,230,100,25.7,26,1,19,1.3
32703,1170,61,1087.89,587,61,17.83,16,1,34,38.4
32704,1683,342,27625.67,349,342,80.78,2,1,19,55.3
32705,588,59,1604.84,483,59,27.2,25,1,12,19.3
32706,1963,409,2657.02,175,409,6.5,14,1,13,64.5
32707,595,434,5524.81,656,434,12.73,24,0,19,19.5
32708,2450,391,6210.39,459,391,15.88,7,1,37,80.5
32709,984,123,3514.36,602,123,28.57,17,0,17,32.3
32710,391,425,955.73,486,425,2.25,23,1,2,12.8
32711,273,454,5137.37,252,454,11.32,7,0,37,9.0
32712,437,115,9451.89,243,115,82.19,1,0,10,14.4
32713,2304,107,316.53,669,107,2.96,3,1,16,75.7
32714,509,71,2652.19,609,71,37.35,21,0,16,16.7
32715,104,342,9877.8,46,342,28.88,25,0,29,3.4
32716,166,462,21.87,462,462,0.05,14,1,36,5.5
32717,1179,77,226.22,486,77,2.94,12,1,31,38.7
32718,1577,158,445.92,441,158,2.82,19,0,9,51.8
32719,575,325,333.8,728,325,1.03,16,1,28,18.9
32720,1814,397,87.59,524,397,0.22,8,1,35,59.6
32721,2392,278,2776.49,483,278,9.99,3,1,23,78.6
32722,723,209,424.18,230,209,2.03,21,1,47,23.8
32723,1941,253,635.2,106,253,2.51,20,1,10,63.8
32724,2114,408,723.05,65,408,1.77,25,0,21,69.4
32725,840,275,78865.29,542,275,286.78,24,1,14,27.6
32726,2429,21,3450.72,211,21,164.32,24,0,5,79.8
32727,1404,415,7125.53,93,415,17.17,27,0,27,46.1
32728,1474,33,578.88,158,33,17.54,4,0,45,48.4
32729,41,268,253.78,433,268,0.95,13,1,25,1.3
32730,1804,9,45710.44,181,9,5078.94,9,1,15,59.3
32731,2419,36,393.12,406,36,10.92,8,1,19,79.5
32732,526,403,1310.4,585,403,3.25,1,1,17,17.3
32733,385,77,1101.93,581,77,14.31,10,0,22,12.6
32734,1183,83,26667.53,18,83,321.3,27,0,20,38.9
32735,1214,217,437.05,664,217,2.01,15,0,4,39.9
32736,1410,112,4972.01,464,112,44.39,18,0,40,46.3
32737,1072,193,94.85,568,193,0.49,5,1,32,35.2
32738,317,68,2738.16,249,68,40.27,27,1,28,10.4
32739,1756,108,324.26,129,108,3.0,12,1,40,57.7
32740,1951,383,15604.36,435,383,40.74,25,0,32,64.1
32741,890,295,2616.15,673,295,8.87,7,0,23,29.2
32742,700,457,2382.96,667,457,5.21,12,1,26,23.0
32743,1048,143,2789.9,56,143,19.51,12,1,29,34.4
32744,2453,250,5599.94,327,250,22.4,3,0,15,80.6
32745,2344,397,49183.25,610,397,123.89,0,0,19,77.0
32746,631,291,827.54,91,291,2.84,6,0,4,20.7
32747,2298,476,145.19,621,476,0.31,14,0,28,75.5
32748,2098,331,60.89,344,331,0.18,26,1,35,68.9
32749,272,47,3093.12,699,47,65.81,7,1,24,8.9
32750,1889,294,236.1,391,294,0.8,22,0,3,62.1
32751,160,417,22841.83,64,417,54.78,22,1,41,5.3
32752,2263,220,459.42,506,220,2.09,28,1,15,74.3
32753,2188,159,368.76,536,159,2.32,18,1,22,71.9
32754,942,75,1165.88,94,75,15.55,27,0,39,30.9
32755,828,477,1682.65,440,477,3.53,15,1,30,27.2
32756,157,229,13437.42,472,229,58.68,13,0,47,5.2
32757,1125,264,1026.5,254,264,3.89,12,0,29,37.0
32758,1754,131,185.62,163,131,1.42,21,0,30,57.6
32759,2131,159,2097.68,552,159,13.19,4,0,8,70.0
32760,2237,25,720.72,433,25,28.83,8,1,26,73.5
32761,1130,102,2709.21,455,102,26.56,21,1,30,37.1
32762,2109,109,1515.3,682,109,13.9,5,0,41,69.3
32763,1059,407,606.95,624,407,1.49,4,1,44,34.8
32764,1130,211,82548.84,503,211,391.23,27,1,29,37.1
32765,66,109,285.51,292,109,2.62,11,1,36,2.2
32766,558,115,6414.61,352,115,55.78,28,1,18,18.3
32767,2535,299,5157.25,7,299,17.25,1,0,46,83.3
32768,650,415,992.04,108,415,2.39,15,1,8,21.4
32769,2100,413,8004.56,27,413,19.38,27,1,45,69.0
32770,233,369,6728.15,616,369,18.23,12,1,45,7.7
32771,1446,350,289.41,146,350,0.83,27,1,44,47.5
32772,1624,356,1845.14,74,356,5.18,8,1,12,53.4
32773,2150,331,156.66,256,331,0.47,22,0,47,70.6
32774,1489,451,1825.65,227,451,4.05,17,1,21,48.9
32775,1815,150,113.5,144,150,0.76,6,1,44,59.6
32776,2316,375,1899.88,367,375,5.07,18,0,44,76.1
32777,1042,347,220.39,55,347,0.64,11,0,31,34.2
32778,1864,381,222.79,176,381,0.58,27,1,44,61.2
32779,1428,232,17639.72,201,232,76.03,7,1,47,46.9
32780,356,387,248.11,528,387,0.64,11,0,7,11.7
32781,204,197,4653.54,81,197,23.62,1,0,37,6.7
32782,2100,223,2537.2,285,223,11.38,8,1,19,69.0
32783,2304,234,73403.85,75,234,313.69,7,1,25,75.7
32784,1879,153,5989.39,0,153,39.15,17,0,46,61.7
32785,2156,335,200.95,224,335,0.6,12,0,26,70.8
32786,2209,215,2785.97,576,215,12.96,1,0,17,72.6
32787,835,131,5934.09,9,131,45.3,12,1,32,27.4
32788,1437,35,1130.53,124,35,32.3,13,0,37,47.2
32789,1876,175,278.53,248,175,1.59,26,1,36,61.6
32790,526,232,878.8,687,232,3.79,3,1,15,17.3
32791,1944,141,5394.27,455,141,38.26,27,1,48,63.9
32792,1235,338,311.13,164,338,0.92,28,0,10,40.6
32793,597,180,1206.61,339,180,6.7,24,1,32,19.6
32794,936,252,1115.36,574,252,4.43,18,1,28,30.7
32795,1245,436,2753.83,666,436,6.32,20,0,8,40.9
32796,945,167,328.3,413,167,1.97,15,0,22,31.0
32797,1429,348,690.93,226,348,1.99,19,1,18,46.9
32798,543,434,865.65,27,434,1.99,21,1,13,17.8
32799,2330,87,4430.4,475,87,50.92,20,0,11,76.5
32800,1442,398,1216.71,183,398,3.06,11,0,37,47.4
32801,2034,314,1303.12,120,314,4.15,26,0,36,66.8
32802,2456,51,124.55,207,51,2.44,24,1,2,80.7
32803,114,468,1231.19,203,468,2.63,16,1,35,3.7
32804,1689,92,4799.25,194,92,52.17,3,1,31,55.5
32805,632,249,442.66,238,249,1.78,11,1,0,20.8
32806,2441,487,4366.15,559,487,8.97,12,0,33,80.2
32807,938,122,144.17,1,122,1.18,29,1,4,30.8
32808,2319,372,377.13,588,372,1.01,21,0,20,76.2
32809,1585,443,3483.72,421,443,7.86,24,0,15,52.1
32810,1565,428,490.9,420,428,1.15,26,1,41,51.4
32811,1313,115,178.73,499,115,1.55,3,1,18,43.1
32812,2401,333,9350.6,366,333,28.08,29,1,15,78.9
32813,759,352,10584.16,201,352,30.07,23,1,46,24.9
32814,504,199,1417.67,59,199,7.12,1,1,44,16.6
32815,830,337,6036.07,721,337,17.91,1,1,35,27.3
32816,638,9,5781.16,478,9,642.35,25,0,28,21.0
32817,1958,440,1058.51,532,440,2.41,5,1,8,64.3
32818,400,135,17468.69,46,135,129.4,24,1,45,13.1
32819,602,129,39793.6,42,129,308.48,8,0,37,19.8
32820,2103,454,490.2,591,454,1.08,13,1,24,69.1
32821,1526,402,911.4,213,402,2.27,28,0,14,50.1
32822,1823,204,5547.16,255,204,27.19,23,1,3,59.9
32823,2359,91,5492.2,161,91,60.35,1,1,32,77.5
32824,324,58,3790.67,86,58,65.36,4,0,40,10.6
32825,1197,372,11177.37,109,372,30.05,2,0,10,39.3
32826,1268,121,2599.63,559,121,21.48,20,1,28,41.7
32827,1093,329,113.7,444,329,0.35,27,0,26,35.9
32828,2028,498,2285.47,676,498,4.59,28,1,14,66.6
32829,1869,360,74541.99,674,360,207.06,27,0,39,61.4
32830,1752,39,140.35,100,39,3.6,3,0,48,57.6
32831,1812,208,415.68,537,208,2.0,9,0,2,59.5
32832,1669,470,1128.75,225,470,2.4,7,1,40,54.8
32833,1608,458,68544.29,628,458,149.66,10,1,29,52.8
32834,2125,195,2276.81,521,195,11.68,23,0,0,69.8
32835,1390,58,1251.69,623,58,21.58,13,0,47,45.7
32836,2102,54,202.95,72,54,3.76,6,1,11,69.1
32837,2302,200,2335.41,491,200,11.68,11,0,23,75.6
32838,1370,202,331.28,258,202,1.64,6,0,10,45.0
32839,2023,455,612.23,244,455,1.35,18,0,13,66.5
32840,585,220,13200.26,387,220,60.0,26,1,36,19.2
32841,1911,137,1009.91,633,137,7.37,10,1,47,62.8
32842,1400,300,6101.61,320,300,20.34,6,1,6,46.0
32843,1214,385,1768.17,701,385,4.59,14,0,24,39.9
32844,1715,401,2227.73,359,401,5.56,8,1,29,56.3
32845,1853,281,2116.69,566,281,7.53,6,1,33,60.9
32846,1275,209,2468.6,81,209,11.81,29,1,30,41.9
32847,1717,379,738.86,721,379,1.95,26,0,32,56.4
32848,1449,191,16.36,208,191,0.09,7,0,17,47.6
32849,67,457,64508.43,75,457,141.16,19,0,6,2.2
32850,1071,412,1583.66,131,412,3.84,14,0,26,35.2
32851,105,26,2136.34,380,26,82.17,26,0,21,3.4
32852,785,166,1373.45,133,166,8.27,15,1,25,25.8
32853,2048,120,468.33,725,120,3.9,29,1,29,67.3
32854,126,43,357.67,155,43,8.32,15,0,47,4.1
32855,731,465,368.33,589,465,0.79,22,0,7,24.0
32856,746,422,12182.28,239,422,28.87,6,1,5,24.5
32857,373,32,19833.87,573,32,619.81,17,1,38,12.3
32858,139,305,3734.9,297,305,12.25,25,1,47,4.6
32859,745,242,989.71,380,242,4.09,19,1,7,24.5
32860,2198,17,162.32,323,17,9.55,3,1,43,72.2
32861,815,489,5002.47,226,489,10.23,3,0,0,26.8
32862,2341,395,28756.2,41,395,72.8,1,1,14,76.9
32863,612,469,2299.84,282,469,4.9,1,1,49,20.1
32864,1453,249,271.89,267,249,1.09,9,0,18,47.7
32865,641,476,233.28,614,476,0.49,6,1,32,21.1
32866,1870,458,1197.59,667,458,2.61,14,0,21,61.4
32867,2152,139,7229.58,469,139,52.01,21,0,26,70.7
32868,1457,25,5698.22,541,25,227.93,21,0,39,47.9
32869,302,53,161.45,399,53,3.05,5,1,40,9.9
32870,1691,484,1419.41,246,484,2.93,19,0,0,55.6
32871,2395,150,375.22,440,150,2.5,1,0,21,78.7
32872,1701,10,901.29,37,10,90.13,15,0,49,55.9
32873,1109,203,811.47,352,203,4.0,27,0,13,36.4
32874,1020,407,5007.42,236,407,12.3,16,0,7,33.5
32875,521,232,1158.83,524,232,4.99,9,0,26,17.1
32876,1203,419,919.47,179,419,2.19,11,1,18,39.5
32877,2552,4,591.94,287,4,147.99,11,0,40,83.8
32878,1870,359,9639.97,66,359,26.85,1,0,18,61.4
32879,501,66,2133.51,660,66,32.33,9,0,21,16.5
32880,929,243,5434.54,160,243,22.36,1,0,13,30.5
32881,70,165,6397.2,94,165,38.77,10,0,37,2.3
32882,1820,320,7862.92,563,320,24.57,25,0,31,59.8
32883,541,136,2522.18,592,136,18.55,1,1,31,17.8
32884,1222,156,47.13,604,156,0.3,15,0,13,40.1
32885,1536,280,504.48,560,280,1.8,0,1,43,50.5
32886,1408,447,8378.51,715,447,18.74,27,1,4,46.3
32887,2538,152,6513.13,311,152,42.85,0,1,20,83.4
32888,901,205,509.37,393,205,2.48,16,0,25,29.6
32889,800,396,58.53,45,396,0.15,26,1,1,26.3
32890,1865,17,2657.0,259,17,156.29,0,1,33,61.3
32891,1550,226,1313.24,127,226,5.81,21,1,27,50.9
32892,1253,362,15603.49,96,362,43.1,28,0,3,41.2
32893,1457,166,2398.09,153,166,14.45,18,0,36,47.9
32894,2020,460,5123.4,427,460,11.14,16,1,45,66.4
32895,1897,241,1376.57,74,241,5.71,3,1,5,62.3
32896,2432,176,2809.11,47,176,15.96,1,0,26,79.9
32897,2341,274,6031.06,703,274,22.01,17,1,36,76.9
32898,2053,420,900.73,249,420,2.14,20,1,2,67.4
32899,1926,128,662.81,446,128,5.18,20,1,44,63.3
32900,2480,365,737.15,643,365,2.02,1,0,29,81.5
32901,1162,70,3781.81,566,70,54.03,12,0,43,38.2
32902,1242,98,59922.02,502,98,611.45,0,1,45,40.8
32903,289,14,915.58,599,14,65.4,17,1,39,9.5
32904,133,315,628.06,304,315,1.99,12,0,25,4.4
32905,2295,34,13396.84,475,34,394.02,22,1,20,75.4
32906,1912,479,45.72,401,479,0.1,13,1,35,62.8
32907,1548,71,1900.1,611,71,26.76,3,1,39,50.9
32908,1933,119,917.75,388,119,7.71,20,0,36,63.5
32909,1746,350,11950.72,60,350,34.14,20,1,24,57.4
32910,2313,202,4874.41,694,202,24.13,12,1,3,76.0
32911,1423,98,572.83,585,98,5.85,1,0,3,46.7
32912,368,495,11953.34,306,495,24.15,1,0,47,12.1
32913,827,223,2490.32,295,223,11.17,4,1,20,27.2
32914,146,333,5423.2,64,333,16.29,11,0,20,4.8
32915,2275,475,2724.21,649,475,5.74,1,0,20,74.7
32916,1895,321,2831.82,156,321,8.82,28,0,22,62.3
32917,267,55,2754.22,534,55,50.08,9,0,14,8.8
32918,834,124,8628.89,446,124,69.59,9,1,0,27.4
32919,2476,259,9154.88,304,259,35.35,8,1,37,81.3
32920,2350,423,1274.43,446,423,3.01,27,1,7,77.2
32921,955,317,3560.25,106,317,11.23,5,1,19,31.4
32922,1350,484,1469.71,431,484,3.04,21,1,11,44.3
32923,1122,325,2419.93,445,325,7.45,13,1,41,36.9
32924,425,111,39737.45,177,111,358.0,17,1,49,14.0
32925,1652,420,1373.63,331,420,3.27,14,1,10,54.3
32926,2368,372,966.42,519,372,2.6,20,1,4,77.8
32927,1335,306,6522.54,192,306,21.32,19,0,30,43.9
32928,1017,51,145.84,591,51,2.86,27,1,9,33.4
32929,2361,386,1441.54,586,386,3.73,6,0,11,77.6
32930,1136,376,413.38,92,376,1.1,26,1,22,37.3
32931,1695,280,28560.0,489,280,102.0,9,1,20,55.7
32932,1425,374,2477.21,73,374,6.62,17,1,2,46.8
32933,1081,414,429.72,427,414,1.04,20,1,22,35.5
32934,1554,388,2900.05,574,388,7.47,24,0,33,51.1
32935,1766,327,705.61,125,327,2.16,12,1,37,58.0
32936,1192,199,3232.54,387,199,16.24,13,1,39,39.2
32937,1375,73,1852.32,221,73,25.37,1,1,38,45.2
32938,2473,84,7807.22,291,84,92.94,5,1,47,81.2
32939,726,110,215.01,500,110,1.95,13,1,46,23.9
32940,296,227,1049.67,21,227,4.62,7,0,21,9.7
32941,1854,435,5540.32,40,435,12.74,18,0,45,60.9
32942,598,315,5577.76,626,315,17.71,13,1,39,19.6
32943,1716,469,663.82,489,469,1.42,19,0,26,56.4
32944,887,477,1603.73,345,477,3.36,11,1,15,29.1
32945,1177,80,1444.87,66,80,18.06,18,0,37,38.7
32946,1682,487,121.95,116,487,0.25,25,0,35,55.3
32947,2357,193,4330.79,433,193,22.44,28,1,7,77.4
32948,772,81,18208.43,56,81,224.8,7,1,14,25.4
32949,1910,120,2258.48,457,120,18.82,6,1,10,62.7
32950,1511,61,749.72,330,61,12.29,20,1,48,49.6
32951,1554,397,8590.77,95,397,21.64,5,0,47,51.1
32952,30,339,944.06,293,339,2.78,14,0,18,1.0
32953,1879,422,1173.48,73,422,2.78,24,0,17,61.7
32954,1056,490,298.66,63,490,0.61,13,0,0,34.7
32955,656,151,7509.83,375,151,49.73,26,1,12,21.6
32956,1489,133,637.34,320,133,4.79,22,0,7,48.9
32957,1509,31,1706.91,668,31,55.06,23,1,10,49.6
32958,2345,393,1026.61,726,393,2.61,25,1,0,77.0
32959,1836,190,1936.89,708,190,10.19,21,0,41,60.3
32960,281,319,7393.33,469,319,23.18,8,1,23,9.2
32961,1232,395,107.63,104,395,0.27,19,1,15,40.5
32962,2297,177,3336.08,346,177,18.85,24,0,7,75.5
32963,1514,173,5063.18,315,173,29.27,16,0,35,49.7
32964,2382,496,14212.31,658,496,28.65,18,1,6,78.3
32965,784,53,268.49,161,53,5.07,17,0,28,25.8
32966,942,399,19602.78,121,399,49.13,25,1,49,30.9
32967,2018,91,1082.39,539,91,11.89,17,1,0,66.3
32968,1100,13,577.66,199,13,44.44,16,0,17,36.1
32969,271,363,5507.92,496,363,15.17,16,0,9,8.9
32970,2456,185,2097.75,470,185,11.34,22,0,26,80.7
32971,629,126,4097.79,549,126,32.52,14,1,47,20.7
32972,2396,285,320.0,464,285,1.12,17,1,27,78.7
32973,1900,248,41.94,571,248,0.17,2,1,30,62.4
32974,2254,166,1498.53,51,166,9.03,21,0,36,74.0
32975,129,465,30448.93,314,465,65.48,9,1,28,4.2
32976,945,338,4788.55,403,338,14.17,4,1,11,31.0
32977,231,413,6914.71,113,413,16.74,14,1,31,7.6
32978,1350,238,1651.58,39,238,6.94,2,1,3,44.3
32979,2482,37,1065.56,619,37,28.8,28,1,9,81.5
32980,688,331,1037.26,619,331,3.13,5,0,43,22.6
32981,361,280,24303.32,711,280,86.8,7,0,32,11.9
32982,569,352,2357.52,485,352,6.7,11,0,48,18.7
32983,1822,371,4271.28,125,371,11.51,0,1,6,59.9
32984,622,12,941.73,175,12,78.48,25,0,17,20.4
32985,946,122,832.09,607,122,6.82,0,1,14,31.1
32986,1209,440,1151.52,170,440,2.62,3,1,21,39.7
32987,1711,333,385.0,534,333,1.16,14,1,3,56.2
32988,1686,404,2514.2,170,404,6.22,25,1,18,55.4
32989,882,148,1764.72,590,148,11.92,25,0,7,29.0
32990,1963,486,3333.46,81,486,6.86,5,0,14,64.5
32991,994,105,2665.35,323,105,25.38,20,0,23,32.7
32992,2405,305,1763.77,710,305,5.78,0,1,37,79.0
32993,1298,173,526.53,469,173,3.04,12,0,22,42.6
32994,2312,29,3862.96,513,29,133.21,22,1,49,76.0
32995,935,497,8429.89,644,497,16.96,23,0,0,30.7
32996,127,115,5932.96,287,115,51.59,4,0,13,4.2
32997,2026,451,399.51,647,451,0.89,20,1,15,66.6
32998,1764,224,1875.79,567,224,8.37,28,1,44,58.0
32999,2396,387,5611.7,504,387,14.5,15,0,7,78.7
33000,699,383,5593.49,696,383,14.6,24,1,23,23.0
33001,403,325,6024.24,592,325,18.54,10,0,10,13.2
33002,586,389,31717.72,129,389,81.54,1,1,40,19.3
33003,1485,131,6697.03,282,131,51.12,5,1,34,48.8
33004,65,41,2667.45,665,41,65.06,27,1,15,2.1
33005,1169,165,16973.73,623,165,102.87,28,0,28,38.4
33006,1101,3,2132.95,594,3,710.98,12,0,23,36.2
33007,2021,148,5643.78,451,148,38.13,25,1,34,66.4
33008,731,113,2569.05,338,113,22.73,21,0,43,24.0
33009,590,269,645.1,39,269,2.4,22,1,23,19.4
33010,1061,209,6230.21,728,209,29.81,23,1,38,34.9
33011,1580,487,302.86,367,487,0.62,12,1,24,51.9
33012,710,84,2145.57,549,84,25.54,6,1,1,23.3
33013,844,23,1210.7,364,23,52.64,13,0,24,27.7
33014,1589,290,10546.93,198,290,36.37,26,1,23,52.2
33015,2003,87,113.36,594,87,1.3,25,0,28,65.8
33016,1493,422,3511.92,49,422,8.32,22,1,15,49.0
33017,902,403,2492.43,145,403,6.18,10,1,10,29.6
33018,840,183,136.87,161,183,0.75,11,0,4,27.6
33019,1429,116,887.61,376,116,7.65,20,1,38,46.9
33020,2183,61,2569.31,56,61,42.12,27,1,20,71.7
33021,152,243,257.83,92,243,1.06,21,1,28,5.0
33022,2457,196,1043.45,207,196,5.32,10,1,16,80.7
33023,756,45,9070.25,64,45,201.56,2,0,37,24.8
33024,1999,384,2478.36,137,384,6.45,26,1,48,65.7
33025,616,292,1201.89,256,292,4.12,18,0,7,20.2
33026,1320,388,8012.6,717,388,20.65,25,0,47,43.4
33027,506,208,563.58,334,208,2.71,2,1,44,16.6
33028,2072,313,21907.82,158,313,69.99,26,1,0,68.1
33029,1292,69,5446.77,82,69,78.94,10,0,43,42.4
33030,400,198,178.09,425,198,0.9,5,1,40,13.1
33031,641,471,956.47,6,471,2.03,22,1,22,21.1
33032,181,231,2922.39,454,231,12.65,13,1,47,5.9
33033,601,221,4838.65,593,221,21.89,8,1,40,19.7
33034,1739,256,442.1,248,256,1.73,12,0,29,57.1
33035,544,481,1646.39,122,481,3.42,13,1,26,17.9
33036,1563,306,2090.63,460,306,6.83,14,1,12,51.3
33037,902,254,273.27,716,254,1.08,2,1,6,29.6
33038,1749,230,6057.7,634,230,26.34,19,0,21,57.5
33039,60,350,184.82,543,350,0.53,2,1,34,2.0
33040,2481,255,421.19,289,255,1.65,17,1,15,81.5
33041,2291,148,581.71,601,148,3.93,28,1,36,75.3
33042,192,77,2323.9,370,77,30.18,16,0,26,6.3
33043,1377,269,4921.59,533,269,18.3,20,0,27,45.2
33044,1770,298,678.02,498,298,2.28,21,0,7,58.1
33045,2221,22,7354.75,470,22,334.31,0,1,49,73.0
33046,326,257,1464.22,368,257,5.7,7,1,45,10.7
33047,466,454,513.52,252,454,1.13,16,1,1,15.3
33048,163,191,938.56,412,191,4.91,13,1,20,5.4
33049,2239,194,162.0,101,194,0.84,15,0,8,73.6
33050,1692,83,556.35,507,83,6.7,23,1,40,55.6
33051,2415,137,4337.9,11,137,31.66,16,1,47,79.3
33052,546,141,331.87,438,141,2.35,25,1,9,17.9
33053,1443,71,1731.84,576,71,24.39,10,1,2,47.4
33054,1949,488,405.44,28,488,0.83,11,1,20,64.0
33055,37,381,1665.64,565,381,4.37,2,1,29,1.2
33056,321,131,1816.63,167,131,13.87,6,0,49,10.5
33057,1300,487,10115.49,146,487,20.77,15,0,40,42.7
33058,525,97,1167.57,723,97,12.04,6,1,46,17.2
33059,647,133,1213.13,389,133,9.12,20,1,48,21.3
33060,1865,347,426.27,534,347,1.23,20,1,19,61.3
33061,2083,139,484.49,371,139,3.49,14,1,15,68.4
33062,778,116,802.33,424,116,6.92,10,0,0,25.6
33063,1511,308,508.13,296,308,1.65,13,1,8,49.6
33064,1355,470,3444.34,712,470,7.33,15,1,46,44.5
33065,894,391,2369.57,335,391,6.06,26,1,27,29.4
33066,2015,76,814.81,485,76,10.72,25,0,21,66.2
33067,466,237,472.63,297,237,1.99,5,1,39,15.3
33068,2183,290,23439.15,270,290,80.82,23,1,44,71.7
33069,1551,5,3381.18,452,5,676.24,27,0,10,51.0
33070,947,213,1855.62,481,213,8.71,9,0,10,31.1
33071,908,52,1493.23,208,52,28.72,13,1,6,29.8
33072,2255,291,2137.2,599,291,7.34,4,1,26,74.1
33073,1793,215,3493.35,448,215,16.25,15,1,45,58.9
33074,538,489,5462.21,195,489,11.17,22,0,13,17.7
33075,465,148,159.43,516,148,1.08,4,1,6,15.3
33076,233,73,443.73,100,73,6.08,14,1,39,7.7
33077,2379,499,4727.66,551,499,9.47,10,1,6,78.2
33078,547,386,3175.61,672,386,8.23,11,0,12,18.0
33079,1863,348,768.75,169,348,2.21,8,0,6,61.2
33080,2366,1,50.88,703,1,50.88,15,1,6,77.7
33081,114,273,1629.12,728,273,5.97,29,1,46,3.7
33082,598,358,714.71,16,358,2.0,4,0,42,19.6
33083,809,292,45979.64,8,292,157.46,5,1,44,26.6
33084,529,110,245.11,271,110,2.23,5,0,29,17.4
33085,1259,415,424.98,396,415,1.02,9,1,3,41.4
33086,1705,348,4836.56,74,348,13.9,8,1,48,56.0
33087,1757,175,1064.66,279,175,6.08,10,0,24,57.7
33088,1644,395,116.65,685,395,0.3,21,1,49,54.0
33089,813,473,8454.95,360,473,17.88,26,1,7,26.7
33090,1756,410,527.42,335,410,1.29,1,0,24,57.7
33091,1389,68,1783.46,684,68,26.23,8,0,39,45.6
33092,1192,241,2725.35,524,241,11.31,27,1,3,39.2
33093,1620,115,430.93,374,115,3.75,15,0,6,53.2
33094,1284,140,114.15,598,140,0.82,3,1,22,42.2
33095,2313,351,800.63,393,351,2.28,13,0,36,76.0
33096,998,493,583.15,641,493,1.18,16,0,10,32.8
33097,400,456,157.22,540,456,0.34,6,0,32,13.1
33098,2084,338,984.1,724,338,2.91,21,1,33,68.5
33099,339,392,3887.02,588,392,9.92,5,0,15,11.1
33100,588,251,5690.07,44,251,22.67,29,1,45,19.3
33101,2359,242,9759.03,671,242,40.33,25,0,31,77.5
33102,2500,353,10074.14,348,353,28.54,20,0,34,82.1
33103,1656,57,231.59,251,57,4.06,17,1,8,54.4
33104,2366,159,502.05,216,159,3.16,10,1,38,77.7
33105,2240,203,5895.02,223,203,29.04,21,1,14,73.6
33106,1749,228,965.24,665,228,4.23,0,1,46,57.5
33107,1748,367,1108.24,501,367,3.02,19,1,14,57.4
33108,425,496,627.28,471,496,1.26,13,1,28,14.0
33109,1073,489,518.38,505,489,1.06,29,0,42,35.2
33110,377,90,1265.74,184,90,14.06,23,1,25,12.4
33111,2189,136,15652.01,264,136,115.09,10,0,30,71.9
33112,611,126,1244.63,410,126,9.88,14,0,24,20.1
33113,1103,370,7005.4,549,370,18.93,16,0,36,36.2
33114,560,415,399.35,552,415,0.96,0,0,43,18.4
33115,865,5,1949.83,728,5,389.97,23,1,43,28.4
33116,202,50,2320.87,360,50,46.42,0,1,43,6.6
33117,2105,59,2561.61,725,59,43.42,14,1,30,69.2
33118,1687,151,990.54,567,151,6.56,20,1,21,55.4
33119,1784,76,5369.69,670,76,70.65,29,1,26,58.6
33120,872,464,4603.23,457,464,9.92,0,0,18,28.6
33121,816,16,2727.55,321,16,170.47,7,1,5,26.8
33122,46,182,482.95,428,182,2.65,18,1,6,1.5
33123,900,130,469.62,143,130,3.61,17,1,31,29.6
33124,586,217,2037.68,318,217,9.39,14,0,16,19.3
33125,610,34,1492.95,653,34,43.91,25,1,12,20.0
33126,2011,154,1585.31,292,154,10.29,26,1,17,66.1
33127,867,226,471.68,309,226,2.09,18,1,20,28.5
33128,2307,469,108.21,666,469,0.23,27,1,46,75.8
33129,113,143,38041.31,27,143,266.02,6,0,15,3.7
33130,2399,405,739.81,690,405,1.83,17,1,48,78.8
33131,57,426,453.86,199,426,1.07,12,1,36,1.9
33132,1194,192,21.07,466,192,0.11,17,1,16,39.2
33133,2210,74,6296.48,325,74,85.09,24,1,24,72.6
33134,1399,193,7905.2,452,193,40.96,6,1,47,46.0
33135,2096,361,255.53,182,361,0.71,18,1,43,68.9
33136,1751,274,4869.14,146,274,17.77,27,1,34,57.5
33137,355,313,1817.61,106,313,5.81,22,1,9,11.7
33138,1115,483,849.18,109,483,1.76,16,1,14,36.6
33139,550,458,2595.28,465,458,5.67,8,0,49,18.1
33140,1980,149,713.17,364,149,4.79,19,1,15,65.0
33141,706,304,3790.68,394,304,12.47,18,1,3,23.2
33142,1141,457,20455.34,525,457,44.76,10,1,22,37.5
33143,1954,443,15494.29,157,443,34.98,20,0,49,64.2
33144,631,207,669.42,32,207,3.23,1,0,30,20.7
33145,873,138,1319.5,309,138,9.56,7,1,4,28.7
33146,2167,248,5844.63,237,248,23.57,17,0,43,71.2
33147,228,464,27.01,176,464,0.06,7,1,37,7.5
33148,363,385,6414.25,309,385,16.66,15,1,37,11.9
33149,1477,426,2850.79,6,426,6.69,0,1,37,48.5
33150,1309,167,75476.39,328,167,451.95,15,1,32,43.0
33151,419,297,3746.84,114,297,12.62,6,0,6,13.8
33152,1176,497,365.59,639,497,0.74,24,1,41,38.6
33153,2444,108,9361.67,435,108,86.68,7,1,32,80.3
33154,1241,189,819.18,636,189,4.33,6,1,39,40.8
33155,2062,190,2112.09,690,190,11.12,6,1,23,67.7
33156,317,176,1404.75,666,176,7.98,11,0,42,10.4
33157,2356,494,632.67,345,494,1.28,29,1,45,77.4
33158,102,284,29831.05,703,284,105.04,5,0,15,3.4
33159,688,110,2520.2,207,110,22.91,17,1,47,22.6
33160,2426,492,5.48,548,492,0.01,17,0,37,79.7
33161,1553,434,14916.04,598,434,34.37,29,1,8,51.0
33162,299,426,197.25,474,426,0.46,10,0,36,9.8
33163,2252,229,508.19,221,229,2.22,10,1,12,74.0
33164,2331,186,1247.52,513,186,6.71,26,0,10,76.6
33165,1564,109,52685.39,150,109,483.35,10,1,32,51.4
33166,2455,177,786.83,489,177,4.45,19,1,34,80.7
33167,1419,219,791.14,196,219,3.61,23,0,18,46.6
33168,1867,57,8681.82,153,57,152.31,20,1,13,61.3
33169,248,406,326.61,411,406,0.8,1,0,10,8.1
33170,1638,340,595.87,395,340,1.75,10,1,24,53.8
33171,741,189,593.36,445,189,3.14,12,1,23,24.3
33172,1696,163,205.22,368,163,1.26,18,0,0,55.7
33173,1415,137,75958.3,383,137,554.44,14,0,17,46.5
33174,690,465,1672.28,689,465,3.6,10,0,13,22.7
33175,518,360,13982.9,435,360,38.84,4,0,11,17.0
33176,442,2,4478.7,538,2,2239.35,20,0,8,14.5
33177,2364,19,2603.73,567,19,137.04,29,0,14,77.7
33178,335,115,2263.55,191,115,19.68,12,1,41,11.0
33179,1473,277,10305.96,564,277,37.21,28,1,3,48.4
33180,536,33,8741.39,591,33,264.89,20,1,40,17.6
33181,1903,246,3918.33,235,246,15.93,8,0,11,62.5
33182,1523,438,1204.28,87,438,2.75,22,0,24,50.0
33183,229,311,31.08,268,311,0.1,9,0,36,7.5
33184,1760,302,8381.63,412,302,27.75,10,0,32,57.8
33185,971,333,13206.81,621,333,39.66,19,1,34,31.9
33186,2352,349,5764.94,252,349,16.52,1,1,1,77.3
33187,2098,431,4706.09,147,431,10.92,4,1,47,68.9
33188,91,477,725.7,197,477,1.52,22,1,23,3.0
33189,1025,232,420.7,702,232,1.81,24,1,9,33.7
33190,1324,461,1177.77,695,461,2.55,9,1,44,43.5
33191,1535,392,2838.96,422,392,7.24,29,0,33,50.4
33192,1206,488,1065.96,310,488,2.18,15,0,5,39.6
33193,528,216,21819.63,63,216,101.02,23,0,33,17.3
33194,2473,194,760.47,509,194,3.92,29,0,39,81.2
33195,279,459,631.37,402,459,1.38,29,1,30,9.2
33196,2060,8,528.15,710,8,66.02,14,1,5,67.7
33197,1527,88,759.01,37,88,8.63,16,1,37,50.2
33198,933,394,3313.6,476,394,8.41,10,1,46,30.7
33199,446,232,66384.63,302,232,286.14,1,1,19,14.7
33200,1171,364,67.61,621,364,0.19,1,1,28,38.5
33201,1650,339,13708.03,443,339,40.44,6,1,25,54.2
33202,1878,356,6909.13,697,356,19.41,26,0,34,61.7
33203,905,195,16859.63,704,195,86.46,18,1,33,29.7
33204,1210,290,2160.23,443,290,7.45,23,1,27,39.8
33205,615,143,275.57,87,143,1.93,3,0,24,20.2
33206,2357,129,434.26,235,129,3.37,12,1,0,77.4
33207,2207,269,374.0,129,269,1.39,7,1,2,72.5
33208,987,26,1259.83,408,26,48.46,28,0,10,32.4
33209,364,225,709.42,561,225,3.15,20,1,23,12.0
33210,1700,64,3426.66,141,64,53.54,9,0,5,55.8
33211,1768,307,3424.68,337,307,11.16,6,1,30,58.1
33212,1983,215,4717.96,304,215,21.94,10,1,12,65.1
33213,1403,32,7881.57,426,32,246.3,2,0,44,46.1
33214,281,221,508.83,438,221,2.3,20,1,17,9.2
33215,1779,129,165.33,562,129,1.28,10,1,2,58.4
33216,1049,151,7495.0,486,151,49.64,28,1,25,34.5
33217,1608,151,641.18,430,151,4.25,20,1,9,52.8
33218,45,339,965.96,434,339,2.85,8,0,46,1.5
33219,2427,34,2189.34,328,34,64.39,2,1,48,79.7
33220,964,415,2881.52,553,415,6.94,18,1,4,31.7
33221,1006,257,197.05,106,257,0.77,22,0,35,33.0
33222,2335,147,3140.6,221,147,21.36,25,0,42,76.7
33223,832,384,284.7,536,384,0.74,5,1,45,27.3
33224,2041,254,2030.26,477,254,7.99,22,0,30,67.0
33225,1452,173,571.8,367,173,3.31,17,0,10,47.7
33226,1547,106,12686.97,116,106,119.69,1,1,38,50.8
33227,2013,371,7071.54,170,371,19.06,29,1,31,66.1
33228,358,327,11002.36,331,327,33.65,2,1,0,11.8
33229,1377,456,2690.94,97,456,5.9,9,0,42,45.2
33230,941,33,796.73,190,33,24.14,11,0,9,30.9
33231,1670,380,837.96,92,380,2.21,25,1,20,54.9
33232,601,290,1046.73,710,290,3.61,3,1,9,19.7
33233,1461,63,580.23,326,63,9.21,6,1,9,48.0
33234,286,252,3463.82,153,252,13.75,14,1,10,9.4
33235,534,15,5850.55,226,15,390.04,5,1,5,17.5
33236,588,289,1843.24,89,289,6.38,0,1,25,19.3
33237,199,19,2937.81,257,19,154.62,8,0,29,6.5
33238,589,142,3907.57,453,142,27.52,16,1,7,19.3
33239,1729,276,385.01,314,276,1.39,8,0,43,56.8
33240,2364,96,419.65,12,96,4.37,27,0,7,77.7
33241,647,16,2105.17,560,16,131.57,5,0,21,21.3
33242,1269,447,588.86,3,447,1.32,21,1,24,41.7
33243,982,295,141.64,612,295,0.48,1,0,7,32.3
33244,1451,474,11799.17,393,474,24.89,18,1,34,47.7
33245,1308,346,2032.34,434,346,5.87,9,1,14,43.0
33246,662,328,8920.75,707,328,27.2,25,0,1,21.7
33247,731,394,1181.46,655,394,3.0,21,0,42,24.0
33248,79,110,453.06,465,110,4.12,7,0,28,2.6
33249,1160,288,3092.84,20,288,10.74,17,1,39,38.1
33250,2323,374,875.01,714,374,2.34,7,1,48,76.3
33251,1489,311,3170.54,295,311,10.19,21,0,19,48.9
33252,1784,66,5889.69,576,66,89.24,6,1,5,58.6
33253,1000,284,8529.7,418,284,30.03,27,1,31,32.9
33254,1574,114,942.71,535,114,8.27,1,1,25,51.7
33255,835,202,2124.58,194,202,10.52,9,0,26,27.4
33256,1216,61,28.77,38,61,0.47,0,1,36,39.9
33257,2053,427,1709.26,583,427,4.0,7,0,18,67.4
33258,1329,313,2234.12,665,313,7.14,16,1,35,43.7
33259,1949,91,128.5,714,91,1.41,21,1,3,64.0
33260,653,275,10983.32,414,275,39.94,17,1,21,21.5
33261,1075,327,5015.58,253,327,15.34,5,1,21,35.3
33262,2315,347,4265.13,658,347,12.29,12,0,14,76.1
33263,2364,370,9057.33,353,370,24.48,1,0,13,77.7
33264,1650,63,3932.99,551,63,62.43,18,1,7,54.2
33265,441,46,528.54,247,46,11.49,22,0,5,14.5
33266,436,461,369.99,15,461,0.8,19,0,42,14.3
33267,2387,177,15454.18,286,177,87.31,12,1,18,78.4
33268,504,189,4622.57,371,189,24.46,12,1,37,16.6
33269,1234,236,738.62,136,236,3.13,14,1,16,40.5
33270,2121,354,1979.28,369,354,5.59,18,0,13,69.7
33271,1685,181,692.32,136,181,3.82,16,1,48,55.4
33272,1669,38,260.16,546,38,6.85,6,1,16,54.8
33273,1617,330,814.61,695,330,2.47,27,1,39,53.1
33274,1323,122,571.84,620,122,4.69,11,0,49,43.5
33275,664,494,1418.35,552,494,2.87,0,1,34,21.8
33276,1115,188,594.42,411,188,3.16,20,1,18,36.6
33277,1854,208,22397.92,58,208,107.68,4,1,2,60.9
33278,190,379,2050.48,724,379,5.41,15,0,3,6.2
33279,1761,114,8601.76,439,114,75.45,26,1,32,57.9
33280,2408,207,15508.23,96,207,74.92,6,0,10,79.1
33281,940,396,1396.48,543,396,3.53,3,1,12,30.9
33282,816,129,1098.08,368,129,8.51,26,1,36,26.8
33283,1791,392,2181.28,248,392,5.56,1,1,22,58.8
33284,2090,316,234.23,224,316,0.74,15,0,9,68.7
33285,1742,390,3473.82,98,390,8.91,22,1,29,57.2
33286,2468,102,375.89,628,102,3.69,13,1,49,81.1
33287,1385,146,3023.8,172,146,20.71,2,0,29,45.5
33288,715,173,2947.79,439,173,17.04,10,1,37,23.5
33289,1239,160,7860.64,681,160,49.13,28,0,46,40.7
33290,1602,493,861.87,195,493,1.75,17,0,46,52.6
33291,82,201,622.74,458,201,3.1,7,1,39,2.7
33292,416,375,2826.44,205,375,7.54,13,1,41,13.7
33293,1619,47,7750.2,38,47,164.9,29,0,5,53.2
33294,2411,60,2313.81,125,60,38.56,14,1,45,79.2
33295,1368,44,3018.31,361,44,68.6,20,0,49,44.9
33296,1601,77,763.9,166,77,9.92,20,1,26,52.6
33297,1669,116,7274.44,211,116,62.71,21,0,21,54.8
33298,1417,223,951.68,179,223,4.27,15,1,1,46.6
33299,732,100,28223.77,652,100,282.24,16,1,33,24.0
33300,2085,398,2453.74,255,398,6.17,5,0,44,68.5
33301,327,350,7124.19,546,350,20.35,13,1,49,10.7
33302,982,234,896.36,519,234,3.83,8,1,0,32.3
33303,2554,490,429.73,586,490,0.88,14,1,45,83.9
33304,1499,5,3930.23,441,5,786.05,8,1,38,49.2
33305,275,214,18761.9,519,214,87.67,25,1,20,9.0
33306,1019,473,117512.73,602,473,248.44,27,1,47,33.5
33307,1082,339,102.3,553,339,0.3,16,0,34,35.5
33308,71,262,519.16,625,262,1.98,14,0,29,2.3
33309,949,94,33391.35,310,94,355.23,16,0,13,31.2
33310,1521,459,610.32,97,459,1.33,12,0,18,50.0
33311,621,343,12374.6,556,343,36.08,5,0,22,20.4
33312,526,435,708.5,410,435,1.63,3,1,19,17.3
33313,1655,304,767.23,166,304,2.52,6,1,11,54.4
33314,1826,71,22137.69,96,71,311.8,28,1,18,60.0
33315,2225,290,161.02,88,290,0.56,29,1,35,73.1
33316,2039,211,4890.47,227,211,23.18,22,1,23,67.0
33317,2479,342,3244.32,49,342,9.49,26,1,30,81.4
33318,88,216,21.52,594,216,0.1,18,0,23,2.9
33319,366,134,2962.68,628,134,22.11,4,1,34,12.0
33320,2205,164,3798.89,592,164,23.16,17,1,6,72.4
33321,1346,22,20609.42,638,22,936.79,19,1,39,44.2
33322,283,125,964.16,141,125,7.71,21,0,23,9.3
33323,2338,483,659.52,639,483,1.37,8,0,43,76.8
33324,1931,203,368.35,720,203,1.81,6,1,41,63.4
33325,713,352,5689.73,311,352,16.16,3,0,4,23.4
33326,79,208,470.12,299,208,2.26,19,0,19,2.6
33327,1030,103,999.05,170,103,9.7,8,0,35,33.8
33328,1948,483,4453.33,596,483,9.22,26,0,32,64.0
33329,2170,253,7384.95,442,253,29.19,17,1,28,71.3
33330,656,428,1510.83,432,428,3.53,8,0,38,21.6
33331,1192,88,2426.28,702,88,27.57,16,1,18,39.2
33332,1871,294,194.97,132,294,0.66,4,1,19,61.5
33333,2300,330,832.81,700,330,2.52,21,1,36,75.6
33334,1895,331,5534.33,52,331,16.72,25,1,31,62.3
33335,1048,372,997.44,382,372,2.68,5,1,8,34.4
33336,229,194,26621.23,285,194,137.22,28,1,48,7.5
33337,380,41,1084.75,408,41,26.46,11,0,26,12.5
33338,793,407,5878.48,550,407,14.44,19,1,35,26.1
33339,1816,321,2360.92,640,321,7.35,2,1,48,59.7
33340,2126,42,3258.02,658,42,77.57,29,1,21,69.8
33341,160,424,3735.57,225,424,8.81,21,1,10,5.3
33342,1726,277,17236.7,241,277,62.23,3,0,14,56.7
33343,1642,1,16467.64,352,1,16467.64,24,1,5,53.9
33344,2045,235,1780.33,465,235,7.58,4,1,22,67.2
33345,1837,415,69.67,331,415,0.17,4,0,41,60.3
33346,2403,288,1457.23,557,288,5.06,29,1,37,78.9
33347,472,375,249.1,580,375,0.66,8,1,15,15.5
33348,1230,448,12618.35,138,448,28.17,22,1,12,40.4
33349,638,226,407.99,536,226,1.81,19,1,29,21.0
33350,1729,60,6510.84,217,60,108.51,16,1,46,56.8
33351,545,35,3462.71,396,35,98.93,27,1,33,17.9
33352,2521,52,973.41,584,52,18.72,3,0,29,82.8
33353,2387,197,10876.9,435,197,55.21,28,1,32,78.4
33354,1213,207,2472.03,56,207,11.94,1,0,26,39.8
33355,673,372,1022.59,723,372,2.75,23,1,46,22.1
33356,1688,159,3169.93,8,159,19.94,1,1,42,55.5
33357,1042,172,4153.56,255,172,24.15,26,0,30,34.2
33358,211,315,1555.6,564,315,4.94,6,0,34,6.9
33359,793,465,639.07,521,465,1.37,24,0,16,26.1
33360,1481,461,5225.5,139,461,11.34,27,1,23,48.7
33361,1249,200,391.99,489,200,1.96,8,0,12,41.0
33362,1172,99,1976.84,208,99,19.97,14,0,13,38.5
33363,1792,451,499.31,607,451,1.11,14,1,1,58.9
33364,2419,463,1874.07,347,463,4.05,19,1,10,79.5
33365,2553,348,2284.81,394,348,6.57,10,1,36,83.9
33366,706,215,1737.25,373,215,8.08,27,0,35,23.2
33367,553,199,4218.02,564,199,21.2,28,1,4,18.2
33368,2443,83,35541.07,267,83,428.21,13,0,49,80.3
33369,783,126,722.06,330,126,5.73,10,1,8,25.7
33370,2330,129,2171.6,412,129,16.83,25,0,17,76.5
33371,101,244,8347.0,579,244,34.21,8,0,1,3.3
33372,2104,173,2132.39,665,173,12.33,26,1,21,69.1
33373,841,87,2796.31,624,87,32.14,14,1,34,27.6
33374,642,279,10125.38,167,279,36.29,16,0,16,21.1
33375,51,185,4829.72,601,185,26.11,17,0,2,1.7
33376,1948,347,647.59,697,347,1.87,20,0,43,64.0
33377,952,75,5195.84,126,75,69.28,4,1,36,31.3
33378,1252,149,2691.76,292,149,18.07,2,0,17,41.1
33379,1314,419,43.72,140,419,0.1,26,0,30,43.2
33380,421,284,3299.41,237,284,11.62,5,1,33,13.8
33381,1796,214,2438.75,160,214,11.4,26,1,21,59.0
33382,2413,254,706.79,612,254,2.78,21,1,12,79.3
33383,1364,192,2794.6,125,192,14.56,1,0,21,44.8
33384,1619,102,835.62,347,102,8.19,22,0,13,53.2
33385,428,45,257.08,516,45,5.71,2,1,26,14.1
33386,212,128,498.53,482,128,3.89,26,1,34,7.0
33387,1360,80,128.94,294,80,1.61,2,0,46,44.7
33388,1400,54,80.57,206,54,1.49,9,1,32,46.0
33389,1134,2,31830.11,606,2,15915.06,19,1,25,37.3
33390,679,391,11776.26,679,391,30.12,6,1,15,22.3
33391,1613,206,4490.49,504,206,21.8,5,0,27,53.0
33392,2047,463,1541.47,26,463,3.33,0,1,14,67.2
33393,1785,49,3795.79,728,49,77.47,21,0,25,58.6
33394,550,144,159.43,125,144,1.11,14,0,32,18.1
33395,613,109,2649.54,109,109,24.31,14,0,26,20.1
33396,1720,1,216.71,441,1,216.71,21,1,27,56.5
33397,708,479,182.9,180,479,0.38,29,1,45,23.3
33398,55,228,6767.55,610,228,29.68,9,0,36,1.8
33399,698,277,6594.53,58,277,23.81,27,1,42,22.9
33400,889,195,1870.88,307,195,9.59,23,1,3,29.2
33401,2013,469,3896.08,590,469,8.31,5,1,16,66.1
33402,1130,50,2605.51,338,50,52.11,2,0,25,37.1
33403,1514,252,13057.64,191,252,51.82,20,1,23,49.7
33404,694,58,113.36,612,58,1.95,6,0,34,22.8
33405,2499,229,110.98,301,229,0.48,2,1,37,82.1
33406,698,89,10459.22,589,89,117.52,12,0,48,22.9
33407,2253,383,564.74,103,383,1.47,1,1,11,74.0
33408,170,410,38.78,372,410,0.09,27,1,40,5.6
33409,2090,259,5721.34,620,259,22.09,28,1,36,68.7
33410,1948,308,1177.0,0,308,3.82,22,1,44,64.0
33411,1827,407,1315.47,724,407,3.23,28,1,12,60.0
33412,139,90,2702.0,3,90,30.02,12,1,41,4.6
33413,1384,339,131.39,410,339,0.39,9,1,19,45.5
33414,2123,350,202.51,81,350,0.58,17,0,11,69.7
33415,1606,348,80.33,9,348,0.23,21,0,4,52.8
33416,2477,256,897.56,24,256,3.51,17,0,45,81.4
33417,1467,490,543.61,362,490,1.11,21,0,13,48.2
33418,1341,8,1875.84,232,8,234.48,19,1,6,44.1
33419,1679,125,5254.18,466,125,42.03,22,1,18,55.2
33420,2436,289,1901.65,724,289,6.58,9,1,7,80.0
33421,1067,406,431.93,223,406,1.06,11,1,31,35.1
33422,302,345,143.65,386,345,0.42,14,1,23,9.9
33423,1554,336,1152.44,371,336,3.43,15,1,30,51.1
33424,550,443,3977.39,216,443,8.98,9,0,0,18.1
33425,1552,450,5202.58,108,450,11.56,21,1,4,51.0
33426,813,238,1912.06,423,238,8.03,8,0,40,26.7
33427,1146,263,3437.89,298,263,13.07,3,1,48,37.6
33428,513,76,3170.53,540,76,41.72,28,1,30,16.9
33429,96,182,517.83,469,182,2.85,21,0,24,3.2
33430,1178,378,1495.36,211,378,3.96,19,0,29,38.7
33431,1471,395,3596.16,100,395,9.1,6,0,7,48.3
33432,1524,30,609.52,396,30,20.32,6,1,16,50.1
33433,1708,439,14705.59,446,439,33.5,27,1,9,56.1
33434,2537,8,3245.97,572,8,405.75,2,0,43,83.3
33435,1788,140,47967.99,142,140,342.63,29,0,38,58.7
33436,1326,76,69002.05,462,76,907.92,1,1,19,43.6
33437,2286,266,313.34,194,266,1.18,18,0,16,75.1
33438,430,377,190.36,336,377,0.5,6,1,7,14.1
33439,1602,465,461.0,726,465,0.99,4,1,11,52.6
33440,213,142,2298.77,66,142,16.19,24,0,43,7.0
33441,1743,235,21658.68,227,235,92.16,4,0,45,57.3
33442,1565,448,54.72,276,448,0.12,4,1,26,51.4
33443,1523,260,4445.69,187,260,17.1,10,1,20,50.0
33444,343,81,469.0,535,81,5.79,20,0,47,11.3
33445,629,377,313.42,592,377,0.83,17,1,20,20.7
33446,889,184,3793.46,397,184,20.62,5,0,28,29.2
33447,1522,412,6087.59,327,412,14.78,20,1,16,50.0
33448,157,374,12235.11,18,374,32.71,5,1,33,5.2
33449,925,258,897.96,559,258,3.48,0,1,35,30.4
33450,2422,211,8989.22,498,211,42.6,19,0,15,79.6
33451,990,276,10729.06,343,276,38.87,22,1,4,32.5
33452,1394,190,7170.44,476,190,37.74,26,0,11,45.8
33453,1873,389,14087.31,388,389,36.21,6,0,44,61.5
33454,1048,124,3960.57,667,124,31.94,26,1,42,34.4
33455,360,416,1258.3,294,416,3.02,4,1,35,11.8
33456,1152,467,1448.77,369,467,3.1,28,0,2,37.8
33457,698,27,810.85,541,27,30.03,17,1,39,22.9
33458,495,319,1540.32,571,319,4.83,7,1,30,16.3
33459,2264,11,2922.08,167,11,265.64,20,1,4,74.4
33460,2547,228,964.52,28,228,4.23,26,0,23,83.7
33461,2478,114,1821.12,82,114,15.97,15,0,38,81.4
33462,518,270,674.45,110,270,2.5,23,1,26,17.0
33463,612,351,669.1,25,351,1.91,25,1,47,20.1
33464,2377,443,37813.21,250,443,85.36,17,1,27,78.1
33465,736,14,24914.98,615,14,1779.64,3,1,46,24.2
33466,220,91,26114.95,496,91,286.98,17,1,0,7.2
33467,283,231,1103.89,687,231,4.78,15,1,10,9.3
33468,997,40,15843.17,334,40,396.08,24,1,45,32.8
33469,1072,258,2718.96,423,258,10.54,14,1,2,35.2
33470,1623,300,1279.54,573,300,4.27,21,0,38,53.3
33471,1718,399,325.95,21,399,0.82,18,1,18,56.4
33472,818,483,604.79,717,483,1.25,19,1,36,26.9
33473,2491,27,2854.29,369,27,105.71,28,1,42,81.8
33474,2499,469,25879.24,34,469,55.18,12,1,6,82.1
33475,2312,424,6979.47,414,424,16.46,27,1,24,76.0
33476,175,478,1229.92,548,478,2.57,0,1,21,5.7
33477,588,358,2477.78,472,358,6.92,22,1,18,19.3
33478,361,283,10770.48,452,283,38.06,5,0,11,11.9
33479,2386,163,129.44,279,163,0.79,8,0,1,78.4
33480,2540,207,784.56,666,207,3.79,21,0,39,83.4
33481,2022,302,910.12,393,302,3.01,22,0,26,66.4
33482,1139,195,1174.14,558,195,6.02,4,0,22,37.4
33483,177,422,164.55,134,422,0.39,22,0,38,5.8
33484,676,270,4022.47,501,270,14.9,8,1,15,22.2
33485,227,382,3127.62,239,382,8.19,6,0,37,7.5
33486,2105,170,1683.83,325,170,9.9,17,1,48,69.2
33487,1182,179,12629.81,409,179,70.56,6,0,19,38.8
33488,575,113,13035.6,554,113,115.36,11,0,41,18.9
33489,1570,399,942.85,374,399,2.36,10,1,24,51.6
33490,997,29,45223.38,236,29,1559.43,22,0,30,32.8
33491,1088,259,280.59,307,259,1.08,9,1,35,35.7
33492,2144,219,243.8,461,219,1.11,3,1,5,70.4
33493,1292,276,3904.87,249,276,14.15,23,0,19,42.4
33494,1507,331,8827.78,8,331,26.67,21,1,36,49.5
33495,1126,288,2979.72,452,288,10.35,5,1,18,37.0
33496,1749,181,2295.86,708,181,12.68,22,0,45,57.5
33497,1870,298,4000.54,613,298,13.42,13,1,42,61.4
33498,2302,417,223.63,114,417,0.54,17,0,17,75.6
33499,257,62,723.66,338,62,11.67,3,0,6,8.4
33500,1434,206,2051.05,597,206,9.96,5,0,34,47.1
33501,1393,156,11029.72,292,156,70.7,4,1,5,45.8
33502,1484,150,383.98,662,150,2.56,11,0,21,48.8
33503,328,395,1158.06,520,395,2.93,0,1,1,10.8
33504,2246,431,15819.43,415,431,36.7,3,1,3,73.8
33505,2371,355,998.63,601,355,2.81,16,0,8,77.9
33506,1887,288,326.6,65,288,1.13,27,0,12,62.0
33507,1954,119,1683.26,519,119,14.15,0,0,4,64.2
33508,1571,483,2061.34,236,483,4.27,13,0,36,51.6
33509,2300,347,3979.53,587,347,11.47,5,1,16,75.6
33510,76,162,2099.37,279,162,12.96,28,0,20,2.5
33511,239,480,288.39,654,480,0.6,9,1,7,7.9
33512,1981,134,358.73,494,134,2.68,20,1,28,65.1
33513,1177,429,3201.08,87,429,7.46,28,1,30,38.7
33514,2383,188,2339.89,600,188,12.45,9,1,46,78.3
33515,2092,429,1248.06,616,429,2.91,21,1,33,68.7
33516,31,458,2816.02,472,458,6.15,7,0,0,1.0
33517,231,399,2321.63,383,399,5.82,11,1,1,7.6
33518,2155,129,1533.37,226,129,11.89,0,1,15,70.8
33519,2283,211,2636.95,314,211,12.5,4,0,30,75.0
33520,1418,69,480.76,457,69,6.97,5,0,45,46.6
33521,2439,58,207.78,298,58,3.58,4,0,12,80.1
33522,1825,344,934.45,395,344,2.72,1,1,36,60.0
33523,202,50,905.77,456,50,18.12,19,0,11,6.6
33524,437,115,289.85,695,115,2.52,20,0,34,14.4
33525,2403,192,317.66,292,192,1.65,16,1,11,78.9
33526,473,38,6486.11,439,38,170.69,10,1,44,15.5
33527,866,199,28861.51,461,199,145.03,12,0,37,28.4
33528,2527,131,799.88,407,131,6.11,12,0,38,83.0
33529,1551,192,7952.99,454,192,41.42,8,1,24,51.0
33530,2286,382,2996.81,498,382,7.85,6,0,39,75.1
33531,398,33,1230.9,196,33,37.3,9,0,14,13.1
33532,1010,285,4280.82,637,285,15.02,2,0,37,33.2
33533,1280,64,172.83,349,64,2.7,27,1,39,42.0
33534,1263,250,1697.37,480,250,6.79,25,0,0,41.5
33535,1294,343,9152.01,674,343,26.68,6,1,11,42.5
33536,1159,57,3090.31,200,57,54.22,28,0,49,38.1
33537,94,492,2410.12,30,492,4.9,8,1,2,3.1
33538,2481,453,207.09,111,453,0.46,28,0,6,81.5
33539,1013,154,216.88,351,154,1.41,14,0,31,33.3
33540,2159,78,18.72,78,78,0.24,11,0,42,70.9
33541,295,255,2773.64,625,255,10.88,4,0,48,9.7
33542,2371,422,2078.41,668,422,4.93,26,1,19,77.9
33543,226,131,12989.81,429,131,99.16,15,1,15,7.4
33544,946,291,20804.46,32,291,71.49,29,1,38,31.1
33545,582,140,1894.03,464,140,13.53,16,1,39,19.1
33546,1542,320,1114.92,408,320,3.48,26,0,20,50.7
33547,842,433,2228.21,503,433,5.15,16,0,9,27.7
33548,1357,183,24564.9,89,183,134.23,2,1,19,44.6
33549,294,75,698.19,176,75,9.31,17,1,36,9.7
33550,2149,216,89.53,330,216,0.41,8,1,36,70.6
33551,1312,134,1027.32,121,134,7.67,8,0,38,43.1
33552,2189,230,12450.13,14,230,54.13,21,0,29,71.9
33553,1530,102,1646.37,418,102,16.14,23,1,28,50.3
33554,590,205,7129.82,368,205,34.78,12,1,0,19.4
33555,1907,222,1369.06,7,222,6.17,28,0,9,62.6
33556,2364,330,8726.08,562,330,26.44,9,1,41,77.7
33557,245,464,3738.68,456,464,8.06,13,1,38,8.0
33558,2550,345,307.3,345,345,0.89,8,1,48,83.8
33559,788,41,1915.99,590,41,46.73,13,0,23,25.9
33560,1844,363,2926.98,56,363,8.06,23,1,35,60.6
33561,1009,401,1656.09,422,401,4.13,2,1,24,33.1
33562,64,222,128.34,646,222,0.58,28,0,39,2.1
33563,2248,476,500.72,101,476,1.05,21,1,0,73.9
33564,641,204,2570.41,432,204,12.6,28,0,22,21.1
33565,1605,74,30777.69,716,74,415.91,23,0,2,52.7
33566,2286,28,68271.33,724,28,2438.26,21,1,42,75.1
33567,2323,23,1539.16,7,23,66.92,25,1,22,76.3
33568,906,68,5929.78,463,68,87.2,14,1,20,29.8
33569,76,384,1118.88,539,384,2.91,3,1,11,2.5
33570,2221,191,4729.37,605,191,24.76,1,1,21,73.0
33571,2272,71,1523.49,686,71,21.46,2,1,40,74.6
33572,1188,247,426.61,531,247,1.73,24,1,38,39.0
33573,446,75,10867.23,290,75,144.9,18,1,24,14.7
33574,2140,447,50.26,680,447,0.11,17,0,42,70.3
33575,855,434,4898.33,373,434,11.29,26,1,47,28.1
33576,1229,498,2694.86,485,498,5.41,14,1,0,40.4
33577,1479,235,5457.87,94,235,23.22,20,0,9,48.6
33578,38,422,1948.86,129,422,4.62,28,1,42,1.2
33579,522,130,1854.54,650,130,14.27,17,1,27,17.1
33580,2151,426,1427.96,30,426,3.35,6,1,32,70.7
33581,1205,493,670.01,510,493,1.36,25,1,0,39.6
33582,1902,1,601.75,392,1,601.75,0,0,44,62.5
33583,746,132,16782.68,188,132,127.14,19,0,19,24.5
33584,1305,273,9237.75,413,273,33.84,28,0,19,42.9
33585,288,62,1429.57,332,62,23.06,12,0,6,9.5
33586,1074,151,419.5,295,151,2.78,3,1,18,35.3
33587,596,255,6009.47,484,255,23.57,19,0,17,19.6
33588,1337,398,7485.25,247,398,18.81,12,0,15,43.9
33589,865,269,1191.65,517,269,4.43,1,0,35,28.4
33590,909,448,2056.04,300,448,4.59,22,1,39,29.9
33591,2383,234,2009.91,590,234,8.59,27,1,11,78.3
33592,2311,93,6515.08,346,93,70.05,19,0,29,75.9
33593,2227,242,8480.27,416,242,35.04,9,1,0,73.2
33594,1687,306,2574.84,461,306,8.41,23,1,34,55.4
33595,1445,380,138.79,642,380,0.37,12,0,25,47.5
33596,667,331,864.0,324,331,2.61,8,1,46,21.9
33597,1917,371,2212.21,316,371,5.96,24,0,11,63.0
33598,1766,440,3617.54,58,440,8.22,0,1,39,58.0
33599,2359,433,9369.26,225,433,21.64,21,1,18,77.5
33600,500,265,605.66,662,265,2.29,27,1,32,16.4
33601,1761,424,2567.85,420,424,6.06,6,0,35,57.9
33602,343,339,3884.72,250,339,11.46,13,1,1,11.3
33603,2404,306,1254.39,229,306,4.1,20,0,29,79.0
33604,1832,482,145.72,77,482,0.3,8,1,28,60.2
33605,766,313,2877.05,336,313,9.19,27,1,11,25.2
33606,1242,141,733.03,479,141,5.2,0,1,47,40.8
33607,1198,10,52081.11,727,10,5208.11,3,1,19,39.4
33608,437,469,936.49,656,469,2.0,18,1,21,14.4
33609,2258,240,1244.3,379,240,5.18,25,0,23,74.2
33610,1509,356,1148.96,246,356,3.23,20,0,47,49.6
33611,601,327,15091.48,244,327,46.15,26,1,3,19.7
33612,228,77,2433.94,630,77,31.61,5,1,47,7.5
33613,2532,12,672.86,431,12,56.07,26,0,27,83.2
33614,2531,264,533.03,664,264,2.02,7,0,7,83.1
33615,1809,183,430.95,662,183,2.35,15,0,45,59.4
33616,1552,361,221.42,285,361,0.61,11,0,22,51.0
33617,351,208,158.91,23,208,0.76,29,0,22,11.5
33618,626,229,1915.69,551,229,8.37,4,1,33,20.6
33619,2060,153,1598.61,267,153,10.45,22,0,38,67.7
33620,2331,137,7163.39,273,137,52.29,6,1,42,76.6
33621,586,385,5548.49,101,385,14.41,20,1,5,19.3
33622,462,154,81.87,627,154,0.53,26,0,23,15.2
33623,784,390,542.66,48,390,1.39,20,0,13,25.8
33624,2089,292,257.08,420,292,0.88,28,1,19,68.6
33625,1994,359,4126.18,11,359,11.49,1,1,24,65.5
33626,876,33,210.12,289,33,6.37,6,1,1,28.8
33627,1376,446,1900.64,305,446,4.26,23,1,28,45.2
33628,1668,122,2212.66,144,122,18.14,20,1,48,54.8
33629,1410,137,10167.9,558,137,74.22,0,1,36,46.3
33630,2197,183,539.69,275,183,2.95,22,1,46,72.2
33631,862,431,5853.48,281,431,13.58,7,0,39,28.3
33632,2116,292,42.8,671,292,0.15,23,0,3,69.5
33633,1137,244,1445.47,211,244,5.92,24,1,7,37.4
33634,2310,487,2404.69,0,487,4.94,8,1,4,75.9
33635,2267,361,2756.97,37,361,7.64,25,1,25,74.5
33636,742,375,2158.14,8,375,5.76,12,0,6,24.4
33637,1428,176,12091.01,320,176,68.7,20,0,17,46.9
33638,1298,71,884.08,271,71,12.45,6,1,40,42.6
33639,1851,6,5957.79,512,6,992.96,11,0,35,60.8
33640,1853,270,452.72,592,270,1.68,11,0,48,60.9
33641,1884,461,528.95,102,461,1.15,22,1,1,61.9
33642,1097,324,6368.69,428,324,19.66,23,1,28,36.0
33643,1759,79,673.79,686,79,8.53,3,0,23,57.8
33644,1324,201,954.55,164,201,4.75,22,1,25,43.5
33645,617,437,9094.68,166,437,20.81,2,0,41,20.3
33646,2546,145,199.73,625,145,1.38,13,1,10,83.6
33647,1305,155,264.6,575,155,1.71,10,1,16,42.9
33648,1677,268,690.68,563,268,2.58,22,1,44,55.1
33649,2307,297,11069.53,18,297,37.27,5,1,37,75.8
33650,721,71,285.71,139,71,4.02,25,1,20,23.7
33651,1806,326,3112.42,708,326,9.55,4,0,30,59.3
33652,358,246,2384.84,520,246,9.69,10,1,8,11.8
33653,551,455,9928.79,438,455,21.82,1,1,12,18.1
33654,266,224,93.71,484,224,0.42,17,1,3,8.7
33655,2059,168,4018.71,115,168,23.92,9,1,44,67.6
33656,1175,49,335.24,341,49,6.84,28,1,12,38.6
33657,1089,294,15152.0,125,294,51.54,9,1,33,35.8
33658,2225,66,3365.83,84,66,51.0,27,1,43,73.1
33659,2475,300,780.03,576,300,2.6,5,1,2,81.3
33660,1620,440,3037.23,584,440,6.9,18,1,32,53.2
33661,1749,71,36193.45,403,71,509.77,27,1,41,57.5
33662,1993,198,9862.65,717,198,49.81,0,1,21,65.5
33663,315,490,37986.09,708,490,77.52,29,0,29,10.3
33664,1358,442,1651.15,216,442,3.74,16,0,2,44.6
33665,216,380,8576.59,6,380,22.57,22,1,45,7.1
33666,1910,353,317.4,366,353,0.9,21,0,34,62.7
33667,836,187,3444.49,313,187,18.42,15,1,12,27.5
33668,294,455,30.19,72,455,0.07,23,1,24,9.7
33669,1096,76,7544.75,663,76,99.27,15,1,49,36.0
33670,1035,153,6125.09,68,153,40.03,4,1,32,34.0
33671,1662,132,6358.21,487,132,48.17,16,1,18,54.6
33672,1932,243,4893.53,508,243,20.14,13,1,25,63.5
33673,2398,25,8124.03,708,25,324.96,13,1,27,78.8
33674,557,197,3024.79,709,197,15.35,8,0,34,18.3
33675,1792,395,31076.26,370,395,78.67,29,1,45,58.9
33676,952,284,3085.85,305,284,10.87,1,1,13,31.3
33677,2039,462,441.52,559,462,0.96,14,1,31,67.0
33678,1141,332,308.41,151,332,0.93,7,1,2,37.5
33679,1761,381,879.16,32,381,2.31,9,0,29,57.9
33680,920,308,626.25,399,308,2.03,8,0,45,30.2
33681,1453,350,17679.18,447,350,50.51,10,0,34,47.7
33682,963,482,499.08,562,482,1.04,9,1,44,31.6
33683,595,72,843.74,535,72,11.72,28,1,30,19.5
33684,1165,125,297.84,679,125,2.38,10,1,23,38.3
33685,1771,472,537.16,433,472,1.14,5,1,26,58.2
33686,1364,235,589.55,694,235,2.51,18,1,0,44.8
33687,2220,161,4561.16,295,161,28.33,12,1,26,72.9
33688,429,42,766.49,579,42,18.25,17,1,16,14.1
33689,133,358,918.1,35,358,2.56,17,1,0,4.4
33690,1539,287,12874.31,207,287,44.86,21,1,28,50.6
33691,2461,119,856.31,84,119,7.2,20,1,4,80.8
33692,2019,264,372.84,241,264,1.41,10,0,8,66.3
33693,1254,388,6638.84,84,388,17.11,15,1,27,41.2
33694,2424,403,2798.35,327,403,6.94,16,0,3,79.6
33695,1670,94,1839.43,98,94,19.57,26,0,14,54.9
33696,1637,472,14750.0,94,472,31.25,10,0,20,53.8
33697,1416,375,73.49,183,375,0.2,1,1,27,46.5
33698,2009,303,4051.28,520,303,13.37,12,1,35,66.0
33699,132,91,6134.94,313,91,67.42,21,0,10,4.3
33700,2359,19,7705.86,470,19,405.57,28,1,38,77.5
33701,2236,459,1116.83,488,459,2.43,17,1,18,73.5
33702,225,354,12312.74,528,354,34.78,1,0,41,7.4
33703,1152,198,21278.82,365,198,107.47,22,1,10,37.8
33704,1871,135,14153.12,385,135,104.84,20,1,1,61.5
33705,512,365,11287.08,677,365,30.92,2,1,46,16.8
33706,1816,117,121.14,569,117,1.04,20,1,3,59.7
33707,817,199,2149.01,469,199,10.8,2,1,44,26.8
33708,1780,198,903.39,399,198,4.56,8,1,6,58.5
33709,898,457,2177.38,73,457,4.76,21,0,8,29.5
33710,1208,195,7061.04,11,195,36.21,17,0,21,39.7
33711,2472,267,8319.06,666,267,31.16,28,0,24,81.2
33712,133,373,985.95,600,373,2.64,13,1,47,4.4
33713,2019,451,1672.83,59,451,3.71,17,1,38,66.3
33714,1312,72,6915.05,178,72,96.04,13,0,26,43.1
33715,1266,477,3129.21,580,477,6.56,27,1,28,41.6
33716,1911,381,113.26,189,381,0.3,21,1,14,62.8
33717,2451,362,231.49,175,362,0.64,8,1,5,80.5
33718,344,425,1136.64,204,425,2.67,5,1,34,11.3
33719,1884,363,1725.69,637,363,4.75,21,1,0,61.9
33720,449,419,3492.06,55,419,8.33,8,1,42,14.8
33721,962,10,4699.81,467,10,469.98,14,1,48,31.6
33722,1276,219,651.5,656,219,2.97,8,1,21,41.9
33723,2525,394,606.05,481,394,1.54,4,1,37,83.0
33724,189,375,3145.35,57,375,8.39,26,1,14,6.2
33725,1321,261,17847.34,50,261,68.38,2,0,21,43.4
33726,443,339,10753.97,132,339,31.72,4,1,13,14.6
33727,2378,225,1620.75,398,225,7.2,14,0,10,78.1
33728,464,338,6798.42,418,338,20.11,26,0,2,15.2
33729,1819,405,2431.13,303,405,6.0,11,1,32,59.8
33730,847,5,1964.29,290,5,392.86,0,1,14,27.8
33731,1154,268,758.53,724,268,2.83,28,0,38,37.9
33732,1788,120,14822.68,302,120,123.52,22,1,18,58.7
33733,1752,140,10891.96,358,140,77.8,24,1,24,57.6
33734,1420,475,1709.14,90,475,3.6,14,0,0,46.6
33735,45,44,2632.14,384,44,59.82,9,0,49,1.5
33736,2425,324,7928.34,515,324,24.47,19,1,10,79.7
33737,821,111,337.74,21,111,3.04,6,0,27,27.0
33738,926,428,6486.84,336,428,15.16,13,0,9,30.4
33739,479,171,1821.27,35,171,10.65,12,0,8,15.7
33740,789,293,185.13,533,293,0.63,9,1,33,25.9
33741,38,71,685.59,104,71,9.66,28,1,38,1.2
33742,484,241,184.87,167,241,0.77,27,1,32,15.9
33743,1696,478,1701.79,188,478,3.56,2,0,35,55.7
33744,627,162,5339.39,523,162,32.96,14,1,45,20.6
33745,1084,494,1024.88,137,494,2.07,17,1,11,35.6
33746,1348,38,687.75,438,38,18.1,29,1,5,44.3
33747,1567,289,515.62,88,289,1.78,3,0,45,51.5
33748,2196,243,72.28,152,243,0.3,29,0,0,72.1
33749,448,69,116.73,375,69,1.69,3,1,20,14.7
33750,188,152,9490.94,588,152,62.44,12,1,17,6.2
33751,1307,78,183.43,453,78,2.35,0,1,4,42.9
33752,2312,171,1217.46,255,171,7.12,4,1,20,76.0
33753,303,64,2525.56,377,64,39.46,4,0,4,10.0
33754,2526,85,33925.53,244,85,399.12,15,0,26,83.0
33755,2288,124,1548.37,170,124,12.49,6,1,15,75.2
33756,898,141,29100.14,335,141,206.38,6,0,23,29.5
33757,211,58,1146.08,51,58,19.76,7,0,49,6.9
33758,938,32,2567.06,102,32,80.22,0,0,36,30.8
33759,2052,472,6354.31,705,472,13.46,6,1,10,67.4
33760,1103,238,14988.95,649,238,62.98,21,1,30,36.2
33761,2551,416,5311.67,458,416,12.77,12,0,46,83.8
33762,549,319,2800.12,174,319,8.78,1,0,42,18.0
33763,565,200,105.69,208,200,0.53,6,1,33,18.6
33764,1471,16,3494.86,223,16,218.43,11,1,49,48.3
33765,1911,67,237.09,115,67,3.54,5,0,40,62.8
33766,251,373,322.52,183,373,0.86,8,1,44,8.2
33767,854,30,3595.93,141,30,119.86,22,0,9,28.1
33768,600,318,4221.02,457,318,13.27,26,1,1,19.7
33769,2448,100,2705.96,640,100,27.06,29,0,16,80.4
33770,216,494,5201.21,441,494,10.53,5,1,44,7.1
33771,121,387,1004.21,141,387,2.59,8,1,35,4.0
33772,2515,461,1023.73,694,461,2.22,14,1,42,82.6
33773,1079,491,3723.23,97,491,7.58,13,0,43,35.4
33774,499,425,1054.58,717,425,2.48,8,1,10,16.4
33775,321,143,6966.42,411,143,48.72,0,1,4,10.5
33776,2062,214,11493.2,396,214,53.71,26,0,17,67.7
33777,422,446,502.51,101,446,1.13,19,1,14,13.9
33778,34,151,2159.69,362,151,14.3,17,1,32,1.1
33779,531,34,49.41,358,34,1.45,6,1,27,17.4
33780,36,253,3672.31,331,253,14.52,24,0,13,1.2
33781,1119,153,949.45,322,153,6.21,3,0,16,36.8
33782,2092,122,428.49,600,122,3.51,10,0,45,68.7
33783,1814,160,984.22,481,160,6.15,20,1,44,59.6
33784,51,54,383.02,706,54,7.09,25,0,20,1.7
33785,565,238,8169.34,192,238,34.32,28,0,15,18.6
33786,2057,250,1128.56,47,250,4.51,11,1,27,67.6
33787,2312,54,404.65,655,54,7.49,7,1,43,76.0
33788,1566,408,1433.42,289,408,3.51,6,1,38,51.4
33789,104,109,2239.72,482,109,20.55,22,1,26,3.4
33790,2211,39,659.53,128,39,16.91,25,0,8,72.6
33791,2130,269,2804.59,46,269,10.43,1,0,43,70.0
33792,2514,298,4960.11,407,298,16.64,13,1,25,82.6
33793,1416,305,6050.73,336,305,19.84,6,0,8,46.5
33794,2357,394,192.35,464,394,0.49,8,0,7,77.4
33795,421,94,345.62,495,94,3.68,3,1,20,13.8
33796,1757,342,1804.29,525,342,5.28,26,1,40,57.7
33797,1436,77,1426.92,566,77,18.53,13,1,38,47.2
33798,1488,429,244.25,177,429,0.57,2,0,7,48.9
33799,2134,42,141.5,55,42,3.37,0,1,10,70.1
33800,2397,453,1509.07,682,453,3.33,12,0,19,78.7
33801,118,183,1732.86,147,183,9.47,26,1,39,3.9
33802,2260,168,2263.16,642,168,13.47,25,0,26,74.2
33803,1757,63,322.39,177,63,5.12,13,0,44,57.7
33804,724,421,1373.8,589,421,3.26,25,1,47,23.8
33805,1131,463,7003.96,299,463,15.13,25,0,9,37.2
33806,1638,166,1758.12,645,166,10.59,6,0,42,53.8
33807,389,272,324.18,613,272,1.19,6,0,11,12.8
33808,1824,494,2869.4,97,494,5.81,25,1,33,59.9
33809,909,455,151.57,469,455,0.33,17,0,19,29.9
33810,347,111,55441.41,252,111,499.47,22,1,22,11.4
33811,1221,25,3259.57,355,25,130.38,10,1,46,40.1
33812,647,375,1308.04,196,375,3.49,29,1,20,21.3
33813,693,197,746.17,337,197,3.79,19,1,14,22.8
33814,1443,406,38591.38,639,406,95.05,26,1,37,47.4
33815,2419,384,300.27,302,384,0.78,20,0,20,79.5
33816,1470,463,1167.58,33,463,2.52,5,1,17,48.3
33817,95,105,18355.04,58,105,174.81,1,0,44,3.1
33818,66,224,5014.96,214,224,22.39,7,0,42,2.2
33819,706,498,1163.52,64,498,2.34,20,0,16,23.2
33820,1862,414,3115.18,334,414,7.52,26,0,30,61.2
33821,455,316,11006.24,302,316,34.83,2,1,31,14.9
33822,1587,436,1848.83,246,436,4.24,29,0,7,52.1
33823,803,303,3824.42,416,303,12.62,27,1,8,26.4
33824,269,57,1126.2,147,57,19.76,21,1,8,8.8
33825,1148,173,6993.43,423,173,40.42,17,0,10,37.7
33826,2212,220,9574.65,570,220,43.52,15,1,39,72.7
33827,156,180,878.43,640,180,4.88,15,1,12,5.1
33828,2377,474,529.73,583,474,1.12,29,1,33,78.1
33829,1139,318,2308.49,695,318,7.26,22,1,27,37.4
33830,2533,235,4245.95,92,235,18.07,25,1,30,83.2
33831,342,241,816.81,510,241,3.39,25,1,48,11.2
33832,431,319,9252.15,597,319,29.0,8,1,0,14.2
33833,321,420,2718.37,184,420,6.47,14,0,12,10.5
33834,1364,82,6072.77,328,82,74.06,25,0,39,44.8
33835,1206,200,5671.6,184,200,28.36,7,1,7,39.6
33836,2108,303,3732.44,321,303,12.32,12,0,2,69.3
33837,300,464,476.12,461,464,1.03,12,1,27,9.9
33838,838,82,6627.9,98,82,80.83,10,0,43,27.5
33839,2300,11,1835.63,504,11,166.88,0,1,9,75.6
33840,900,24,10904.63,285,24,454.36,2,1,48,29.6
33841,850,486,4875.73,472,486,10.03,6,0,18,27.9
33842,1110,390,9756.75,499,390,25.02,13,1,46,36.5
33843,1971,147,380.69,287,147,2.59,23,0,27,64.8
33844,2141,34,12058.0,481,34,354.65,5,1,11,70.3
33845,1590,410,94.31,94,410,0.23,15,1,28,52.2
33846,151,204,18078.07,137,204,88.62,11,0,31,5.0
33847,2092,114,417.43,577,114,3.66,16,0,38,68.7
33848,1801,27,3951.6,523,27,146.36,0,1,2,59.2
33849,2012,134,682.88,22,134,5.1,10,0,0,66.1
33850,853,365,2084.34,654,365,5.71,17,0,46,28.0
33851,567,58,2258.13,657,58,38.93,19,0,12,18.6
33852,2374,236,410.33,295,236,1.74,18,1,38,78.0
33853,39,47,7595.69,491,47,161.61,4,1,35,1.3
33854,1850,379,823.41,262,379,2.17,20,1,35,60.8
33855,1354,401,1480.5,108,401,3.69,12,1,42,44.5
33856,158,185,642.64,177,185,3.47,26,1,38,5.2
33857,1814,118,6699.06,496,118,56.77,26,0,43,59.6
33858,583,95,2653.07,699,95,27.93,23,1,0,19.2
33859,2072,68,66.48,702,68,0.98,5,1,16,68.1
33860,1362,297,3779.84,585,297,12.73,10,1,42,44.7
33861,1562,78,594.27,696,78,7.62,17,1,39,51.3
33862,1990,272,2048.17,544,272,7.53,14,1,27,65.4
33863,329,499,253.37,6,499,0.51,8,0,18,10.8
33864,545,284,2400.16,491,284,8.45,15,1,39,17.9
33865,53,125,3450.95,261,125,27.61,25,0,30,1.7
33866,294,31,5909.39,578,31,190.63,20,0,3,9.7
33867,532,449,5040.71,420,449,11.23,21,0,30,17.5
33868,323,249,2659.92,495,249,10.68,26,1,17,10.6
33869,539,307,565.61,452,307,1.84,7,1,7,17.7
33870,2497,268,1635.71,614,268,6.1,19,0,19,82.0
33871,1986,70,1761.41,435,70,25.16,22,1,44,65.2
33872,1366,292,345.08,111,292,1.18,24,0,30,44.9
33873,1786,494,982.42,41,494,1.99,18,1,40,58.7
33874,187,301,9424.29,721,301,31.31,15,1,19,6.1
33875,1886,7,499.95,182,7,71.42,25,0,49,62.0
33876,752,355,842.59,645,355,2.37,26,0,8,24.7
33877,2549,55,14359.79,631,55,261.09,22,1,3,83.7
33878,1653,193,1142.76,392,193,5.92,3,1,26,54.3
33879,2149,203,1445.15,287,203,7.12,29,1,11,70.6
33880,595,75,518.85,475,75,6.92,16,1,19,19.5
33881,1140,430,279.96,412,430,0.65,6,1,43,37.5
33882,1072,146,2615.72,675,146,17.92,15,1,25,35.2
33883,423,442,2653.21,80,442,6.0,27,1,17,13.9
33884,194,396,5963.17,84,396,15.06,27,0,44,6.4
33885,1584,342,1003.48,410,342,2.93,24,1,31,52.0
33886,475,111,256.11,245,111,2.31,23,1,38,15.6
33887,1197,10,600.38,394,10,60.04,22,1,15,39.3
33888,1369,106,36515.12,665,106,344.48,17,0,44,45.0
33889,2057,352,688.23,135,352,1.96,23,1,12,67.6
33890,1350,252,697.38,471,252,2.77,4,1,45,44.3
33891,2000,488,388.92,532,488,0.8,26,1,1,65.7
33892,2431,204,1716.75,37,204,8.42,8,0,7,79.9
33893,535,440,1660.79,64,440,3.77,23,0,20,17.6
33894,1446,103,101522.16,333,103,985.65,19,1,47,47.5
33895,393,75,2074.43,2,75,27.66,29,0,2,12.9
33896,2309,157,8695.3,288,157,55.38,22,1,18,75.9
33897,2103,247,10428.87,551,247,42.22,29,0,14,69.1
33898,375,429,2083.0,458,429,4.86,27,1,12,12.3
33899,1752,219,294.81,0,219,1.35,3,0,33,57.6
33900,1782,142,242.77,691,142,1.71,26,1,31,58.5
33901,2026,426,7451.56,394,426,17.49,28,1,36,66.6
33902,1505,417,1110.11,249,417,2.66,29,0,16,49.4
33903,1547,473,4281.43,224,473,9.05,11,1,0,50.8
33904,2066,151,528.11,329,151,3.5,27,1,42,67.9
33905,329,145,621.85,727,145,4.29,1,0,39,10.8
33906,917,263,16699.0,499,263,63.49,27,0,5,30.1
33907,1380,379,5531.84,74,379,14.6,12,1,31,45.3
33908,1658,127,450.48,11,127,3.55,21,0,46,54.5
33909,1842,1,1828.99,547,1,1828.99,29,1,19,60.5
33910,1427,60,846.48,221,60,14.11,15,0,44,46.9
33911,2152,408,1142.36,665,408,2.8,13,0,31,70.7
33912,112,299,1559.7,74,299,5.22,14,1,33,3.7
33913,119,243,155.02,144,243,0.64,19,0,46,3.9
33914,1023,166,1094.07,486,166,6.59,4,0,46,33.6
33915,433,260,1614.88,622,260,6.21,10,1,30,14.2
33916,2504,352,888.23,702,352,2.52,19,1,2,82.3
33917,122,50,1481.02,25,50,29.62,26,1,32,4.0
33918,1490,334,2394.32,176,334,7.17,27,0,37,48.9
33919,1184,442,3064.98,64,442,6.93,3,1,26,38.9
33920,535,312,182.71,374,312,0.59,6,1,9,17.6
33921,2492,41,993.32,529,41,24.23,14,0,8,81.9
33922,700,88,587.25,342,88,6.67,9,1,45,23.0
33923,1023,135,4453.53,618,135,32.99,10,0,6,33.6
33924,2027,387,227.85,360,387,0.59,23,1,12,66.6
33925,45,183,5268.5,574,183,28.79,1,0,20,1.5
33926,1150,389,2364.7,62,389,6.08,26,1,15,37.8
33927,1264,130,665.04,662,130,5.12,15,1,15,41.5
33928,895,23,69243.72,511,23,3010.6,22,1,41,29.4
33929,1876,42,1053.72,687,42,25.09,25,1,36,61.6
33930,1543,251,615.95,565,251,2.45,29,0,5,50.7
33931,617,495,6022.7,639,495,12.17,4,1,42,20.3
33932,37,287,2027.56,479,287,7.06,7,0,46,1.2
33933,2427,221,49.76,185,221,0.23,14,1,11,79.7
33934,2077,89,947.9,593,89,10.65,17,1,43,68.2
33935,2001,359,7899.97,728,359,22.01,21,0,42,65.7
33936,1579,29,3837.85,659,29,132.34,25,0,15,51.9
33937,361,311,214.55,453,311,0.69,26,1,40,11.9
33938,1297,386,2178.53,385,386,5.64,0,0,41,42.6
33939,1639,171,3495.3,163,171,20.44,0,1,0,53.8
33940,1860,492,968.14,171,492,1.97,17,1,2,61.1
33941,634,231,402.24,590,231,1.74,27,1,35,20.8
33942,1626,120,4919.24,175,120,40.99,19,0,7,53.4
33943,2262,358,599.05,571,358,1.67,0,1,30,74.3
33944,1508,342,1136.89,380,342,3.32,19,1,29,49.5
33945,2023,479,3260.58,475,479,6.81,8,0,43,66.5
33946,1086,209,4114.51,426,209,19.69,2,0,25,35.7
33947,842,46,2661.58,364,46,57.86,12,1,35,27.7
33948,2513,317,7022.59,112,317,22.15,22,0,26,82.6
33949,2227,148,260.05,632,148,1.76,17,1,47,73.2
33950,358,170,2205.06,112,170,12.97,8,1,3,11.8
33951,1355,59,130.47,567,59,2.21,20,1,42,44.5
33952,1853,421,3675.09,604,421,8.73,27,0,21,60.9
33953,1467,417,3447.61,227,417,8.27,5,0,27,48.2
33954,2301,117,1305.1,719,117,11.15,25,0,19,75.6
33955,687,156,1122.94,209,156,7.2,15,1,20,22.6
33956,385,226,798.74,631,226,3.53,1,1,3,12.6
33957,1587,454,9033.39,130,454,19.9,21,0,47,52.1
33958,1407,403,2952.32,232,403,7.33,11,1,36,46.2
33959,1389,498,2855.2,689,498,5.73,27,1,14,45.6
33960,872,176,3986.59,519,176,22.65,7,1,10,28.6
33961,235,337,3285.01,655,337,9.75,0,1,25,7.7
33962,1534,77,1651.44,273,77,21.45,9,1,26,50.4
33963,1833,332,806.69,163,332,2.43,13,1,14,60.2
33964,1024,235,1600.78,53,235,6.81,5,0,49,33.6
33965,1701,203,753.54,526,203,3.71,24,0,46,55.9
33966,186,482,4040.25,616,482,8.38,4,1,49,6.1
33967,1578,280,1449.7,410,280,5.18,14,1,27,51.8
33968,2224,320,174.25,290,320,0.54,22,0,48,73.1
33969,858,18,3211.53,62,18,178.42,10,1,16,28.2
33970,1545,150,7021.74,234,150,46.81,5,1,21,50.8
33971,1056,363,3067.32,196,363,8.45,12,1,31,34.7
33972,2491,248,8259.87,418,248,33.31,1,1,27,81.8
33973,1062,300,4887.61,98,300,16.29,9,0,41,34.9
33974,2516,491,5335.39,332,491,10.87,11,1,20,82.7
33975,2325,453,921.55,423,453,2.03,19,1,36,76.4
33976,2359,116,6111.62,248,116,52.69,13,1,44,77.5
33977,948,179,526.4,102,179,2.94,8,1,21,31.1
33978,178,459,4087.14,452,459,8.9,3,1,23,5.8
33979,1513,80,663.97,233,80,8.3,10,0,0,49.7
33980,605,233,4198.59,122,233,18.02,21,1,34,19.9
33981,2146,285,4282.92,589,285,15.03,23,1,31,70.5
33982,1582,283,1733.64,327,283,6.13,14,1,29,52.0
33983,840,183,3916.17,186,183,21.4,0,1,37,27.6
33984,1294,293,188.75,593,293,0.64,4,0,35,42.5
33985,1089,186,2516.11,659,186,13.53,19,1,40,35.8
33986,2072,101,14946.85,445,101,147.99,2,0,49,68.1
33987,127,69,1441.29,680,69,20.89,11,1,27,4.2
33988,461,312,1124.6,691,312,3.6,6,0,25,15.1
33989,2430,375,2707.7,220,375,7.22,11,0,46,79.8
33990,157,479,12153.25,345,479,25.37,19,1,22,5.2
33991,568,391,3899.74,607,391,9.97,1,0,23,18.7
33992,584,399,1976.0,340,399,4.95,8,0,10,19.2
33993,1893,184,4274.72,211,184,23.23,21,1,5,62.2
33994,2203,495,895.79,584,495,1.81,0,1,3,72.4
33995,1076,462,291.86,412,462,0.63,3,0,37,35.3
33996,2213,170,377.11,409,170,2.22,9,1,16,72.7
33997,968,220,1076.81,680,220,4.89,15,1,32,31.8
33998,943,284,3454.47,41,284,12.16,29,1,26,31.0
33999,1393,446,2973.12,501,446,6.67,7,1,39,45.8
34000,1028,450,176.85,225,450,0.39,7,0,39,33.8
34001,1350,241,1409.65,519,241,5.85,27,0,40,44.3
34002,404,214,773.84,159,214,3.62,28,0,4,13.3
34003,1165,235,1213.98,347,235,5.17,7,0,45,38.3
34004,858,193,844.18,355,193,4.37,15,1,11,28.2
34005,41,366,827.2,293,366,2.26,4,1,14,1.3
34006,1933,445,213.16,6,445,0.48,6,0,31,63.5
34007,803,249,2616.97,144,249,10.51,3,1,8,26.4
34008,1269,172,3094.36,100,172,17.99,1,1,13,41.7
34009,1685,176,629.79,15,176,3.58,3,0,21,55.4
34010,2345,269,9262.05,246,269,34.43,6,1,24,77.0
34011,1393,389,1342.67,393,389,3.45,0,1,5,45.8
34012,1545,106,42700.79,594,106,402.84,22,1,11,50.8
34013,1339,492,144.96,169,492,0.29,8,1,23,44.0
34014,1805,369,12088.35,574,369,32.76,15,1,30,59.3
34015,817,56,305.89,379,56,5.46,4,1,3,26.8
34016,924,19,5509.77,223,19,289.99,11,0,27,30.4
34017,1719,120,5173.22,38,120,43.11,26,1,31,56.5
34018,707,105,43.44,13,105,0.41,8,1,8,23.2
34019,364,250,155.01,99,250,0.62,16,1,19,12.0
34020,1728,107,51298.63,59,107,479.43,7,0,22,56.8
34021,1959,101,1798.8,10,101,17.81,29,0,14,64.4
34022,2225,222,735.97,331,222,3.32,15,0,38,73.1
34023,1409,498,3922.91,546,498,7.88,26,0,33,46.3
34024,69,188,281.69,290,188,1.5,28,1,22,2.3
34025,747,6,19113.15,124,6,3185.52,9,1,48,24.5
34026,1715,87,2611.88,27,87,30.02,17,1,40,56.3
34027,1370,62,2874.59,60,62,46.36,15,1,39,45.0
34028,79,7,10207.37,729,7,1458.2,13,1,40,2.6
34029,633,256,541.71,448,256,2.12,9,1,20,20.8
34030,742,350,3053.01,335,350,8.72,19,0,34,24.4
34031,794,237,2313.91,424,237,9.76,5,1,35,26.1
34032,2387,415,1887.7,44,415,4.55,6,0,18,78.4
34033,684,235,1447.46,562,235,6.16,21,1,12,22.5
34034,1314,4,4208.21,273,4,1052.05,4,1,5,43.2
34035,1901,411,452.32,151,411,1.1,5,0,3,62.5
34036,2230,453,3534.57,11,453,7.8,7,1,21,73.3
34037,1126,286,1356.21,723,286,4.74,28,1,28,37.0
34038,761,138,678.01,677,138,4.91,10,1,2,25.0
34039,1281,331,5087.47,155,331,15.37,22,1,23,42.1
34040,1691,453,2773.33,194,453,6.12,0,0,47,55.6
34041,1156,392,4420.09,303,392,11.28,14,1,2,38.0
34042,71,407,222.78,536,407,0.55,19,1,8,2.3
34043,1910,215,506.24,560,215,2.35,17,1,13,62.7
34044,1839,404,290.55,249,404,0.72,11,1,36,60.4
34045,2035,103,5114.81,19,103,49.66,4,0,41,66.9
34046,603,404,2646.87,463,404,6.55,13,1,7,19.8
34047,1460,318,741.31,307,318,2.33,8,1,17,48.0
34048,1934,223,1702.0,536,223,7.63,5,0,5,63.5
34049,833,391,1495.0,186,391,3.82,2,1,39,27.4
34050,921,269,4968.05,69,269,18.47,1,1,33,30.3
34051,1680,281,5201.42,459,281,18.51,5,0,49,55.2
34052,2019,148,977.41,290,148,6.6,18,0,43,66.3
34053,932,461,572.49,473,461,1.24,15,1,39,30.6
34054,2374,229,96001.23,388,229,419.22,14,1,29,78.0
34055,1971,397,102.84,346,397,0.26,4,0,21,64.8
34056,1603,187,120.53,321,187,0.64,20,1,45,52.7
34057,404,435,48950.67,338,435,112.53,16,0,45,13.3
34058,509,293,3741.94,469,293,12.77,12,0,34,16.7
34059,1354,299,1432.2,74,299,4.79,10,0,35,44.5
34060,843,281,5518.12,592,281,19.64,11,0,10,27.7
34061,2140,179,1767.66,322,179,9.88,27,1,42,70.3
34062,2122,488,3022.95,637,488,6.19,28,1,21,69.7
34063,1358,494,1529.77,23,494,3.1,9,1,10,44.6
34064,63,175,1498.35,229,175,8.56,16,0,4,2.1
34065,2240,215,799.22,232,215,3.72,10,1,21,73.6
34066,186,25,2032.32,300,25,81.29,19,1,16,6.1
34067,2375,394,637.75,597,394,1.62,20,1,27,78.0
34068,106,86,12702.35,690,86,147.7,3,0,32,3.5
34069,963,326,1396.53,594,326,4.28,4,1,15,31.6
34070,724,269,584.72,663,269,2.17,0,1,33,23.8
34071,2186,398,555.68,496,398,1.4,9,1,37,71.8
34072,850,413,6815.77,16,413,16.5,28,1,31,27.9
34073,1683,361,823.02,287,361,2.28,21,0,0,55.3
34074,329,202,4728.48,150,202,23.41,3,1,39,10.8
34075,2497,1,6424.56,451,1,6424.56,20,1,17,82.0
34076,1211,365,1207.55,228,365,3.31,28,0,14,39.8
34077,2056,446,1376.69,145,446,3.09,0,1,22,67.5
34078,1692,142,5775.42,627,142,40.67,24,1,37,55.6
34079,1707,115,141.82,512,115,1.23,3,0,41,56.1
34080,1132,386,3211.72,620,386,8.32,17,1,43,37.2
34081,1165,215,302.23,669,215,1.41,8,0,1,38.3
34082,1305,230,8722.5,98,230,37.92,27,1,23,42.9
34083,2503,4,1833.11,549,4,458.28,27,1,21,82.2
34084,2138,374,99.77,390,374,0.27,10,1,48,70.2
34085,411,91,3972.7,509,91,43.66,16,1,40,13.5
34086,2323,480,1679.91,519,480,3.5,20,1,12,76.3
34087,1054,329,662.65,436,329,2.01,10,1,37,34.6
34088,1934,107,20376.64,175,107,190.44,24,1,48,63.5
34089,602,94,8118.56,548,94,86.37,21,1,20,19.8
34090,2048,361,490.6,507,361,1.36,13,1,46,67.3
34091,814,497,147.93,460,497,0.3,5,1,43,26.7
34092,1079,296,4232.64,691,296,14.3,28,0,48,35.4
34093,1566,130,8383.78,495,130,64.49,29,0,19,51.4
34094,2231,432,2769.22,722,432,6.41,8,0,21,73.3
34095,1145,353,1962.18,26,353,5.56,25,0,33,37.6
34096,441,477,84.76,582,477,0.18,6,1,2,14.5
34097,2330,229,452.5,499,229,1.98,27,0,10,76.5
34098,1951,312,2316.89,631,312,7.43,17,1,44,64.1
34099,2479,287,95.12,666,287,0.33,10,0,48,81.4
34100,96,256,14701.94,95,256,57.43,9,0,34,3.2
34101,313,13,2005.14,146,13,154.24,17,1,12,10.3
34102,2137,154,138.85,540,154,0.9,10,1,46,70.2
34103,2173,75,4134.22,206,75,55.12,3,0,6,71.4
34104,2317,209,2904.67,479,209,13.9,14,1,25,76.1
34105,2286,111,1302.94,624,111,11.74,21,0,31,75.1
34106,1240,100,2530.58,408,100,25.31,16,1,38,40.7
34107,1663,227,1053.43,467,227,4.64,14,1,12,54.6
34108,934,415,3160.93,554,415,7.62,12,1,45,30.7
34109,1313,212,3165.76,31,212,14.93,6,0,28,43.1
34110,1349,188,1298.01,635,188,6.9,21,1,10,44.3
34111,2514,258,2144.04,273,258,8.31,28,0,18,82.6
34112,785,422,1456.18,531,422,3.45,2,0,23,25.8
34113,35,374,97.63,76,374,0.26,27,1,32,1.1
34114,1938,449,1116.19,441,449,2.49,11,1,4,63.7
34115,2155,332,2047.54,538,332,6.17,10,1,27,70.8
34116,2393,343,683.82,98,343,1.99,28,1,24,78.6
34117,1099,472,426.51,484,472,0.9,10,0,7,36.1
34118,1464,414,73.79,95,414,0.18,1,1,34,48.1
34119,670,291,1926.96,523,291,6.62,23,1,24,22.0
34120,1553,497,971.87,573,497,1.96,25,1,22,51.0
34121,683,251,52420.31,16,251,208.85,25,0,31,22.4
34122,147,295,1371.79,240,295,4.65,28,1,9,4.8
34123,1034,225,146.03,266,225,0.65,11,1,16,34.0
34124,754,37,15102.77,668,37,408.18,4,1,28,24.8
34125,957,3,1398.75,618,3,466.25,3,0,11,31.4
34126,1191,66,446.79,405,66,6.77,25,1,24,39.1
34127,1169,8,17407.05,448,8,2175.88,24,0,33,38.4
34128,2245,190,4125.71,628,190,21.71,12,1,14,73.8
34129,2349,316,256.65,18,316,0.81,0,1,43,77.2
34130,1751,197,274.88,241,197,1.4,11,0,17,57.5
34131,1980,44,1542.16,82,44,35.05,19,1,28,65.0
34132,411,72,351.68,247,72,4.88,16,0,36,13.5
34133,2010,22,331.93,54,22,15.09,14,1,0,66.0
34134,140,69,12933.32,420,69,187.44,24,1,4,4.6
34135,1033,36,3574.93,242,36,99.3,18,0,0,33.9
34136,2431,450,424.23,47,450,0.94,24,0,13,79.9
34137,748,366,292.63,226,366,0.8,20,1,16,24.6
34138,1180,200,65.58,377,200,0.33,21,0,32,38.8
34139,1930,269,19712.79,634,269,73.28,24,1,6,63.4
34140,772,44,482.54,225,44,10.97,26,1,15,25.4
34141,1358,256,5153.83,268,256,20.13,19,1,35,44.6
34142,50,77,7082.08,457,77,91.98,10,0,18,1.6
34143,2336,51,2334.76,628,51,45.78,19,0,33,76.7
34144,2232,154,5149.22,288,154,33.44,1,0,43,73.3
34145,1504,450,138.27,422,450,0.31,16,1,31,49.4
34146,2303,461,412.51,448,461,0.89,7,0,22,75.7
34147,2485,52,175.35,605,52,3.37,28,1,48,81.6
34148,2279,288,6586.48,609,288,22.87,12,0,14,74.9
34149,1206,278,149.95,264,278,0.54,4,1,38,39.6
34150,1876,53,640.48,713,53,12.08,29,1,19,61.6
34151,2424,324,2822.95,221,324,8.71,11,1,6,79.6
34152,905,110,82.43,504,110,0.75,19,1,48,29.7
34153,2090,239,166.92,325,239,0.7,25,1,26,68.7
34154,1246,431,7362.37,404,431,17.08,4,1,45,40.9
34155,1931,102,952.08,261,102,9.33,29,0,26,63.4
34156,498,257,777.41,113,257,3.02,9,0,35,16.4
34157,1395,313,1789.17,362,313,5.72,26,0,1,45.8
34158,2307,362,282.19,167,362,0.78,18,1,16,75.8
34159,1971,451,6390.11,558,451,14.17,15,0,8,64.8
34160,86,290,617.83,165,290,2.13,21,0,43,2.8
34161,2064,139,649.83,719,139,4.68,16,0,49,67.8
34162,491,134,1593.16,687,134,11.89,20,1,29,16.1
34163,158,273,11048.7,442,273,40.47,1,1,26,5.2
34164,2312,499,188.75,648,499,0.38,23,1,47,76.0
34165,716,339,15170.31,170,339,44.75,1,1,36,23.5
34166,1057,134,1376.0,41,134,10.27,13,0,28,34.7
34167,274,394,724.29,480,394,1.84,8,0,3,9.0
34168,1710,458,292.89,246,458,0.64,16,0,41,56.2
34169,538,56,8969.86,235,56,160.18,23,0,8,17.7
34170,1967,138,446.51,578,138,3.24,27,0,40,64.6
34171,1467,161,266.98,300,161,1.66,29,0,26,48.2
34172,2217,175,207.06,474,175,1.18,8,0,12,72.8
34173,267,386,220.52,34,386,0.57,3,1,20,8.8
34174,1522,275,871.21,122,275,3.17,8,0,20,50.0
34175,2260,82,3923.02,419,82,47.84,7,1,18,74.2
34176,2405,189,1880.9,457,189,9.95,12,1,42,79.0
34177,1027,155,1093.72,495,155,7.06,8,1,1,33.7
34178,2326,55,4989.97,609,55,90.73,13,1,25,76.4
34179,2498,37,299.03,722,37,8.08,27,0,19,82.1
34180,1420,442,1883.25,521,442,4.26,16,0,28,46.6
34181,2175,136,3783.79,136,136,27.82,11,0,13,71.5
34182,244,326,23008.43,99,326,70.58,10,0,29,8.0
34183,1527,61,2391.14,26,61,39.2,6,1,31,50.2
34184,1383,15,23541.43,17,15,1569.43,13,1,15,45.4
34185,56,455,15375.11,677,455,33.79,17,1,49,1.8
34186,1384,209,1269.82,342,209,6.08,6,1,45,45.5
34187,180,23,14213.61,511,23,617.98,12,1,21,5.9
34188,1340,157,55231.73,631,157,351.79,24,1,14,44.0
34189,2073,120,5941.29,235,120,49.51,0,1,7,68.1
34190,307,159,10071.06,656,159,63.34,2,0,29,10.1
34191,528,398,396.36,268,398,1.0,11,1,17,17.3
34192,950,270,1551.93,130,270,5.75,24,0,3,31.2
34193,1344,235,2384.63,351,235,10.15,26,1,3,44.2
34194,1442,156,435.47,260,156,2.79,15,1,3,47.4
34195,1340,451,26271.93,225,451,58.25,19,0,21,44.0
34196,789,10,458.0,425,10,45.8,19,1,10,25.9
34197,1504,355,150.99,381,355,0.43,0,1,48,49.4
34198,1420,472,2371.91,516,472,5.03,20,0,28,46.6
34199,1415,457,25573.69,197,457,55.96,29,1,25,46.5
34200,2093,475,6027.18,297,475,12.69,19,1,25,68.8
34201,2487,386,1379.91,11,386,3.57,14,0,2,81.7
34202,2515,101,202.1,436,101,2.0,1,1,17,82.6
34203,58,103,3501.24,363,103,33.99,14,1,47,1.9
34204,1889,275,3223.7,547,275,11.72,28,1,48,62.1
34205,1863,271,5151.02,32,271,19.01,19,1,28,61.2
34206,1912,428,741.5,717,428,1.73,4,0,37,62.8
34207,100,266,634.69,622,266,2.39,29,1,49,3.3
34208,1751,161,3404.06,161,161,21.14,1,1,0,57.5
34209,1063,284,10529.51,520,284,37.08,8,1,21,34.9
34210,1778,477,402.05,13,477,0.84,14,1,48,58.4
34211,1678,459,16666.79,676,459,36.31,10,1,16,55.1
34212,1150,238,550.75,213,238,2.31,1,1,21,37.8
34213,717,274,7779.33,498,274,28.39,7,1,42,23.6
34214,1233,220,53801.54,276,220,244.55,8,1,40,40.5
34215,467,146,3643.53,521,146,24.96,8,0,5,15.3
34216,1158,473,723.86,98,473,1.53,18,1,10,38.0
34217,106,191,2791.9,268,191,14.62,27,1,21,3.5
34218,1157,250,1644.19,23,250,6.58,26,1,49,38.0
34219,2027,233,11757.19,363,233,50.46,21,1,41,66.6
34220,817,142,74.34,62,142,0.52,9,1,47,26.8
34221,550,9,2184.18,410,9,242.69,20,1,20,18.1
34222,1698,408,1782.64,678,408,4.37,24,1,5,55.8
34223,2247,468,3378.66,726,468,7.22,1,0,16,73.8
34224,1219,353,2389.94,485,353,6.77,4,0,37,40.0
34225,1471,174,215.32,44,174,1.24,11,1,17,48.3
34226,1307,141,3518.67,398,141,24.96,28,1,6,42.9
34227,680,205,8167.91,287,205,39.84,16,1,32,22.3
34228,463,368,1215.55,67,368,3.3,17,1,12,15.2
34229,1891,16,543.98,430,16,34.0,17,1,30,62.1
34230,1325,196,478.32,406,196,2.44,20,1,40,43.5
34231,1515,445,880.0,64,445,1.98,14,1,43,49.8
34232,95,441,592.03,412,441,1.34,26,1,45,3.1
34233,1800,84,37062.25,286,84,441.22,18,1,29,59.1
34234,633,455,23622.7,351,455,51.92,23,0,8,20.8
34235,444,359,583.4,199,359,1.63,15,1,6,14.6
34236,1300,31,1686.01,247,31,54.39,16,1,38,42.7
34237,2349,170,23152.94,653,170,136.19,20,0,17,77.2
34238,70,277,3034.32,28,277,10.95,15,0,5,2.3
34239,61,316,1154.28,355,316,3.65,6,0,32,2.0
34240,2209,112,2182.08,446,112,19.48,9,1,14,72.6
34241,563,156,6412.77,87,156,41.11,23,1,24,18.5
34242,293,481,892.61,21,481,1.86,7,0,4,9.6
34243,1642,10,175.53,560,10,17.55,28,0,31,53.9
34244,2182,343,239.35,523,343,0.7,0,0,16,71.7
34245,2034,266,396.89,230,266,1.49,5,0,26,66.8
34246,1798,319,14258.38,593,319,44.7,18,1,47,59.1
34247,2495,265,5575.14,411,265,21.04,19,1,4,82.0
34248,985,247,3328.42,265,247,13.48,24,1,3,32.4
34249,2304,412,184.3,515,412,0.45,8,1,33,75.7
34250,2454,140,2157.44,642,140,15.41,15,1,10,80.6
34251,852,67,3802.13,419,67,56.75,5,1,27,28.0
34252,1438,295,4151.51,358,295,14.07,9,1,48,47.2
34253,283,344,565.43,440,344,1.64,20,1,42,9.3
34254,2269,129,3521.17,541,129,27.3,20,1,5,74.5
34255,2113,254,31770.02,118,254,125.08,18,0,46,69.4
34256,638,354,3425.45,581,354,9.68,9,0,2,21.0
34257,877,470,1257.17,270,470,2.67,20,0,18,28.8
34258,1182,96,642.62,389,96,6.69,24,1,12,38.8
34259,1712,257,277.02,583,257,1.08,22,0,23,56.2
34260,2541,414,163.58,326,414,0.4,16,1,6,83.5
34261,1639,444,111.07,464,444,0.25,2,0,4,53.8
34262,1248,140,5718.88,89,140,40.85,5,1,2,41.0
34263,1444,311,14508.08,17,311,46.65,2,1,11,47.4
34264,64,405,1068.22,148,405,2.64,10,1,35,2.1
34265,2168,407,3316.94,729,407,8.15,24,0,11,71.2
34266,344,190,1028.25,703,190,5.41,18,0,7,11.3
34267,1305,30,474.54,137,30,15.82,6,0,43,42.9
34268,556,318,814.8,340,318,2.56,13,1,21,18.3
34269,710,30,1884.31,664,30,62.81,2,1,10,23.3
34270,2509,55,1280.35,551,55,23.28,25,1,2,82.4
34271,1209,261,6075.53,265,261,23.28,22,1,5,39.7
34272,1134,136,585.74,603,136,4.31,19,1,8,37.3
34273,1431,289,4412.35,243,289,15.27,22,1,15,47.0
34274,656,198,36450.0,21,198,184.09,9,0,11,21.6
34275,1145,389,1843.39,165,389,4.74,24,1,34,37.6
34276,1557,110,1950.42,389,110,17.73,17,0,42,51.1
34277,2435,376,696.41,634,376,1.85,18,0,7,80.0
34278,2182,402,798.55,680,402,1.99,1,0,35,71.7
34279,1326,458,785.0,647,458,1.71,29,1,36,43.6
34280,2039,383,13811.08,590,383,36.06,24,1,4,67.0
34281,892,439,868.99,643,439,1.98,7,0,45,29.3
34282,1377,331,18443.12,482,331,55.72,6,1,47,45.2
34283,2088,341,5980.87,462,341,17.54,28,1,9,68.6
34284,1841,19,8327.43,149,19,438.29,2,1,48,60.5
34285,216,348,15894.75,251,348,45.67,28,1,16,7.1
34286,372,36,12606.99,647,36,350.19,28,1,28,12.2
34287,1501,412,515.31,222,412,1.25,18,1,14,49.3
34288,69,112,863.26,133,112,7.71,10,0,38,2.3
34289,2033,454,8044.97,497,454,17.72,20,0,0,66.8
34290,2085,171,1144.37,31,171,6.69,1,0,38,68.5
34291,273,346,2954.51,700,346,8.54,7,1,8,9.0
34292,811,35,2391.83,86,35,68.34,19,0,24,26.6
34293,245,93,2739.55,478,93,29.46,8,1,6,8.0
34294,702,368,371.29,643,368,1.01,21,1,27,23.1
34295,2137,156,8778.27,372,156,56.27,4,0,32,70.2
34296,530,302,210.9,549,302,0.7,13,0,36,17.4
34297,729,242,454.65,194,242,1.88,9,0,21,23.9
34298,36,257,4239.05,254,257,16.49,12,1,47,1.2
34299,2507,37,3806.33,267,37,102.87,28,0,12,82.4
34300,1333,170,9843.22,439,170,57.9,2,1,17,43.8
34301,2473,68,2852.18,244,68,41.94,19,1,26,81.2
34302,1990,28,247.94,7,28,8.86,13,0,29,65.4
34303,1993,387,5025.1,342,387,12.98,14,0,10,65.5
34304,648,458,2069.91,302,458,4.52,26,1,18,21.3
34305,2514,245,2699.41,515,245,11.02,13,1,48,82.6
34306,1791,313,301.83,7,313,0.96,4,0,25,58.8
34307,2120,205,108128.32,96,205,527.46,6,0,47,69.6
34308,1293,371,94.96,218,371,0.26,18,0,21,42.5
34309,84,426,3379.51,3,426,7.93,22,0,49,2.8
34310,980,320,2321.51,69,320,7.25,8,1,23,32.2
34311,244,105,722.17,107,105,6.88,12,1,25,8.0
34312,2495,205,4810.46,143,205,23.47,6,0,18,82.0
34313,218,3,1870.81,274,3,623.6,24,1,26,7.2
34314,2428,152,1226.52,636,152,8.07,17,1,16,79.8
34315,2273,62,493.28,467,62,7.96,25,0,3,74.7
34316,1566,174,3260.67,234,174,18.74,22,1,28,51.4
34317,1413,154,52244.23,121,154,339.25,17,0,21,46.4
34318,788,37,1438.6,554,37,38.88,29,1,18,25.9
34319,2260,297,9954.06,559,297,33.52,10,1,3,74.2
34320,854,46,3007.74,459,46,65.39,15,1,19,28.1
34321,531,339,667.87,536,339,1.97,7,1,3,17.4
34322,608,433,2784.47,515,433,6.43,14,0,23,20.0
34323,710,244,457.08,595,244,1.87,15,0,22,23.3
34324,1745,309,970.64,675,309,3.14,2,1,1,57.3
34325,1430,110,295.1,696,110,2.68,15,0,28,47.0
34326,1634,229,1225.32,533,229,5.35,28,1,26,53.7
34327,1220,163,1109.78,715,163,6.81,13,1,16,40.1
34328,2043,355,8012.82,195,355,22.57,13,0,15,67.1
34329,1059,138,1804.17,14,138,13.07,1,0,18,34.8
34330,1195,453,4159.78,64,453,9.18,4,1,27,39.3
34331,285,339,441.28,379,339,1.3,4,1,48,9.4
34332,1729,2,6058.16,562,2,3029.08,10,1,49,56.8
34333,612,26,2835.39,150,26,109.05,13,1,22,20.1
34334,2083,401,9839.01,651,401,24.54,16,1,0,68.4
34335,1350,282,4698.69,624,282,16.66,11,0,21,44.3
34336,1447,64,8819.15,678,64,137.8,5,1,37,47.5
34337,2466,446,95371.45,492,446,213.84,14,0,42,81.0
34338,632,256,1205.57,703,256,4.71,8,1,0,20.8
34339,1765,287,1379.89,529,287,4.81,15,0,35,58.0
34340,2442,190,2015.75,564,190,10.61,6,0,47,80.2
34341,1848,430,2074.29,147,430,4.82,7,1,6,60.7
34342,583,296,459.53,475,296,1.55,12,0,44,19.2
34343,1882,301,1174.2,219,301,3.9,17,1,11,61.8
34344,1140,60,4963.87,555,60,82.73,28,1,17,37.5
34345,2376,164,4943.19,293,164,30.14,11,1,16,78.1
34346,782,302,206.74,717,302,0.68,6,1,14,25.7
34347,389,295,743.37,329,295,2.52,1,1,15,12.8
34348,1275,23,2278.28,603,23,99.06,5,1,30,41.9
34349,1847,230,386.46,568,230,1.68,20,0,46,60.7
34350,2010,333,3510.85,174,333,10.54,2,0,22,66.0
34351,2515,166,2162.96,549,166,13.03,2,0,38,82.6
34352,198,434,14906.81,462,434,34.35,25,1,27,6.5
34353,284,277,9823.67,215,277,35.46,24,0,32,9.3
34354,1242,447,3470.53,654,447,7.76,13,0,17,40.8
34355,514,19,5312.17,61,19,279.59,11,1,3,16.9
34356,857,359,778.12,712,359,2.17,18,1,33,28.2
34357,551,369,186.48,427,369,0.51,5,0,5,18.1
34358,1845,459,164.79,197,459,0.36,11,0,33,60.6
34359,498,487,264.42,146,487,0.54,6,1,38,16.4
34360,2485,351,67.63,532,351,0.19,8,1,27,81.6
34361,2227,218,290.68,430,218,1.33,9,1,45,73.2
34362,2481,15,641.78,212,15,42.79,4,0,43,81.5
34363,1351,392,11084.44,467,392,28.28,20,1,15,44.4
34364,436,431,141.25,267,431,0.33,7,1,34,14.3
34365,2137,236,3894.97,261,236,16.5,11,0,46,70.2
34366,1227,384,597.85,684,384,1.56,12,0,5,40.3
34367,188,459,1624.73,726,459,3.54,11,1,2,6.2
34368,1567,231,3360.24,55,231,14.55,29,1,38,51.5
34369,399,305,803.0,114,305,2.63,5,0,41,13.1
34370,1994,282,155.89,559,282,0.55,8,0,41,65.5
34371,1353,356,4534.18,139,356,12.74,26,1,3,44.4
34372,2094,6,1845.11,199,6,307.52,4,0,22,68.8
34373,216,71,10761.87,513,71,151.58,6,1,33,7.1
34374,2533,108,806.14,82,108,7.46,0,1,40,83.2
34375,1010,316,6158.44,536,316,19.49,24,0,2,33.2
34376,164,388,566.52,642,388,1.46,23,0,13,5.4
34377,1268,212,27593.35,144,212,130.16,4,1,22,41.7
34378,2137,251,703.87,132,251,2.8,18,0,18,70.2
34379,326,192,2896.07,173,192,15.08,2,1,26,10.7
34380,1134,343,1471.14,615,343,4.29,6,1,45,37.3
34381,2120,28,2567.19,586,28,91.69,5,1,1,69.6
34382,2266,38,1053.16,550,38,27.71,22,0,13,74.4
34383,1063,321,7165.18,166,321,22.32,10,0,10,34.9
34384,2136,67,652.16,483,67,9.73,7,0,0,70.2
34385,1473,86,732.11,709,86,8.51,23,0,35,48.4
34386,1799,205,799.54,717,205,3.9,21,0,21,59.1
34387,2520,438,994.61,454,438,2.27,11,0,8,82.8
34388,222,3,2355.8,433,3,785.27,28,0,19,7.3
34389,1162,459,412.69,476,459,0.9,12,1,13,38.2
34390,2304,414,1481.32,152,414,3.58,12,0,10,75.7
34391,1219,209,4222.48,88,209,20.2,28,1,11,40.0
34392,1249,391,8380.95,227,391,21.43,12,0,19,41.0
34393,2335,318,16251.78,211,318,51.11,18,0,11,76.7
34394,2514,125,2516.49,364,125,20.13,28,0,34,82.6
34395,624,420,1896.63,330,420,4.52,8,1,45,20.5
34396,1639,461,134.12,723,461,0.29,29,1,33,53.8
34397,1312,468,1967.12,82,468,4.2,6,1,30,43.1
34398,2123,234,347.65,109,234,1.49,25,0,41,69.7
34399,462,390,4834.35,246,390,12.4,4,1,5,15.2
34400,2526,296,261.36,20,296,0.88,15,0,10,83.0
34401,1475,204,860.69,582,204,4.22,26,0,10,48.5
34402,872,449,394.9,716,449,0.88,2,0,34,28.6
34403,1235,305,4108.47,496,305,13.47,19,1,48,40.6
34404,390,422,4765.48,612,422,11.29,19,0,21,12.8
34405,317,196,244.15,283,196,1.25,10,1,7,10.4
34406,1151,59,586.39,19,59,9.94,7,1,46,37.8
34407,634,101,6609.86,343,101,65.44,21,0,32,20.8
34408,2489,399,4728.11,273,399,11.85,17,0,14,81.8
34409,2496,236,2090.49,382,236,8.86,14,1,12,82.0
34410,1879,23,983.82,240,23,42.77,13,1,26,61.7
34411,1166,138,24188.63,68,138,175.28,7,1,46,38.3
34412,934,338,4937.15,296,338,14.61,9,1,7,30.7
34413,488,76,992.37,124,76,13.06,20,1,29,16.0
34414,2161,97,4474.83,318,97,46.13,27,1,11,71.0
34415,747,95,826.75,278,95,8.7,1,0,24,24.5
34416,381,228,295.5,240,228,1.3,3,0,32,12.5
34417,2005,218,187.57,401,218,0.86,29,0,16,65.9
34418,804,6,4826.95,83,6,804.49,5,1,27,26.4
34419,1594,20,33378.42,502,20,1668.92,18,0,16,52.4
34420,1860,84,1181.64,52,84,14.07,19,1,43,61.1
34421,1122,280,2447.07,550,280,8.74,26,0,9,36.9
34422,1445,326,454.2,273,326,1.39,19,1,46,47.5
34423,719,269,2683.92,310,269,9.98,16,1,17,23.6
34424,1026,412,2416.08,331,412,5.86,23,1,43,33.7
34425,1647,97,3765.74,426,97,38.82,4,1,47,54.1
34426,2014,175,9637.0,638,175,55.07,26,1,27,66.2
34427,881,448,4622.62,109,448,10.32,12,0,42,28.9
34428,1486,361,2840.5,386,361,7.87,12,1,25,48.8
34429,970,67,781.91,62,67,11.67,28,1,38,31.9
34430,1925,376,684.57,122,376,1.82,2,1,11,63.2
34431,2460,404,304.59,429,404,0.75,7,1,35,80.8
34432,593,314,3847.91,551,314,12.25,24,1,40,19.5
34433,1768,4,1035.05,393,4,258.76,21,1,21,58.1
34434,875,38,2316.87,450,38,60.97,4,1,35,28.7
34435,236,363,1668.5,390,363,4.6,21,1,19,7.8
34436,2267,177,1501.23,608,177,8.48,0,0,7,74.5
34437,1678,249,1620.64,200,249,6.51,1,1,35,55.1
34438,932,294,653.4,81,294,2.22,28,1,39,30.6
34439,185,371,2008.73,710,371,5.41,5,0,16,6.1
34440,529,429,4675.83,56,429,10.9,10,1,2,17.4
34441,696,225,3082.18,626,225,13.7,9,0,6,22.9
34442,42,445,834.28,578,445,1.87,18,1,23,1.4
34443,767,4,194.78,549,4,48.7,27,1,3,25.2
34444,2366,119,204.46,83,119,1.72,29,1,11,77.7
34445,368,314,5595.97,652,314,17.82,12,0,10,12.1
34446,1167,456,1799.55,431,456,3.95,3,1,45,38.3
34447,1909,223,411.94,516,223,1.85,23,1,0,62.7
34448,1321,393,717.97,729,393,1.83,27,1,2,43.4
34449,519,445,268.99,35,445,0.6,0,1,9,17.0
34450,1908,122,1604.77,388,122,13.15,10,0,45,62.7
34451,2100,246,2163.37,691,246,8.79,8,1,19,69.0
34452,581,250,27.83,683,250,0.11,25,0,31,19.1
34453,2027,356,366.98,268,356,1.03,29,1,18,66.6
34454,673,268,132.55,672,268,0.49,4,0,25,22.1
34455,1907,467,949.21,36,467,2.03,27,1,20,62.6
34456,1308,341,1685.21,392,341,4.94,19,1,0,43.0
34457,1701,365,99.56,93,365,0.27,11,1,21,55.9
34458,1691,334,3958.4,451,334,11.85,28,0,9,55.6
34459,1426,243,2351.3,130,243,9.68,1,1,10,46.8
34460,1032,20,525.81,281,20,26.29,2,1,14,33.9
34461,1203,429,4422.17,282,429,10.31,3,0,32,39.5
34462,1273,103,5137.12,310,103,49.87,11,1,21,41.8
34463,831,90,1279.63,630,90,14.22,27,1,43,27.3
34464,133,201,1606.78,626,201,7.99,7,0,42,4.4
34465,1489,67,2547.03,300,67,38.02,4,1,13,48.9
34466,1197,63,10929.16,45,63,173.48,25,1,42,39.3
34467,1009,125,2771.2,298,125,22.17,14,1,2,33.1
34468,903,76,2792.25,638,76,36.74,17,0,19,29.7
34469,1746,404,5009.75,218,404,12.4,12,1,14,57.4
34470,1961,443,371.25,86,443,0.84,1,1,49,64.4
34471,1795,329,1129.9,710,329,3.43,5,1,2,59.0
34472,1430,82,1917.19,405,82,23.38,2,0,3,47.0
34473,2244,447,795.74,542,447,1.78,5,1,9,73.7
34474,2522,494,5432.4,80,494,11.0,4,1,0,82.9
34475,651,320,580.41,303,320,1.81,15,1,22,21.4
34476,1896,353,1690.78,278,353,4.79,13,1,21,62.3
34477,434,14,6587.31,124,14,470.52,3,1,49,14.3
34478,420,369,582.83,348,369,1.58,10,0,7,13.8
34479,1759,492,459.34,510,492,0.93,27,1,33,57.8
34480,2092,224,204.9,325,224,0.91,19,1,7,68.7
34481,1358,422,885.72,93,422,2.1,21,0,5,44.6
34482,2311,60,1094.98,485,60,18.25,14,0,31,75.9
34483,2409,346,1266.44,481,346,3.66,16,0,5,79.1
34484,1546,435,3232.63,312,435,7.43,26,0,42,50.8
34485,530,461,268.49,263,461,0.58,6,1,15,17.4
34486,986,257,484.77,444,257,1.89,19,1,14,32.4
34487,2413,208,400.56,700,208,1.93,2,1,3,79.3
34488,377,139,2781.15,82,139,20.01,16,1,35,12.4
34489,1479,377,778.4,636,377,2.06,17,0,40,48.6
34490,1539,327,774.13,239,327,2.37,14,1,8,50.6
34491,1796,106,771.81,625,106,7.28,7,0,31,59.0
34492,1641,400,261.74,362,400,0.65,5,1,31,53.9
34493,2270,82,11080.03,630,82,135.12,17,1,6,74.6
34494,223,188,9157.36,208,188,48.71,11,0,42,7.3
34495,1727,348,1011.91,516,348,2.91,24,1,7,56.7
34496,253,322,556.32,360,322,1.73,28,0,41,8.3
34497,724,47,1195.66,283,47,25.44,23,1,44,23.8
34498,403,493,601.32,599,493,1.22,17,0,16,13.2
34499,1898,121,3939.68,118,121,32.56,13,1,5,62.4
34500,2239,141,2134.07,717,141,15.14,16,0,40,73.6
34501,2144,203,65370.64,299,203,322.02,24,1,23,70.4
34502,747,281,1351.25,357,281,4.81,27,1,18,24.5
34503,686,55,1113.16,318,55,20.24,22,0,36,22.5
34504,2110,277,1727.03,379,277,6.23,8,0,4,69.3
34505,2429,219,1323.25,363,219,6.04,10,0,43,79.8
34506,365,451,80211.97,293,451,177.85,3,1,41,12.0
34507,1205,13,1855.67,20,13,142.74,18,1,41,39.6
34508,1490,5,9774.41,579,5,1954.88,11,1,40,48.9
34509,221,333,7712.13,355,333,23.16,9,1,25,7.3
34510,1891,379,339.96,660,379,0.9,14,1,35,62.1
34511,1121,370,497.8,451,370,1.35,0,1,26,36.8
34512,1764,300,9174.39,182,300,30.58,28,1,3,58.0
34513,1415,178,545.71,118,178,3.07,27,1,26,46.5
34514,543,219,1779.49,297,219,8.13,21,1,11,17.8
34515,945,32,1041.59,182,32,32.55,9,0,9,31.0
34516,2079,214,1149.69,505,214,5.37,23,1,5,68.3
34517,726,473,1180.33,577,473,2.5,19,0,30,23.9
34518,735,289,4843.86,103,289,16.76,25,0,48,24.1
34519,1210,7,742.35,714,7,106.05,6,1,25,39.8
34520,1175,115,1276.98,290,115,11.1,6,1,21,38.6
34521,710,495,451.01,384,495,0.91,24,1,34,23.3
34522,1264,297,812.07,378,297,2.73,19,1,20,41.5
34523,1619,357,2593.17,528,357,7.26,1,0,42,53.2
34524,1133,369,8408.47,118,369,22.79,15,1,30,37.2
34525,716,1,3331.66,386,1,3331.66,20,0,41,23.5
34526,1617,102,712.88,675,102,6.99,0,1,6,53.1
34527,69,117,1068.76,707,117,9.13,26,1,46,2.3
34528,1093,182,420.77,677,182,2.31,29,1,11,35.9
34529,1025,325,767.97,521,325,2.36,28,0,2,33.7
34530,1872,471,1785.14,497,471,3.79,14,1,7,61.5
34531,256,106,1923.9,526,106,18.15,6,0,33,8.4
34532,112,308,475.81,165,308,1.54,6,1,45,3.7
34533,1038,372,4985.15,99,372,13.4,25,1,12,34.1
34534,1454,144,915.05,525,144,6.35,2,0,25,47.8
34535,2425,287,3525.44,435,287,12.28,18,1,40,79.7
34536,2183,23,100008.7,54,23,4348.2,2,1,43,71.7
34537,327,242,10597.96,702,242,43.79,0,1,44,10.7
34538,1624,453,26797.62,144,453,59.16,18,0,41,53.4
34539,1689,478,5480.98,672,478,11.47,6,1,22,55.5
34540,355,232,103.05,154,232,0.44,1,1,36,11.7
34541,404,323,262.01,87,323,0.81,2,0,9,13.3
34542,667,281,5550.16,550,281,19.75,12,1,44,21.9
34543,1579,433,592.16,545,433,1.37,29,1,28,51.9
34544,809,279,19814.14,469,279,71.02,9,1,8,26.6
34545,675,113,2290.24,532,113,20.27,18,1,48,22.2
34546,392,450,1760.77,583,450,3.91,23,1,35,12.9
34547,1374,434,3315.93,698,434,7.64,2,1,43,45.1
34548,2520,292,195.87,548,292,0.67,25,0,14,82.8
34549,1873,22,523.55,14,22,23.8,6,1,14,61.5
34550,258,188,1275.34,21,188,6.78,18,0,40,8.5
34551,475,70,460.32,589,70,6.58,11,1,28,15.6
34552,2255,414,21386.97,73,414,51.66,27,1,5,74.1
34553,255,347,1334.22,359,347,3.85,6,0,16,8.4
34554,1964,403,953.07,725,403,2.36,22,1,23,64.5
34555,1508,426,435.09,1,426,1.02,20,1,29,49.5
34556,800,469,651.1,696,469,1.39,14,1,37,26.3
34557,2056,122,750.9,566,122,6.15,20,1,19,67.5
34558,241,106,539.84,299,106,5.09,22,1,41,7.9
34559,2396,46,11722.97,691,46,254.85,11,0,19,78.7
34560,892,391,293.85,676,391,0.75,19,1,49,29.3
34561,1393,166,1549.06,237,166,9.33,15,1,38,45.8
34562,795,90,790.96,129,90,8.79,15,1,28,26.1
34563,2173,347,2040.84,341,347,5.88,1,1,28,71.4
34564,1670,441,7876.22,382,441,17.86,26,1,16,54.9
34565,628,179,1391.33,156,179,7.77,11,0,21,20.6
34566,1620,499,7453.48,591,499,14.94,20,1,30,53.2
34567,609,44,412.8,374,44,9.38,10,0,37,20.0
34568,484,393,1351.08,186,393,3.44,21,1,29,15.9
34569,2337,157,2631.39,311,157,16.76,14,0,23,76.8
34570,1312,322,23431.34,415,322,72.77,6,0,19,43.1
34571,1747,8,5309.62,527,8,663.7,22,0,5,57.4
34572,1383,288,5051.66,343,288,17.54,3,0,27,45.4
34573,2361,235,3302.48,535,235,14.05,10,1,19,77.6
34574,791,105,387.58,570,105,3.69,25,1,17,26.0
34575,1613,498,3207.43,594,498,6.44,11,0,27,53.0
34576,834,129,1554.08,361,129,12.05,1,1,24,27.4
34577,2454,44,2187.9,503,44,49.72,21,0,10,80.6
34578,1594,471,7199.73,148,471,15.29,16,0,27,52.4
34579,2410,492,5831.91,648,492,11.85,2,1,40,79.2
34580,1719,241,213.02,488,241,0.88,16,1,24,56.5
34581,134,134,2352.07,11,134,17.55,19,1,40,4.4
34582,1553,160,12081.25,428,160,75.51,1,1,22,51.0
34583,1313,178,205.73,593,178,1.16,14,1,16,43.1
34584,1778,413,20500.74,116,413,49.64,4,0,46,58.4
34585,394,264,3402.32,154,264,12.89,25,0,42,12.9
34586,133,15,390.54,272,15,26.04,11,0,17,4.4
34587,1916,197,319.36,273,197,1.62,19,0,36,62.9
34588,287,434,248.84,661,434,0.57,11,1,22,9.4
34589,242,462,3416.6,539,462,7.4,19,1,34,8.0
34590,792,113,12716.41,118,113,112.53,5,1,40,26.0
34591,1056,273,557.45,134,273,2.04,29,0,1,34.7
34592,1968,109,6279.77,0,109,57.61,17,1,45,64.7
34593,253,68,10753.9,296,68,158.15,4,0,8,8.3
34594,1823,167,2259.41,534,167,13.53,24,0,12,59.9
34595,459,237,9762.09,371,237,41.19,2,0,44,15.1
34596,1895,357,1512.18,265,357,4.24,24,1,38,62.3
34597,2258,357,84.3,242,357,0.24,3,1,29,74.2
34598,2226,187,2821.89,298,187,15.09,9,0,24,73.1
34599,1661,250,1687.19,351,250,6.75,19,1,26,54.6
34600,303,179,17699.63,615,179,98.88,7,0,47,10.0
34601,2061,193,10549.92,444,193,54.66,26,0,32,67.7
34602,1334,61,340.74,281,61,5.59,25,0,14,43.8
34603,1712,94,102.83,554,94,1.09,24,1,49,56.2
34604,2079,147,173.04,90,147,1.18,25,1,17,68.3
34605,1798,333,8212.85,93,333,24.66,18,1,43,59.1
34606,1214,382,1130.83,448,382,2.96,2,0,44,39.9
34607,799,46,12987.03,650,46,282.33,20,1,38,26.2
34608,2404,247,113.24,634,247,0.46,7,0,5,79.0
34609,214,308,928.34,402,308,3.01,3,1,25,7.0
34610,1920,337,723.92,327,337,2.15,12,1,27,63.1
34611,2050,477,2359.41,374,477,4.95,0,0,24,67.3
34612,1585,58,119.81,333,58,2.07,1,0,17,52.1
34613,789,488,444.07,415,488,0.91,24,0,24,25.9
34614,1136,380,10627.74,307,380,27.97,10,1,25,37.3
34615,1496,226,312.58,199,226,1.38,22,1,18,49.1
34616,486,350,11132.32,89,350,31.81,10,0,5,16.0
34617,2130,415,1312.67,526,415,3.16,19,0,7,70.0
34618,2399,81,314.27,616,81,3.88,1,1,15,78.8
34619,544,184,23418.2,472,184,127.27,12,1,47,17.9
34620,1503,139,5261.05,535,139,37.85,28,0,44,49.4
34621,908,14,15000.69,119,14,1071.48,4,0,25,29.8
34622,867,293,1044.3,358,293,3.56,24,1,15,28.5
34623,629,434,745.45,487,434,1.72,3,1,29,20.7
34624,374,490,287.26,614,490,0.59,13,1,28,12.3
34625,821,334,7412.11,248,334,22.19,13,0,29,27.0
34626,1842,364,9617.67,118,364,26.42,11,1,1,60.5
34627,346,291,1856.59,146,291,6.38,9,1,34,11.4
34628,2163,349,4357.66,288,349,12.49,22,1,1,71.1
34629,1166,496,3324.34,486,496,6.7,9,0,12,38.3
34630,1906,245,60.7,19,245,0.25,17,0,32,62.6
34631,1742,106,4881.26,5,106,46.05,27,1,4,57.2
34632,2351,329,653.51,173,329,1.99,12,0,31,77.2
34633,1295,150,2422.37,541,150,16.15,14,1,34,42.5
34634,1441,236,2478.7,257,236,10.5,16,1,3,47.3
34635,1664,271,4117.42,479,271,15.19,3,1,25,54.7
34636,1827,92,2262.64,691,92,24.59,22,1,29,60.0
34637,2461,391,9551.85,447,391,24.43,3,0,12,80.8
34638,44,369,17793.61,162,369,48.22,1,0,44,1.4
34639,2068,149,3209.32,466,149,21.54,18,1,24,67.9
34640,504,349,123.24,369,349,0.35,6,0,36,16.6
34641,227,137,9433.88,526,137,68.86,14,0,4,7.5
34642,431,103,835.18,611,103,8.11,28,1,23,14.2
34643,1224,457,1462.1,442,457,3.2,23,1,33,40.2
34644,997,32,1391.84,23,32,43.5,27,1,24,32.8
34645,2448,498,1619.51,689,498,3.25,13,1,41,80.4
34646,1562,9,499.93,703,9,55.55,5,0,42,51.3
34647,1648,124,730.43,236,124,5.89,4,1,18,54.1
34648,1393,423,997.81,643,423,2.36,12,0,24,45.8
34649,1868,129,6693.66,133,129,51.89,9,1,22,61.4
34650,1805,279,1186.34,157,279,4.25,10,0,32,59.3
34651,1422,223,787.65,667,223,3.53,23,1,5,46.7
34652,771,57,6057.11,723,57,106.27,2,1,27,25.3
34653,1688,50,1249.33,490,50,24.99,8,1,37,55.5
34654,191,45,41249.35,716,45,916.65,22,0,25,6.3
34655,1312,199,6406.94,562,199,32.2,13,0,2,43.1
34656,211,361,2086.97,462,361,5.78,1,1,30,6.9
34657,102,467,450.63,575,467,0.96,13,1,37,3.4
34658,1684,85,3139.33,554,85,36.93,4,1,16,55.3
34659,2456,357,460.55,3,357,1.29,10,0,13,80.7
34660,1446,420,36.68,563,420,0.09,12,0,25,47.5
34661,2368,313,15632.68,139,313,49.94,17,1,38,77.8
34662,1043,344,147.5,342,344,0.43,0,0,32,34.3
34663,378,340,1184.06,59,340,3.48,28,0,32,12.4
34664,2480,31,1664.38,12,31,53.69,15,1,32,81.5
34665,1159,429,7271.24,261,429,16.95,1,0,31,38.1
34666,1737,157,302.84,605,157,1.93,8,1,26,57.1
34667,629,115,501.9,366,115,4.36,15,1,33,20.7
34668,853,210,5745.89,386,210,27.36,14,1,25,28.0
34669,2404,320,14710.42,599,320,45.97,28,1,8,79.0
34670,598,402,454.09,579,402,1.13,25,0,25,19.6
34671,1745,251,11024.39,1,251,43.92,20,0,40,57.3
34672,1344,401,164.17,171,401,0.41,4,1,1,44.2
34673,1906,297,330.7,329,297,1.11,16,1,0,62.6
34674,2103,498,22986.41,694,498,46.16,5,0,29,69.1
34675,1539,224,17996.97,707,224,80.34,2,1,15,50.6
34676,462,241,324.67,232,241,1.35,1,1,6,15.2
34677,784,455,239.15,150,455,0.53,6,1,1,25.8
34678,1435,230,424.96,670,230,1.85,8,1,24,47.1
34679,423,388,10533.68,102,388,27.15,1,1,6,13.9
34680,1214,410,702.28,438,410,1.71,9,0,36,39.9
34681,2381,438,13158.7,366,438,30.04,1,1,30,78.2
34682,1994,263,704.29,22,263,2.68,27,0,30,65.5
34683,2451,423,1811.9,401,423,4.28,28,1,0,80.5
34684,598,455,227.88,96,455,0.5,20,0,41,19.6
34685,1566,314,548.38,161,314,1.75,25,0,43,51.4
34686,403,361,3099.35,699,361,8.59,22,0,15,13.2
34687,2311,425,1291.58,258,425,3.04,12,1,8,75.9
34688,2201,127,152.05,563,127,1.2,2,0,12,72.3
34689,707,82,6961.11,324,82,84.89,13,1,25,23.2
34690,1098,422,1270.95,715,422,3.01,17,0,41,36.1
34691,1461,446,2426.29,67,446,5.44,23,1,32,48.0
34692,2262,79,17297.19,30,79,218.95,4,1,39,74.3
34693,1578,412,3270.37,491,412,7.94,0,0,11,51.8
34694,577,367,2040.32,724,367,5.56,12,1,31,19.0
34695,1779,371,593.7,393,371,1.6,22,1,36,58.4
34696,950,452,5252.91,337,452,11.62,23,0,28,31.2
34697,351,212,1953.33,111,212,9.21,15,1,28,11.5
34698,2004,250,187.52,55,250,0.75,7,0,27,65.8
34699,1939,315,13282.52,73,315,42.17,15,0,41,63.7
34700,2062,290,30.39,105,290,0.1,18,1,47,67.7
34701,350,53,2371.27,605,53,44.74,16,1,36,11.5
34702,454,115,10554.97,476,115,91.78,16,1,18,14.9
34703,272,273,924.02,182,273,3.38,22,1,2,8.9
34704,81,431,4061.19,582,431,9.42,29,0,11,2.7
34705,2283,266,1298.32,611,266,4.88,8,1,45,75.0
34706,1112,40,312.75,677,40,7.82,17,1,33,36.5
34707,554,220,2875.12,603,220,13.07,17,1,24,18.2
34708,2175,218,2558.02,389,218,11.73,26,0,35,71.5
34709,1325,455,1456.11,718,455,3.2,23,1,26,43.5
34710,405,110,1366.93,28,110,12.43,8,1,42,13.3
34711,852,58,280.82,28,58,4.84,29,1,0,28.0
34712,1245,399,1998.09,298,399,5.01,19,1,36,40.9
34713,1912,59,909.11,247,59,15.41,4,0,22,62.8
34714,2531,219,1991.52,675,219,9.09,18,1,40,83.1
34715,1717,122,6670.92,647,122,54.68,8,1,2,56.4
34716,1807,355,2014.84,378,355,5.68,26,1,39,59.4
34717,2480,488,1462.13,283,488,3.0,14,0,11,81.5
34718,273,116,81.95,102,116,0.71,14,0,11,9.0
34719,1854,190,4051.19,141,190,21.32,5,0,37,60.9
34720,1350,137,18408.32,372,137,134.37,11,0,12,44.3
34721,2239,107,1197.71,722,107,11.19,25,0,5,73.6
34722,571,118,1041.38,419,118,8.83,25,1,24,18.8
34723,622,185,1618.25,101,185,8.75,12,0,0,20.4
34724,2533,491,10077.27,43,491,20.52,6,0,38,83.2
34725,419,113,2607.48,695,113,23.08,27,1,12,13.8
34726,951,109,735.52,709,109,6.75,29,1,37,31.2
34727,520,395,110.16,162,395,0.28,0,1,47,17.1
34728,1795,156,37761.97,261,156,242.06,2,1,39,59.0
34729,119,241,1636.52,556,241,6.79,18,1,17,3.9
34730,1158,18,440.29,540,18,24.46,28,0,44,38.0
34731,339,472,684.5,74,472,1.45,18,1,34,11.1
34732,1746,46,3362.03,398,46,73.09,2,0,31,57.4
34733,1700,389,71069.03,717,389,182.7,15,1,0,55.8
34734,794,277,1008.74,219,277,3.64,28,1,30,26.1
34735,1484,54,677.56,384,54,12.55,24,0,28,48.8
34736,2503,311,5769.63,43,311,18.55,29,1,46,82.2
34737,1589,494,1138.53,369,494,2.3,19,1,24,52.2
34738,2332,270,2854.16,412,270,10.57,16,1,18,76.6
34739,1239,457,637.74,171,457,1.4,18,0,34,40.7
34740,1766,480,73497.77,205,480,153.12,22,1,12,58.0
34741,1586,315,9513.15,447,315,30.2,3,0,28,52.1
34742,2362,353,344.17,454,353,0.97,2,1,45,77.6
34743,131,156,19496.67,720,156,124.98,19,1,11,4.3
34744,2383,83,535.31,469,83,6.45,12,0,7,78.3
34745,185,5,289.23,469,5,57.85,20,0,43,6.1
34746,2429,463,927.32,366,463,2.0,4,0,37,79.8
34747,290,306,1545.8,580,306,5.05,3,0,25,9.5
34748,2089,208,1236.0,465,208,5.94,9,0,7,68.6
34749,1360,242,53373.89,60,242,220.55,10,1,4,44.7
34750,2209,430,2782.98,256,430,6.47,26,1,26,72.6
34751,1918,107,3220.12,275,107,30.09,6,1,42,63.0
34752,31,127,401.88,662,127,3.16,10,1,8,1.0
34753,612,476,391.55,101,476,0.82,28,1,14,20.1
34754,1962,124,7870.54,235,124,63.47,5,1,34,64.5
34755,657,298,99.89,574,298,0.34,23,1,13,21.6
34756,624,408,26455.54,318,408,64.84,21,1,43,20.5
34757,443,366,10769.25,518,366,29.42,5,0,42,14.6
34758,2276,326,228.5,496,326,0.7,3,1,32,74.8
34759,655,49,608.57,242,49,12.42,3,1,25,21.5
34760,1122,5,2353.0,634,5,470.6,8,1,18,36.9
34761,653,458,3021.9,418,458,6.6,21,0,0,21.5
34762,127,131,4594.78,214,131,35.07,19,0,19,4.2
34763,2465,316,6498.61,262,316,20.57,4,1,48,81.0
34764,1131,311,387.95,52,311,1.25,25,1,29,37.2
34765,1293,118,762.27,610,118,6.46,18,0,42,42.5
34766,643,349,9779.62,165,349,28.02,12,0,42,21.1
34767,2287,221,689.28,178,221,3.12,11,1,15,75.1
34768,679,449,1719.21,158,449,3.83,8,0,47,22.3
34769,2349,466,2763.65,480,466,5.93,23,1,1,77.2
34770,1734,44,2206.69,475,44,50.15,1,1,20,57.0
34771,1677,39,1686.08,552,39,43.23,24,1,25,55.1
34772,979,75,10959.29,528,75,146.12,5,1,2,32.2
34773,2149,145,510.01,189,145,3.52,0,1,1,70.6
34774,1308,68,4740.51,316,68,69.71,4,0,46,43.0
34775,2448,263,3051.35,189,263,11.6,29,1,18,80.4
34776,1766,231,680.54,7,231,2.95,17,1,0,58.0
34777,537,339,347.8,52,339,1.03,23,1,32,17.6
34778,1946,256,2121.14,719,256,8.29,0,1,18,63.9
34779,730,185,1617.35,29,185,8.74,23,1,1,24.0
34780,1490,243,2351.1,653,243,9.68,9,1,28,48.9
34781,1585,70,964.84,664,70,13.78,9,1,6,52.1
34782,1017,160,8849.73,469,160,55.31,5,1,14,33.4
34783,833,109,4654.64,172,109,42.7,10,1,6,27.4
34784,1450,31,1481.18,529,31,47.78,16,0,49,47.6
34785,1396,497,286.03,540,497,0.58,9,0,25,45.9
34786,101,341,2380.91,457,341,6.98,22,1,35,3.3
34787,314,470,1023.88,688,470,2.18,14,1,38,10.3
34788,489,289,723.72,499,289,2.5,10,1,20,16.1
34789,1166,363,654.73,669,363,1.8,7,0,28,38.3
34790,2449,88,2579.14,370,88,29.31,17,1,5,80.5
34791,844,426,20712.87,94,426,48.62,17,0,43,27.7
34792,743,105,18848.14,3,105,179.51,28,0,6,24.4
34793,47,49,472.32,380,49,9.64,10,0,21,1.5
34794,1650,464,457.88,599,464,0.99,4,1,1,54.2
34795,863,56,6833.26,80,56,122.02,2,1,44,28.4
34796,2355,456,3536.61,16,456,7.76,5,0,28,77.4
34797,398,180,11883.4,196,180,66.02,27,1,39,13.1
34798,1299,210,5241.34,311,210,24.96,27,0,24,42.7
34799,1821,26,3494.36,16,26,134.4,5,1,37,59.8
34800,1484,335,296.29,396,335,0.88,24,1,34,48.8
34801,40,471,793.75,52,471,1.69,26,0,27,1.3
34802,443,302,2405.43,344,302,7.96,11,1,38,14.6
34803,759,94,8566.49,431,94,91.13,29,1,9,24.9
34804,1521,448,11537.23,30,448,25.75,2,1,19,50.0
34805,561,127,1006.08,726,127,7.92,10,0,22,18.4
34806,2321,411,390.24,608,411,0.95,15,0,46,76.2
34807,2013,466,350.8,628,466,0.75,6,1,40,66.1
34808,1525,475,4874.52,480,475,10.26,25,0,41,50.1
34809,2147,246,457.61,160,246,1.86,19,1,36,70.5
34810,1793,342,1023.34,707,342,2.99,4,0,47,58.9
34811,2173,491,1212.84,713,491,2.47,3,1,18,71.4
34812,2170,439,8861.73,681,439,20.19,29,0,43,71.3
34813,712,237,245.49,449,237,1.04,3,1,6,23.4
34814,1594,43,4796.86,707,43,111.55,6,1,21,52.4
34815,356,324,4685.74,697,324,14.46,22,0,39,11.7
34816,2026,365,1709.43,306,365,4.68,2,1,30,66.6
34817,146,180,92.11,456,180,0.51,26,1,9,4.8
34818,1809,228,1498.81,372,228,6.57,6,0,10,59.4
34819,694,274,2806.12,133,274,10.24,10,0,27,22.8
34820,95,230,15138.82,379,230,65.82,7,1,6,3.1
34821,785,221,3262.5,426,221,14.76,20,1,18,25.8
34822,900,80,245.0,333,80,3.06,26,1,26,29.6
34823,1646,165,2778.94,187,165,16.84,0,0,49,54.1
34824,1640,77,3318.67,124,77,43.1,25,1,28,53.9
34825,518,12,2184.6,282,12,182.05,16,0,16,17.0
34826,2163,228,2798.39,610,228,12.27,23,0,38,71.1
34827,769,427,289.11,48,427,0.68,28,1,43,25.3
34828,150,355,1548.39,516,355,4.36,25,1,41,4.9
34829,1988,201,618.47,116,201,3.08,27,1,6,65.3
34830,757,428,5739.25,279,428,13.41,16,1,28,24.9
34831,2133,295,3528.08,673,295,11.96,15,1,18,70.1
34832,691,216,1366.45,76,216,6.33,24,0,0,22.7
34833,2539,341,3972.76,152,341,11.65,8,0,11,83.4
34834,1952,152,1101.92,498,152,7.25,24,0,10,64.1
34835,374,418,160.13,25,418,0.38,9,0,1,12.3
34836,1535,99,293.37,548,99,2.96,18,1,36,50.4
34837,2479,338,15952.62,405,338,47.2,13,1,13,81.4
34838,817,176,1745.96,575,176,9.92,29,1,6,26.8
34839,1845,174,1773.55,577,174,10.19,4,1,10,60.6
34840,1241,171,60.21,332,171,0.35,20,1,30,40.8
34841,1387,473,748.4,602,473,1.58,24,0,16,45.6
34842,2430,177,775.42,624,177,4.38,20,0,48,79.8
34843,216,394,522.93,228,394,1.33,9,1,30,7.1
34844,1066,69,521.04,655,69,7.55,27,0,19,35.0
34845,321,322,756.49,290,322,2.35,25,1,22,10.5
34846,1370,106,1991.05,235,106,18.78,12,1,3,45.0
34847,241,370,1237.01,672,370,3.34,8,1,29,7.9
34848,924,459,5520.03,267,459,12.03,28,1,36,30.4
34849,2194,407,1305.98,87,407,3.21,20,1,39,72.1
34850,52,244,6460.51,620,244,26.48,21,1,6,1.7
34851,1628,396,3620.86,423,396,9.14,13,1,27,53.5
34852,340,51,506.57,646,51,9.93,13,0,7,11.2
34853,324,171,1757.97,157,171,10.28,1,1,2,10.6
34854,64,108,643.25,181,108,5.96,0,1,48,2.1
34855,1413,267,706.33,494,267,2.65,25,0,16,46.4
34856,718,80,1045.89,257,80,13.07,9,1,17,23.6
34857,307,450,11923.41,74,450,26.5,2,1,6,10.1
34858,904,317,866.23,290,317,2.73,28,1,42,29.7
34859,757,60,5334.87,295,60,88.91,6,1,21,24.9
34860,1633,185,8063.8,664,185,43.59,6,1,19,53.6
34861,804,314,19903.11,616,314,63.39,3,0,25,26.4
34862,496,365,932.69,460,365,2.56,29,1,34,16.3
34863,1533,480,6458.55,349,480,13.46,20,1,21,50.4
34864,1911,395,26902.45,640,395,68.11,27,0,6,62.8
34865,163,223,5026.83,404,223,22.54,19,1,2,5.4
34866,1112,34,2317.89,283,34,68.17,23,0,39,36.5
34867,694,350,3526.69,421,350,10.08,27,1,11,22.8
34868,1188,247,932.98,241,247,3.78,3,1,19,39.0
34869,909,195,1434.24,100,195,7.36,1,0,49,29.9
34870,803,95,1116.68,35,95,11.75,11,1,32,26.4
34871,62,410,1295.53,62,410,3.16,27,1,18,2.0
34872,2390,20,49768.15,238,20,2488.41,16,1,6,78.5
34873,1054,403,659.25,455,403,1.64,14,0,28,34.6
34874,1953,314,2600.01,341,314,8.28,19,1,37,64.2
34875,984,153,28657.88,321,153,187.31,7,1,31,32.3
34876,1155,364,2242.97,184,364,6.16,20,1,30,37.9
34877,967,460,82.38,25,460,0.18,10,0,46,31.8
34878,1226,465,31203.11,167,465,67.1,11,0,42,40.3
34879,651,317,3805.76,502,317,12.01,26,1,49,21.4
34880,376,201,757.61,429,201,3.77,14,1,13,12.4
34881,265,99,1585.76,88,99,16.02,28,1,41,8.7
34882,225,9,2126.59,196,9,236.29,3,1,23,7.4
34883,2527,415,280.31,568,415,0.68,0,1,2,83.0
34884,1337,135,1233.88,486,135,9.14,24,1,6,43.9
34885,1979,341,6338.38,17,341,18.59,22,1,16,65.0
34886,1385,343,1885.51,347,343,5.5,26,1,37,45.5
34887,1766,174,735.4,206,174,4.23,3,0,14,58.0
34888,2199,262,773.17,21,262,2.95,21,1,46,72.2
34889,847,43,3944.4,193,43,91.73,0,1,0,27.8
34890,689,53,527.28,619,53,9.95,14,0,22,22.6
34891,1985,490,1432.92,69,490,2.92,3,1,25,65.2
34892,2232,18,1023.52,28,18,56.86,26,1,30,73.3
34893,2230,447,93.09,342,447,0.21,0,1,9,73.3
34894,1572,436,1728.84,473,436,3.97,27,1,42,51.6
34895,1751,41,554.17,38,41,13.52,16,0,25,57.5
34896,530,413,4949.64,441,413,11.98,28,1,13,17.4
34897,225,55,3436.95,243,55,62.49,9,0,21,7.4
34898,1251,261,923.84,395,261,3.54,14,0,17,41.1
34899,1317,158,7769.27,98,158,49.17,20,0,43,43.3
34900,632,66,24436.01,65,66,370.24,25,0,21,20.8
34901,2553,434,2881.71,706,434,6.64,25,0,4,83.9
34902,986,399,14621.65,650,399,36.65,18,1,49,32.4
34903,938,333,734.71,157,333,2.21,28,1,24,30.8
34904,1119,426,26206.25,424,426,61.52,18,1,7,36.8
34905,1207,6,4857.15,682,6,809.52,19,0,25,39.7
34906,1999,184,12504.31,355,184,67.96,26,0,20,65.7
34907,155,268,92.17,699,268,0.34,1,1,32,5.1
34908,2467,171,299.14,523,171,1.75,22,1,22,81.0
34909,2208,430,814.39,549,430,1.89,26,0,10,72.5
34910,1230,306,9405.4,691,306,30.74,3,0,17,40.4
34911,300,404,1235.75,229,404,3.06,26,0,11,9.9
34912,202,359,3523.41,466,359,9.81,20,1,17,6.6
34913,818,326,1372.26,414,326,4.21,18,1,27,26.9
34914,1743,153,784.18,507,153,5.13,8,1,20,57.3
34915,2125,458,3010.66,132,458,6.57,6,1,16,69.8
34916,186,87,4470.86,544,87,51.39,21,1,34,6.1
34917,2171,475,4605.49,487,475,9.7,3,1,37,71.3
34918,402,258,2424.59,717,258,9.4,14,1,36,13.2
34919,461,16,595.38,245,16,37.21,22,0,20,15.1
34920,2250,206,5767.68,254,206,28.0,27,1,35,73.9
34921,106,70,835.02,161,70,11.93,29,1,5,3.5
34922,1695,66,1914.07,182,66,29.0,26,0,17,55.7
34923,1083,317,1703.61,460,317,5.37,22,0,20,35.6
34924,1152,444,257.65,221,444,0.58,21,0,43,37.8
34925,1000,446,728.52,442,446,1.63,17,1,6,32.9
34926,1164,214,1692.21,605,214,7.91,18,1,28,38.2
34927,599,65,4464.26,494,65,68.68,15,0,19,19.7
34928,1971,37,2211.07,112,37,59.76,15,1,33,64.8
34929,1149,11,16174.22,618,11,1470.38,10,1,5,37.7
34930,1073,371,1272.84,483,371,3.43,16,1,42,35.2
34931,980,262,5256.74,714,262,20.06,13,1,18,32.2
34932,1193,474,4712.43,123,474,9.94,29,1,22,39.2
34933,1942,185,2428.74,652,185,13.13,2,1,4,63.8
34934,1072,412,92.65,685,412,0.22,21,1,4,35.2
34935,2332,97,326.84,644,97,3.37,24,1,34,76.6
34936,560,5,807.63,699,5,161.53,24,0,17,18.4
34937,2187,360,4307.41,206,360,11.97,26,0,6,71.8
34938,1080,137,163398.49,500,137,1192.69,18,1,26,35.5
34939,391,26,3718.23,314,26,143.01,1,1,0,12.8
34940,791,235,2973.11,699,235,12.65,10,1,16,26.0
34941,566,37,264.47,293,37,7.15,9,0,49,18.6
34942,809,102,121.59,215,102,1.19,28,0,28,26.6
34943,1187,408,1706.52,609,408,4.18,4,1,3,39.0
34944,2143,249,18363.01,533,249,73.75,21,0,4,70.4
34945,2053,476,538.79,31,476,1.13,22,0,20,67.4
34946,1894,482,733.95,105,482,1.52,20,0,42,62.2
34947,177,385,8212.9,288,385,21.33,18,1,22,5.8
34948,2255,273,1955.68,668,273,7.16,11,1,11,74.1
34949,560,198,229.42,98,198,1.16,4,1,18,18.4
34950,1592,109,601.71,556,109,5.52,13,1,31,52.3
34951,2236,192,7425.91,131,192,38.68,5,1,45,73.5
34952,593,336,3970.91,40,336,11.82,3,1,5,19.5
34953,1326,213,6061.82,54,213,28.46,4,1,4,43.6
34954,1375,275,1720.28,247,275,6.26,9,1,21,45.2
34955,1860,69,15620.26,136,69,226.38,14,1,16,61.1
34956,1100,82,13553.62,561,82,165.29,20,1,27,36.1
34957,598,488,508.73,57,488,1.04,16,0,38,19.6
34958,998,52,897.13,84,52,17.25,16,0,38,32.8
34959,1980,80,1065.02,692,80,13.31,19,0,21,65.0
34960,562,53,7322.29,582,53,138.16,5,1,24,18.5
34961,1971,71,10961.83,12,71,154.39,12,0,5,64.8
34962,267,423,828.82,468,423,1.96,23,0,24,8.8
34963,1785,184,531.26,368,184,2.89,17,1,37,58.6
34964,375,174,1904.28,41,174,10.94,21,1,19,12.3
34965,1831,196,442.22,317,196,2.26,10,0,47,60.2
34966,2409,266,311.15,248,266,1.17,3,1,49,79.1
34967,547,152,2684.56,284,152,17.66,2,1,41,18.0
34968,756,342,231.01,335,342,0.68,10,1,34,24.8
34969,494,271,10302.21,616,271,38.02,16,1,19,16.2
34970,1799,419,1388.45,393,419,3.31,9,1,22,59.1
34971,1822,120,1091.68,312,120,9.1,29,1,40,59.9
34972,433,58,17217.11,466,58,296.85,6,0,36,14.2
34973,2053,150,3307.64,687,150,22.05,21,0,46,67.4
34974,1235,246,375.94,121,246,1.53,18,1,6,40.6
34975,1404,50,3926.04,462,50,78.52,14,0,12,46.1
34976,2162,154,612.89,138,154,3.98,27,0,43,71.0
34977,2215,448,4711.83,14,448,10.52,0,1,11,72.8
34978,1188,428,6947.81,511,428,16.23,25,0,43,39.0
34979,1600,162,4079.94,408,162,25.18,16,1,21,52.6
34980,1077,57,1764.26,187,57,30.95,1,1,13,35.4
34981,201,18,2180.35,480,18,121.13,26,0,30,6.6
34982,1046,374,693.8,518,374,1.86,22,1,36,34.4
34983,778,72,715.07,544,72,9.93,1,1,18,25.6
34984,1224,23,506.0,187,23,22.0,11,0,41,40.2
34985,1415,435,342.47,139,435,0.79,25,1,18,46.5
34986,546,301,1653.86,679,301,5.49,8,1,44,17.9
34987,2309,118,306.06,627,118,2.59,6,0,38,75.9
34988,44,366,249.63,360,366,0.68,29,0,2,1.4
34989,149,112,1876.21,507,112,16.75,19,1,15,4.9
34990,2269,498,2604.09,396,498,5.23,7,0,26,74.5
34991,1326,332,2812.76,71,332,8.47,3,0,11,43.6
34992,2351,424,3076.92,280,424,7.26,25,1,35,77.2
34993,469,78,1111.23,629,78,14.25,0,0,32,15.4
34994,1943,348,404.05,154,348,1.16,8,0,34,63.8
34995,549,106,1096.47,698,106,10.34,21,0,47,18.0
34996,2436,472,1281.45,402,472,2.71,27,0,21,80.0
34997,2302,222,144.72,242,222,0.65,3,1,9,75.6
34998,1240,448,100.1,700,448,0.22,3,0,4,40.7
34999,64,364,232.55,131,364,0.64,5,1,8,2.1
35000,2190,204,2505.45,7,204,12.28,23,0,19,71.9
35001,1092,226,3789.44,668,226,16.77,14,0,49,35.9
35002,258,490,635.45,705,490,1.3,11,1,18,8.5
35003,1288,368,16221.31,252,368,44.08,23,1,35,42.3
35004,200,302,3109.57,698,302,10.3,16,1,41,6.6
35005,1958,287,10602.89,153,287,36.94,0,1,28,64.3
35006,1650,402,2074.49,362,402,5.16,15,1,38,54.2
35007,1637,475,24236.19,127,475,51.02,21,1,18,53.8
35008,2061,442,2581.85,18,442,5.84,12,1,27,67.7
35009,1146,207,1134.1,324,207,5.48,19,0,48,37.6
35010,141,271,8965.34,100,271,33.08,21,1,21,4.6
35011,2495,423,117.84,217,423,0.28,7,1,5,82.0
35012,1057,55,1446.88,206,55,26.31,17,0,35,34.7
35013,938,297,14704.57,588,297,49.51,28,1,34,30.8
35014,1761,361,563.59,132,361,1.56,19,1,22,57.9
35015,1012,128,254.94,30,128,1.99,9,1,48,33.2
35016,432,222,5730.47,581,222,25.81,11,1,22,14.2
35017,475,304,5504.5,527,304,18.11,3,0,20,15.6
35018,1653,432,4080.98,557,432,9.45,5,0,31,54.3
35019,1450,228,2957.8,576,228,12.97,17,0,42,47.6
35020,536,460,11662.8,78,460,25.35,15,1,30,17.6
35021,1340,120,1261.2,710,120,10.51,20,1,33,44.0
35022,457,359,587.75,725,359,1.64,9,0,9,15.0
35023,234,439,4403.99,613,439,10.03,13,1,0,7.7
35024,1897,32,421.62,644,32,13.18,4,1,30,62.3
35025,508,496,2355.31,170,496,4.75,15,0,5,16.7
35026,1125,454,429.95,657,454,0.95,9,1,15,37.0
35027,708,213,4366.25,204,213,20.5,9,1,22,23.3
35028,2456,392,4263.89,6,392,10.88,12,1,42,80.7
35029,2444,375,3435.08,127,375,9.16,20,1,5,80.3
35030,346,207,12439.05,707,207,60.09,12,0,21,11.4
35031,1709,213,2269.2,179,213,10.65,9,0,8,56.1
35032,1827,193,12417.83,542,193,64.34,10,1,37,60.0
35033,988,400,1247.06,395,400,3.12,26,1,22,32.5
35034,2199,41,5736.54,612,41,139.92,17,0,7,72.2
35035,2519,452,3002.29,668,452,6.64,2,0,48,82.8
35036,1068,366,4774.75,237,366,13.05,26,1,44,35.1
35037,1461,338,2784.95,194,338,8.24,15,1,32,48.0
35038,1286,374,1468.42,50,374,3.93,5,1,0,42.2
35039,182,107,204.71,5,107,1.91,20,0,11,6.0
35040,2302,76,103.04,507,76,1.36,3,1,43,75.6
35041,348,199,3593.15,486,199,18.06,13,1,2,11.4
35042,472,202,3865.67,334,202,19.14,17,0,17,15.5
35043,2532,243,319.24,371,243,1.31,25,1,27,83.2
35044,422,420,3692.36,692,420,8.79,23,1,28,13.9
35045,837,30,1728.34,32,30,57.61,11,1,22,27.5
35046,1110,436,372.18,69,436,0.85,0,1,31,36.5
35047,590,352,255.56,597,352,0.73,13,0,23,19.4
35048,843,203,665.93,390,203,3.28,11,1,1,27.7
35049,2532,383,1374.03,114,383,3.59,0,1,12,83.2
35050,1059,405,15004.75,128,405,37.05,11,1,29,34.8
35051,530,409,167.26,598,409,0.41,16,1,11,17.4
35052,1458,325,864.7,369,325,2.66,12,0,8,47.9
35053,2497,63,3190.11,555,63,50.64,9,0,26,82.0
35054,1171,322,5985.62,516,322,18.59,3,0,48,38.5
35055,141,431,1063.15,609,431,2.47,5,1,10,4.6
35056,347,383,15811.51,649,383,41.28,8,0,11,11.4
35057,401,316,16840.84,468,316,53.29,27,0,48,13.2
35058,507,482,230.52,14,482,0.48,2,1,32,16.7
35059,1206,294,208.75,407,294,0.71,29,1,22,39.6
35060,703,124,2570.8,237,124,20.73,7,0,25,23.1
35061,2297,300,424.06,184,300,1.41,25,0,23,75.5
35062,1970,99,949.64,196,99,9.59,22,1,47,64.7
35063,1157,366,1256.55,729,366,3.43,10,0,26,38.0
35064,2022,455,2872.44,74,455,6.31,0,1,40,66.4
35065,2458,324,8626.3,2,324,26.62,11,1,40,80.7
35066,2262,449,13508.43,461,449,30.09,6,1,47,74.3
35067,1194,36,676.19,198,36,18.78,24,0,28,39.2
35068,1986,301,2698.68,450,301,8.97,19,1,45,65.2
35069,2030,163,20329.88,57,163,124.72,5,1,1,66.7
35070,1630,45,231.78,258,45,5.15,16,1,26,53.5
35071,568,382,4640.76,679,382,12.15,26,1,41,18.7
35072,201,493,385.64,117,493,0.78,17,1,16,6.6
35073,2147,99,3490.85,507,99,35.26,21,1,29,70.5
35074,2392,375,1295.2,95,375,3.45,20,1,0,78.6
35075,885,111,128.52,59,111,1.16,10,1,36,29.1
35076,1091,493,108.23,368,493,0.22,28,1,19,35.8
35077,2056,156,123.22,587,156,0.79,10,0,32,67.5
35078,1665,45,5784.68,664,45,128.55,16,1,20,54.7
35079,1269,271,21842.76,640,271,80.6,15,1,29,41.7
35080,1224,291,2154.92,543,291,7.41,29,1,14,40.2
35081,1128,385,471.37,394,385,1.22,2,0,19,37.1
35082,215,228,331.78,635,228,1.46,15,1,6,7.1
35083,2148,373,6604.12,443,373,17.71,2,1,43,70.6
35084,783,144,363.2,165,144,2.52,3,0,31,25.7
35085,2154,420,2852.87,547,420,6.79,22,1,10,70.8
35086,322,276,108.26,352,276,0.39,23,0,1,10.6
35087,91,372,15458.94,274,372,41.56,3,0,20,3.0
35088,773,473,333.14,518,473,0.7,18,0,23,25.4
35089,1850,169,307.01,42,169,1.82,29,1,17,60.8
35090,44,88,18234.25,95,88,207.21,25,1,22,1.4
35091,1177,484,1568.69,552,484,3.24,16,1,28,38.7
35092,1384,332,397.79,555,332,1.2,14,1,9,45.5
35093,872,1,1136.87,239,1,1136.87,24,1,5,28.6
35094,2067,2,540.37,661,2,270.18,5,1,3,67.9
35095,289,409,891.59,190,409,2.18,6,1,24,9.5
35096,436,228,1159.18,85,228,5.08,16,1,39,14.3
35097,595,40,5274.8,355,40,131.87,6,0,22,19.5
35098,2186,315,1014.76,541,315,3.22,10,0,6,71.8
35099,2268,426,1360.4,707,426,3.19,15,0,37,74.5
35100,1814,228,2199.61,384,228,9.65,18,1,26,59.6
35101,1095,358,644.15,247,358,1.8,21,1,35,36.0
35102,2286,265,429.62,2,265,1.62,18,0,46,75.1
35103,1246,37,24281.29,395,37,656.25,4,0,16,40.9
35104,1113,143,17671.09,592,143,123.57,28,0,31,36.6
35105,1189,428,1328.16,326,428,3.1,20,1,28,39.1
35106,1120,65,10501.94,61,65,161.57,0,0,45,36.8
35107,2357,483,1226.66,136,483,2.54,28,1,15,77.4
35108,2445,391,1294.46,660,391,3.31,26,0,4,80.3
35109,1906,255,1262.22,283,255,4.95,25,1,16,62.6
35110,839,364,161.21,331,364,0.44,16,1,18,27.6
35111,2033,202,11743.17,150,202,58.13,19,1,11,66.8
35112,1222,125,1703.35,718,125,13.63,27,1,19,40.1
35113,1337,356,8975.45,172,356,25.21,20,1,3,43.9
35114,262,141,2722.79,587,141,19.31,8,1,5,8.6
35115,219,362,423.01,356,362,1.17,22,1,28,7.2
35116,290,325,9162.05,143,325,28.19,2,1,33,9.5
35117,1074,464,317.91,308,464,0.69,6,1,36,35.3
35118,2369,295,3625.89,104,295,12.29,27,0,10,77.8
35119,1702,129,26515.21,145,129,205.54,29,1,4,55.9
35120,424,341,1703.99,715,341,5.0,16,1,47,13.9
35121,2257,156,2392.94,635,156,15.34,1,0,45,74.1
35122,1337,182,2012.81,225,182,11.06,21,0,42,43.9
35123,570,40,2238.69,534,40,55.97,2,0,41,18.7
35124,480,483,205.8,379,483,0.43,18,0,34,15.8
35125,861,114,1750.52,645,114,15.36,9,1,2,28.3
35126,2213,483,423.55,708,483,0.88,13,0,15,72.7
35127,631,185,9620.16,294,185,52.0,7,1,24,20.7
35128,1814,286,481.89,138,286,1.68,13,0,44,59.6
35129,2478,7,92.87,537,7,13.27,8,1,3,81.4
35130,910,453,2727.59,658,453,6.02,14,1,19,29.9
35131,1914,329,3270.12,57,329,9.94,0,0,32,62.9
35132,1541,3,571.9,351,3,190.63,16,0,46,50.6
35133,447,141,11532.57,396,141,81.79,13,0,23,14.7
35134,1379,145,480.23,2,145,3.31,15,1,3,45.3
35135,1748,428,405.33,721,428,0.95,28,1,15,57.4
35136,729,342,1649.59,528,342,4.82,1,1,18,23.9
35137,2011,47,1399.25,652,47,29.77,27,1,24,66.1
35138,582,498,1238.27,30,498,2.49,18,1,17,19.1
35139,305,277,1558.16,621,277,5.63,25,0,0,10.0
35140,2050,464,1029.56,166,464,2.22,10,1,4,67.3
35141,1622,301,5962.27,85,301,19.81,12,0,39,53.3
35142,1277,436,148.66,680,436,0.34,6,1,16,42.0
35143,895,75,1518.79,112,75,20.25,24,1,15,29.4
35144,608,442,883.68,423,442,2.0,5,1,13,20.0
35145,1069,409,1526.19,263,409,3.73,21,1,19,35.1
35146,2385,281,4901.66,513,281,17.44,1,0,26,78.4
35147,1155,420,7556.6,356,420,17.99,16,1,24,37.9
35148,180,168,2314.92,280,168,13.78,21,1,29,5.9
35149,1956,417,4003.23,572,417,9.6,19,1,13,64.3
35150,390,78,611.31,677,78,7.84,4,0,38,12.8
35151,1451,389,8235.34,265,389,21.17,1,1,23,47.7
35152,870,283,257.41,618,283,0.91,1,0,47,28.6
35153,193,366,5493.93,149,366,15.01,28,1,36,6.3
35154,660,110,5662.14,636,110,51.47,0,0,16,21.7
35155,2201,353,354.95,191,353,1.01,9,0,17,72.3
35156,1858,141,2012.42,719,141,14.27,12,1,23,61.0
35157,533,154,5706.02,513,154,37.05,18,0,11,17.5
35158,2377,91,1118.55,103,91,12.29,15,0,13,78.1
35159,660,385,1571.27,107,385,4.08,4,1,1,21.7
35160,2397,334,28836.1,131,334,86.34,5,1,3,78.7
35161,1830,445,700.66,170,445,1.57,24,1,20,60.1
35162,1019,374,3295.93,392,374,8.81,21,1,14,33.5
35163,2436,68,1086.77,668,68,15.98,2,0,13,80.0
35164,897,144,120921.0,406,144,839.73,5,1,36,29.5
35165,970,274,1005.28,178,274,3.67,14,1,11,31.9
35166,220,130,3383.2,321,130,26.02,13,1,16,7.2
35167,1453,293,13333.05,537,293,45.51,13,0,1,47.7
35168,630,117,57.93,323,117,0.5,6,1,44,20.7
35169,2061,308,59.42,552,308,0.19,18,0,19,67.7
35170,750,169,728.16,662,169,4.31,21,1,48,24.6
35171,2155,448,630.27,22,448,1.41,24,0,9,70.8
35172,200,310,2763.59,678,310,8.91,4,0,22,6.6
35173,772,406,641.57,597,406,1.58,11,0,16,25.4
35174,149,32,2137.09,105,32,66.78,10,0,45,4.9
35175,884,408,709.59,722,408,1.74,6,0,25,29.0
35176,498,488,149330.46,600,488,306.01,15,0,34,16.4
35177,1462,92,1107.14,132,92,12.03,1,1,32,48.0
35178,1477,400,1937.91,447,400,4.84,27,1,32,48.5
35179,2363,240,241834.16,670,240,1007.64,10,1,37,77.6
35180,864,313,4160.22,408,313,13.29,12,0,13,28.4
35181,1140,396,1288.67,64,396,3.25,21,1,0,37.5
35182,1846,466,9272.09,713,466,19.9,23,1,10,60.6
35183,2414,80,267.28,281,80,3.34,24,0,0,79.3
35184,1588,6,82.89,520,6,13.82,21,1,9,52.2
35185,674,138,777.66,347,138,5.64,2,1,12,22.1
35186,208,70,237.25,195,70,3.39,7,0,5,6.8
35187,1191,409,3184.06,169,409,7.78,3,1,39,39.1
35188,825,268,21056.47,156,268,78.57,11,1,47,27.1
35189,2313,26,3817.27,494,26,146.82,25,1,7,76.0
35190,1310,244,6070.83,248,244,24.88,12,0,42,43.0
35191,1419,237,2972.19,213,237,12.54,16,1,26,46.6
35192,1973,110,749.49,449,110,6.81,29,1,36,64.8
35193,904,304,5380.74,1,304,17.7,9,0,17,29.7
35194,127,55,913.52,15,55,16.61,11,0,16,4.2
35195,194,427,26529.45,71,427,62.13,4,1,14,6.4
35196,2475,308,2539.87,311,308,8.25,17,1,34,81.3
35197,1811,149,166.61,391,149,1.12,8,1,4,59.5
35198,738,155,1876.55,246,155,12.11,17,0,1,24.2
35199,90,126,1675.36,33,126,13.3,2,1,42,3.0
35200,2436,324,12556.58,261,324,38.75,2,0,9,80.0
35201,1659,336,17749.06,149,336,52.82,1,1,9,54.5
35202,805,60,2794.34,152,60,46.57,5,0,15,26.4
35203,630,105,2307.96,383,105,21.98,24,0,45,20.7
35204,2087,131,5265.67,154,131,40.2,27,1,26,68.6
35205,950,170,942.32,283,170,5.54,20,0,46,31.2
35206,1406,427,15293.14,420,427,35.82,28,1,25,46.2
35207,420,383,155.66,695,383,0.41,12,1,6,13.8
35208,2170,220,5142.07,36,220,23.37,9,0,33,71.3
35209,1056,345,74055.18,67,345,214.65,1,1,49,34.7
35210,1789,64,15847.04,224,64,247.61,9,0,41,58.8
35211,652,384,980.0,381,384,2.55,1,1,41,21.4
35212,1417,116,1107.01,133,116,9.54,4,1,33,46.6
35213,660,264,2146.58,624,264,8.13,19,0,16,21.7
35214,273,364,17190.01,579,364,47.23,14,0,30,9.0
35215,2210,43,368.15,411,43,8.56,26,0,39,72.6
35216,442,162,23564.75,273,162,145.46,24,1,35,14.5
35217,60,84,1601.56,687,84,19.07,0,1,9,2.0
35218,784,301,1007.78,88,301,3.35,26,1,2,25.8
35219,643,258,4613.15,83,258,17.88,29,1,15,21.1
35220,713,124,208.31,153,124,1.68,1,1,2,23.4
35221,211,94,239.29,690,94,2.55,18,1,11,6.9
35222,1403,190,308.02,585,190,1.62,10,1,37,46.1
35223,585,254,1092.24,499,254,4.3,7,0,40,19.2
35224,693,313,1045.25,370,313,3.34,20,0,22,22.8
35225,1425,443,133.94,257,443,0.3,19,1,32,46.8
35226,266,6,7722.03,471,6,1287.0,7,0,11,8.7
35227,914,51,53420.35,551,51,1047.46,15,1,47,30.0
35228,1691,402,1244.61,666,402,3.1,2,1,12,55.6
35229,1669,124,4815.77,545,124,38.84,5,1,9,54.8
35230,804,235,7707.67,277,235,32.8,20,1,43,26.4
35231,2553,151,1719.46,683,151,11.39,18,1,29,83.9
35232,1504,458,1890.62,157,458,4.13,4,0,28,49.4
35233,821,163,699.48,20,163,4.29,23,1,46,27.0
35234,1307,83,6195.86,148,83,74.65,8,1,33,42.9
35235,425,148,6337.9,29,148,42.82,8,0,40,14.0
35236,1175,209,4876.75,492,209,23.33,12,1,42,38.6
35237,1145,47,1418.4,55,47,30.18,0,1,31,37.6
35238,1679,464,606.47,16,464,1.31,11,1,35,55.2
35239,1949,6,1757.12,331,6,292.85,27,1,19,64.0
35240,879,245,271.86,444,245,1.11,26,1,35,28.9
35241,2180,75,6175.31,245,75,82.34,15,0,45,71.6
35242,948,333,2761.14,254,333,8.29,26,1,47,31.1
35243,658,410,489.88,60,410,1.19,6,1,9,21.6
35244,1589,383,1761.46,392,383,4.6,18,1,22,52.2
35245,1469,8,7380.04,580,8,922.5,1,0,19,48.3
35246,1546,216,1169.91,27,216,5.42,20,1,9,50.8
35247,820,456,1165.73,83,456,2.56,9,0,31,26.9
35248,1592,456,1163.53,244,456,2.55,5,1,40,52.3
35249,686,264,1179.51,675,264,4.47,19,0,28,22.5
35250,2077,495,808.17,162,495,1.63,16,0,42,68.2
35251,1285,302,57269.33,114,302,189.63,23,1,19,42.2
35252,633,88,5334.27,385,88,60.62,14,1,10,20.8
35253,1482,424,69004.08,398,424,162.75,18,0,40,48.7
35254,1746,380,409.12,12,380,1.08,29,1,6,57.4
35255,1369,185,412.72,89,185,2.23,14,1,36,45.0
35256,2210,92,2211.6,199,92,24.04,3,1,0,72.6
35257,311,20,21073.59,288,20,1053.68,16,1,2,10.2
35258,1385,421,107.26,233,421,0.25,10,0,13,45.5
35259,1198,325,1293.23,159,325,3.98,8,0,29,39.4
35260,1842,218,2610.59,610,218,11.98,3,1,18,60.5
35261,67,106,2421.49,367,106,22.84,27,0,46,2.2
35262,101,498,2232.51,69,498,4.48,4,1,43,3.3
35263,1413,371,74.53,482,371,0.2,0,1,24,46.4
35264,2548,66,9233.32,698,66,139.9,10,0,8,83.7
35265,338,101,3607.31,634,101,35.72,11,1,23,11.1
35266,1527,219,97113.44,292,219,443.44,26,1,4,50.2
35267,1606,113,803.58,175,113,7.11,27,1,17,52.8
35268,2024,211,7678.41,236,211,36.39,5,0,46,66.5
35269,1058,193,5011.22,615,193,25.96,19,1,9,34.8
35270,2123,9,2392.26,425,9,265.81,17,1,10,69.7
35271,2463,363,2427.03,572,363,6.69,5,0,33,80.9
35272,412,236,30662.49,418,236,129.93,2,0,7,13.5
35273,823,348,4454.2,270,348,12.8,27,1,34,27.0
35274,789,167,184.59,435,167,1.11,27,1,6,25.9
35275,501,40,912.69,112,40,22.82,15,0,44,16.5
35276,1196,44,12232.02,351,44,278.0,5,1,14,39.3
35277,124,427,2062.6,396,427,4.83,29,1,26,4.1
35278,1218,380,12528.75,435,380,32.97,16,1,31,40.0
35279,2313,474,4054.19,620,474,8.55,19,1,19,76.0
35280,844,3,9644.05,606,3,3214.68,29,1,31,27.7
35281,1288,453,87.14,265,453,0.19,23,1,19,42.3
35282,2234,279,981.76,120,279,3.52,2,1,8,73.4
35283,251,428,2799.48,692,428,6.54,21,1,21,8.2
35284,1225,299,43563.59,451,299,145.7,5,1,24,40.2
35285,493,205,32494.13,115,205,158.51,10,0,43,16.2
35286,1708,130,22478.36,208,130,172.91,18,1,43,56.1
35287,251,427,1142.03,250,427,2.67,15,1,38,8.2
35288,356,254,12289.31,405,254,48.38,0,0,5,11.7
35289,1198,107,322.56,570,107,3.01,12,1,22,39.4
35290,1778,328,880.74,634,328,2.69,8,1,21,58.4
35291,1646,73,788.05,528,73,10.8,21,0,3,54.1
35292,615,206,3136.26,37,206,15.22,19,0,2,20.2
35293,1412,149,1072.67,190,149,7.2,27,1,17,46.4
35294,1176,374,1341.01,562,374,3.59,26,0,14,38.6
35295,966,217,311.44,143,217,1.44,20,0,41,31.7
35296,1233,79,221.29,197,79,2.8,20,1,24,40.5
35297,305,257,1992.66,352,257,7.75,10,0,24,10.0
35298,137,221,889.49,650,221,4.02,24,1,5,4.5
35299,1000,139,8540.72,304,139,61.44,16,1,28,32.9
35300,549,215,768.79,468,215,3.58,8,0,47,18.0
35301,2300,85,240.62,483,85,2.83,6,0,10,75.6
35302,481,25,277.03,342,25,11.08,2,0,15,15.8
35303,1071,155,665.38,603,155,4.29,25,0,35,35.2
35304,1345,220,2389.5,251,220,10.86,21,1,20,44.2
35305,1607,362,1776.22,625,362,4.91,14,0,30,52.8
35306,583,489,11322.99,189,489,23.16,5,0,6,19.2
35307,1033,346,8206.13,552,346,23.72,0,1,11,33.9
35308,2268,105,269.8,329,105,2.57,13,1,8,74.5
35309,818,258,1191.74,564,258,4.62,29,0,6,26.9
35310,2096,383,873.9,328,383,2.28,1,1,36,68.9
35311,907,352,1222.58,321,352,3.47,7,0,42,29.8
35312,2524,132,4724.25,649,132,35.79,3,1,20,82.9
35313,2539,472,2546.9,46,472,5.4,14,0,23,83.4
35314,696,251,38404.47,652,251,153.01,26,1,41,22.9
35315,2164,310,1049.77,97,310,3.39,7,1,11,71.1
35316,2080,247,1828.35,705,247,7.4,29,1,20,68.3
35317,907,307,10214.92,365,307,33.27,20,1,6,29.8
35318,783,326,6437.62,332,326,19.75,29,0,3,25.7
35319,1630,77,77.4,550,77,1.01,25,0,25,53.5
35320,199,285,424.49,12,285,1.49,8,1,7,6.5
35321,255,289,4124.18,193,289,14.27,16,0,5,8.4
35322,916,93,802.53,46,93,8.63,11,0,40,30.1
35323,2033,205,7717.47,4,205,37.65,21,1,49,66.8
35324,1661,58,2514.72,236,58,43.36,24,1,21,54.6
35325,1623,486,8171.1,218,486,16.81,20,0,5,53.3
35326,402,319,1495.25,637,319,4.69,18,1,18,13.2
35327,1331,211,2119.06,515,211,10.04,27,1,20,43.7
35328,1742,135,1265.61,444,135,9.37,24,1,42,57.2
35329,965,108,280.34,666,108,2.6,24,1,3,31.7
35330,1309,237,1815.94,351,237,7.66,6,1,11,43.0
35331,1700,130,3513.19,356,130,27.02,2,1,1,55.8
35332,1427,341,34269.47,28,341,100.5,9,0,6,46.9
35333,189,289,14902.26,334,289,51.56,2,0,15,6.2
35334,1034,143,655.96,271,143,4.59,9,0,3,34.0
35335,74,33,10237.64,280,33,310.23,16,1,33,2.4
35336,687,372,106.64,626,372,0.29,16,1,36,22.6
35337,1580,203,1307.54,538,203,6.44,5,0,10,51.9
35338,2350,440,2791.3,566,440,6.34,9,1,8,77.2
35339,1885,316,4967.91,56,316,15.72,20,1,4,61.9
35340,190,382,2567.57,327,382,6.72,28,0,0,6.2
35341,159,194,337.44,241,194,1.74,27,0,42,5.2
35342,138,432,4520.27,41,432,10.46,23,1,23,4.5
35343,804,439,1550.32,56,439,3.53,29,0,10,26.4
35344,2427,152,1356.52,450,152,8.92,28,1,2,79.7
35345,1488,279,829.41,423,279,2.97,12,1,32,48.9
35346,625,239,5342.8,160,239,22.35,9,0,26,20.5
35347,2112,359,1664.65,458,359,4.64,1,1,15,69.4
35348,1223,122,1043.41,558,122,8.55,5,0,48,40.2
35349,1939,169,519.96,578,169,3.08,17,1,8,63.7
35350,1213,367,561.83,609,367,1.53,28,1,35,39.8
35351,2246,182,3831.27,597,182,21.05,6,0,11,73.8
35352,1132,196,780.11,611,196,3.98,4,1,3,37.2
35353,1192,375,23422.79,146,375,62.46,26,1,33,39.2
35354,1696,185,994.45,623,185,5.38,22,1,6,55.7
35355,2290,43,1443.52,301,43,33.57,9,1,11,75.2
35356,399,396,912.33,440,396,2.3,20,0,15,13.1
35357,1440,160,15157.72,563,160,94.74,2,1,10,47.3
35358,1892,194,1171.74,223,194,6.04,7,1,25,62.2
35359,1476,247,11868.52,378,247,48.05,14,1,14,48.5
35360,2128,444,504.11,468,444,1.14,18,1,38,69.9
35361,1979,102,129.96,551,102,1.27,23,0,12,65.0
35362,2173,411,2382.75,588,411,5.8,26,0,13,71.4
35363,180,26,157.17,108,26,6.04,0,1,21,5.9
35364,2367,324,1112.19,345,324,3.43,15,0,35,77.8
35365,187,148,4206.41,364,148,28.42,24,0,41,6.1
35366,1005,275,2624.81,359,275,9.54,18,0,45,33.0
35367,296,414,527.92,207,414,1.28,9,0,33,9.7
35368,2182,69,18903.48,306,69,273.96,22,1,14,71.7
35369,2383,447,1531.32,345,447,3.43,11,1,28,78.3
35370,1607,345,8839.89,433,345,25.62,10,0,33,52.8
35371,2270,366,10867.77,430,366,29.69,12,1,19,74.6
35372,1335,410,7325.16,577,410,17.87,21,1,11,43.9
35373,1706,265,272.73,608,265,1.03,25,0,6,56.0
35374,2072,85,2301.74,388,85,27.08,21,0,47,68.1
35375,515,477,2917.92,133,477,6.12,10,1,1,16.9
35376,51,270,624.69,609,270,2.31,11,0,48,1.7
35377,133,426,11742.97,551,426,27.57,21,1,48,4.4
35378,824,207,1550.25,380,207,7.49,4,0,24,27.1
35379,1928,493,468.92,360,493,0.95,12,0,14,63.3
35380,2317,165,19412.3,492,165,117.65,22,0,44,76.1
35381,1409,353,416.91,12,353,1.18,0,0,49,46.3
35382,2290,477,376.46,223,477,0.79,26,1,42,75.2
35383,2240,23,1686.92,641,23,73.34,15,1,0,73.6
35384,1936,448,552.6,478,448,1.23,4,1,29,63.6
35385,564,279,1477.81,43,279,5.3,25,1,32,18.5
35386,1314,426,579.49,67,426,1.36,28,0,1,43.2
35387,951,353,846.5,372,353,2.4,20,1,29,31.2
35388,2282,486,2975.79,408,486,6.12,14,1,33,75.0
35389,350,406,88.03,516,406,0.22,9,0,49,11.5
35390,1813,28,15874.72,152,28,566.95,15,0,21,59.6
35391,1628,324,6735.18,337,324,20.79,17,1,48,53.5
35392,58,43,34690.89,54,43,806.76,21,1,22,1.9
35393,381,471,306.63,142,471,0.65,17,1,13,12.5
35394,247,165,12044.1,178,165,72.99,19,0,16,8.1
35395,2315,79,2318.15,656,79,29.34,20,1,14,76.1
35396,1838,141,205.42,264,141,1.46,3,0,3,60.4
35397,1896,203,301.13,418,203,1.48,12,1,32,62.3
35398,2158,466,20518.38,326,466,44.03,26,1,43,70.9
35399,91,210,13433.1,568,210,63.97,26,1,8,3.0
35400,687,24,199.81,668,24,8.33,13,1,42,22.6
35401,1504,111,3660.54,325,111,32.98,25,0,45,49.4
35402,1914,439,2935.8,153,439,6.69,19,0,10,62.9
35403,589,42,8709.06,368,42,207.36,19,0,14,19.3
35404,1748,401,10354.71,162,401,25.82,18,1,45,57.4
35405,1737,131,63086.27,80,131,481.57,11,1,6,57.1
35406,1310,494,11747.79,687,494,23.78,18,1,19,43.0
35407,331,51,4708.94,496,51,92.33,3,1,3,10.9
35408,1940,328,646.58,351,328,1.97,27,1,26,63.7
35409,542,248,16697.54,540,248,67.33,20,1,3,17.8
35410,1562,409,1159.81,706,409,2.84,29,1,21,51.3
35411,1895,249,294.74,23,249,1.18,2,1,34,62.3
35412,505,19,21017.66,331,19,1106.19,8,1,17,16.6
35413,392,367,6564.59,351,367,17.89,29,1,16,12.9
35414,346,451,405.93,460,451,0.9,17,0,37,11.4
35415,1269,340,220.56,208,340,0.65,16,1,9,41.7
35416,1398,446,1426.97,43,446,3.2,3,0,0,45.9
35417,2393,62,2398.91,518,62,38.69,29,1,42,78.6
35418,199,315,185.74,496,315,0.59,1,1,16,6.5
35419,62,7,1393.79,664,7,199.11,12,0,7,2.0
35420,204,192,6655.61,690,192,34.66,1,0,21,6.7
35421,2297,189,1011.99,502,189,5.35,12,0,48,75.5
35422,847,417,668.1,54,417,1.6,15,0,11,27.8
35423,1450,83,58.81,251,83,0.71,18,1,43,47.6
35424,1467,355,122403.73,500,355,344.8,7,1,47,48.2
35425,2429,103,4954.02,83,103,48.1,29,0,33,79.8
35426,2444,163,2687.15,347,163,16.49,7,1,19,80.3
35427,1059,233,1379.87,563,233,5.92,24,1,45,34.8
35428,48,164,570.11,384,164,3.48,25,1,28,1.6
35429,1789,276,28396.26,360,276,102.88,20,0,19,58.8
35430,727,5,76.21,235,5,15.24,8,1,5,23.9
35431,2454,45,1273.77,462,45,28.31,20,1,10,80.6
35432,846,94,179.36,274,94,1.91,4,0,36,27.8
35433,2226,17,5558.15,17,17,326.95,13,1,37,73.1
35434,995,385,4675.2,338,385,12.14,2,1,6,32.7
35435,1609,184,1419.22,392,184,7.71,11,0,19,52.9
35436,707,432,71.84,152,432,0.17,7,1,10,23.2
35437,285,387,7419.37,389,387,19.17,28,1,47,9.4
35438,2057,128,4194.49,665,128,32.77,25,0,32,67.6
35439,33,422,2115.18,536,422,5.01,27,0,6,1.1
35440,1102,315,4780.11,476,315,15.17,19,0,43,36.2
35441,138,337,20493.66,160,337,60.81,27,1,8,4.5
35442,715,239,5263.5,499,239,22.02,28,0,24,23.5
35443,2512,268,1605.4,641,268,5.99,12,1,48,82.5
35444,92,147,564.95,386,147,3.84,6,1,45,3.0
35445,903,319,1214.09,701,319,3.81,13,0,3,29.7
35446,419,215,3560.09,328,215,16.56,16,1,18,13.8
35447,153,11,15721.2,476,11,1429.2,10,0,21,5.0
35448,1475,292,66678.44,349,292,228.35,14,0,49,48.5
35449,1881,298,153.53,528,298,0.52,5,1,5,61.8
35450,432,495,3048.15,407,495,6.16,6,0,46,14.2
35451,528,4,12041.58,185,4,3010.4,6,1,29,17.3
35452,1970,92,182.16,692,92,1.98,10,1,0,64.7
35453,2429,432,7106.89,64,432,16.45,26,1,40,79.8
35454,2281,284,482.39,232,284,1.7,24,0,14,74.9
35455,346,243,1859.21,540,243,7.65,16,1,43,11.4
35456,1098,425,1366.44,729,425,3.22,22,1,22,36.1
35457,471,265,2239.28,109,265,8.45,25,0,11,15.5
35458,685,172,1210.28,623,172,7.04,29,0,35,22.5
35459,2172,130,1189.53,422,130,9.15,15,0,40,71.4
35460,2319,251,876.54,531,251,3.49,17,1,13,76.2
35461,1299,95,1068.68,671,95,11.25,8,0,20,42.7
35462,1867,228,1256.84,114,228,5.51,4,1,12,61.3
35463,1939,476,9489.35,68,476,19.94,1,0,34,63.7
35464,2165,138,473.31,197,138,3.43,26,0,10,71.1
35465,1294,329,11168.88,729,329,33.95,11,0,5,42.5
35466,1392,455,3703.98,279,455,8.14,17,1,34,45.7
35467,2519,154,547.6,313,154,3.56,11,1,41,82.8
35468,156,487,1598.98,603,487,3.28,13,0,28,5.1
35469,2045,340,1470.43,440,340,4.32,25,1,27,67.2
35470,2301,428,479.83,590,428,1.12,12,1,19,75.6
35471,557,453,1428.88,348,453,3.15,17,0,8,18.3
35472,289,142,1841.88,509,142,12.97,1,1,29,9.5
35473,275,235,5780.85,24,235,24.6,15,1,4,9.0
35474,2223,25,11047.34,648,25,441.89,10,0,46,73.0
35475,96,400,848.06,360,400,2.12,13,0,43,3.2
35476,2061,246,210.16,688,246,0.85,1,1,18,67.7
35477,516,197,6657.82,508,197,33.8,10,1,23,17.0
35478,1786,416,1325.3,466,416,3.19,21,1,33,58.7
35479,2222,256,14634.04,622,256,57.16,15,1,4,73.0
35480,1295,252,8952.2,634,252,35.52,3,1,29,42.5
35481,114,459,1552.18,536,459,3.38,19,0,20,3.7
35482,135,120,7388.54,177,120,61.57,1,0,45,4.4
35483,120,254,1084.93,586,254,4.27,22,0,31,3.9
35484,1076,138,4739.8,301,138,34.35,23,1,6,35.3
35485,524,81,6775.55,245,81,83.65,2,0,10,17.2
35486,1232,208,9880.06,123,208,47.5,6,0,38,40.5
35487,1757,55,1874.0,613,55,34.07,23,0,8,57.7
35488,1384,46,5351.74,617,46,116.34,25,1,42,45.5
35489,1441,139,725.64,363,139,5.22,21,1,38,47.3
35490,1740,146,38.75,638,146,0.27,19,1,29,57.2
35491,1483,295,3760.54,138,295,12.75,1,1,22,48.7
35492,1211,302,1700.22,49,302,5.63,4,0,21,39.8
35493,1846,76,2976.5,658,76,39.16,1,1,16,60.6
35494,1145,242,3159.9,426,242,13.06,26,1,47,37.6
35495,676,474,1057.5,189,474,2.23,0,1,35,22.2
35496,2266,361,529.22,595,361,1.47,3,1,49,74.4
35497,288,393,669.74,500,393,1.7,21,0,18,9.5
35498,2358,33,1048.67,152,33,31.78,11,1,4,77.5
35499,460,377,7505.43,641,377,19.91,18,0,12,15.1
35500,185,391,1068.96,596,391,2.73,25,1,7,6.1
35501,686,278,3907.87,65,278,14.06,7,0,19,22.5
35502,2130,233,7956.07,638,233,34.15,2,1,1,70.0
35503,1171,158,2501.28,72,158,15.83,1,1,47,38.5
35504,671,465,165.96,114,465,0.36,18,1,39,22.0
35505,1298,238,652.93,446,238,2.74,16,0,29,42.6
35506,1595,293,8060.53,384,293,27.51,26,1,31,52.4
35507,450,467,5613.15,367,467,12.02,11,0,25,14.8
35508,1663,438,3978.58,336,438,9.08,19,0,49,54.6
35509,424,168,1795.39,300,168,10.69,27,0,48,13.9
35510,237,144,1174.56,369,144,8.16,19,1,20,7.8
35511,1691,153,7617.5,321,153,49.79,19,1,18,55.6
35512,2132,310,324.94,655,310,1.05,9,1,9,70.0
35513,1242,121,9261.02,22,121,76.54,0,0,45,40.8
35514,2085,43,52.0,135,43,1.21,29,0,4,68.5
35515,94,224,3291.67,286,224,14.69,6,1,0,3.1
35516,321,172,4998.98,326,172,29.06,18,1,29,10.5
35517,1282,51,488.85,62,51,9.59,5,1,8,42.1
35518,505,470,1521.25,188,470,3.24,27,0,33,16.6
35519,867,433,1254.29,415,433,2.9,4,1,39,28.5
35520,1560,20,265.21,405,20,13.26,10,0,8,51.2
35521,2107,483,1577.41,12,483,3.27,5,1,36,69.2
35522,933,446,94.96,523,446,0.21,24,0,18,30.7
35523,1754,382,3881.15,103,382,10.16,24,0,25,57.6
35524,479,8,1073.92,436,8,134.24,22,1,28,15.7
35525,1179,233,8881.63,489,233,38.12,8,1,21,38.7
35526,970,127,3848.74,407,127,30.31,20,1,32,31.9
35527,1790,285,3497.91,598,285,12.27,25,0,2,58.8
35528,334,102,429.93,462,102,4.22,12,0,26,11.0
35529,1359,134,2134.26,353,134,15.93,4,0,30,44.6
35530,1005,318,2149.4,433,318,6.76,1,0,25,33.0
35531,2063,299,456.37,445,299,1.53,22,1,36,67.8
35532,2466,198,11916.76,247,198,60.19,19,1,37,81.0
35533,521,244,1485.6,538,244,6.09,12,0,29,17.1
35534,1783,326,7750.94,313,326,23.78,3,1,13,58.6
35535,778,417,126.57,307,417,0.3,21,1,37,25.6
35536,769,254,1935.31,377,254,7.62,24,1,9,25.3
35537,1586,143,1012.12,671,143,7.08,26,1,35,52.1
35538,471,498,13612.04,412,498,27.33,17,1,6,15.5
35539,2231,267,3365.0,235,267,12.6,27,1,14,73.3
35540,1445,12,376.67,213,12,31.39,0,0,13,47.5
35541,2413,404,6072.33,651,404,15.03,29,0,42,79.3
35542,1270,264,13837.03,487,264,52.41,7,1,46,41.7
35543,2258,119,1745.75,698,119,14.67,4,1,34,74.2
35544,2163,353,358.9,335,353,1.02,10,0,27,71.1
35545,199,421,66.27,670,421,0.16,13,1,21,6.5
35546,1250,138,1800.05,587,138,13.04,26,1,33,41.1
35547,756,75,3229.41,668,75,43.06,27,1,27,24.8
35548,130,412,4096.94,579,412,9.94,6,1,8,4.3
35549,2084,396,1055.48,666,396,2.67,16,0,28,68.5
35550,1950,459,864.93,440,459,1.88,6,0,28,64.1
35551,1318,444,1424.1,483,444,3.21,25,0,15,43.3
35552,67,402,1375.41,355,402,3.42,29,1,20,2.2
35553,35,281,2272.82,574,281,8.09,29,1,37,1.1
35554,2157,448,9600.69,87,448,21.43,26,0,42,70.9
35555,713,255,752.67,42,255,2.95,1,1,3,23.4
35556,237,482,18259.73,576,482,37.88,3,1,20,7.8
35557,77,357,1268.19,87,357,3.55,29,0,42,2.5
35558,1553,392,960.96,293,392,2.45,15,1,27,51.0
35559,1993,421,2560.67,8,421,6.08,25,0,34,65.5
35560,1326,406,351.01,63,406,0.86,4,0,41,43.6
35561,1019,110,708.32,519,110,6.44,5,1,34,33.5
35562,2507,290,800.91,725,290,2.76,18,1,0,82.4
35563,2294,187,2402.11,151,187,12.85,28,1,35,75.4
35564,2033,413,678.49,253,413,1.64,3,0,34,66.8
35565,448,108,61590.75,465,108,570.28,4,0,41,14.7
35566,1891,213,6138.18,62,213,28.82,15,1,14,62.1
35567,2354,257,4403.71,15,257,17.14,6,1,32,77.3
35568,2295,87,10096.46,82,87,116.05,9,1,13,75.4
35569,2238,446,374.23,168,446,0.84,25,0,38,73.5
35570,892,390,179.19,531,390,0.46,23,1,38,29.3
35571,1193,410,435.37,421,410,1.06,16,1,23,39.2
35572,1508,350,1777.29,538,350,5.08,26,0,1,49.5
35573,1138,344,569.5,295,344,1.66,4,0,1,37.4
35574,1946,62,2779.15,689,62,44.82,7,0,16,63.9
35575,2372,416,12131.49,402,416,29.16,16,1,13,77.9
35576,1963,15,2120.05,678,15,141.34,1,0,23,64.5
35577,211,145,362.11,597,145,2.5,6,1,46,6.9
35578,980,11,221.08,203,11,20.1,28,0,16,32.2
35579,1716,247,6410.38,583,247,25.95,5,0,13,56.4
35580,756,282,1254.5,314,282,4.45,3,1,20,24.8
35581,1438,492,1037.5,457,492,2.11,27,0,23,47.2
35582,2293,439,1294.41,644,439,2.95,21,0,47,75.3
35583,603,322,133.65,5,322,0.42,27,1,9,19.8
35584,981,234,3967.0,697,234,16.95,18,1,35,32.2
35585,1940,104,536.48,150,104,5.16,21,1,13,63.7
35586,450,154,343.37,174,154,2.23,4,1,28,14.8
35587,1376,21,1110.9,484,21,52.9,8,1,24,45.2
35588,928,440,752.93,440,440,1.71,15,1,16,30.5
35589,2220,446,2369.79,594,446,5.31,10,1,12,72.9
35590,589,361,884.73,398,361,2.45,15,1,16,19.3
35591,1407,469,4001.09,546,469,8.53,21,0,7,46.2
35592,1656,438,553.34,263,438,1.26,12,1,31,54.4
35593,1670,283,1898.52,45,283,6.71,12,1,40,54.9
35594,295,248,511.69,605,248,2.06,27,0,47,9.7
35595,2521,492,675.01,394,492,1.37,17,1,42,82.8
35596,2407,107,4004.6,696,107,37.43,27,1,11,79.1
35597,2309,155,2513.07,28,155,16.21,29,1,41,75.9
35598,704,233,264.24,237,233,1.13,4,0,19,23.1
35599,1694,147,945.11,283,147,6.43,28,1,48,55.7
35600,620,143,1252.21,296,143,8.76,1,0,38,20.4
35601,1825,47,782.07,639,47,16.64,24,1,29,60.0
35602,1905,110,10058.89,70,110,91.44,5,1,19,62.6
35603,1624,494,655.16,558,494,1.33,23,0,4,53.4
35604,1889,491,1224.13,588,491,2.49,0,1,47,62.1
35605,2409,430,493.59,116,430,1.15,21,1,18,79.1
35606,1871,323,499.65,329,323,1.55,26,0,45,61.5
35607,2417,144,1032.14,308,144,7.17,15,1,23,79.4
35608,2478,46,15335.05,466,46,333.37,4,0,20,81.4
35609,1505,345,7289.6,249,345,21.13,6,1,14,49.4
35610,2037,390,211.72,33,390,0.54,11,0,18,66.9
35611,1195,309,723.01,471,309,2.34,11,0,39,39.3
35612,2027,154,355.69,424,154,2.31,18,0,38,66.6
35613,2213,127,3713.8,186,127,29.24,14,1,1,72.7
35614,2533,58,22515.62,441,58,388.2,6,1,2,83.2
35615,653,460,418.41,123,460,0.91,26,0,34,21.5
35616,2445,278,90.19,47,278,0.32,21,1,28,80.3
35617,1992,410,8424.76,482,410,20.55,22,0,25,65.4
35618,1626,465,1068.49,436,465,2.3,14,1,21,53.4
35619,135,291,17350.14,439,291,59.62,27,0,34,4.4
35620,1864,260,177.01,91,260,0.68,0,0,13,61.2
35621,2275,180,29705.18,155,180,165.03,25,1,35,74.7
35622,249,117,609.41,94,117,5.21,23,0,24,8.2
35623,1622,322,17664.36,727,322,54.86,4,1,44,53.3
35624,1078,109,357.62,580,109,3.28,14,1,42,35.4
35625,340,92,120552.69,500,92,1310.36,19,1,9,11.2
35626,1535,310,1527.21,386,310,4.93,28,0,10,50.4
35627,1368,308,65.05,99,308,0.21,17,1,28,44.9
35628,2186,68,1438.5,195,68,21.15,6,0,32,71.8
35629,279,157,4282.09,497,157,27.27,14,1,40,9.2
35630,1147,394,4840.14,32,394,12.28,1,1,6,37.7
35631,1453,96,857.61,326,96,8.93,18,1,7,47.7
35632,826,207,2665.8,290,207,12.88,27,1,37,27.1
35633,2535,159,261.95,498,159,1.65,16,0,36,83.3
35634,1068,258,583.32,112,258,2.26,9,1,41,35.1
35635,510,95,5064.96,717,95,53.32,5,1,11,16.8
35636,832,357,2972.34,664,357,8.33,29,1,35,27.3
35637,2182,238,666.28,476,238,2.8,2,1,11,71.7
35638,659,281,496.68,167,281,1.77,9,0,29,21.6
35639,1752,199,2588.35,1,199,13.01,1,1,11,57.6
35640,650,21,6131.51,445,21,291.98,24,0,37,21.4
35641,2408,170,2967.75,111,170,17.46,5,0,33,79.1
35642,1114,314,1191.24,545,314,3.79,0,0,32,36.6
35643,288,214,391.74,611,214,1.83,7,1,29,9.5
35644,1452,75,10014.65,615,75,133.53,4,0,8,47.7
35645,894,31,6507.91,393,31,209.93,7,0,45,29.4
35646,707,242,49.17,476,242,0.2,27,1,29,23.2
35647,343,168,209.02,358,168,1.24,24,1,6,11.3
35648,569,451,13980.33,110,451,31.0,16,1,5,18.7
35649,1953,335,2044.7,461,335,6.1,27,1,21,64.2
35650,2366,494,8727.64,287,494,17.67,0,1,6,77.7
35651,106,208,692.29,470,208,3.33,2,1,13,3.5
35652,672,4,381.15,162,4,95.29,16,1,34,22.1
35653,363,464,863.45,225,464,1.86,2,1,41,11.9
35654,1960,187,29132.75,243,187,155.79,15,0,29,64.4
35655,1555,76,1194.51,415,76,15.72,0,0,33,51.1
35656,50,437,679.16,492,437,1.55,0,1,49,1.6
35657,1905,95,606.78,273,95,6.39,19,1,45,62.6
35658,846,362,928.56,348,362,2.57,9,1,25,27.8
35659,2061,266,2508.35,657,266,9.43,7,1,20,67.7
35660,1149,299,409.4,389,299,1.37,19,0,35,37.7
35661,345,129,2367.13,453,129,18.35,2,1,11,11.3
35662,513,257,626.51,371,257,2.44,20,0,37,16.9
35663,2241,447,52017.68,138,447,116.37,23,0,26,73.6
35664,413,124,7920.37,243,124,63.87,24,0,29,13.6
35665,157,401,1430.39,341,401,3.57,25,0,21,5.2
35666,2323,360,193.79,477,360,0.54,18,1,17,76.3
35667,2013,389,1430.06,50,389,3.68,27,0,41,66.1
35668,2048,70,29873.19,610,70,426.76,4,1,29,67.3
35669,1947,407,45882.44,581,407,112.73,5,1,0,64.0
35670,1913,48,4955.68,674,48,103.24,2,1,27,62.8
35671,2014,262,958.8,197,262,3.66,4,0,1,66.2
35672,2223,481,5854.94,295,481,12.17,13,0,20,73.0
35673,687,167,406.86,282,167,2.44,23,0,33,22.6
35674,2231,108,8119.28,255,108,75.18,13,1,5,73.3
35675,660,149,8001.92,479,149,53.7,22,1,39,21.7
35676,1770,262,1282.05,711,262,4.89,7,1,34,58.1
35677,453,277,1005.96,699,277,3.63,23,0,32,14.9
35678,769,245,3032.81,118,245,12.38,16,1,22,25.3
35679,2383,322,7828.41,537,322,24.31,28,1,25,78.3
35680,1500,272,5658.28,636,272,20.8,13,0,34,49.3
35681,966,270,5476.51,101,270,20.28,6,1,31,31.7
35682,2286,189,1009.43,125,189,5.34,4,1,30,75.1
35683,1889,401,455.81,548,401,1.14,27,1,36,62.1
35684,892,10,2105.53,409,10,210.55,9,1,15,29.3
35685,2298,79,269.27,629,79,3.41,0,0,21,75.5
35686,799,406,2890.97,239,406,7.12,25,0,47,26.2
35687,1627,463,447.18,638,463,0.97,1,1,42,53.4
35688,1619,79,3185.64,394,79,40.32,7,1,5,53.2
35689,1070,482,7597.65,123,482,15.76,7,1,3,35.2
35690,1408,471,30664.07,432,471,65.1,20,1,21,46.3
35691,99,28,764.98,229,28,27.32,17,1,41,3.3
35692,1409,268,7335.71,146,268,27.37,17,1,13,46.3
35693,1477,77,5651.75,274,77,73.4,26,1,20,48.5
35694,591,238,600.51,361,238,2.52,12,0,25,19.4
35695,992,287,722.51,305,287,2.52,20,1,27,32.6
35696,1398,241,7540.2,625,241,31.29,15,1,20,45.9
35697,729,209,244.07,78,209,1.17,4,1,25,23.9
35698,2455,203,336.56,447,203,1.66,7,1,45,80.7
35699,171,53,1000.07,161,53,18.87,10,1,49,5.6
35700,1240,8,5678.64,210,8,709.83,14,0,45,40.7
35701,1594,95,14939.65,454,95,157.26,11,1,26,52.4
35702,2493,172,15405.46,177,172,89.57,24,0,28,81.9
35703,603,386,14072.6,422,386,36.46,0,1,6,19.8
35704,333,47,117.69,460,47,2.5,13,1,46,10.9
35705,1543,116,1645.75,603,116,14.19,23,0,42,50.7
35706,1552,328,364.85,384,328,1.11,29,0,3,51.0
35707,336,406,5350.57,57,406,13.18,2,0,36,11.0
35708,681,311,1108.84,183,311,3.57,18,1,34,22.4
35709,1963,184,1050.37,634,184,5.71,14,1,20,64.5
35710,2094,448,94.84,665,448,0.21,5,0,7,68.8
35711,730,77,224.66,654,77,2.92,10,0,11,24.0
35712,1325,194,2030.09,329,194,10.46,28,1,15,43.5
35713,2280,55,429.57,403,55,7.81,7,1,15,74.9
35714,2495,328,188.48,181,328,0.57,24,0,17,82.0
35715,2210,378,776.59,109,378,2.05,5,1,37,72.6
35716,1556,183,7486.0,71,183,40.91,4,1,27,51.1
35717,154,81,1266.53,693,81,15.64,8,0,49,5.1
35718,1922,193,199.03,36,193,1.03,1,1,39,63.1
35719,314,72,1283.57,298,72,17.83,29,0,14,10.3
35720,357,137,69.36,450,137,0.51,2,1,34,11.7
35721,1279,99,472.29,156,99,4.77,13,0,4,42.0
35722,1089,234,5032.58,31,234,21.51,7,1,24,35.8
35723,986,378,41.22,530,378,0.11,1,0,47,32.4
35724,2519,197,1271.3,100,197,6.45,17,1,14,82.8
35725,2366,209,513.9,673,209,2.46,25,0,39,77.7
35726,1327,439,1269.95,169,439,2.89,7,1,35,43.6
35727,1727,445,21208.33,483,445,47.66,23,0,2,56.7
35728,391,396,533.76,679,396,1.35,28,1,42,12.8
35729,1067,400,614.65,82,400,1.54,18,1,25,35.1
35730,825,60,2069.13,530,60,34.49,15,1,42,27.1
35731,2410,401,7210.91,229,401,17.98,26,0,12,79.2
35732,736,5,3994.78,620,5,798.96,10,0,4,24.2
35733,1197,299,16427.08,569,299,54.94,13,0,46,39.3
35734,2260,472,2222.57,162,472,4.71,29,0,2,74.2
35735,938,170,1617.68,172,170,9.52,15,1,47,30.8
35736,1492,34,1590.15,380,34,46.77,13,0,45,49.0
35737,1562,114,170677.07,469,114,1497.17,10,1,48,51.3
35738,1295,231,1567.31,99,231,6.78,21,0,25,42.5
35739,1881,29,524.6,192,29,18.09,3,1,18,61.8
35740,1006,329,7721.43,178,329,23.47,7,1,18,33.0
35741,861,214,14642.68,83,214,68.42,6,0,6,28.3
35742,1879,191,49.38,403,191,0.26,23,0,24,61.7
35743,2114,161,3538.86,565,161,21.98,12,0,15,69.4
35744,1895,339,3330.73,641,339,9.83,8,1,42,62.3
35745,719,288,21798.57,26,288,75.69,1,0,48,23.6
35746,1758,409,1326.19,417,409,3.24,17,0,33,57.8
35747,1520,234,9515.72,191,234,40.67,7,0,16,49.9
35748,1103,137,1843.39,187,137,13.46,21,1,5,36.2
35749,600,19,533.56,598,19,28.08,29,0,4,19.7
35750,1472,484,666.96,171,484,1.38,11,1,3,48.4
35751,1969,429,3358.08,4,429,7.83,28,1,21,64.7
35752,76,205,1321.32,450,205,6.45,11,1,12,2.5
35753,493,76,4032.32,631,76,53.06,13,1,35,16.2
35754,1741,381,6076.19,155,381,15.95,20,1,20,57.2
35755,2287,223,981.37,651,223,4.4,19,1,10,75.1
35756,2352,398,1524.11,137,398,3.83,3,1,5,77.3
35757,2065,226,2019.63,336,226,8.94,12,1,16,67.8
35758,2162,408,8207.91,46,408,20.12,14,0,46,71.0
35759,157,82,348.15,398,82,4.25,15,0,25,5.2
35760,2393,242,564.78,706,242,2.33,19,1,28,78.6
35761,208,274,790.54,676,274,2.89,23,1,32,6.8
35762,881,55,640.94,298,55,11.65,20,1,44,28.9
35763,652,61,109.44,294,61,1.79,4,1,18,21.4
35764,939,344,16058.45,416,344,46.68,16,1,23,30.8
35765,69,259,1084.14,719,259,4.19,29,0,48,2.3
35766,1929,154,565.4,702,154,3.67,23,1,6,63.4
35767,711,146,419.37,211,146,2.87,18,1,21,23.4
35768,1523,170,351.64,692,170,2.07,1,0,0,50.0
35769,2543,279,154.0,417,279,0.55,4,1,36,83.5
35770,968,128,44646.73,81,128,348.8,4,1,4,31.8
35771,906,358,977.1,332,358,2.73,15,0,27,29.8
35772,1499,27,152.22,252,27,5.64,10,1,43,49.2
35773,985,390,29828.3,37,390,76.48,20,0,12,32.4
35774,2513,436,397.56,547,436,0.91,25,0,34,82.6
35775,1548,33,8124.91,488,33,246.21,20,1,13,50.9
35776,122,488,74071.74,467,488,151.79,26,1,3,4.0
35777,470,288,57994.29,113,288,201.37,24,0,22,15.4
35778,1647,97,9251.12,268,97,95.37,8,1,47,54.1
35779,715,410,1176.98,585,410,2.87,29,1,28,23.5
35780,1407,169,16191.95,21,169,95.81,27,1,11,46.2
35781,584,2,2638.9,410,2,1319.45,4,0,43,19.2
35782,770,384,1221.17,633,384,3.18,20,1,30,25.3
35783,2147,355,8050.7,77,355,22.68,13,0,22,70.5
35784,695,393,4616.27,118,393,11.75,23,1,37,22.8
35785,2252,15,2901.65,456,15,193.44,23,0,17,74.0
35786,1990,44,1878.31,331,44,42.69,18,1,49,65.4
35787,886,499,160.29,313,499,0.32,8,1,11,29.1
35788,858,277,2108.34,306,277,7.61,21,1,22,28.2
35789,974,327,7428.26,485,327,22.72,17,0,19,32.0
35790,350,376,279.92,560,376,0.74,5,1,41,11.5
35791,1359,252,22774.02,86,252,90.37,13,1,34,44.6
35792,790,81,713.76,661,81,8.81,9,1,20,26.0
35793,991,163,118.64,216,163,0.73,12,0,44,32.6
35794,1287,336,286.34,83,336,0.85,27,1,47,42.3
35795,1020,47,2696.69,222,47,57.38,14,1,5,33.5
35796,339,135,78.11,488,135,0.58,24,1,10,11.1
35797,2488,251,2899.18,301,251,11.55,20,1,42,81.7
35798,739,260,7242.92,349,260,27.86,15,0,46,24.3
35799,2248,395,11250.12,350,395,28.48,0,1,32,73.9
35800,1395,151,18080.22,401,151,119.74,21,0,19,45.8
35801,1467,362,2183.83,211,362,6.03,27,0,0,48.2
35802,1803,191,5019.46,285,191,26.28,11,1,8,59.2
35803,2191,160,6875.75,510,160,42.97,13,0,46,72.0
35804,546,105,503.16,672,105,4.79,15,1,49,17.9
35805,2073,335,3242.99,9,335,9.68,3,1,18,68.1
35806,2353,287,737.2,154,287,2.57,21,1,33,77.3
35807,995,41,6827.87,340,41,166.53,13,0,45,32.7
35808,2372,350,225.61,314,350,0.64,10,1,27,77.9
35809,823,229,13074.59,192,229,57.09,0,1,41,27.0
35810,831,58,5361.57,619,58,92.44,1,1,17,27.3
35811,981,337,9527.41,728,337,28.27,14,0,4,32.2
35812,759,208,723.09,563,208,3.48,6,0,37,24.9
35813,84,344,920.61,119,344,2.68,0,0,42,2.8
35814,41,208,13508.18,444,208,64.94,18,1,16,1.3
35815,757,112,20742.26,564,112,185.2,1,0,12,24.9
35816,2013,499,1744.22,507,499,3.5,18,0,0,66.1
35817,2101,472,5371.25,235,472,11.38,18,1,27,69.0
35818,575,438,1186.59,196,438,2.71,16,0,9,18.9
35819,2274,70,224.81,323,70,3.21,7,0,39,74.7
35820,479,27,11912.4,242,27,441.2,1,1,12,15.7
35821,137,130,2825.39,670,130,21.73,6,0,44,4.5
35822,922,17,562.74,217,17,33.1,2,0,40,30.3
35823,2049,433,532.87,533,433,1.23,14,0,47,67.3
35824,2223,32,3767.06,184,32,117.72,2,1,17,73.0
35825,189,388,3116.44,188,388,8.03,8,1,41,6.2
35826,1500,190,20.22,312,190,0.11,4,1,42,49.3
35827,2128,270,12474.61,655,270,46.2,15,0,33,69.9
35828,90,115,5189.85,336,115,45.13,24,1,13,3.0
35829,1746,483,2613.72,671,483,5.41,11,1,40,57.4
35830,1142,431,1798.75,220,431,4.17,27,0,17,37.5
35831,768,80,578.53,95,80,7.23,14,1,12,25.2
35832,938,358,333.03,411,358,0.93,14,0,5,30.8
35833,544,243,4670.38,481,243,19.22,9,0,27,17.9
35834,362,288,472.46,164,288,1.64,25,0,30,11.9
35835,752,193,101.61,106,193,0.53,28,0,11,24.7
35836,2274,59,2537.08,314,59,43.0,19,1,4,74.7
35837,1179,487,1710.16,142,487,3.51,12,1,18,38.7
35838,1227,371,1902.78,323,371,5.13,0,1,9,40.3
35839,2050,166,18033.1,386,166,108.63,26,0,27,67.3
35840,1074,90,808.23,372,90,8.98,7,0,28,35.3
35841,1190,447,3092.77,349,447,6.92,26,0,8,39.1
35842,156,401,39512.38,200,401,98.53,28,0,39,5.1
35843,1746,2,353.16,622,2,176.58,24,1,27,57.4
35844,185,29,4753.56,694,29,163.92,7,0,35,6.1
35845,312,384,272.7,243,384,0.71,11,1,35,10.2
35846,2131,93,412.06,694,93,4.43,14,1,3,70.0
35847,2248,124,2533.57,662,124,20.43,17,0,8,73.9
35848,2344,380,437.95,152,380,1.15,8,1,41,77.0
35849,1471,68,1704.24,575,68,25.06,23,0,31,48.3
35850,254,408,11305.35,587,408,27.71,24,0,5,8.3
35851,1685,57,274.56,265,57,4.82,27,0,14,55.4
35852,1256,120,2919.23,236,120,24.33,26,1,7,41.3
35853,472,431,37.16,407,431,0.09,24,1,44,15.5
35854,253,238,8356.05,218,238,35.11,26,1,24,8.3
35855,805,76,1685.55,62,76,22.18,15,0,33,26.4
35856,2116,316,5608.68,378,316,17.75,14,1,17,69.5
35857,455,156,1449.23,397,156,9.29,3,0,26,14.9
35858,2415,257,332.04,445,257,1.29,6,0,3,79.3
35859,840,385,3756.83,152,385,9.76,11,1,23,27.6
35860,746,416,433.66,699,416,1.04,23,0,3,24.5
35861,899,299,10896.62,40,299,36.44,4,0,46,29.5
35862,2377,65,1849.1,238,65,28.45,1,1,26,78.1
35863,1450,206,591.51,350,206,2.87,2,1,41,47.6
35864,1171,210,1130.91,503,210,5.39,23,1,2,38.5
35865,1601,480,455.15,39,480,0.95,23,1,18,52.6
35866,1285,22,33968.88,181,22,1544.04,8,0,35,42.2
35867,90,476,17655.1,544,476,37.09,6,1,18,3.0
35868,1637,335,682.32,554,335,2.04,8,1,37,53.8
35869,212,256,146.79,120,256,0.57,12,1,8,7.0
35870,672,199,3652.69,276,199,18.36,24,1,39,22.1
35871,1115,353,1202.72,170,353,3.41,24,0,43,36.6
35872,196,236,2695.65,117,236,11.42,0,0,4,6.4
35873,2185,421,4958.64,309,421,11.78,17,1,24,71.8
35874,1608,317,5116.83,411,317,16.14,26,0,37,52.8
35875,1158,355,6496.7,344,355,18.3,16,1,25,38.0
35876,678,346,3953.48,52,346,11.43,20,1,43,22.3
35877,832,114,3382.09,73,114,29.67,7,1,19,27.3
35878,903,29,146971.42,41,29,5067.98,24,1,49,29.7
35879,409,497,5481.98,638,497,11.03,20,0,26,13.4
35880,666,450,362.67,430,450,0.81,5,1,7,21.9
35881,2298,160,5155.01,681,160,32.22,15,1,0,75.5
35882,1120,205,2323.05,353,205,11.33,0,1,19,36.8
35883,57,360,4326.03,356,360,12.02,26,0,8,1.9
35884,725,45,469.62,48,45,10.44,10,1,43,23.8
35885,259,29,483.24,5,29,16.66,9,1,7,8.5
35886,2222,415,883.69,706,415,2.13,23,1,9,73.0
35887,1900,456,20862.7,647,456,45.75,1,0,18,62.4
35888,302,39,3955.25,289,39,101.42,18,0,48,9.9
35889,461,496,17458.3,326,496,35.2,22,0,39,15.1
35890,1946,158,351.92,380,158,2.23,16,0,46,63.9
35891,1813,190,578.13,480,190,3.04,14,1,8,59.6
35892,53,367,164.99,608,367,0.45,5,0,10,1.7
35893,239,230,12198.96,383,230,53.04,13,0,1,7.9
35894,332,385,555.1,515,385,1.44,27,0,7,10.9
35895,1287,69,2725.08,493,69,39.49,11,1,39,42.3
35896,1837,114,12.42,27,114,0.11,19,1,45,60.3
35897,2200,409,4208.35,91,409,10.29,15,0,10,72.3
35898,1276,226,3010.32,618,226,13.32,17,1,46,41.9
35899,1489,392,12316.37,258,392,31.42,28,1,11,48.9
35900,558,205,30350.99,256,205,148.05,3,0,12,18.3
35901,1161,487,6835.23,636,487,14.04,24,1,10,38.1
35902,398,477,168.17,300,477,0.35,12,0,22,13.1
35903,911,291,8705.99,230,291,29.92,3,1,26,29.9
35904,815,330,5493.26,380,330,16.65,11,1,30,26.8
35905,242,474,2834.48,31,474,5.98,15,1,21,8.0
35906,2423,366,1992.65,149,366,5.44,9,0,24,79.6
35907,905,239,2596.1,551,239,10.86,8,1,28,29.7
35908,754,294,23808.8,196,294,80.98,4,0,34,24.8
35909,1837,75,610.66,531,75,8.14,28,1,35,60.3
35910,1256,21,667.16,577,21,31.77,7,0,37,41.3
35911,712,391,7523.82,204,391,19.24,20,1,22,23.4
35912,523,244,2762.48,103,244,11.32,10,0,43,17.2
35913,406,96,6586.2,394,96,68.61,8,0,29,13.3
35914,1892,23,2972.27,494,23,129.23,0,0,45,62.2
35915,1303,440,719.37,259,440,1.63,2,1,2,42.8
35916,2145,169,38.0,618,169,0.22,3,1,20,70.5
35917,1139,218,3341.1,724,218,15.33,28,1,34,37.4
35918,1413,371,5427.52,408,371,14.63,12,1,12,46.4
35919,1427,421,814.5,83,421,1.93,12,1,27,46.9
35920,969,80,242.73,196,80,3.03,12,1,21,31.8
35921,2358,337,6434.24,83,337,19.09,23,0,32,77.5
35922,1133,177,32292.32,183,177,182.44,22,1,6,37.2
35923,2455,489,803.87,678,489,1.64,21,0,42,80.7
35924,285,459,6809.88,28,459,14.84,14,1,27,9.4
35925,574,256,10354.16,514,256,40.45,12,0,11,18.9
35926,1831,151,2403.4,573,151,15.92,14,1,32,60.2
35927,2110,295,1791.53,520,295,6.07,4,1,41,69.3
35928,491,184,2061.01,412,184,11.2,16,0,44,16.1
35929,870,135,1976.3,72,135,14.64,27,0,29,28.6
35930,2034,14,149.9,78,14,10.71,6,1,1,66.8
35931,746,260,1031.88,608,260,3.97,6,1,3,24.5
35932,1444,253,6513.84,320,253,25.75,29,1,49,47.4
35933,2202,180,6691.6,375,180,37.18,10,1,26,72.3
35934,1619,347,2445.52,278,347,7.05,27,1,46,53.2
35935,2539,96,2109.54,463,96,21.97,13,0,11,83.4
35936,1674,294,282.65,241,294,0.96,11,1,44,55.0
35937,2027,126,1136.2,400,126,9.02,11,1,45,66.6
35938,1533,486,103.54,577,486,0.21,3,1,5,50.4
35939,760,355,795.52,528,355,2.24,13,0,37,25.0
35940,2248,69,567.79,427,69,8.23,1,1,33,73.9
35941,1365,162,279.78,505,162,1.73,23,0,35,44.8
35942,942,214,26197.45,190,214,122.42,16,0,4,30.9
35943,294,71,1664.97,613,71,23.45,11,1,1,9.7
35944,1992,313,39418.27,271,313,125.94,28,1,49,65.4
35945,814,456,982.09,542,456,2.15,20,0,23,26.7
35946,2358,375,2083.07,55,375,5.55,27,1,44,77.5
35947,1095,419,8574.21,173,419,20.46,11,0,31,36.0
35948,2075,204,2054.16,620,204,10.07,25,0,20,68.2
35949,1767,388,5402.62,212,388,13.92,9,0,16,58.0
35950,2529,370,2106.64,673,370,5.69,26,1,33,83.1
35951,2016,255,2666.63,112,255,10.46,18,1,4,66.2
35952,848,413,630.19,505,413,1.53,23,0,34,27.9
35953,2522,431,18294.09,557,431,42.45,29,0,7,82.9
35954,2101,285,11017.22,470,285,38.66,9,1,20,69.0
35955,1505,207,451.38,452,207,2.18,1,1,38,49.4
35956,537,333,109.0,180,333,0.33,28,1,25,17.6
35957,1602,108,2865.38,317,108,26.53,14,1,48,52.6
35958,401,155,1615.29,641,155,10.42,20,1,10,13.2
35959,1774,304,13511.06,13,304,44.44,15,1,42,58.3
35960,620,420,2585.01,290,420,6.15,24,1,9,20.4
35961,2299,141,2102.73,124,141,14.91,22,1,48,75.5
35962,1773,293,137899.24,91,293,470.65,28,1,11,58.2
35963,301,269,3433.88,148,269,12.77,2,0,21,9.9
35964,1694,222,2455.04,188,222,11.06,23,1,29,55.7
35965,602,106,677.97,634,106,6.4,16,1,34,19.8
35966,1890,144,1161.82,138,144,8.07,29,0,1,62.1
35967,2543,331,768.54,354,331,2.32,13,0,30,83.5
35968,1268,255,18214.48,51,255,71.43,4,0,3,41.7
35969,1251,472,32653.82,136,472,69.18,9,1,43,41.1
35970,1884,145,2514.12,694,145,17.34,25,1,5,61.9
35971,530,36,234.27,319,36,6.51,19,0,35,17.4
35972,2132,448,626.44,95,448,1.4,22,1,35,70.0
35973,514,239,1142.59,401,239,4.78,18,0,25,16.9
35974,374,469,1918.54,583,469,4.09,23,1,31,12.3
35975,1029,384,272.89,518,384,0.71,29,1,3,33.8
35976,257,117,3305.31,225,117,28.25,17,0,21,8.4
35977,1649,23,9531.05,443,23,414.39,26,1,33,54.2
35978,311,431,10368.44,135,431,24.06,10,1,0,10.2
35979,1300,77,2545.51,17,77,33.06,0,0,35,42.7
35980,449,35,6353.41,536,35,181.53,22,0,22,14.8
35981,2340,239,3083.38,656,239,12.9,18,1,15,76.9
35982,958,170,11697.01,608,170,68.81,20,1,35,31.5
35983,2263,427,4171.24,615,427,9.77,22,1,46,74.3
35984,2317,470,2672.59,547,470,5.69,18,0,26,76.1
35985,1939,79,2542.3,289,79,32.18,0,1,38,63.7
35986,1462,391,395.69,368,391,1.01,16,0,4,48.0
35987,1862,430,17238.54,2,430,40.09,26,1,24,61.2
35988,1786,268,5084.23,526,268,18.97,19,1,44,58.7
35989,1792,498,1961.76,326,498,3.94,9,0,4,58.9
35990,1111,137,15902.81,576,137,116.08,3,1,36,36.5
35991,1435,355,215.47,359,355,0.61,18,1,23,47.1
35992,1366,268,3414.02,582,268,12.74,0,1,44,44.9
35993,1355,263,9016.84,189,263,34.28,16,1,33,44.5
35994,1858,167,200.65,246,167,1.2,9,0,41,61.0
35995,927,256,937.85,97,256,3.66,9,0,34,30.5
35996,1966,315,177.77,306,315,0.56,2,0,21,64.6
35997,2349,16,312.89,362,16,19.56,23,1,15,77.2
35998,1206,177,483.63,531,177,2.73,3,1,10,39.6
35999,1677,99,74611.05,702,99,753.65,21,1,8,55.1
36000,1906,411,6040.73,617,411,14.7,12,0,37,62.6
36001,962,171,3255.08,647,171,19.04,13,1,31,31.6
36002,2283,457,1615.68,592,457,3.54,11,0,13,75.0
36003,1790,59,16848.0,121,59,285.56,4,0,27,58.8
36004,2029,479,4507.75,350,479,9.41,26,0,39,66.7
36005,1959,146,2080.03,480,146,14.25,3,0,24,64.4
36006,1815,338,2788.9,457,338,8.25,17,0,23,59.6
36007,527,70,6130.18,657,70,87.57,7,1,28,17.3
36008,1366,255,7542.99,704,255,29.58,9,1,4,44.9
36009,1464,118,303.87,166,118,2.58,5,1,0,48.1
36010,2516,289,17289.24,505,289,59.82,12,0,10,82.7
36011,226,45,74443.68,122,45,1654.3,3,0,12,7.4
36012,1825,35,63.54,380,35,1.82,12,1,40,60.0
36013,2262,498,921.82,432,498,1.85,18,0,2,74.3
36014,218,217,4676.38,196,217,21.55,24,1,41,7.2
36015,1285,485,926.79,570,485,1.91,17,1,7,42.2
36016,687,301,262.93,729,301,0.87,16,1,6,22.6
36017,2147,40,485.26,322,40,12.13,20,1,14,70.5
36018,2489,481,911.91,210,481,1.9,18,1,45,81.8
36019,2079,191,4514.65,527,191,23.64,5,1,31,68.3
36020,577,219,869.97,242,219,3.97,17,1,32,19.0
36021,1543,48,1939.68,696,48,40.41,5,0,21,50.7
36022,2470,59,401.24,2,59,6.8,28,1,12,81.1
36023,868,386,823.85,483,386,2.13,11,0,29,28.5
36024,977,23,2330.2,346,23,101.31,16,1,19,32.1
36025,266,205,2146.35,597,205,10.47,20,1,40,8.7
36026,1855,381,464.87,558,381,1.22,2,1,19,60.9
36027,1027,152,228.31,168,152,1.5,8,0,43,33.7
36028,92,199,29.24,188,199,0.15,18,1,49,3.0
36029,1861,61,22832.82,308,61,374.31,15,0,9,61.1
36030,624,363,3045.45,513,363,8.39,21,0,32,20.5
36031,728,251,2960.25,406,251,11.79,13,1,14,23.9
36032,1049,274,1835.43,24,274,6.7,6,1,12,34.5
36033,1479,361,715.7,469,361,1.98,12,1,26,48.6
36034,328,286,1416.47,426,286,4.95,24,1,5,10.8
36035,1649,67,2614.46,265,67,39.02,17,1,22,54.2
36036,2176,31,3220.07,354,31,103.87,4,1,30,71.5
36037,2176,167,157.78,183,167,0.94,9,0,9,71.5
36038,2335,9,3205.28,208,9,356.14,12,1,17,76.7
36039,799,308,1335.72,592,308,4.34,19,1,6,26.2
36040,870,175,1604.61,353,175,9.17,13,0,28,28.6
36041,576,461,3154.73,580,461,6.84,17,0,1,18.9
36042,2148,57,1327.15,222,57,23.28,25,1,43,70.6
36043,635,66,538.27,309,66,8.16,28,1,24,20.9
36044,465,134,124.27,604,134,0.93,19,0,9,15.3
36045,2091,13,3045.09,456,13,234.24,6,1,36,68.7
36046,825,156,16263.5,326,156,104.25,4,0,20,27.1
36047,2058,156,875.76,669,156,5.61,11,0,21,67.6
36048,1035,464,25249.41,711,464,54.42,23,1,31,34.0
36049,1725,92,1002.0,409,92,10.89,5,0,12,56.7
36050,1811,142,621.46,379,142,4.38,18,0,13,59.5
36051,2283,38,2065.08,624,38,54.34,18,0,41,75.0
36052,1157,109,15105.37,186,109,138.58,28,1,11,38.0
36053,163,178,1323.28,521,178,7.43,17,1,34,5.4
36054,69,175,844.86,162,175,4.83,17,1,8,2.3
36055,2241,193,71839.12,573,193,372.22,9,1,15,73.6
36056,2305,102,3340.33,446,102,32.75,10,1,36,75.7
36057,1159,320,2472.83,721,320,7.73,9,1,29,38.1
36058,1557,424,5355.67,656,424,12.63,6,1,36,51.1
36059,1632,195,1049.08,400,195,5.38,8,1,7,53.6
36060,34,357,4556.87,363,357,12.76,22,0,28,1.1
36061,2031,387,6316.44,47,387,16.32,5,1,46,66.7
36062,2378,298,677.26,96,298,2.27,7,1,15,78.1
36063,1264,424,32602.67,401,424,76.89,25,1,37,41.5
36064,1340,125,207.41,355,125,1.66,25,1,11,44.0
36065,135,286,4242.14,117,286,14.83,24,0,12,4.4
36066,2440,80,935.59,435,80,11.69,1,1,38,80.2
36067,1171,144,6472.46,724,144,44.95,20,0,29,38.5
36068,805,312,4351.89,345,312,13.95,23,1,49,26.4
36069,1580,222,208.62,651,222,0.94,23,1,0,51.9
36070,2192,291,752.79,563,291,2.59,14,0,0,72.0
36071,864,384,2226.22,511,384,5.8,8,0,15,28.4
36072,651,385,384.8,127,385,1.0,10,1,11,21.4
36073,2279,413,3677.55,597,413,8.9,22,1,24,74.9
36074,1123,86,604.45,57,86,7.03,7,1,13,36.9
36075,506,106,2967.96,64,106,28.0,21,1,5,16.6
36076,104,211,4886.88,592,211,23.16,20,1,12,3.4
36077,1878,383,1072.64,245,383,2.8,9,1,1,61.7
36078,605,185,1705.39,335,185,9.22,3,1,11,19.9
36079,2275,488,1801.29,727,488,3.69,29,1,36,74.7
36080,1206,412,2275.76,345,412,5.52,18,1,13,39.6
36081,1220,149,2501.24,543,149,16.79,21,1,16,40.1
36082,1286,268,6420.25,248,268,23.96,3,0,31,42.2
36083,1221,125,22148.92,57,125,177.19,7,1,38,40.1
36084,988,365,1339.36,13,365,3.67,16,1,15,32.5
36085,335,73,4242.52,27,73,58.12,5,1,21,11.0
36086,698,348,4271.87,337,348,12.28,13,1,38,22.9
36087,2369,114,38653.78,549,114,339.07,4,1,6,77.8
36088,940,59,1245.7,352,59,21.11,9,1,39,30.9
36089,1784,82,1303.35,100,82,15.89,25,1,24,58.6
36090,1499,36,32863.23,98,36,912.87,23,1,7,49.2
36091,632,307,1511.73,443,307,4.92,7,0,26,20.8
36092,1109,419,2824.43,600,419,6.74,2,1,38,36.4
36093,1665,393,530.62,69,393,1.35,4,1,31,54.7
36094,1868,443,11372.44,728,443,25.67,8,0,38,61.4
36095,99,479,28594.8,612,479,59.7,21,0,26,3.3
36096,422,171,4562.78,23,171,26.68,5,1,5,13.9
36097,39,124,807.37,98,124,6.51,21,0,9,1.3
36098,245,277,558.14,292,277,2.01,17,1,44,8.0
36099,1445,32,9966.09,92,32,311.44,13,1,13,47.5
36100,1592,364,1346.05,606,364,3.7,12,1,34,52.3
36101,752,366,1327.27,352,366,3.63,17,0,30,24.7
36102,877,17,1422.16,435,17,83.66,12,0,26,28.8
36103,2048,412,1407.93,300,412,3.42,28,1,49,67.3
36104,678,167,421.53,429,167,2.52,1,1,9,22.3
36105,1970,155,12.17,449,155,0.08,17,1,22,64.7
36106,1307,299,662.17,241,299,2.21,16,1,31,42.9
36107,1361,418,5709.49,123,418,13.66,18,1,27,44.7
36108,1176,205,13110.1,231,205,63.95,13,0,38,38.6
36109,1535,260,1959.37,137,260,7.54,29,1,33,50.4
36110,681,190,1463.15,638,190,7.7,14,0,3,22.4
36111,63,388,3289.44,13,388,8.48,21,0,8,2.1
36112,988,10,2150.15,668,10,215.02,7,1,7,32.5
36113,2417,89,3688.4,262,89,41.44,10,1,47,79.4
36114,2003,246,4874.36,495,246,19.81,27,1,41,65.8
36115,1157,173,1234.26,467,173,7.13,11,0,38,38.0
36116,531,231,361.99,401,231,1.57,28,1,28,17.4
36117,2000,128,498.53,389,128,3.89,23,0,19,65.7
36118,1694,337,1980.98,13,337,5.88,8,0,45,55.7
36119,1156,251,4335.36,205,251,17.27,26,0,46,38.0
36120,1612,79,9805.55,489,79,124.12,15,0,6,53.0
36121,430,86,490.83,363,86,5.71,24,0,4,14.1
36122,1595,107,212.26,706,107,1.98,3,0,21,52.4
36123,2170,56,719.09,304,56,12.84,21,1,7,71.3
36124,2364,367,1085.34,27,367,2.96,13,1,46,77.7
36125,2521,445,279.48,609,445,0.63,21,1,24,82.8
36126,1574,218,348.32,568,218,1.6,9,1,28,51.7
36127,291,298,672.23,714,298,2.26,14,0,43,9.6
36128,2179,302,3725.1,691,302,12.33,6,1,0,71.6
36129,1152,100,2082.2,474,100,20.82,29,1,11,37.8
36130,1014,185,5703.54,107,185,30.83,23,1,33,33.3
36131,263,458,472.36,530,458,1.03,19,0,0,8.6
36132,2088,162,5997.52,74,162,37.02,0,1,43,68.6
36133,1955,48,3735.82,145,48,77.83,10,0,32,64.2
36134,1166,420,12370.82,675,420,29.45,22,0,35,38.3
36135,808,275,557.19,3,275,2.03,6,1,42,26.5
36136,1264,55,488.5,103,55,8.88,8,1,3,41.5
36137,1193,74,4990.69,170,74,67.44,14,1,38,39.2
36138,584,108,2855.87,243,108,26.44,21,1,19,19.2
36139,2269,433,6798.72,212,433,15.7,14,1,46,74.5
36140,1839,484,28664.93,724,484,59.23,12,1,48,60.4
36141,652,398,354.48,151,398,0.89,14,1,12,21.4
36142,569,116,20264.34,293,116,174.69,5,0,42,18.7
36143,1872,458,2370.76,665,458,5.18,4,0,16,61.5
36144,2434,358,808.79,294,358,2.26,0,1,10,80.0
36145,1064,374,656.13,588,374,1.75,2,1,29,35.0
36146,1935,456,1641.98,570,456,3.6,20,0,2,63.6
36147,254,55,6116.5,90,55,111.21,17,1,36,8.3
36148,1989,225,7194.44,560,225,31.98,23,1,4,65.3
36149,606,228,299.15,475,228,1.31,25,1,35,19.9
36150,888,120,136.25,564,120,1.14,26,0,8,29.2
36151,1446,78,6409.66,159,78,82.18,7,0,29,47.5
36152,56,419,1722.55,4,419,4.11,6,1,3,1.8
36153,731,306,10522.71,41,306,34.39,16,1,8,24.0
36154,2340,129,3034.58,549,129,23.52,7,1,9,76.9
36155,1855,238,8670.89,186,238,36.43,24,0,31,60.9
36156,1280,211,1302.39,348,211,6.17,28,0,39,42.0
36157,1887,449,653.96,260,449,1.46,13,0,6,62.0
36158,398,372,735.25,392,372,1.98,7,0,2,13.1
36159,1078,125,1064.38,304,125,8.52,10,0,16,35.4
36160,2514,233,3871.1,293,233,16.61,4,0,45,82.6
36161,1427,213,330.04,21,213,1.55,17,1,38,46.9
36162,1803,379,5446.46,509,379,14.37,3,0,6,59.2
36163,503,87,814.16,576,87,9.36,14,1,30,16.5
36164,247,187,14951.09,112,187,79.95,14,1,23,8.1
36165,1567,388,240.46,135,388,0.62,0,0,21,51.5
36166,1016,365,1983.33,164,365,5.43,19,0,2,33.4
36167,1734,461,2014.59,287,461,4.37,11,1,39,57.0
36168,1478,78,160.96,693,78,2.06,4,0,24,48.6
36169,2324,190,2995.92,446,190,15.77,12,1,21,76.3
36170,2117,24,1552.33,289,24,64.68,23,1,33,69.5
36171,2106,84,81.68,686,84,0.97,23,0,3,69.2
36172,1179,367,2416.76,567,367,6.59,1,0,18,38.7
36173,1152,451,7243.83,684,451,16.06,2,0,27,37.8
36174,480,155,724.98,656,155,4.68,14,0,9,15.8
36175,1532,477,596.72,584,477,1.25,9,1,25,50.3
36176,648,277,1265.78,378,277,4.57,4,0,14,21.3
36177,2156,370,1519.15,140,370,4.11,7,1,12,70.8
36178,1318,288,82.96,528,288,0.29,6,1,49,43.3
36179,506,395,2096.97,642,395,5.31,27,1,1,16.6
36180,1571,407,2195.35,91,407,5.39,8,0,9,51.6
36181,170,129,563.01,295,129,4.36,21,0,43,5.6
36182,761,110,4414.14,360,110,40.13,22,1,23,25.0
36183,2551,435,2765.18,209,435,6.36,24,1,37,83.8
36184,2294,338,6424.26,638,338,19.01,17,0,4,75.4
36185,2084,188,1007.2,400,188,5.36,5,1,45,68.5
36186,1605,67,597.58,403,67,8.92,29,1,32,52.7
36187,345,403,1951.65,633,403,4.84,9,1,10,11.3
36188,2423,127,41874.04,93,127,329.72,18,0,30,79.6
36189,951,115,492.26,708,115,4.28,20,0,17,31.2
36190,75,390,545.05,587,390,1.4,26,1,12,2.5
36191,1727,186,699.82,370,186,3.76,17,0,16,56.7
36192,515,425,50.63,337,425,0.12,21,0,21,16.9
36193,1236,164,73.27,86,164,0.45,10,0,20,40.6
36194,1857,460,3266.98,519,460,7.1,2,1,16,61.0
36195,2525,167,1215.33,103,167,7.28,28,1,39,83.0
36196,2216,321,180.25,435,321,0.56,18,0,22,72.8
36197,1087,242,1198.71,687,242,4.95,9,1,14,35.7
36198,1928,13,15832.27,375,13,1217.87,29,1,23,63.3
36199,1862,226,4059.67,687,226,17.96,19,1,24,61.2
36200,1684,259,1242.3,713,259,4.8,0,0,48,55.3
36201,1690,342,1922.18,210,342,5.62,2,0,12,55.5
36202,2466,406,3270.99,721,406,8.06,11,1,14,81.0
36203,2272,101,43.92,207,101,0.43,7,1,15,74.6
36204,360,429,215.43,14,429,0.5,18,1,35,11.8
36205,2290,3,2702.37,572,3,900.79,22,0,44,75.2
36206,1997,23,620.84,140,23,26.99,0,0,33,65.6
36207,1956,324,377.71,214,324,1.17,29,1,40,64.3
36208,510,152,1768.63,372,152,11.64,14,1,13,16.8
36209,521,495,974.47,227,495,1.97,2,0,38,17.1
36210,1852,395,917.39,536,395,2.32,10,1,12,60.8
36211,1292,456,956.93,379,456,2.1,29,0,24,42.4
36212,1917,81,4177.05,712,81,51.57,29,1,30,63.0
36213,1190,372,3493.93,536,372,9.39,0,1,26,39.1
36214,1421,29,8045.72,282,29,277.44,5,1,19,46.7
36215,498,95,2153.25,109,95,22.67,23,0,20,16.4
36216,2208,436,4390.77,181,436,10.07,13,1,28,72.5
36217,1894,114,20340.03,142,114,178.42,7,1,29,62.2
36218,831,249,3965.8,12,249,15.93,0,0,4,27.3
36219,1216,162,1928.38,684,162,11.9,18,1,15,39.9
36220,1811,368,1018.08,61,368,2.77,29,0,20,59.5
36221,877,497,3855.74,341,497,7.76,29,0,26,28.8
36222,2468,427,1166.99,567,427,2.73,25,0,38,81.1
36223,2249,499,1410.11,228,499,2.83,28,1,18,73.9
36224,705,222,450.58,475,222,2.03,9,1,8,23.2
36225,1819,483,2785.48,314,483,5.77,7,0,1,59.8
36226,1079,411,968.01,339,411,2.36,5,1,41,35.4
36227,2502,165,145.23,442,165,0.88,7,0,31,82.2
36228,2040,355,974.3,541,355,2.74,15,1,15,67.0
36229,1192,354,3794.36,51,354,10.72,8,0,2,39.2
36230,1206,454,8970.21,394,454,19.76,10,1,7,39.6
36231,1226,217,27434.07,243,217,126.42,5,1,46,40.3
36232,2164,444,1226.89,521,444,2.76,7,1,44,71.1
36233,1516,252,267.01,530,252,1.06,4,1,46,49.8
36234,797,384,474.56,40,384,1.24,1,0,22,26.2
36235,2371,373,5367.52,402,373,14.39,20,1,17,77.9
36236,1640,308,130.08,185,308,0.42,15,1,30,53.9
36237,2246,451,1831.43,102,451,4.06,17,1,49,73.8
36238,1517,124,376.06,594,124,3.03,16,0,28,49.8
36239,813,219,4912.65,203,219,22.43,26,1,4,26.7
36240,1432,403,21648.14,691,403,53.72,7,0,15,47.0
36241,2549,300,267.36,132,300,0.89,10,0,42,83.7
36242,2462,323,764.48,271,323,2.37,18,1,13,80.9
36243,1755,414,3580.4,538,414,8.65,26,0,35,57.7
36244,1925,357,12364.98,109,357,34.64,22,1,36,63.2
36245,2108,113,1150.17,629,113,10.18,20,0,6,69.3
36246,1664,399,1323.73,127,399,3.32,5,1,2,54.7
36247,950,257,86650.35,99,257,337.16,22,1,44,31.2
36248,1414,263,7016.13,399,263,26.68,5,1,40,46.5
36249,180,426,346.48,632,426,0.81,22,1,15,5.9
36250,119,191,2019.88,353,191,10.58,2,0,1,3.9
36251,1464,96,20719.62,168,96,215.83,25,0,12,48.1
36252,283,20,1881.81,511,20,94.09,8,0,42,9.3
36253,646,78,991.87,363,78,12.72,27,1,4,21.2
36254,726,357,7271.08,259,357,20.37,28,0,9,23.9
36255,2338,278,2403.55,693,278,8.65,3,1,49,76.8
36256,2238,453,398.92,619,453,0.88,20,1,10,73.5
36257,1284,5,322.3,562,5,64.46,19,0,36,42.2
36258,433,382,590.27,118,382,1.55,22,1,15,14.2
36259,924,85,155.27,259,85,1.83,13,1,44,30.4
36260,969,68,2437.91,638,68,35.85,4,1,4,31.8
36261,203,383,16280.42,343,383,42.51,15,1,4,6.7
36262,1074,387,51454.52,431,387,132.96,1,1,20,35.3
36263,914,267,692.19,192,267,2.59,9,0,8,30.0
36264,1997,361,3674.96,267,361,10.18,16,1,48,65.6
36265,912,40,633.03,685,40,15.83,11,1,27,30.0
36266,286,46,279.13,662,46,6.07,22,1,27,9.4
36267,1680,423,38096.7,455,423,90.06,18,1,43,55.2
36268,2105,215,111.9,238,215,0.52,13,0,35,69.2
36269,1231,210,1549.75,174,210,7.38,21,1,20,40.4
36270,2076,182,3517.24,218,182,19.33,10,1,47,68.2
36271,706,69,3366.25,491,69,48.79,25,0,28,23.2
36272,961,213,4001.9,455,213,18.79,22,0,12,31.6
36273,397,177,284.45,392,177,1.61,7,1,9,13.0
36274,241,234,62.68,716,234,0.27,22,0,3,7.9
36275,2493,284,1635.37,293,284,5.76,9,1,0,81.9
36276,1014,411,1642.83,99,411,4.0,12,1,36,33.3
36277,1498,344,2076.91,554,344,6.04,1,0,17,49.2
36278,1740,391,267.93,268,391,0.69,24,0,5,57.2
36279,1475,317,2705.32,343,317,8.53,5,1,46,48.5
36280,1332,128,2483.04,602,128,19.4,23,1,33,43.8
36281,951,115,142.96,196,115,1.24,2,0,10,31.2
36282,540,45,1253.58,391,45,27.86,19,1,16,17.7
36283,30,454,16049.47,211,454,35.35,6,0,16,1.0
36284,1827,445,3534.7,304,445,7.94,18,1,11,60.0
36285,2333,237,5394.99,673,237,22.76,8,1,9,76.6
36286,2174,41,8107.25,136,41,197.74,25,1,0,71.4
36287,278,115,502.81,350,115,4.37,4,0,49,9.1
36288,525,449,6970.16,605,449,15.52,2,0,20,17.2
36289,358,173,2364.26,389,173,13.67,12,1,29,11.8
36290,2182,340,1720.3,229,340,5.06,3,1,23,71.7
36291,466,121,2102.38,361,121,17.38,2,1,36,15.3
36292,636,428,1610.63,458,428,3.76,10,1,16,20.9
36293,2078,315,12124.47,400,315,38.49,7,1,28,68.3
36294,1220,84,4519.98,413,84,53.81,14,1,0,40.1
36295,2437,99,22602.5,222,99,228.31,10,1,17,80.1
36296,444,329,2163.06,255,329,6.57,18,0,46,14.6
36297,1068,453,2348.25,496,453,5.18,7,1,20,35.1
36298,146,373,3655.08,461,373,9.8,18,1,27,4.8
36299,1579,306,1591.28,615,306,5.2,19,0,38,51.9
36300,1096,343,378.99,682,343,1.1,6,1,41,36.0
36301,805,444,48633.46,601,444,109.53,0,1,29,26.4
36302,360,169,1007.75,239,169,5.96,1,0,9,11.8
36303,1289,406,9934.1,674,406,24.47,9,0,39,42.3
36304,725,422,120299.49,422,422,285.07,7,1,8,23.8
36305,778,60,383.79,221,60,6.4,23,1,13,25.6
36306,945,12,1125.55,540,12,93.8,0,1,1,31.0
36307,744,173,848.59,363,173,4.91,17,1,29,24.4
36308,769,150,1352.24,576,150,9.01,3,0,44,25.3
36309,2068,323,8785.57,0,323,27.2,24,1,26,67.9
36310,1223,38,628.45,363,38,16.54,25,1,43,40.2
36311,2477,426,4050.59,512,426,9.51,27,0,42,81.4
36312,142,282,2384.61,724,282,8.46,8,0,33,4.7
36313,2242,280,2703.82,423,280,9.66,11,0,0,73.7
36314,946,141,29787.33,16,141,211.26,13,1,0,31.1
36315,826,259,15826.04,445,259,61.1,4,0,34,27.1
36316,539,5,174.18,261,5,34.84,16,0,18,17.7
36317,1801,214,6898.07,304,214,32.23,2,1,34,59.2
36318,2259,87,12205.86,635,87,140.3,25,1,40,74.2
36319,687,154,388.23,161,154,2.52,24,1,26,22.6
36320,1497,123,10881.34,400,123,88.47,28,0,45,49.2
36321,1782,113,6500.17,540,113,57.52,29,0,37,58.5
36322,2307,122,5780.16,258,122,47.38,6,1,17,75.8
36323,1070,130,1031.46,726,130,7.93,15,0,31,35.2
36324,1184,288,2485.95,84,288,8.63,12,1,31,38.9
36325,140,288,186.67,646,288,0.65,23,0,28,4.6
36326,1286,91,5009.95,567,91,55.05,6,1,6,42.2
36327,1197,278,2216.65,494,278,7.97,18,1,8,39.3
36328,1385,287,13784.87,618,287,48.03,20,0,33,45.5
36329,65,91,3618.11,211,91,39.76,14,0,15,2.1
36330,2194,96,5589.01,325,96,58.22,2,0,0,72.1
36331,59,107,1431.38,639,107,13.38,17,1,44,1.9
36332,1907,349,7015.31,339,349,20.1,9,1,39,62.6
36333,1635,109,4609.68,344,109,42.29,14,0,30,53.7
36334,806,385,282.81,16,385,0.73,26,1,6,26.5
36335,1375,469,281.26,128,469,0.6,22,1,35,45.2
36336,720,157,141.93,229,157,0.9,1,0,31,23.7
36337,1338,335,3155.43,553,335,9.42,19,1,35,44.0
36338,1476,229,106.43,670,229,0.46,9,0,8,48.5
36339,1825,18,1859.49,103,18,103.3,2,1,5,60.0
36340,1134,419,207.25,61,419,0.49,19,1,18,37.3
36341,2502,298,788.44,461,298,2.65,12,1,8,82.2
36342,260,53,244.34,247,53,4.61,1,1,27,8.5
36343,1324,20,5845.65,570,20,292.28,1,0,8,43.5
36344,2490,165,3543.52,67,165,21.48,14,0,19,81.8
36345,1095,129,1759.33,722,129,13.64,9,1,18,36.0
36346,894,19,24299.33,344,19,1278.91,24,1,0,29.4
36347,2230,450,9549.23,35,450,21.22,28,0,26,73.3
36348,2277,122,3560.69,528,122,29.19,17,1,22,74.8
36349,802,33,22318.77,233,33,676.33,26,1,1,26.3
36350,1340,25,27437.36,632,25,1097.49,10,1,36,44.0
36351,632,281,6301.31,155,281,22.42,21,1,23,20.8
36352,1404,483,65.63,277,483,0.14,6,1,47,46.1
36353,2088,450,4193.49,492,450,9.32,22,0,6,68.6
36354,1162,118,258.02,644,118,2.19,16,1,19,38.2
36355,968,74,902.51,445,74,12.2,10,1,10,31.8
36356,1155,272,577.36,186,272,2.12,7,0,48,37.9
36357,1439,283,29793.53,427,283,105.28,9,0,48,47.3
36358,2041,245,1639.45,710,245,6.69,20,1,47,67.0
36359,1362,352,1136.59,259,352,3.23,8,0,20,44.7
36360,1320,330,682.0,163,330,2.07,3,0,38,43.4
36361,1834,118,4166.68,423,118,35.31,11,0,34,60.2
36362,983,470,23372.57,573,470,49.73,1,0,46,32.3
36363,369,138,2428.21,54,138,17.6,14,0,37,12.1
36364,1740,19,4918.52,289,19,258.87,21,1,36,57.2
36365,2458,126,3206.45,434,126,25.45,1,1,43,80.7
36366,1458,50,1186.95,683,50,23.74,18,0,4,47.9
36367,780,2,252.58,126,2,126.29,7,0,27,25.6
36368,303,249,29003.68,635,249,116.48,2,0,46,10.0
36369,1317,438,165.97,138,438,0.38,18,1,12,43.3
36370,1421,36,6104.96,70,36,169.58,29,0,37,46.7
36371,998,45,441.08,351,45,9.8,20,0,3,32.8
36372,1994,468,639.03,212,468,1.37,2,1,19,65.5
36373,1049,175,2249.98,447,175,12.86,22,0,40,34.5
36374,1925,396,65161.03,358,396,164.55,20,1,49,63.2
36375,1185,41,667.26,134,41,16.27,2,0,7,38.9
36376,2069,264,440.96,547,264,1.67,3,1,32,68.0
36377,638,90,4036.71,474,90,44.85,2,0,30,21.0
36378,1091,409,3542.76,328,409,8.66,10,1,3,35.8
36379,1300,5,3405.41,139,5,681.08,23,1,36,42.7
36380,1384,494,2764.53,551,494,5.6,17,1,15,45.5
36381,227,109,854.9,150,109,7.84,17,0,9,7.5
36382,423,378,1414.19,7,378,3.74,11,0,31,13.9
36383,2464,83,673.3,260,83,8.11,0,1,44,80.9
36384,781,196,3097.1,389,196,15.8,13,0,16,25.7
36385,2014,122,517.14,513,122,4.24,0,1,35,66.2
36386,215,144,391.37,529,144,2.72,17,0,16,7.1
36387,134,107,144.13,46,107,1.35,15,0,10,4.4
36388,145,287,2186.13,311,287,7.62,0,0,26,4.8
36389,2526,32,1267.81,274,32,39.62,25,1,20,83.0
36390,1559,236,47291.74,23,236,200.39,26,1,35,51.2
36391,804,180,212.02,537,180,1.18,0,1,44,26.4
36392,1632,222,3105.67,602,222,13.99,20,0,31,53.6
36393,1696,167,5589.8,311,167,33.47,25,1,39,55.7
36394,1950,326,1476.34,492,326,4.53,7,0,45,64.1
36395,2113,386,512.27,372,386,1.33,0,1,3,69.4
36396,1925,130,5461.18,568,130,42.01,4,1,36,63.2
36397,109,184,349.18,331,184,1.9,5,0,26,3.6
36398,116,405,724.32,254,405,1.79,19,1,10,3.8
36399,1726,123,16664.47,62,123,135.48,0,1,15,56.7
36400,1568,133,1938.46,487,133,14.57,15,1,7,51.5
36401,1484,376,1287.23,58,376,3.42,10,1,28,48.8
36402,1315,120,1184.64,704,120,9.87,8,1,28,43.2
36403,360,379,1371.15,683,379,3.62,4,1,36,11.8
36404,2345,497,8777.13,646,497,17.66,2,1,9,77.0
36405,1295,313,456.49,105,313,1.46,13,0,10,42.5
36406,1785,385,98.08,161,385,0.25,14,1,47,58.6
36407,105,52,3717.51,20,52,71.49,27,1,14,3.4
36408,1849,439,3156.68,378,439,7.19,12,1,31,60.7
36409,1849,145,1277.8,461,145,8.81,5,1,15,60.7
36410,113,148,130.41,272,148,0.88,16,0,12,3.7
36411,1384,424,124.67,461,424,0.29,20,1,46,45.5
36412,641,182,1108.12,525,182,6.09,11,0,22,21.1
36413,2515,332,5763.68,349,332,17.36,28,1,16,82.6
36414,1027,191,5169.51,374,191,27.07,3,1,22,33.7
36415,1788,368,722.47,665,368,1.96,4,1,40,58.7
36416,383,30,2200.31,705,30,73.34,8,1,27,12.6
36417,1090,67,2533.89,58,67,37.82,23,1,36,35.8
36418,846,125,4988.23,294,125,39.91,12,1,42,27.8
36419,1980,52,1093.25,68,52,21.02,12,1,5,65.0
36420,1385,373,70986.56,221,373,190.31,20,0,35,45.5
36421,916,204,6861.07,105,204,33.63,8,0,15,30.1
36422,229,349,16350.3,668,349,46.85,19,1,45,7.5
36423,2093,285,349.44,683,285,1.23,10,1,48,68.8
36424,754,120,2981.93,427,120,24.85,26,0,24,24.8
36425,888,439,96331.59,433,439,219.43,25,1,0,29.2
36426,1935,207,271.5,241,207,1.31,14,1,40,63.6
36427,1166,135,1033.71,620,135,7.66,26,0,0,38.3
36428,509,424,2461.96,695,424,5.81,7,1,35,16.7
36429,1015,368,5290.88,423,368,14.38,13,1,5,33.3
36430,1917,29,1427.34,353,29,49.22,13,1,17,63.0
36431,1732,286,6652.11,540,286,23.26,12,0,25,56.9
36432,1006,488,4019.02,382,488,8.24,6,0,5,33.0
36433,1721,446,1131.89,447,446,2.54,22,0,17,56.5
36434,2469,138,535.53,379,138,3.88,27,1,14,81.1
36435,408,290,4621.75,317,290,15.94,13,1,0,13.4
36436,472,82,963.21,313,82,11.75,15,1,9,15.5
36437,2542,133,769.13,643,133,5.78,29,1,46,83.5
36438,2091,206,2408.83,300,206,11.69,7,1,46,68.7
36439,508,409,385.44,569,409,0.94,22,0,6,16.7
36440,1248,12,6655.33,5,12,554.61,13,1,37,41.0
36441,523,471,1865.42,449,471,3.96,24,1,22,17.2
36442,856,490,3300.59,540,490,6.74,17,1,27,28.1
36443,179,327,194.98,411,327,0.6,21,1,7,5.9
36444,67,494,1708.94,161,494,3.46,20,1,40,2.2
36445,593,136,1308.86,72,136,9.62,27,1,46,19.5
36446,765,132,4281.1,550,132,32.43,4,0,17,25.1
36447,1129,433,383.06,353,433,0.88,6,0,12,37.1
36448,1873,177,644.15,543,177,3.64,2,1,4,61.5
36449,1373,382,198.9,50,382,0.52,20,0,14,45.1
36450,1619,410,464.62,697,410,1.13,16,0,43,53.2
36451,1617,272,646.57,486,272,2.38,15,1,46,53.1
36452,1670,36,2393.13,251,36,66.48,7,1,18,54.9
36453,844,221,255.99,25,221,1.16,20,1,22,27.7
36454,405,246,5665.87,496,246,23.03,23,1,8,13.3
36455,2461,240,517.23,646,240,2.16,28,0,41,80.8
36456,1759,193,1164.45,355,193,6.03,8,0,44,57.8
36457,1505,220,2302.45,48,220,10.47,6,1,21,49.4
36458,2347,419,614.15,692,419,1.47,18,1,32,77.1
36459,1389,11,577.16,716,11,52.47,3,1,21,45.6
36460,785,462,69.19,728,462,0.15,29,0,45,25.8
36461,487,460,2219.28,78,460,4.82,8,1,21,16.0
36462,374,378,4389.34,134,378,11.61,8,0,1,12.3
36463,2015,366,2998.19,333,366,8.19,2,1,41,66.2
36464,1378,157,331.52,146,157,2.11,4,1,33,45.3
36465,770,444,2427.28,195,444,5.47,20,1,9,25.3
36466,865,56,479.54,100,56,8.56,5,0,16,28.4
36467,1793,13,1101.2,656,13,84.71,16,0,39,58.9
36468,1159,432,328.01,293,432,0.76,10,0,13,38.1
36469,1543,495,1457.52,653,495,2.94,2,0,4,50.7
36470,2079,31,30456.23,559,31,982.46,13,1,12,68.3
36471,1549,199,640.36,200,199,3.22,11,1,7,50.9
36472,2542,118,11311.9,19,118,95.86,29,0,12,83.5
36473,1459,298,1017.41,575,298,3.41,15,1,7,47.9
36474,2327,43,2197.66,487,43,51.11,18,0,23,76.4
36475,1358,139,5369.0,711,139,38.63,6,1,42,44.6
36476,1721,33,1305.04,49,33,39.55,11,0,26,56.5
36477,2183,85,547.72,663,85,6.44,17,0,32,71.7
36478,812,102,1912.82,216,102,18.75,20,1,8,26.7
36479,1317,237,6859.49,93,237,28.94,13,1,7,43.3
36480,1092,227,2382.89,285,227,10.5,5,1,27,35.9
36481,275,6,8683.89,153,6,1447.31,6,1,44,9.0
36482,827,19,195.07,106,19,10.27,11,0,26,27.2
36483,1347,428,3055.28,4,428,7.14,27,1,9,44.3
36484,1755,53,11674.2,211,53,220.27,11,0,33,57.7
36485,759,492,1232.88,500,492,2.51,20,1,34,24.9
36486,1007,436,218.74,150,436,0.5,11,0,7,33.1
36487,2093,400,4272.18,474,400,10.68,7,1,37,68.8
36488,1234,402,2268.59,433,402,5.64,5,1,17,40.5
36489,685,337,843.63,281,337,2.5,1,0,11,22.5
36490,924,35,2126.17,198,35,60.75,16,0,20,30.4
36491,224,371,6527.87,365,371,17.6,14,0,42,7.4
36492,811,27,822.73,335,27,30.47,13,1,3,26.6
36493,2284,430,782.48,597,430,1.82,0,0,46,75.0
36494,2354,90,83005.65,376,90,922.28,14,1,16,77.3
36495,2118,214,23946.21,194,214,111.9,11,1,6,69.6
36496,269,147,5522.88,101,147,37.57,5,1,9,8.8
36497,1049,103,1796.97,537,103,17.45,26,1,21,34.5
36498,773,353,11769.04,40,353,33.34,25,0,12,25.4
36499,130,258,13627.85,209,258,52.82,6,0,10,4.3
36500,1898,112,2766.81,262,112,24.7,26,1,45,62.4
36501,752,354,2876.92,303,354,8.13,21,0,30,24.7
36502,234,66,244.22,514,66,3.7,5,0,38,7.7
36503,990,47,677.66,370,47,14.42,16,0,40,32.5
36504,1343,134,3309.98,704,134,24.7,26,1,33,44.1
36505,327,162,2596.57,356,162,16.03,28,1,36,10.7
36506,249,47,1627.19,439,47,34.62,8,0,21,8.2
36507,2465,107,1939.99,624,107,18.13,9,1,38,81.0
36508,1621,68,485.91,299,68,7.15,23,1,35,53.3
36509,413,94,642.07,397,94,6.83,14,1,45,13.6
36510,1540,155,826.6,383,155,5.33,21,1,49,50.6
36511,2398,143,80169.1,209,143,560.62,19,0,24,78.8
36512,996,439,438.29,682,439,1.0,23,0,25,32.7
36513,1366,234,6115.66,668,234,26.14,4,1,4,44.9
36514,1860,218,308.14,664,218,1.41,20,0,25,61.1
36515,82,251,386.16,381,251,1.54,9,1,38,2.7
36516,1513,260,450.48,372,260,1.73,27,0,44,49.7
36517,277,414,1152.18,180,414,2.78,2,1,38,9.1
36518,1040,246,2664.43,240,246,10.83,21,1,30,34.2
36519,1200,44,8302.64,221,44,188.7,26,1,19,39.4
36520,137,70,655.01,512,70,9.36,24,1,30,4.5
36521,2538,66,6386.97,565,66,96.77,1,1,10,83.4
36522,1988,205,3310.56,46,205,16.15,26,1,26,65.3
36523,262,485,1057.72,274,485,2.18,26,0,1,8.6
36524,632,2,6.94,378,2,3.47,8,0,42,20.8
36525,541,50,593.56,39,50,11.87,10,1,6,17.8
36526,2000,227,2888.46,47,227,12.72,10,0,19,65.7
36527,1273,149,12036.3,559,149,80.78,8,1,3,41.8
36528,2259,28,710.5,157,28,25.38,24,1,6,74.2
36529,1522,206,206.12,603,206,1.0,22,0,48,50.0
36530,104,346,28225.04,462,346,81.58,9,1,0,3.4
36531,2347,188,2423.45,539,188,12.89,11,0,19,77.1
36532,1376,390,481.29,74,390,1.23,16,0,48,45.2
36533,1837,431,3051.01,591,431,7.08,1,0,15,60.3
36534,450,11,980.59,552,11,89.14,14,1,38,14.8
36535,110,125,1573.12,257,125,12.58,27,1,3,3.6
36536,1395,363,2855.5,206,363,7.87,7,0,19,45.8
36537,1969,203,1541.64,646,203,7.59,25,1,42,64.7
36538,1344,301,1967.09,389,301,6.54,5,0,1,44.2
36539,775,430,378.18,16,430,0.88,25,1,36,25.5
36540,927,360,2350.19,252,360,6.53,20,0,38,30.5
36541,1782,256,526.65,628,256,2.06,2,0,13,58.5
36542,933,236,2006.03,328,236,8.5,3,0,47,30.7
36543,1366,40,277.78,459,40,6.94,21,1,46,44.9
36544,251,158,141.49,57,158,0.9,1,1,25,8.2
36545,667,473,2789.79,124,473,5.9,25,1,44,21.9
36546,1100,291,8132.42,53,291,27.95,27,0,29,36.1
36547,1498,474,4041.46,425,474,8.53,6,1,30,49.2
36548,2352,214,2748.85,255,214,12.85,20,1,3,77.3
36549,1121,79,1275.79,717,79,16.15,3,1,29,36.8
36550,1672,320,45396.15,369,320,141.86,20,1,39,54.9
36551,2203,224,2298.18,706,224,10.26,8,1,23,72.4
36552,1020,210,13536.75,603,210,64.46,1,0,7,33.5
36553,664,398,15562.86,534,398,39.1,29,1,15,21.8
36554,1675,121,1620.89,347,121,13.4,20,1,30,55.0
36555,1561,297,3382.29,538,297,11.39,6,0,0,51.3
36556,284,121,7107.94,399,121,58.74,28,1,23,9.3
36557,1105,38,4384.94,278,38,115.39,6,1,18,36.3
36558,1208,5,1476.71,214,5,295.34,15,1,28,39.7
36559,1363,35,1257.14,286,35,35.92,17,0,20,44.8
36560,2500,471,10494.35,642,471,22.28,16,1,6,82.1
36561,438,181,824.42,454,181,4.55,19,1,26,14.4
36562,473,317,335.06,92,317,1.06,22,1,40,15.5
36563,1729,481,8476.87,407,481,17.62,16,1,2,56.8
36564,46,349,363.58,9,349,1.04,22,1,4,1.5
36565,2100,374,526.41,131,374,1.41,14,0,34,69.0
36566,716,216,747.15,100,216,3.46,10,1,38,23.5
36567,1579,249,3166.08,531,249,12.72,1,0,34,51.9
36568,503,49,24532.54,415,49,500.66,11,1,23,16.5
36569,1874,396,306.19,464,396,0.77,6,1,25,61.6
36570,405,255,192.98,670,255,0.76,26,0,3,13.3
36571,1232,491,2109.75,473,491,4.3,4,0,30,40.5
36572,546,79,4043.09,309,79,51.18,7,1,21,17.9
36573,1657,494,2120.55,314,494,4.29,29,1,27,54.4
36574,1933,404,665.06,401,404,1.65,29,1,0,63.5
36575,357,450,815.46,213,450,1.81,9,0,26,11.7
36576,1273,400,505.42,245,400,1.26,0,1,1,41.8
36577,305,231,931.1,631,231,4.03,28,1,45,10.0
36578,1282,58,2040.92,4,58,35.19,24,1,29,42.1
36579,1659,20,990.87,19,20,49.54,0,1,36,54.5
36580,1864,498,477.51,101,498,0.96,8,0,20,61.2
36581,2057,498,223.57,433,498,0.45,4,1,42,67.6
36582,206,331,1546.62,95,331,4.67,5,1,20,6.8
36583,1505,191,322.62,96,191,1.69,8,1,3,49.4
36584,1918,242,23.26,21,242,0.1,22,0,43,63.0
36585,2144,145,689.9,681,145,4.76,28,0,9,70.4
36586,875,161,1243.76,321,161,7.73,20,1,7,28.7
36587,845,182,17280.63,376,182,94.95,20,0,48,27.8
36588,64,325,1017.03,446,325,3.13,1,1,38,2.1
36589,1753,290,2889.17,63,290,9.96,27,1,26,57.6
36590,305,315,2722.5,518,315,8.64,8,0,11,10.0
36591,2249,220,352.25,317,220,1.6,0,1,38,73.9
36592,57,434,41031.51,400,434,94.54,15,1,5,1.9
36593,1190,361,265.37,242,361,0.74,17,1,42,39.1
36594,674,268,10458.96,94,268,39.03,18,0,46,22.1
36595,1427,99,278.42,233,99,2.81,23,0,22,46.9
36596,195,191,15597.44,644,191,81.66,0,1,45,6.4
36597,817,255,373.32,415,255,1.46,26,1,22,26.8
36598,1756,330,573.83,183,330,1.74,20,0,32,57.7
36599,1744,326,23829.01,211,326,73.1,20,0,39,57.3
36600,2342,342,224.24,716,342,0.66,17,0,21,76.9
36601,2190,490,1247.73,25,490,2.55,1,1,4,71.9
36602,1455,113,10730.58,342,113,94.96,11,1,13,47.8
36603,2158,414,3589.41,223,414,8.67,6,0,47,70.9
36604,1429,498,849.21,389,498,1.71,28,1,38,46.9
36605,1463,308,6787.31,101,308,22.04,28,0,48,48.1
36606,2330,470,447.56,459,470,0.95,14,1,24,76.5
36607,2441,379,413.57,150,379,1.09,16,1,0,80.2
36608,1715,104,941.63,324,104,9.05,19,1,31,56.3
36609,1128,230,22344.08,636,230,97.15,11,1,0,37.1
36610,279,218,1115.78,439,218,5.12,3,0,2,9.2
36611,1985,226,2785.77,255,226,12.33,15,1,15,65.2
36612,879,275,2701.36,440,275,9.82,5,1,5,28.9
36613,185,378,18564.15,465,378,49.11,22,1,19,6.1
36614,2475,11,5618.92,263,11,510.81,20,0,49,81.3
36615,1323,408,789.94,416,408,1.94,9,1,7,43.5
36616,331,243,3893.56,713,243,16.02,27,1,36,10.9
36617,2265,2,2211.37,457,2,1105.68,20,1,28,74.4
36618,2528,311,10297.19,528,311,33.11,26,0,39,83.0
36619,2408,443,497.82,228,443,1.12,15,1,10,79.1
36620,227,92,337.14,152,92,3.66,26,1,12,7.5
36621,893,395,53.17,124,395,0.13,1,1,19,29.3
36622,166,345,208.66,537,345,0.6,22,1,15,5.5
36623,2194,248,3896.8,182,248,15.71,20,1,12,72.1
36624,1343,325,5151.84,505,325,15.85,6,1,27,44.1
36625,932,91,7915.95,699,91,86.99,17,1,15,30.6
36626,1094,173,5262.32,208,173,30.42,17,1,17,35.9
36627,1302,399,532.25,654,399,1.33,1,1,32,42.8
36628,540,276,4645.24,590,276,16.83,18,0,2,17.7
36629,1213,453,2877.11,108,453,6.35,8,1,31,39.8
36630,1560,7,247.26,524,7,35.32,12,1,40,51.2
36631,1390,175,190.07,331,175,1.09,8,0,5,45.7
36632,2100,118,5617.53,628,118,47.61,21,1,30,69.0
36633,1256,50,6555.28,271,50,131.11,19,1,40,41.3
36634,562,218,10781.26,677,218,49.46,27,0,27,18.5
36635,1895,234,6154.64,296,234,26.3,29,0,30,62.3
36636,917,490,127.07,589,490,0.26,25,0,29,30.1
36637,747,148,760.04,710,148,5.14,15,1,14,24.5
36638,1546,316,1355.72,297,316,4.29,4,0,0,50.8
36639,1123,223,2789.21,56,223,12.51,6,0,38,36.9
36640,2166,453,7659.75,250,453,16.91,24,0,12,71.2
36641,1524,451,4286.75,527,451,9.5,21,0,47,50.1
36642,741,33,5787.88,315,33,175.39,17,1,3,24.3
36643,239,18,11842.62,65,18,657.92,24,0,46,7.9
36644,1784,322,36914.68,156,322,114.64,28,1,23,58.6
36645,991,416,71.27,138,416,0.17,26,1,7,32.6
36646,237,241,1421.6,492,241,5.9,15,1,34,7.8
36647,1447,276,940.65,55,276,3.41,0,0,16,47.5
36648,770,471,959.89,400,471,2.04,20,0,39,25.3
36649,1317,433,1269.89,168,433,2.93,11,1,8,43.3
36650,2300,449,401.01,394,449,0.89,0,1,22,75.6
36651,1304,407,73.11,554,407,0.18,1,0,45,42.8
36652,1414,478,1094.13,210,478,2.29,0,1,28,46.5
36653,528,43,178.25,142,43,4.15,6,0,18,17.3
36654,2204,498,1169.39,239,498,2.35,12,0,31,72.4
36655,207,304,4298.22,409,304,14.14,13,0,40,6.8
36656,1688,40,312.67,6,40,7.82,2,0,16,55.5
36657,1086,278,1955.66,45,278,7.03,8,1,12,35.7
36658,2188,220,1046.2,97,220,4.76,18,0,12,71.9
36659,347,439,96845.3,457,439,220.6,19,1,39,11.4
36660,1746,261,1648.21,144,261,6.31,13,1,2,57.4
36661,2098,414,578.24,567,414,1.4,2,0,32,68.9
36662,1736,371,13994.13,485,371,37.72,3,0,7,57.0
36663,1879,83,5482.04,414,83,66.05,4,0,39,61.7
36664,2472,163,416.88,266,163,2.56,0,0,48,81.2
36665,726,215,96.38,403,215,0.45,17,0,22,23.9
36666,1520,327,4983.92,549,327,15.24,3,1,35,49.9
36667,739,306,443.06,649,306,1.45,26,0,11,24.3
36668,1636,468,29556.71,331,468,63.16,2,1,23,53.7
36669,1395,407,1190.42,210,407,2.92,23,0,27,45.8
36670,1447,291,1210.7,527,291,4.16,28,1,45,47.5
36671,2140,99,1085.95,507,99,10.97,19,1,45,70.3
36672,1090,40,9157.55,366,40,228.94,27,1,44,35.8
36673,2029,414,217.87,435,414,0.53,4,0,37,66.7
36674,1019,436,16330.01,549,436,37.45,18,0,30,33.5
36675,2538,345,3112.55,278,345,9.02,17,1,2,83.4
36676,1162,497,154.28,723,497,0.31,2,1,23,38.2
36677,659,451,3322.48,620,451,7.37,27,0,6,21.6
36678,1795,448,3890.91,264,448,8.69,3,0,1,59.0
36679,1744,424,2840.39,148,424,6.7,9,0,31,57.3
36680,376,271,832.41,439,271,3.07,10,1,22,12.4
36681,1330,57,1805.94,643,57,31.68,25,1,26,43.7
36682,1242,372,3902.91,524,372,10.49,26,1,20,40.8
36683,792,466,568.1,112,466,1.22,23,1,12,26.0
36684,1289,218,3366.1,49,218,15.44,8,1,39,42.3
36685,1831,185,1728.59,560,185,9.34,6,0,5,60.2
36686,583,485,460.33,423,485,0.95,21,0,26,19.2
36687,2169,167,2494.8,504,167,14.94,19,1,34,71.3
36688,32,372,2181.24,627,372,5.86,21,0,8,1.1
36689,936,436,10713.32,295,436,24.57,8,1,9,30.7
36690,1724,177,1067.8,514,177,6.03,4,0,6,56.6
36691,1852,416,4257.63,213,416,10.23,16,1,6,60.8
36692,1164,333,1314.88,396,333,3.95,26,1,27,38.2
36693,737,177,962.3,69,177,5.44,15,1,24,24.2
36694,1323,192,3690.43,352,192,19.22,28,1,0,43.5
36695,1618,322,9487.19,691,322,29.46,11,1,30,53.2
36696,519,205,1723.32,585,205,8.41,1,0,44,17.0
36697,2025,305,3700.06,485,305,12.13,18,0,25,66.5
36698,866,228,2657.99,392,228,11.66,14,1,46,28.4
36699,1548,456,682.98,52,456,1.5,28,0,26,50.9
36700,1757,347,2437.89,662,347,7.03,23,0,41,57.7
36701,2023,54,39.61,618,54,0.73,21,0,23,66.5
36702,2387,317,4089.16,16,317,12.9,0,0,41,78.4
36703,129,443,2562.73,492,443,5.78,3,0,9,4.2
36704,1792,414,24164.58,342,414,58.37,9,1,41,58.9
36705,489,23,4506.85,644,23,195.95,19,1,44,16.1
36706,1440,298,1324.82,49,298,4.45,13,1,13,47.3
36707,1425,271,866.71,368,271,3.2,9,1,26,46.8
36708,1600,465,801.75,692,465,1.72,14,1,31,52.6
36709,884,451,16675.41,468,451,36.97,3,0,37,29.0
36710,265,380,304.53,265,380,0.8,3,0,28,8.7
36711,1794,127,5667.49,474,127,44.63,2,0,30,58.9
36712,1251,94,1503.08,707,94,15.99,20,0,35,41.1
36713,178,360,448.61,294,360,1.25,5,1,13,5.8
36714,573,277,746.17,4,277,2.69,3,1,23,18.8
36715,1386,245,10043.95,609,245,41.0,8,1,29,45.5
36716,1093,93,966.65,335,93,10.39,11,0,40,35.9
36717,2121,403,1907.55,537,403,4.73,9,1,40,69.7
36718,1982,10,3361.9,274,10,336.19,11,1,35,65.1
36719,2293,184,13427.03,81,184,72.97,22,1,24,75.3
36720,1580,302,242.93,703,302,0.8,0,1,6,51.9
36721,1356,94,115.99,671,94,1.23,29,1,36,44.5
36722,474,276,7008.11,44,276,25.39,14,1,35,15.6
36723,1513,2,1088.93,531,2,544.46,4,0,24,49.7
36724,2435,485,5688.42,490,485,11.73,25,1,42,80.0
36725,2497,201,24955.84,238,201,124.16,13,1,25,82.0
36726,56,321,12761.7,207,321,39.76,0,0,13,1.8
36727,1046,420,7132.7,76,420,16.98,2,1,32,34.4
36728,544,186,3064.55,17,186,16.48,23,1,1,17.9
36729,2126,39,707.07,76,39,18.13,25,0,20,69.8
36730,1952,385,1880.83,499,385,4.89,5,0,29,64.1
36731,2347,454,1939.26,170,454,4.27,11,0,39,77.1
36732,48,487,21234.9,203,487,43.6,24,1,30,1.6
36733,1269,494,251.73,472,494,0.51,1,1,45,41.7
36734,1213,266,879.82,692,266,3.31,4,1,48,39.8
36735,90,330,26854.47,618,330,81.38,28,1,41,3.0
36736,1289,15,1628.39,147,15,108.56,9,1,3,42.3
36737,698,180,930.82,158,180,5.17,14,1,24,22.9
36738,1781,444,2142.78,138,444,4.83,28,0,37,58.5
36739,1765,450,139.81,614,450,0.31,21,1,10,58.0
36740,1104,224,2147.71,705,224,9.59,22,1,43,36.3
36741,465,125,225.4,137,125,1.8,16,1,39,15.3
36742,1298,336,641.53,309,336,1.91,13,1,32,42.6
36743,1634,248,4039.52,688,248,16.29,7,0,13,53.7
36744,2116,369,748.51,166,369,2.03,19,1,11,69.5
36745,875,374,5538.94,8,374,14.81,6,0,5,28.7
36746,51,196,652.05,594,196,3.33,10,1,41,1.7
36747,2214,200,10381.71,202,200,51.91,10,1,17,72.7
36748,2294,381,53.19,65,381,0.14,8,0,2,75.4
36749,1904,402,3649.59,666,402,9.08,24,1,31,62.5
36750,838,133,1465.38,319,133,11.02,19,1,16,27.5
36751,996,3,3297.84,208,3,1099.28,26,1,23,32.7
36752,2229,447,1389.84,691,447,3.11,3,1,34,73.2
36753,1622,159,1211.76,287,159,7.62,20,1,1,53.3
36754,893,422,1589.31,363,422,3.77,25,0,25,29.3
36755,2281,324,7973.41,114,324,24.61,16,0,29,74.9
36756,126,316,5501.84,208,316,17.41,2,1,36,4.1
36757,1282,227,1735.58,566,227,7.65,24,0,26,42.1
36758,1457,274,1347.39,616,274,4.92,20,1,17,47.9
36759,1564,274,4624.62,519,274,16.88,24,0,13,51.4
36760,1794,77,6732.62,12,77,87.44,16,0,19,58.9
36761,1718,71,1803.25,316,71,25.4,26,0,19,56.4
36762,279,129,1624.37,50,129,12.59,20,1,43,9.2
36763,1701,295,149.21,119,295,0.51,7,1,40,55.9
36764,1389,184,476.77,436,184,2.59,22,1,29,45.6
36765,1093,493,5943.25,130,493,12.06,13,1,30,35.9
36766,104,395,14023.21,63,395,35.5,13,0,47,3.4
36767,720,280,11005.43,600,280,39.31,20,1,32,23.7
36768,1410,492,1178.66,126,492,2.4,1,1,26,46.3
36769,108,489,1524.55,75,489,3.12,17,1,42,3.5
36770,2424,286,694.35,525,286,2.43,20,1,32,79.6
36771,1491,203,101.83,322,203,0.5,18,1,19,49.0
36772,1443,45,4447.45,72,45,98.83,8,0,2,47.4
36773,406,103,3264.84,142,103,31.7,18,0,45,13.3
36774,2415,286,26378.26,207,286,92.23,5,0,18,79.3
36775,1060,180,4715.18,511,180,26.2,15,0,6,34.8
36776,1208,476,17468.05,22,476,36.7,15,1,26,39.7
36777,1652,360,129.07,637,360,0.36,8,1,5,54.3
36778,298,31,4689.05,378,31,151.26,11,0,28,9.8
36779,2254,146,87.46,538,146,0.6,1,0,40,74.0
36780,2333,199,689.48,417,199,3.46,16,1,25,76.6
36781,714,290,1274.11,382,290,4.39,2,0,16,23.5
36782,2294,408,326.0,465,408,0.8,27,1,47,75.4
36783,279,462,1450.1,362,462,3.14,19,1,1,9.2
36784,1917,493,4775.76,451,493,9.69,13,0,20,63.0
36785,1962,365,4679.33,93,365,12.82,11,0,47,64.5
36786,2137,492,450.59,93,492,0.92,5,1,47,70.2
36787,492,6,27797.24,32,6,4632.87,26,0,49,16.2
36788,2326,410,1833.14,430,410,4.47,11,1,23,76.4
36789,1967,165,859.95,164,165,5.21,4,0,32,64.6
36790,2333,350,57.57,420,350,0.16,14,1,13,76.6
36791,1409,8,3019.27,163,8,377.41,1,1,33,46.3
36792,2151,492,3598.7,432,492,7.31,25,1,4,70.7
36793,1807,109,867.27,262,109,7.96,18,1,2,59.4
36794,903,456,3183.43,375,456,6.98,18,1,16,29.7
36795,1711,95,6229.01,674,95,65.57,22,1,5,56.2
36796,1349,311,653.37,676,311,2.1,11,1,15,44.3
36797,919,320,3179.08,349,320,9.93,13,0,1,30.2
36798,1563,495,2211.95,583,495,4.47,11,1,19,51.3
36799,2550,118,341.02,490,118,2.89,15,1,49,83.8
36800,2432,236,2395.67,271,236,10.15,26,0,47,79.9
36801,1999,54,386.75,373,54,7.16,5,0,16,65.7
36802,1421,187,3374.42,355,187,18.05,0,0,7,46.7
36803,1521,122,990.79,591,122,8.12,27,0,24,50.0
36804,1152,242,4302.59,453,242,17.78,14,0,7,37.8
36805,1989,464,1207.49,222,464,2.6,25,1,28,65.3
36806,1300,386,1203.65,338,386,3.12,7,1,17,42.7
36807,1777,204,870.56,391,204,4.27,12,0,45,58.4
36808,817,418,4402.12,494,418,10.53,8,1,0,26.8
36809,1405,157,1038.56,555,157,6.62,4,1,6,46.2
36810,2230,211,6531.97,20,211,30.96,13,1,9,73.3
36811,1901,227,243.01,188,227,1.07,29,1,21,62.5
36812,2198,388,304.57,420,388,0.78,18,0,7,72.2
36813,2124,331,1255.53,193,331,3.79,19,0,29,69.8
36814,107,12,6971.25,264,12,580.94,23,1,14,3.5
36815,169,230,3801.3,310,230,16.53,29,1,21,5.6
36816,2539,308,783.4,110,308,2.54,18,0,14,83.4
36817,260,340,1430.66,60,340,4.21,16,1,49,8.5
36818,2349,471,370.96,393,471,0.79,3,1,40,77.2
36819,1979,478,1393.06,288,478,2.91,26,0,42,65.0
36820,1427,375,10855.18,58,375,28.95,10,1,31,46.9
36821,1713,317,858.81,420,317,2.71,13,0,16,56.3
36822,1412,144,3818.83,322,144,26.52,18,0,32,46.4
36823,1974,247,37527.12,249,247,151.93,29,0,18,64.8
36824,424,154,6295.77,531,154,40.88,16,1,3,13.9
36825,1844,435,1279.74,156,435,2.94,1,1,25,60.6
36826,72,96,1819.86,27,96,18.96,14,1,20,2.4
36827,2474,74,268.9,710,74,3.63,6,1,11,81.3
36828,2161,264,1751.04,369,264,6.63,27,0,11,71.0
36829,1272,466,190.34,654,466,0.41,3,1,43,41.8
36830,1928,28,794.84,729,28,28.39,19,1,9,63.3
36831,1667,459,618.37,726,459,1.35,15,1,43,54.8
36832,1849,264,6604.62,701,264,25.02,18,1,16,60.7
36833,593,96,3873.01,684,96,40.34,11,1,41,19.5
36834,1712,434,75.13,445,434,0.17,29,1,47,56.2
36835,1101,332,46643.58,468,332,140.49,21,1,27,36.2
36836,2023,338,6415.95,406,338,18.98,16,0,43,66.5
36837,1472,230,112.18,718,230,0.49,26,0,9,48.4
36838,1030,397,1075.03,407,397,2.71,23,0,10,33.8
36839,2260,225,183.86,82,225,0.82,7,1,1,74.2
36840,1908,249,22826.94,281,249,91.67,23,1,4,62.7
36841,790,395,2116.08,23,395,5.36,19,0,32,26.0
36842,416,155,3134.79,221,155,20.22,27,0,45,13.7
36843,976,177,667.96,525,177,3.77,11,1,0,32.1
36844,704,205,590.93,550,205,2.88,21,0,21,23.1
36845,926,111,10322.14,294,111,92.99,25,1,45,30.4
36846,234,9,138.26,644,9,15.36,21,0,48,7.7
36847,282,388,763.49,470,388,1.97,6,0,20,9.3
36848,1086,411,1263.63,61,411,3.07,23,1,39,35.7
36849,601,387,2145.69,360,387,5.54,8,1,12,19.7
36850,30,476,2443.88,475,476,5.13,16,1,15,1.0
36851,2378,130,5433.47,451,130,41.8,10,1,43,78.1
36852,1719,371,2350.1,34,371,6.33,4,1,5,56.5
36853,1392,301,1195.91,286,301,3.97,26,1,41,45.7
36854,31,314,822.52,511,314,2.62,25,0,30,1.0
36855,1689,62,1549.7,51,62,25.0,15,1,27,55.5
36856,1460,91,5526.49,229,91,60.73,7,0,32,48.0
36857,909,227,91.1,223,227,0.4,28,0,25,29.9
36858,1128,388,5032.14,137,388,12.97,19,0,29,37.1
36859,1424,275,1969.6,239,275,7.16,15,1,42,46.8
36860,1740,275,4444.16,121,275,16.16,8,1,43,57.2
36861,519,232,52.36,468,232,0.23,8,0,45,17.0
36862,1836,180,65.07,113,180,0.36,14,0,17,60.3
36863,592,389,2140.19,112,389,5.5,23,1,0,19.4
36864,204,287,666.38,29,287,2.32,10,1,30,6.7
36865,1366,409,4469.35,490,409,10.93,25,0,42,44.9
36866,364,9,3738.56,175,9,415.4,27,0,8,12.0
36867,801,288,2801.78,17,288,9.73,15,1,14,26.3
36868,300,451,668.2,264,451,1.48,25,0,22,9.9
36869,1998,209,2568.34,234,209,12.29,8,1,15,65.6
36870,1910,197,1956.84,108,197,9.93,23,1,22,62.7
36871,1173,421,268516.53,498,421,637.81,23,1,38,38.5
36872,2459,227,5328.31,681,227,23.47,12,0,27,80.8
36873,767,174,1424.81,553,174,8.19,23,0,25,25.2
36874,330,231,13842.48,294,231,59.92,27,1,44,10.8
36875,160,32,14048.05,142,32,439.0,21,1,20,5.3
36876,828,63,3473.74,177,63,55.14,3,1,10,27.2
36877,294,67,4585.59,589,67,68.44,3,1,41,9.7
36878,680,43,3055.39,179,43,71.06,25,1,10,22.3
36879,128,282,266.81,721,282,0.95,26,1,13,4.2
36880,887,379,646.85,92,379,1.71,18,1,37,29.1
36881,897,124,1844.36,154,124,14.87,19,1,42,29.5
36882,404,86,13753.04,417,86,159.92,16,1,49,13.3
36883,1158,158,33306.41,261,158,210.8,13,1,5,38.0
36884,973,263,13933.83,504,263,52.98,26,0,12,32.0
36885,1803,374,25227.92,44,374,67.45,4,1,45,59.2
36886,1324,448,3859.95,612,448,8.62,24,0,12,43.5
36887,845,252,275.24,394,252,1.09,28,0,44,27.8
36888,2554,376,194.83,257,376,0.52,23,0,34,83.9
36889,850,24,4876.47,630,24,203.19,3,1,18,27.9
36890,1571,119,1644.22,142,119,13.82,24,1,22,51.6
36891,1022,78,3396.5,394,78,43.54,15,0,35,33.6
36892,1416,340,617.3,113,340,1.82,15,1,41,46.5
36893,2510,9,4925.22,689,9,547.25,6,1,48,82.5
36894,1956,448,892.61,545,448,1.99,2,1,49,64.3
36895,1892,257,22451.14,652,257,87.36,0,0,39,62.2
36896,248,91,1192.34,567,91,13.1,28,0,23,8.1
36897,1652,41,1121.14,84,41,27.34,5,1,32,54.3
36898,1030,289,1195.74,358,289,4.14,0,1,0,33.8
36899,791,231,1717.01,230,231,7.43,29,1,43,26.0
36900,1350,160,4914.82,346,160,30.72,4,1,26,44.3
36901,611,168,152.24,8,168,0.91,1,1,46,20.1
36902,772,342,511.9,213,342,1.5,16,0,3,25.4
36903,525,405,3355.68,20,405,8.29,19,0,7,17.2
36904,1305,414,249.66,667,414,0.6,17,0,10,42.9
36905,31,197,594.74,584,197,3.02,7,1,44,1.0
36906,1917,438,842.81,240,438,1.92,4,1,23,63.0
36907,1908,350,2630.1,77,350,7.51,7,1,48,62.7
36908,604,347,6344.57,729,347,18.28,22,1,47,19.8
36909,1609,496,10323.68,12,496,20.81,27,1,10,52.9
36910,379,421,1819.76,502,421,4.32,5,1,28,12.5
36911,2119,308,10241.4,60,308,33.25,5,0,31,69.6
36912,2022,395,49208.99,251,395,124.58,26,1,15,66.4
36913,1241,119,242.26,603,119,2.04,27,0,10,40.8
36914,738,154,1057.34,194,154,6.87,0,1,0,24.2
36915,2125,314,31287.19,374,314,99.64,24,1,12,69.8
36916,345,443,582.48,720,443,1.31,21,0,21,11.3
36917,1202,336,1921.08,385,336,5.72,29,1,42,39.5
36918,1999,68,447.68,150,68,6.58,27,1,38,65.7
36919,712,270,1772.17,141,270,6.56,17,0,12,23.4
36920,2369,98,2646.83,499,98,27.01,1,1,22,77.8
36921,1467,29,5107.96,313,29,176.14,13,0,19,48.2
36922,2151,319,547.6,128,319,1.72,1,0,22,70.7
36923,101,266,14832.87,502,266,55.76,11,1,19,3.3
36924,507,431,6123.99,444,431,14.21,9,1,42,16.7
36925,597,72,43527.31,212,72,604.55,13,0,34,19.6
36926,2179,249,641.65,634,249,2.58,18,0,11,71.6
36927,2143,245,195.52,662,245,0.8,24,1,21,70.4
36928,861,257,1918.15,189,257,7.46,18,1,21,28.3
36929,2292,85,4272.52,277,85,50.26,7,1,41,75.3
36930,198,418,1645.75,197,418,3.94,8,1,46,6.5
36931,385,322,712.91,596,322,2.21,10,1,35,12.6
36932,2405,349,2620.97,167,349,7.51,26,0,48,79.0
36933,444,113,15003.31,304,113,132.77,2,1,18,14.6
36934,418,447,3595.72,513,447,8.04,2,0,1,13.7
36935,1102,308,5930.99,563,308,19.26,18,1,45,36.2
36936,1603,400,1950.8,197,400,4.88,15,1,11,52.7
36937,2204,465,4755.1,463,465,10.23,26,1,49,72.4
36938,1357,151,2054.35,651,151,13.6,1,1,24,44.6
36939,858,423,436.96,111,423,1.03,2,1,12,28.2
36940,1561,373,547.98,259,373,1.47,21,0,21,51.3
36941,1173,468,96.5,169,468,0.21,0,0,27,38.5
36942,2381,4,679.87,557,4,169.97,1,1,13,78.2
36943,1121,367,310.67,191,367,0.85,15,0,15,36.8
36944,1927,100,54041.91,550,100,540.42,19,0,39,63.3
36945,1666,463,11901.9,257,463,25.71,0,1,34,54.7
36946,231,47,2223.35,713,47,47.31,20,0,36,7.6
36947,786,460,2219.97,490,460,4.83,1,0,13,25.8
36948,1590,52,5011.09,628,52,96.37,18,1,7,52.2
36949,1431,489,5462.18,291,489,11.17,19,0,16,47.0
36950,277,391,368.65,523,391,0.94,9,1,35,9.1
36951,205,95,24086.2,51,95,253.54,22,1,0,6.7
36952,2045,479,272.52,271,479,0.57,23,0,8,67.2
36953,1150,499,3737.83,54,499,7.49,2,1,34,37.8
36954,1822,233,2589.15,165,233,11.11,29,1,3,59.9
36955,299,453,4957.32,647,453,10.94,14,0,31,9.8
36956,321,41,17295.88,106,41,421.85,21,1,43,10.5
36957,785,433,1866.31,319,433,4.31,2,1,28,25.8
36958,2350,321,554.51,679,321,1.73,4,0,14,77.2
36959,1011,388,213.27,508,388,0.55,18,0,14,33.2
36960,255,248,4095.28,502,248,16.51,7,1,33,8.4
36961,453,494,24059.32,127,494,48.7,13,0,24,14.9
36962,165,489,1862.56,55,489,3.81,6,1,36,5.4
36963,35,128,1252.38,94,128,9.78,29,1,10,1.1
36964,1455,465,5166.37,15,465,11.11,18,0,21,47.8
36965,1818,38,4359.79,252,38,114.73,0,0,8,59.7
36966,961,97,1578.08,567,97,16.27,0,1,30,31.6
36967,2418,80,5254.26,421,80,65.68,23,1,15,79.4
36968,707,350,259.9,567,350,0.74,24,1,40,23.2
36969,377,202,807.17,388,202,4.0,22,0,20,12.4
36970,2542,277,4983.62,620,277,17.99,6,0,39,83.5
36971,1407,31,47.45,650,31,1.53,19,1,30,46.2
36972,2431,426,2829.81,665,426,6.64,26,0,23,79.9
36973,128,499,1802.46,704,499,3.61,0,1,38,4.2
36974,1149,476,305.27,7,476,0.64,6,1,4,37.7
36975,268,365,10173.21,527,365,27.87,25,0,16,8.8
36976,1474,29,28.28,208,29,0.98,3,0,25,48.4
36977,2023,72,380.52,711,72,5.28,22,1,5,66.5
36978,1849,89,1083.33,140,89,12.17,0,1,3,60.7
36979,2018,306,8002.87,33,306,26.15,6,1,32,66.3
36980,2211,270,19746.37,299,270,73.13,7,1,9,72.6
36981,1679,195,930.0,481,195,4.77,25,1,37,55.2
36982,952,303,1290.04,686,303,4.26,7,1,20,31.3
36983,762,81,2744.33,175,81,33.88,14,1,24,25.0
36984,557,418,24.11,530,418,0.06,23,1,20,18.3
36985,1030,106,2101.22,265,106,19.82,19,1,40,33.8
36986,2276,94,211.75,232,94,2.25,24,1,31,74.8
36987,712,266,71.58,321,266,0.27,3,0,28,23.4
36988,1894,384,2437.13,508,384,6.35,8,0,12,62.2
36989,559,186,864.19,36,186,4.65,28,1,46,18.4
36990,1452,145,1568.52,546,145,10.82,0,0,47,47.7
36991,360,472,445.32,66,472,0.94,7,0,38,11.8
36992,573,313,6419.78,80,313,20.51,2,1,34,18.8
36993,1014,111,386.63,192,111,3.48,4,1,7,33.3
36994,1776,90,1380.5,515,90,15.34,19,1,46,58.3
36995,2013,117,1248.04,366,117,10.67,8,1,17,66.1
36996,493,373,1421.69,704,373,3.81,8,1,3,16.2
36997,122,37,1244.56,260,37,33.64,26,1,45,4.0
36998,930,64,138491.27,246,64,2163.93,23,1,28,30.6
36999,2049,51,1786.51,432,51,35.03,7,1,26,67.3
37000,1778,497,3183.53,661,497,6.41,5,0,11,58.4
37001,479,43,2423.05,311,43,56.35,29,1,36,15.7
37002,1716,232,313.85,178,232,1.35,29,0,0,56.4
37003,1173,352,385.26,268,352,1.09,12,0,39,38.5
37004,1482,284,2779.29,3,284,9.79,27,1,34,48.7
37005,2344,254,2745.74,610,254,10.81,9,1,39,77.0
37006,1317,389,2776.52,162,389,7.14,18,1,46,43.3
37007,1513,239,2935.3,204,239,12.28,18,0,11,49.7
37008,2281,174,3696.97,709,174,21.25,26,1,48,74.9
37009,584,410,10890.07,607,410,26.56,6,1,29,19.2
37010,2534,70,2921.13,724,70,41.73,19,1,44,83.2
37011,328,73,14205.19,703,73,194.59,23,1,2,10.8
37012,402,159,10207.7,467,159,64.2,13,0,31,13.2
37013,1560,227,2352.4,188,227,10.36,6,1,47,51.2
37014,2192,284,28447.15,321,284,100.17,16,0,28,72.0
37015,1799,486,2187.14,607,486,4.5,0,1,23,59.1
37016,1040,271,3542.24,179,271,13.07,11,1,30,34.2
37017,1675,217,1343.98,476,217,6.19,24,0,32,55.0
37018,1905,190,3463.13,657,190,18.23,6,1,41,62.6
37019,731,362,52255.46,27,362,144.35,21,1,24,24.0
37020,1175,3,3959.8,265,3,1319.93,22,0,28,38.6
37021,1382,487,5980.88,316,487,12.28,9,1,38,45.4
37022,1828,179,4972.34,281,179,27.78,14,0,46,60.1
37023,108,215,41430.61,505,215,192.7,26,1,29,3.5
37024,1837,68,1786.74,674,68,26.28,18,1,14,60.3
37025,1487,80,2528.44,591,80,31.61,19,0,28,48.9
37026,1182,238,2306.15,602,238,9.69,25,1,25,38.8
37027,1619,324,5206.38,145,324,16.07,24,1,42,53.2
37028,1946,325,5679.57,263,325,17.48,12,1,42,63.9
37029,2472,373,2210.04,699,373,5.93,12,1,40,81.2
37030,2249,476,199.43,696,476,0.42,7,1,44,73.9
37031,1002,93,4084.66,231,93,43.92,18,1,33,32.9
37032,1906,268,710.44,3,268,2.65,17,1,37,62.6
37033,318,346,185.08,505,346,0.53,10,1,6,10.4
37034,1952,339,2963.46,592,339,8.74,19,1,8,64.1
37035,1839,453,3408.64,177,453,7.52,6,1,46,60.4
37036,1093,197,4296.88,202,197,21.81,1,0,12,35.9
37037,817,5,5198.87,104,5,1039.77,2,1,7,26.8
37038,909,313,8431.48,414,313,26.94,29,0,25,29.9
37039,418,412,1108.98,222,412,2.69,23,1,24,13.7
37040,2119,1,1176.06,422,1,1176.06,2,1,34,69.6
37041,1061,278,14025.97,579,278,50.45,18,0,18,34.9
37042,152,381,641.03,348,381,1.68,28,1,11,5.0
37043,1513,9,1035.11,144,9,115.01,5,0,38,49.7
37044,975,250,4477.49,672,250,17.91,29,1,46,32.0
37045,158,20,6534.72,474,20,326.74,23,1,19,5.2
37046,2341,270,16250.57,8,270,60.19,22,1,24,76.9
37047,1560,366,4151.54,76,366,11.34,17,0,29,51.2
37048,1478,403,341.18,134,403,0.85,22,1,12,48.6
37049,703,60,1079.89,370,60,18.0,16,0,0,23.1
37050,698,477,138.88,143,477,0.29,25,0,16,22.9
37051,1948,443,1761.26,412,443,3.98,19,1,25,64.0
37052,480,127,12195.01,28,127,96.02,19,0,14,15.8
37053,2335,299,1823.84,523,299,6.1,3,1,28,76.7
37054,346,411,15067.54,138,411,36.66,12,1,13,11.4
37055,760,234,1663.89,106,234,7.11,9,1,25,25.0
37056,776,257,86.82,456,257,0.34,21,0,9,25.5
37057,1267,301,1643.42,679,301,5.46,6,1,0,41.6
37058,1649,172,76820.63,392,172,446.63,10,1,38,54.2
37059,383,1,286.36,236,1,286.36,22,1,12,12.6
37060,1778,47,3566.81,25,47,75.89,13,1,4,58.4
37061,1089,23,3845.63,110,23,167.2,20,0,24,35.8
37062,1477,253,1261.9,330,253,4.99,13,1,31,48.5
37063,2170,328,489.0,179,328,1.49,14,0,32,71.3
37064,1956,69,568.11,582,69,8.23,6,1,2,64.3
37065,1509,338,2361.5,383,338,6.99,6,1,14,49.6
37066,1011,341,430.93,323,341,1.26,16,1,27,33.2
37067,1517,154,4200.29,445,154,27.27,23,1,19,49.8
37068,1677,121,3976.88,686,121,32.87,2,0,15,55.1
37069,2172,292,18304.55,189,292,62.69,8,0,21,71.4
37070,2448,19,4236.42,615,19,222.97,2,0,13,80.4
37071,1720,32,1269.47,126,32,39.67,25,1,14,56.5
37072,1207,231,4329.64,495,231,18.74,5,1,32,39.7
37073,2460,234,424.91,147,234,1.82,20,1,7,80.8
37074,343,93,1987.73,21,93,21.37,14,1,46,11.3
37075,574,233,60.23,124,233,0.26,20,1,10,18.9
37076,1270,135,1175.14,356,135,8.7,16,1,25,41.7
37077,2053,110,1495.99,599,110,13.6,6,1,36,67.4
37078,2272,241,870.05,457,241,3.61,11,1,49,74.6
37079,100,48,726.78,57,48,15.14,2,1,11,3.3
37080,1921,199,19078.5,478,199,95.87,24,0,25,63.1
37081,769,58,30024.42,92,58,517.66,3,1,3,25.3
37082,2181,472,3052.87,280,472,6.47,27,1,34,71.6
37083,274,115,3106.47,1,115,27.01,10,1,26,9.0
37084,889,91,146.11,464,91,1.61,5,1,43,29.2
37085,2248,247,728.27,368,247,2.95,14,0,8,73.9
37086,2039,289,1872.48,592,289,6.48,27,1,39,67.0
37087,1745,364,483.15,524,364,1.33,17,0,31,57.3
37088,438,478,680.86,723,478,1.42,10,0,34,14.4
37089,863,160,529.4,550,160,3.31,26,1,32,28.4
37090,983,96,175.61,565,96,1.83,25,1,15,32.3
37091,294,74,8716.69,83,74,117.79,11,0,13,9.7
37092,1379,270,22053.77,644,270,81.68,2,0,20,45.3
37093,658,345,32184.96,106,345,93.29,25,1,25,21.6
37094,1587,412,2470.5,413,412,6.0,18,1,28,52.1
37095,1159,423,1773.24,315,423,4.19,17,1,8,38.1
37096,1388,245,3735.72,57,245,15.25,27,0,42,45.6
37097,865,196,184.81,120,196,0.94,11,0,38,28.4
37098,330,338,506.57,55,338,1.5,7,1,36,10.8
37099,2064,497,223.92,557,497,0.45,19,1,33,67.8
37100,1722,478,31276.2,184,478,65.43,20,0,9,56.6
37101,2333,343,6431.67,318,343,18.75,20,1,7,76.6
37102,570,324,3060.69,240,324,9.45,22,1,25,18.7
37103,938,305,34835.65,19,305,114.22,10,1,30,30.8
37104,1836,428,1107.75,28,428,2.59,14,0,8,60.3
37105,426,347,4384.9,707,347,12.64,8,1,5,14.0
37106,1443,376,5811.11,490,376,15.46,21,1,28,47.4
37107,1676,122,8094.06,572,122,66.34,3,1,45,55.1
37108,2348,85,4326.66,84,85,50.9,1,1,7,77.1
37109,1834,284,2403.51,33,284,8.46,2,1,38,60.2
37110,1829,437,2816.24,157,437,6.44,18,1,4,60.1
37111,2292,142,3170.84,724,142,22.33,10,1,31,75.3
37112,85,29,861.92,182,29,29.72,21,1,11,2.8
37113,36,321,3546.09,215,321,11.05,3,0,14,1.2
37114,647,433,6741.2,506,433,15.57,1,0,10,21.3
37115,1833,302,27382.52,169,302,90.67,17,1,29,60.2
37116,1000,195,383.48,574,195,1.97,6,1,25,32.9
37117,2451,329,1503.68,482,329,4.57,19,1,36,80.5
37118,2469,175,5413.61,11,175,30.93,6,1,34,81.1
37119,1762,363,45059.27,13,363,124.13,27,1,10,57.9
37120,1297,329,22150.6,377,329,67.33,13,0,16,42.6
37121,1534,271,3570.53,169,271,13.18,25,1,29,50.4
37122,480,166,12086.96,646,166,72.81,21,0,19,15.8
37123,539,197,1380.1,159,197,7.01,21,0,3,17.7
37124,351,469,6871.9,282,469,14.65,0,0,29,11.5
37125,1073,180,2543.45,635,180,14.13,4,1,46,35.2
37126,1885,496,1244.22,659,496,2.51,20,0,3,61.9
37127,124,369,5260.68,510,369,14.26,4,1,36,4.1
37128,919,210,647.0,484,210,3.08,28,0,18,30.2
37129,1291,230,501.04,89,230,2.18,19,1,22,42.4
37130,2121,154,328.98,676,154,2.14,13,0,34,69.7
37131,2432,417,1282.42,413,417,3.08,12,1,15,79.9
37132,1843,208,4920.57,30,208,23.66,16,0,29,60.5
37133,793,187,433.39,673,187,2.32,0,1,35,26.1
37134,1017,412,912.61,212,412,2.22,23,1,35,33.4
37135,221,313,2221.92,458,313,7.1,26,0,13,7.3
37136,2055,39,479.79,158,39,12.3,24,0,0,67.5
37137,1277,490,8.6,265,490,0.02,20,0,25,42.0
37138,1111,127,4750.24,488,127,37.4,0,0,20,36.5
37139,2232,290,1712.61,499,290,5.91,26,0,14,73.3
37140,1220,440,17662.76,540,440,40.14,7,0,44,40.1
37141,1431,451,170.77,282,451,0.38,13,1,1,47.0
37142,134,359,381.04,162,359,1.06,19,0,19,4.4
37143,1734,487,2519.01,247,487,5.17,20,0,39,57.0
37144,1855,64,7155.0,449,64,111.8,18,0,35,60.9
37145,955,314,468.62,236,314,1.49,11,0,26,31.4
37146,93,12,1607.16,89,12,133.93,6,1,14,3.1
37147,1763,77,6042.4,360,77,78.47,9,0,42,57.9
37148,32,77,182.06,274,77,2.36,1,1,41,1.1
37149,2224,247,2580.04,158,247,10.45,21,0,11,73.1
37150,973,244,212.95,492,244,0.87,3,1,23,32.0
37151,2468,134,75.99,670,134,0.57,2,0,47,81.1
37152,2553,367,5954.98,391,367,16.23,16,0,21,83.9
37153,366,272,12399.0,623,272,45.58,28,0,32,12.0
37154,1300,10,554.27,687,10,55.43,18,1,45,42.7
37155,643,453,6589.45,47,453,14.55,8,1,28,21.1
37156,2262,417,173.91,629,417,0.42,16,1,44,74.3
37157,354,279,633.82,643,279,2.27,15,1,49,11.6
37158,2244,21,5909.67,500,21,281.41,5,1,24,73.7
37159,1710,333,422.91,256,333,1.27,15,1,37,56.2
37160,1198,392,2855.83,413,392,7.29,12,1,14,39.4
37161,219,123,3016.25,99,123,24.52,6,1,25,7.2
37162,2128,74,1383.91,654,74,18.7,4,1,19,69.9
37163,1531,352,772.98,634,352,2.2,19,1,28,50.3
37164,2420,244,8974.78,244,244,36.78,28,0,38,79.5
37165,346,45,7078.35,489,45,157.3,21,1,35,11.4
37166,1119,100,13621.85,108,100,136.22,5,1,29,36.8
37167,2046,210,8664.35,266,210,41.26,24,0,35,67.2
37168,1240,480,5589.7,511,480,11.65,8,1,34,40.7
37169,1472,306,434.64,448,306,1.42,16,0,15,48.4
37170,1035,262,933.13,161,262,3.56,20,0,49,34.0
37171,1159,321,427.14,532,321,1.33,29,1,21,38.1
37172,2092,327,746.72,403,327,2.28,2,1,9,68.7
37173,304,325,15295.51,585,325,47.06,12,0,17,10.0
37174,1897,197,16141.3,139,197,81.94,1,0,17,62.3
37175,449,358,1309.04,266,358,3.66,28,1,2,14.8
37176,573,4,5067.47,213,4,1266.87,8,0,14,18.8
37177,2402,114,647.5,548,114,5.68,6,1,27,78.9
37178,494,476,23061.0,305,476,48.45,29,1,22,16.2
37179,1703,252,1657.86,449,252,6.58,18,1,13,55.9
37180,1913,452,165.35,263,452,0.37,8,0,42,62.8
37181,732,196,37.51,156,196,0.19,7,1,2,24.0
37182,736,419,1509.23,266,419,3.6,11,0,19,24.2
37183,1683,299,738.27,248,299,2.47,14,1,7,55.3
37184,2466,90,3613.55,96,90,40.15,5,0,20,81.0
37185,2347,285,9296.87,232,285,32.62,22,0,7,77.1
37186,1932,295,3440.67,622,295,11.66,4,1,26,63.5
37187,444,254,7157.37,258,254,28.18,11,0,40,14.6
37188,2553,178,912.97,44,178,5.13,29,1,14,83.9
37189,1198,187,1135.14,5,187,6.07,14,0,13,39.4
37190,135,66,557.95,328,66,8.45,6,0,18,4.4
37191,904,424,2186.44,717,424,5.16,26,1,38,29.7
37192,367,51,24.84,349,51,0.49,11,0,44,12.1
37193,1627,366,14557.75,440,366,39.78,0,1,30,53.4
37194,280,282,300.45,39,282,1.07,15,0,28,9.2
37195,504,383,2016.53,402,383,5.27,22,0,41,16.6
37196,491,92,210.84,691,92,2.29,18,1,7,16.1
37197,1600,248,1373.43,72,248,5.54,3,1,1,52.6
37198,142,30,545.84,444,30,18.19,22,0,16,4.7
37199,1008,305,30172.69,603,305,98.93,8,0,24,33.1
37200,2508,367,100.84,518,367,0.27,15,1,38,82.4
37201,1382,388,189.62,342,388,0.49,22,1,19,45.4
37202,650,256,5334.22,23,256,20.84,18,0,1,21.4
37203,2216,157,16605.84,646,157,105.77,3,0,17,72.8
37204,55,241,9565.24,684,241,39.69,13,1,1,1.8
37205,2451,487,12903.54,668,487,26.5,5,0,6,80.5
37206,1586,435,3278.36,488,435,7.54,27,1,20,52.1
37207,1267,309,30191.47,147,309,97.71,12,1,1,41.6
37208,2200,404,1425.61,141,404,3.53,7,1,19,72.3
37209,1674,8,8830.65,84,8,1103.83,24,0,5,55.0
37210,1442,357,9939.86,200,357,27.84,22,0,22,47.4
37211,392,496,406.76,397,496,0.82,16,1,7,12.9
37212,238,426,1077.32,404,426,2.53,23,1,35,7.8
37213,1150,283,49.93,17,283,0.18,10,1,14,37.8
37214,1588,471,4247.06,346,471,9.02,28,0,17,52.2
37215,612,147,2309.82,173,147,15.71,15,1,15,20.1
37216,2438,23,728.68,326,23,31.68,26,0,43,80.1
37217,371,174,1140.69,562,174,6.56,1,0,40,12.2
37218,176,338,424.73,575,338,1.26,27,0,13,5.8
37219,208,53,36641.94,440,53,691.36,25,1,8,6.8
37220,1346,433,1859.42,473,433,4.29,0,0,16,44.2
37221,1699,234,207600.91,445,234,887.18,0,1,44,55.8
37222,1060,14,4354.76,473,14,311.05,23,0,19,34.8
37223,1149,100,300.72,663,100,3.01,2,0,6,37.7
37224,645,23,3562.84,570,23,154.91,7,1,6,21.2
37225,1120,6,424.13,386,6,70.69,3,1,30,36.8
37226,1731,254,395.0,323,254,1.56,12,0,14,56.9
37227,1920,378,6179.25,505,378,16.35,4,0,46,63.1
37228,1615,222,5347.17,499,222,24.09,20,1,14,53.1
37229,1991,1,2767.43,300,1,2767.43,28,1,4,65.4
37230,2194,361,3049.77,39,361,8.45,27,1,48,72.1
37231,978,259,1414.35,622,259,5.46,10,1,30,32.1
37232,2352,226,64.13,410,226,0.28,21,1,14,77.3
37233,166,87,1703.58,223,87,19.58,20,0,40,5.5
37234,296,106,5109.88,397,106,48.21,20,0,31,9.7
37235,1547,31,845.9,620,31,27.29,2,1,0,50.8
37236,1048,133,1268.73,562,133,9.54,24,1,24,34.4
37237,2066,485,858.69,655,485,1.77,4,0,33,67.9
37238,2537,482,27585.57,8,482,57.23,2,0,18,83.3
37239,287,448,1619.86,701,448,3.62,15,1,41,9.4
37240,2450,375,2916.9,169,375,7.78,9,0,38,80.5
37241,967,109,639.55,229,109,5.87,24,0,29,31.8
37242,2220,330,85065.88,203,330,257.78,24,0,3,72.9
37243,1650,374,10194.38,22,374,27.26,22,1,0,54.2
37244,2027,394,10697.54,6,394,27.15,2,1,32,66.6
37245,638,337,2466.4,321,337,7.32,5,0,13,21.0
37246,2029,193,8563.42,727,193,44.37,8,1,46,66.7
37247,886,123,1571.06,215,123,12.77,12,1,24,29.1
37248,108,257,178.96,374,257,0.7,11,0,9,3.5
37249,1311,271,2848.54,349,271,10.51,16,0,1,43.1
37250,539,97,676.35,461,97,6.97,3,0,45,17.7
37251,1117,414,884.85,525,414,2.14,17,1,27,36.7
37252,1534,107,1228.59,437,107,11.48,16,1,5,50.4
37253,2416,120,732.62,526,120,6.11,29,0,29,79.4
37254,566,215,128.32,650,215,0.6,12,0,6,18.6
37255,227,360,1048.62,712,360,2.91,0,0,37,7.5
37256,2240,469,277.96,654,469,0.59,13,0,32,73.6
37257,1835,351,8481.33,299,351,24.16,12,0,38,60.3
37258,1375,150,5892.01,190,150,39.28,10,1,18,45.2
37259,1324,191,528.31,330,191,2.77,26,0,21,43.5
37260,607,284,2555.93,132,284,9.0,21,1,24,19.9
37261,509,339,4035.58,422,339,11.9,16,1,20,16.7
37262,534,78,1483.07,480,78,19.01,27,1,47,17.5
37263,2049,449,5372.75,638,449,11.97,18,1,15,67.3
37264,2241,165,97193.63,613,165,589.05,6,1,26,73.6
37265,1078,67,1865.94,345,67,27.85,26,1,22,35.4
37266,2126,27,152.53,271,27,5.65,8,1,13,69.8
37267,540,116,1590.24,621,116,13.71,14,1,44,17.7
37268,483,299,176.49,73,299,0.59,13,1,48,15.9
37269,963,103,120.89,252,103,1.17,27,0,20,31.6
37270,165,121,66.88,565,121,0.55,17,1,22,5.4
37271,2062,214,9579.52,123,214,44.76,15,0,35,67.7
37272,2451,260,15837.08,500,260,60.91,17,1,28,80.5
37273,485,416,1676.76,703,416,4.03,29,1,12,15.9
37274,1194,170,2540.65,129,170,14.94,7,1,26,39.2
37275,70,414,1183.73,555,414,2.86,21,1,43,2.3
37276,524,275,755.12,215,275,2.75,28,0,41,17.2
37277,2501,274,636.93,647,274,2.32,0,1,18,82.2
37278,145,360,71.66,344,360,0.2,12,0,16,4.8
37279,1966,435,19431.0,141,435,44.67,12,0,11,64.6
37280,1766,322,401.65,68,322,1.25,6,0,9,58.0
37281,714,498,5965.08,655,498,11.98,29,1,10,23.5
37282,1773,403,586.78,206,403,1.46,29,1,41,58.2
37283,1378,12,29527.51,211,12,2460.63,23,1,48,45.3
37284,706,13,269.42,417,13,20.72,20,1,25,23.2
37285,2283,185,5858.81,557,185,31.67,13,1,14,75.0
37286,2219,473,1232.97,232,473,2.61,26,1,30,72.9
37287,1640,468,2761.35,544,468,5.9,8,1,25,53.9
37288,806,113,17109.79,462,113,151.41,22,1,47,26.5
37289,1871,304,2763.88,244,304,9.09,10,1,40,61.5
37290,1443,389,18352.77,635,389,47.18,11,0,3,47.4
37291,513,5,454.94,354,5,90.99,25,0,15,16.9
37292,1918,67,332.19,428,67,4.96,23,1,16,63.0
37293,980,382,1517.71,274,382,3.97,20,1,20,32.2
37294,976,88,3748.35,466,88,42.59,0,0,43,32.1
37295,308,87,757.26,84,87,8.7,10,1,29,10.1
37296,267,442,602.65,86,442,1.36,13,1,19,8.8
37297,1486,360,22515.56,294,360,62.54,13,0,8,48.8
37298,1332,362,3668.86,68,362,10.13,4,1,42,43.8
37299,729,445,96209.89,391,445,216.2,2,1,49,23.9
37300,800,469,607.49,27,469,1.3,21,1,49,26.3
37301,415,69,4994.99,305,69,72.39,1,0,8,13.6
37302,215,473,12631.36,456,473,26.7,29,0,45,7.1
37303,214,300,866.54,421,300,2.89,29,0,26,7.0
37304,2183,281,13629.51,581,281,48.5,2,1,4,71.7
37305,899,323,6334.64,257,323,19.61,8,0,18,29.5
37306,1337,249,545.7,649,249,2.19,5,0,35,43.9
37307,1516,204,10245.62,86,204,50.22,2,0,44,49.8
37308,90,359,1443.14,153,359,4.02,1,0,43,3.0
37309,2321,401,68.82,132,401,0.17,3,1,28,76.2
37310,1874,122,9749.77,671,122,79.92,12,1,10,61.6
37311,2402,171,2237.64,631,171,13.09,9,1,40,78.9
37312,503,145,13211.44,78,145,91.11,25,1,0,16.5
37313,289,185,155.56,462,185,0.84,26,0,47,9.5
37314,1794,414,1152.58,269,414,2.78,7,1,47,58.9
37315,1387,198,1461.23,153,198,7.38,25,1,47,45.6
37316,838,100,208.9,400,100,2.09,10,0,11,27.5
37317,1553,71,7807.74,207,71,109.97,28,0,20,51.0
37318,1727,11,8561.4,359,11,778.31,14,1,25,56.7
37319,1388,225,843.13,650,225,3.75,25,0,11,45.6
37320,1548,163,794.02,397,163,4.87,3,1,4,50.9
37321,736,79,7646.21,235,79,96.79,12,1,3,24.2
37322,1195,59,10056.37,341,59,170.45,28,1,22,39.3
37323,2047,15,17781.68,102,15,1185.45,29,1,29,67.2
37324,1116,225,3913.39,201,225,17.39,11,1,26,36.7
37325,2116,405,179.06,233,405,0.44,3,0,44,69.5
37326,1697,385,667.44,597,385,1.73,5,1,36,55.7
37327,976,161,1007.72,344,161,6.26,7,0,13,32.1
37328,2130,58,1378.05,719,58,23.76,2,0,10,70.0
37329,1940,233,714.5,710,233,3.07,1,1,40,63.7
37330,1037,441,570.17,4,441,1.29,2,0,43,34.1
37331,1329,292,269.95,558,292,0.92,3,1,3,43.7
37332,1249,482,247.88,536,482,0.51,29,1,3,41.0
37333,2029,206,12070.29,642,206,58.59,6,1,13,66.7
37334,1287,25,256.74,407,25,10.27,17,1,38,42.3
37335,1318,244,13757.23,613,244,56.38,14,1,0,43.3
37336,450,254,54.89,393,254,0.22,6,0,16,14.8
37337,641,495,1249.87,487,495,2.52,19,1,21,21.1
37338,2229,56,1400.73,367,56,25.01,4,1,21,73.2
37339,225,255,2005.92,103,255,7.87,14,1,4,7.4
37340,376,94,44977.87,306,94,478.49,25,0,35,12.4
37341,586,455,157.43,85,455,0.35,1,1,45,19.3
37342,2424,293,12690.26,47,293,43.31,16,1,22,79.6
37343,552,42,1972.73,290,42,46.97,13,0,18,18.1
37344,1988,90,5891.42,338,90,65.46,4,0,48,65.3
37345,1881,259,7866.89,474,259,30.37,12,1,21,61.8
37346,34,134,7742.21,611,134,57.78,3,0,45,1.1
37347,2086,79,528.64,99,79,6.69,17,1,12,68.5
37348,1736,213,7125.0,659,213,33.45,2,0,15,57.0
37349,112,210,12140.04,673,210,57.81,22,1,25,3.7
37350,800,149,8852.82,644,149,59.41,9,1,14,26.3
37351,275,50,13111.51,431,50,262.23,5,0,39,9.0
37352,449,197,418.48,114,197,2.12,15,1,5,14.8
37353,568,158,363.72,495,158,2.3,23,1,21,18.7
37354,2469,267,1866.94,301,267,6.99,3,0,10,81.1
37355,38,95,103.12,356,95,1.09,11,0,22,1.2
37356,2534,203,8035.75,264,203,39.58,24,1,8,83.2
37357,2183,127,2931.86,40,127,23.09,21,1,36,71.7
37358,1468,365,582.84,377,365,1.6,8,0,49,48.2
37359,166,101,5680.16,601,101,56.24,29,0,2,5.5
37360,2391,247,1285.96,635,247,5.21,5,1,23,78.5
37361,429,41,4148.65,269,41,101.19,27,0,6,14.1
37362,1318,303,2308.89,725,303,7.62,5,1,42,43.3
37363,1342,479,2368.59,532,479,4.94,9,0,40,44.1
37364,1904,243,581.75,719,243,2.39,18,1,39,62.5
37365,800,79,3699.55,148,79,46.83,29,1,26,26.3
37366,447,356,2009.48,13,356,5.64,10,0,40,14.7
37367,2073,227,340.74,45,227,1.5,28,1,19,68.1
37368,883,152,3784.79,642,152,24.9,10,1,16,29.0
37369,1690,389,2948.15,91,389,7.58,5,0,41,55.5
37370,815,314,12613.98,568,314,40.17,3,1,6,26.8
37371,2088,146,2965.34,177,146,20.31,15,1,20,68.6
37372,1879,360,769.13,671,360,2.14,3,1,16,61.7
37373,2401,115,3627.91,580,115,31.55,18,1,46,78.9
37374,241,355,413.23,490,355,1.16,9,0,35,7.9
37375,1252,335,1312.08,138,335,3.92,6,1,34,41.1
37376,588,246,3206.19,73,246,13.03,2,0,24,19.3
37377,1201,100,221.18,567,100,2.21,14,1,6,39.5
37378,298,176,3151.92,170,176,17.91,13,0,19,9.8
37379,1037,383,1175.11,25,383,3.07,8,1,7,34.1
37380,912,179,3755.29,209,179,20.98,9,1,34,30.0
37381,1728,95,5527.6,691,95,58.19,3,0,8,56.8
37382,1608,18,272.95,342,18,15.16,4,0,47,52.8
37383,818,270,4679.5,531,270,17.33,22,0,3,26.9
37384,1941,262,185.51,73,262,0.71,23,0,11,63.8
37385,2067,434,537.71,680,434,1.24,27,1,24,67.9
37386,1192,444,1663.02,78,444,3.75,8,0,28,39.2
37387,352,193,6150.95,666,193,31.87,9,0,38,11.6
37388,2427,125,12397.77,584,125,99.18,15,0,14,79.7
37389,602,336,297.74,356,336,0.89,8,1,20,19.8
37390,232,344,3908.25,553,344,11.36,9,0,48,7.6
37391,2024,425,1174.62,213,425,2.76,13,1,27,66.5
37392,669,348,2050.46,392,348,5.89,25,0,27,22.0
37393,967,285,13198.03,60,285,46.31,26,0,21,31.8
37394,1346,102,20309.15,572,102,199.11,2,0,45,44.2
37395,1261,277,3699.14,591,277,13.35,27,1,39,41.4
37396,1181,414,431.12,437,414,1.04,21,1,18,38.8
37397,117,51,389.82,19,51,7.64,10,0,21,3.8
37398,1669,344,14857.99,624,344,43.19,22,1,32,54.8
37399,1938,247,385.31,500,247,1.56,19,0,34,63.7
37400,1873,273,2457.89,190,273,9.0,18,0,42,61.5
37401,2017,173,659.75,329,173,3.81,25,1,34,66.3
37402,611,243,412.47,330,243,1.7,22,0,40,20.1
37403,2262,127,2653.82,183,127,20.9,4,1,10,74.3
37404,2183,468,722.77,45,468,1.54,19,1,4,71.7
37405,1401,118,5186.68,481,118,43.95,25,1,19,46.0
37406,89,199,1872.48,65,199,9.41,26,0,33,2.9
37407,2525,252,49561.81,202,252,196.67,4,0,24,83.0
37408,2069,228,1793.84,143,228,7.87,29,1,40,68.0
37409,1764,140,1284.74,333,140,9.18,9,1,0,58.0
37410,1153,224,3765.88,285,224,16.81,18,1,24,37.9
37411,2194,115,111.32,208,115,0.97,1,1,33,72.1
37412,1696,148,1446.82,254,148,9.78,15,0,1,55.7
37413,781,206,3925.32,309,206,19.05,4,1,16,25.7
37414,2283,392,20073.4,720,392,51.21,20,0,39,75.0
37415,1229,198,414.18,599,198,2.09,19,0,37,40.4
37416,2029,496,246.56,596,496,0.5,0,1,4,66.7
37417,1660,239,9376.56,97,239,39.23,13,1,43,54.5
37418,1984,249,5674.25,6,249,22.79,28,0,13,65.2
37419,1648,171,12467.6,461,171,72.91,25,0,13,54.1
37420,672,172,3627.93,431,172,21.09,6,0,7,22.1
37421,263,485,343.38,558,485,0.71,3,1,31,8.6
37422,507,55,39.66,26,55,0.72,19,0,19,16.7
37423,148,265,938.17,396,265,3.54,18,1,4,4.9
37424,1792,178,2005.87,627,178,11.27,25,0,22,58.9
37425,1898,100,2761.41,618,100,27.61,12,1,14,62.4
37426,1676,19,32549.78,306,19,1713.15,20,1,42,55.1
37427,2152,364,1568.79,563,364,4.31,29,1,17,70.7
37428,2198,26,302.29,676,26,11.63,4,0,8,72.2
37429,2056,486,1515.62,557,486,3.12,14,1,39,67.5
37430,2192,351,2862.53,294,351,8.16,5,1,39,72.0
37431,334,377,553.38,677,377,1.47,1,0,46,11.0
37432,149,431,755.61,463,431,1.75,23,1,21,4.9
37433,1027,34,1330.99,246,34,39.15,23,1,24,33.7
37434,2238,250,1178.75,355,250,4.72,28,1,20,73.5
37435,1739,185,568.73,246,185,3.07,8,0,8,57.1
37436,457,299,705.94,145,299,2.36,2,0,35,15.0
37437,1377,151,10075.26,442,151,66.72,2,1,8,45.2
37438,1178,332,3086.48,164,332,9.3,0,1,46,38.7
37439,1256,394,6461.44,153,394,16.4,6,1,33,41.3
37440,1126,243,2410.28,209,243,9.92,10,0,1,37.0
37441,1457,9,4458.28,430,9,495.36,15,1,17,47.9
37442,1495,315,1024.01,104,315,3.25,12,0,12,49.1
37443,1890,337,1687.82,116,337,5.01,7,0,9,62.1
37444,1731,332,397.52,24,332,1.2,1,0,40,56.9
37445,1687,64,8042.19,520,64,125.66,17,1,9,55.4
37446,455,71,3672.19,223,71,51.72,1,0,31,14.9
37447,285,52,7933.31,118,52,152.56,23,0,41,9.4
37448,1160,88,478.53,242,88,5.44,4,1,33,38.1
37449,1642,234,7061.81,357,234,30.18,27,1,5,53.9
37450,2106,399,888.21,426,399,2.23,6,0,39,69.2
37451,942,290,243.11,576,290,0.84,29,1,28,30.9
37452,586,242,328.33,457,242,1.36,14,0,48,19.3
37453,1775,491,2991.39,453,491,6.09,19,1,4,58.3
37454,965,132,1289.86,698,132,9.77,22,0,44,31.7
37455,205,289,6831.09,466,289,23.64,18,0,46,6.7
37456,1964,40,308.72,617,40,7.72,5,1,39,64.5
37457,1671,498,2659.31,518,498,5.34,4,0,15,54.9
37458,1959,437,4629.84,226,437,10.59,3,0,25,64.4
37459,2094,249,23982.72,271,249,96.32,19,0,29,68.8
37460,1989,52,46343.38,197,52,891.22,8,1,15,65.3
37461,1328,410,151.05,530,410,0.37,11,0,15,43.6
37462,2459,257,9258.71,594,257,36.03,15,0,22,80.8
37463,1951,467,2307.91,264,467,4.94,14,1,8,64.1
37464,515,32,19658.39,205,32,614.32,13,1,1,16.9
37465,1940,397,24067.55,144,397,60.62,8,1,5,63.7
37466,577,68,332.79,438,68,4.89,21,0,48,19.0
37467,542,100,12819.7,509,100,128.2,16,0,48,17.8
37468,507,40,347.39,417,40,8.68,27,1,23,16.7
37469,2500,265,2817.99,643,265,10.63,14,1,13,82.1
37470,607,97,5621.4,229,97,57.95,0,1,23,19.9
37471,1172,454,328.58,260,454,0.72,4,1,45,38.5
37472,1428,32,791.09,1,32,24.72,9,1,17,46.9
37473,1753,400,8632.0,0,400,21.58,28,0,41,57.6
37474,78,409,1020.28,82,409,2.49,28,0,30,2.6
37475,923,291,8902.07,482,291,30.59,27,0,36,30.3
37476,860,398,2466.4,407,398,6.2,2,0,39,28.3
37477,1941,154,15838.95,270,154,102.85,6,1,25,63.8
37478,2544,384,1927.78,632,384,5.02,3,0,44,83.6
37479,2319,302,1296.11,53,302,4.29,14,1,38,76.2
37480,1402,341,176.58,415,341,0.52,1,1,21,46.1
37481,1972,317,447.71,409,317,1.41,22,1,20,64.8
37482,315,53,7443.7,53,53,140.45,4,1,15,10.3
37483,1858,400,2870.2,561,400,7.18,27,1,35,61.0
37484,2129,10,4534.02,511,10,453.4,12,1,21,69.9
37485,570,332,204.74,533,332,0.62,17,0,7,18.7
37486,60,369,31861.3,69,369,86.34,15,1,0,2.0
37487,1980,92,1497.21,233,92,16.27,28,1,39,65.0
37488,1226,327,485.66,314,327,1.49,13,1,31,40.3
37489,167,91,2943.15,226,91,32.34,7,1,14,5.5
37490,1106,251,1652.98,186,251,6.59,9,1,22,36.3
37491,140,227,173.39,701,227,0.76,26,1,2,4.6
37492,2013,436,789.73,501,436,1.81,22,0,27,66.1
37493,1326,364,11883.28,512,364,32.65,28,1,23,43.6
37494,2177,109,2584.49,295,109,23.71,11,0,36,71.5
37495,2432,42,554.25,592,42,13.2,23,0,37,79.9
37496,1210,245,1054.63,592,245,4.3,20,0,36,39.8
37497,1185,460,12723.99,67,460,27.66,27,1,45,38.9
37498,1394,206,3618.84,539,206,17.57,0,1,26,45.8
37499,2513,379,243.4,99,379,0.64,1,1,42,82.6
37500,1150,207,196.98,662,207,0.95,17,1,14,37.8
37501,1338,316,4908.54,503,316,15.53,4,0,26,44.0
37502,797,29,2692.61,288,29,92.85,12,1,13,26.2
37503,2374,84,2227.63,422,84,26.52,12,0,14,78.0
37504,882,231,1573.1,704,231,6.81,13,1,35,29.0
37505,571,281,1724.47,452,281,6.14,15,0,43,18.8
37506,1577,307,803.86,369,307,2.62,21,0,32,51.8
37507,1662,25,3077.85,138,25,123.11,3,1,2,54.6
37508,794,344,78.48,61,344,0.23,23,0,34,26.1
37509,2166,380,22834.77,79,380,60.09,25,1,13,71.2
37510,727,354,697.03,484,354,1.97,29,0,31,23.9
37511,1732,263,1616.64,588,263,6.15,27,0,11,56.9
37512,571,391,1932.04,403,391,4.94,6,0,44,18.8
37513,1995,394,2210.68,29,394,5.61,0,1,2,65.5
37514,2010,375,555.24,576,375,1.48,22,0,47,66.0
37515,1049,482,1665.2,234,482,3.45,27,1,32,34.5
37516,1489,86,605.55,322,86,7.04,0,1,30,48.9
37517,897,413,16658.31,461,413,40.33,21,1,3,29.5
37518,876,437,8268.26,23,437,18.92,5,1,35,28.8
37519,523,125,57894.14,214,125,463.15,20,0,32,17.2
37520,653,243,11416.5,594,243,46.98,12,1,31,21.5
37521,966,396,1802.54,236,396,4.55,29,0,23,31.7
37522,1586,162,1263.97,440,162,7.8,4,1,41,52.1
37523,1162,123,1115.86,617,123,9.07,9,1,11,38.2
37524,1882,52,357.82,608,52,6.88,17,1,8,61.8
37525,2159,434,1014.89,66,434,2.34,25,0,31,70.9
37526,1542,425,2758.18,499,425,6.49,28,1,16,50.7
37527,2012,55,4430.44,103,55,80.55,26,1,0,66.1
37528,1862,135,3279.55,459,135,24.29,16,1,27,61.2
37529,991,257,2878.47,89,257,11.2,8,0,30,32.6
37530,2390,233,1334.69,163,233,5.73,7,0,48,78.5
37531,1100,117,41.75,384,117,0.36,3,0,0,36.1
37532,76,338,1976.44,522,338,5.85,5,1,30,2.5
37533,597,17,994.51,85,17,58.5,25,0,1,19.6
37534,167,247,46.0,289,247,0.19,16,0,14,5.5
37535,2484,167,144.07,375,167,0.86,17,1,25,81.6
37536,2311,100,3397.42,647,100,33.97,1,1,18,75.9
37537,2411,221,420.08,656,221,1.9,2,1,26,79.2
37538,1892,190,1495.54,578,190,7.87,16,0,47,62.2
37539,236,108,217.32,587,108,2.01,28,1,34,7.8
37540,154,20,828.32,329,20,41.42,26,1,7,5.1
37541,1807,195,1141.69,364,195,5.85,29,0,12,59.4
37542,205,369,528.56,368,369,1.43,28,1,2,6.7
37543,505,459,916.23,431,459,2.0,1,1,33,16.6
37544,353,6,12268.38,33,6,2044.73,19,1,45,11.6
37545,495,271,276.67,563,271,1.02,0,1,35,16.3
37546,983,428,151.51,297,428,0.35,0,1,27,32.3
37547,2296,283,6782.87,663,283,23.97,29,1,42,75.4
37548,2126,135,5200.89,326,135,38.53,20,0,49,69.8
37549,1903,371,27051.98,99,371,72.92,21,0,11,62.5
37550,1867,113,1727.44,283,113,15.29,14,0,21,61.3
37551,493,144,17740.81,155,144,123.2,24,1,15,16.2
37552,508,472,3279.46,602,472,6.95,0,0,30,16.7
37553,2040,71,7348.49,454,71,103.5,29,1,36,67.0
37554,1290,391,9232.66,194,391,23.61,28,1,38,42.4
37555,1759,51,6199.88,715,51,121.57,4,1,8,57.8
37556,1412,299,4115.66,32,299,13.76,9,1,0,46.4
37557,1854,442,3247.5,74,442,7.35,13,1,44,60.9
37558,1675,352,67.0,119,352,0.19,26,0,29,55.0
37559,564,487,1737.43,202,487,3.57,8,1,13,18.5
37560,885,341,9113.69,266,341,26.73,16,1,8,29.1
37561,1760,104,28303.58,106,104,272.15,12,1,48,57.8
37562,675,414,1321.18,280,414,3.19,15,0,49,22.2
37563,1116,18,232.99,110,18,12.94,19,1,9,36.7
37564,174,147,182.85,693,147,1.24,7,1,22,5.7
37565,2101,290,1272.2,147,290,4.39,11,1,18,69.0
37566,79,239,486.8,314,239,2.04,21,1,24,2.6
37567,364,60,1935.42,507,60,32.26,28,0,1,12.0
37568,1425,193,871.66,285,193,4.52,5,0,2,46.8
37569,1128,476,1085.22,187,476,2.28,2,1,2,37.1
37570,2017,483,1197.75,271,483,2.48,14,1,8,66.3
37571,1651,179,3740.3,260,179,20.9,1,0,42,54.2
37572,849,16,5103.47,618,16,318.97,15,1,40,27.9
37573,1137,198,6545.75,129,198,33.06,29,0,16,37.4
37574,2065,2,315.16,118,2,157.58,7,1,5,67.8
37575,71,50,141100.91,3,50,2822.02,28,1,28,2.3
37576,1999,218,158.54,368,218,0.73,9,0,40,65.7
37577,1789,16,1484.46,475,16,92.78,29,1,47,58.8
37578,2451,111,961.19,662,111,8.66,0,0,46,80.5
37579,50,497,1681.01,271,497,3.38,27,1,48,1.6
37580,2470,172,13262.3,587,172,77.11,27,0,25,81.1
37581,332,397,1214.8,557,397,3.06,4,0,39,10.9
37582,864,449,1058.05,336,449,2.36,15,1,38,28.4
37583,1626,6,2358.81,88,6,393.14,7,1,31,53.4
37584,1256,466,198.56,419,466,0.43,24,1,17,41.3
37585,1709,379,48.99,327,379,0.13,19,1,39,56.1
37586,162,336,6806.75,167,336,20.26,12,0,35,5.3
37587,2253,129,16727.83,51,129,129.67,27,1,23,74.0
37588,1386,257,176.4,101,257,0.69,17,0,22,45.5
37589,1793,256,64955.68,437,256,253.73,29,0,9,58.9
37590,2048,231,1922.29,723,231,8.32,29,1,40,67.3
37591,74,237,785.88,646,237,3.32,7,0,21,2.4
37592,2224,17,1122.46,30,17,66.03,15,1,41,73.1
37593,230,59,61.41,382,59,1.04,24,0,37,7.6
37594,2283,219,1974.22,483,219,9.01,12,0,43,75.0
37595,1107,41,253.21,347,41,6.18,20,0,49,36.4
37596,1456,364,525.98,338,364,1.44,14,0,33,47.8
37597,2331,198,1322.47,312,198,6.68,9,0,34,76.6
37598,2178,464,2596.25,312,464,5.6,0,1,39,71.6
37599,706,260,8162.82,231,260,31.4,4,0,16,23.2
37600,1839,397,5925.14,178,397,14.92,1,1,24,60.4
37601,1967,107,4251.09,140,107,39.73,22,1,29,64.6
37602,1626,314,1007.53,109,314,3.21,10,1,49,53.4
37603,1761,1,1202.63,298,1,1202.63,8,1,46,57.9
37604,1329,388,599.07,323,388,1.54,26,1,44,43.7
37605,526,487,359.81,326,487,0.74,6,1,29,17.3
37606,427,243,95.08,57,243,0.39,23,0,14,14.0
37607,1968,65,8332.88,274,65,128.2,28,0,31,64.7
37608,1647,367,8738.6,323,367,23.81,28,0,24,54.1
37609,385,123,1137.87,409,123,9.25,22,1,33,12.6
37610,676,257,1101.39,534,257,4.29,4,1,28,22.2
37611,1387,390,11782.01,17,390,30.21,3,0,13,45.6
37612,574,429,498.8,213,429,1.16,19,0,36,18.9
37613,1647,87,10602.87,667,87,121.87,26,0,28,54.1
37614,198,465,26347.0,395,465,56.66,6,0,29,6.5
37615,1976,279,28059.62,683,279,100.57,16,0,16,64.9
37616,381,205,127.93,130,205,0.62,23,0,12,12.5
37617,185,234,521.51,336,234,2.23,1,0,3,6.1
37618,2182,9,9415.75,101,9,1046.19,11,1,0,71.7
37619,1190,139,3068.18,82,139,22.07,1,0,9,39.1
37620,337,300,2656.32,702,300,8.85,1,0,9,11.1
37621,1042,280,214.35,661,280,0.77,23,0,3,34.2
37622,326,80,13778.6,589,80,172.23,26,1,34,10.7
37623,133,464,857.06,278,464,1.85,19,0,22,4.4
37624,2021,353,1280.76,72,353,3.63,23,1,27,66.4
37625,2464,341,1540.89,75,341,4.52,27,0,42,80.9
37626,442,229,1248.92,709,229,5.45,14,0,22,14.5
37627,1490,331,644.29,615,331,1.95,14,1,19,48.9
37628,1219,211,337.26,386,211,1.6,23,1,43,40.0
37629,1127,380,6255.1,458,380,16.46,7,1,27,37.0
37630,720,95,1392.33,377,95,14.66,26,0,40,23.7
37631,253,353,29962.1,353,353,84.88,12,0,30,8.3
37632,1997,74,2203.53,682,74,29.78,24,1,23,65.6
37633,758,238,5154.77,675,238,21.66,23,0,12,24.9
37634,2242,374,7134.19,574,374,19.08,27,0,4,73.7
37635,2053,312,13264.76,15,312,42.52,21,1,47,67.4
37636,1933,440,1292.28,273,440,2.94,11,0,1,63.5
37637,1716,275,3849.53,710,275,14.0,22,1,35,56.4
37638,1796,34,1771.12,379,34,52.09,16,0,2,59.0
37639,914,215,1222.27,316,215,5.68,20,1,5,30.0
37640,82,363,3693.56,333,363,10.18,11,1,16,2.7
37641,842,342,2624.07,579,342,7.67,26,1,20,27.7
37642,502,39,665.08,140,39,17.05,11,1,32,16.5
37643,264,427,4300.54,53,427,10.07,15,1,2,8.7
37644,56,88,381.88,36,88,4.34,4,1,34,1.8
37645,2460,232,1977.62,626,232,8.52,4,0,27,80.8
37646,1724,177,872.55,145,177,4.93,11,1,23,56.6
37647,854,251,7014.6,344,251,27.95,15,1,7,28.1
37648,2233,35,428.77,264,35,12.25,14,0,14,73.4
37649,618,59,953.69,529,59,16.16,18,0,14,20.3
37650,32,210,328.46,57,210,1.56,2,1,8,1.1
37651,452,495,294.26,288,495,0.59,16,1,37,14.8
37652,2018,307,11109.55,349,307,36.19,19,1,9,66.3
37653,2549,320,596.12,235,320,1.86,15,0,26,83.7
37654,159,391,110.3,60,391,0.28,3,1,23,5.2
37655,2169,310,1753.96,514,310,5.66,6,0,27,71.3
37656,360,195,1706.55,557,195,8.75,29,1,32,11.8
37657,2041,17,8960.83,263,17,527.11,16,1,3,67.0
37658,2152,371,3341.22,31,371,9.01,17,0,21,70.7
37659,1919,50,1617.87,663,50,32.36,17,0,21,63.0
37660,746,156,42834.85,13,156,274.58,29,1,27,24.5
37661,2455,226,333.69,649,226,1.48,5,1,8,80.7
37662,260,168,3101.52,356,168,18.46,14,0,25,8.5
37663,197,491,2548.99,559,491,5.19,17,0,48,6.5
37664,1020,217,323.39,570,217,1.49,27,1,5,33.5
37665,763,152,319.82,111,152,2.1,12,1,18,25.1
37666,1427,62,943.41,692,62,15.22,12,0,36,46.9
37667,2378,187,58.45,136,187,0.31,2,0,22,78.1
37668,1498,82,6813.45,444,82,83.09,24,1,7,49.2
37669,2471,188,894.96,397,188,4.76,4,0,45,81.2
37670,620,244,9483.02,10,244,38.86,23,0,37,20.4
37671,902,242,5559.84,189,242,22.97,29,1,6,29.6
37672,1308,225,12665.6,560,225,56.29,14,1,39,43.0
37673,123,471,725.06,223,471,1.54,7,0,28,4.0
37674,584,387,7657.27,595,387,19.79,18,0,0,19.2
37675,1426,156,4740.63,70,156,30.39,27,1,26,46.8
37676,1043,259,3518.85,728,259,13.59,28,0,30,34.3
37677,1072,218,3715.07,4,218,17.04,19,1,10,35.2
37678,2037,317,2316.51,675,317,7.31,4,0,24,66.9
37679,422,468,1685.13,384,468,3.6,15,0,29,13.9
37680,2319,407,678.22,486,407,1.67,28,1,20,76.2
37681,1141,312,2414.45,722,312,7.74,25,1,42,37.5
37682,99,370,757.27,197,370,2.05,0,1,13,3.3
37683,342,274,149.87,494,274,0.55,4,1,43,11.2
37684,893,10,318.69,554,10,31.87,12,0,44,29.3
37685,1114,431,2953.35,314,431,6.85,6,1,32,36.6
37686,2386,24,4159.58,702,24,173.32,28,1,43,78.4
37687,223,79,1162.14,605,79,14.71,0,0,29,7.3
37688,2243,362,3645.31,128,362,10.07,27,1,10,73.7
37689,241,300,3754.28,296,300,12.51,25,1,38,7.9
37690,1704,139,1708.9,401,139,12.29,29,1,45,56.0
37691,115,230,1623.68,558,230,7.06,6,1,31,3.8
37692,963,239,2373.23,184,239,9.93,3,0,16,31.6
37693,360,88,466.24,280,88,5.3,1,1,33,11.8
37694,1527,131,161.69,346,131,1.23,17,1,38,50.2
37695,1003,310,8759.49,374,310,28.26,5,0,11,33.0
37696,672,32,6913.58,18,32,216.05,4,0,14,22.1
37697,840,310,363.86,264,310,1.17,19,1,10,27.6
37698,892,456,255.47,135,456,0.56,28,1,17,29.3
37699,730,352,56.21,652,352,0.16,16,0,19,24.0
37700,1440,405,1385.96,209,405,3.42,1,1,22,47.3
37701,874,382,7659.78,506,382,20.05,26,1,21,28.7
37702,1423,414,1307.36,546,414,3.16,23,1,10,46.7
37703,840,16,222.76,91,16,13.92,7,0,32,27.6
37704,2543,171,481.82,648,171,2.82,27,1,24,83.5
37705,981,340,2252.39,236,340,6.62,4,0,33,32.2
37706,1117,57,1505.22,303,57,26.41,29,1,39,36.7
37707,2454,356,4908.35,22,356,13.79,22,0,19,80.6
37708,1733,499,422.11,591,499,0.85,23,0,31,56.9
37709,2317,460,2572.03,264,460,5.59,24,1,8,76.1
37710,298,249,2701.58,7,249,10.85,17,0,4,9.8
37711,607,180,1216.64,568,180,6.76,22,0,32,19.9
37712,449,227,521.57,424,227,2.3,9,1,28,14.8
37713,315,191,319.0,149,191,1.67,12,1,15,10.3
37714,1297,78,1180.93,620,78,15.14,12,0,18,42.6
37715,1936,174,291.76,615,174,1.68,16,1,18,63.6
37716,1092,113,421.24,694,113,3.73,23,0,32,35.9
37717,1595,32,5141.6,585,32,160.68,11,0,18,52.4
37718,1589,378,2788.4,240,378,7.38,29,1,42,52.2
37719,2487,480,631.09,246,480,1.31,2,0,11,81.7
37720,731,55,46916.16,334,55,853.02,25,0,46,24.0
37721,1868,23,8483.68,162,23,368.86,9,0,1,61.4
37722,254,236,13778.92,280,236,58.39,2,0,7,8.3
37723,2001,443,782.56,498,443,1.77,22,1,18,65.7
37724,740,464,10970.33,376,464,23.64,6,1,47,24.3
37725,172,441,1627.64,487,441,3.69,27,1,4,5.7
37726,510,460,8626.78,550,460,18.75,23,0,36,16.8
37727,1489,198,36.59,627,198,0.18,21,0,42,48.9
37728,2007,33,152.91,389,33,4.63,5,0,49,65.9
37729,1442,440,9586.63,120,440,21.79,22,1,47,47.4
37730,2514,461,5838.08,216,461,12.66,27,1,17,82.6
37731,189,295,1501.94,431,295,5.09,4,1,10,6.2
37732,2008,383,4177.23,692,383,10.91,15,0,15,66.0
37733,1556,30,587.24,514,30,19.57,27,0,3,51.1
37734,952,364,991.77,8,364,2.72,10,1,45,31.3
37735,1346,182,459.97,80,182,2.53,4,1,33,44.2
37736,1675,437,20123.43,615,437,46.05,29,0,26,55.0
37737,2495,67,634.84,449,67,9.48,6,1,30,82.0
37738,2161,465,1048.67,669,465,2.26,11,1,30,71.0
37739,1876,424,111.04,192,424,0.26,23,1,19,61.6
37740,205,427,213.12,326,427,0.5,0,1,40,6.7
37741,1867,244,6205.87,243,244,25.43,28,0,47,61.3
37742,2397,322,113.85,111,322,0.35,7,0,38,78.7
37743,873,215,1798.96,609,215,8.37,3,0,22,28.7
37744,1764,412,7859.74,515,412,19.08,15,1,16,58.0
37745,216,266,1921.44,429,266,7.22,16,0,43,7.1
37746,333,350,342.42,33,350,0.98,18,1,18,10.9
37747,1380,273,3036.74,73,273,11.12,16,0,10,45.3
37748,2429,373,18317.43,220,373,49.11,1,1,48,79.8
37749,636,477,363.62,141,477,0.76,26,1,32,20.9
37750,949,265,1796.19,87,265,6.78,24,0,42,31.2
37751,1772,48,444.79,532,48,9.27,15,1,31,58.2
37752,1054,208,3354.2,119,208,16.13,24,0,33,34.6
37753,673,369,1820.5,342,369,4.93,20,0,38,22.1
37754,1339,40,263.4,373,40,6.58,18,1,43,44.0
37755,1177,98,1218.18,2,98,12.43,4,1,48,38.7
37756,1441,358,1948.08,243,358,5.44,16,1,1,47.3
37757,425,274,2978.25,290,274,10.87,13,1,41,14.0
37758,2471,116,14366.85,235,116,123.85,2,1,12,81.2
37759,1652,19,2860.13,106,19,150.53,13,1,9,54.3
37760,1910,33,1451.82,25,33,43.99,22,1,29,62.7
37761,822,323,128.45,378,323,0.4,16,1,11,27.0
37762,1482,405,4485.67,341,405,11.08,26,0,44,48.7
37763,2196,192,7535.61,206,192,39.25,15,1,32,72.1
37764,1748,67,1883.05,697,67,28.11,19,0,46,57.4
37765,937,84,265.78,194,84,3.16,16,1,19,30.8
37766,1959,38,329.07,697,38,8.66,11,1,40,64.4
37767,89,475,3511.92,499,475,7.39,9,0,0,2.9
37768,2299,473,10632.1,71,473,22.48,23,0,2,75.5
37769,2373,173,1253.33,192,173,7.24,4,1,3,78.0
37770,1758,306,14000.87,655,306,45.75,5,0,11,57.8
37771,977,252,3525.97,440,252,13.99,9,1,42,32.1
37772,2410,185,196.34,727,185,1.06,8,1,24,79.2
37773,742,451,321.11,656,451,0.71,8,1,33,24.4
37774,1090,54,2174.98,275,54,40.28,8,1,48,35.8
37775,1913,266,5123.11,174,266,19.26,13,0,13,62.8
37776,1388,386,67.29,491,386,0.17,29,0,7,45.6
37777,1661,59,810.49,200,59,13.74,25,1,49,54.6
37778,100,43,271.85,199,43,6.32,4,1,30,3.3
37779,1569,233,986.82,273,233,4.24,18,0,28,51.5
37780,315,135,419.22,107,135,3.11,15,0,38,10.3
37781,2116,432,1229.18,62,432,2.85,3,0,46,69.5
37782,1555,144,1410.6,271,144,9.8,16,0,0,51.1
37783,2434,38,3182.31,361,38,83.74,10,1,3,80.0
37784,948,385,10042.98,432,385,26.09,17,0,35,31.1
37785,1966,226,30954.68,665,226,136.97,21,0,45,64.6
37786,2114,314,3431.6,546,314,10.93,21,1,40,69.4
37787,149,433,4978.41,505,433,11.5,5,0,19,4.9
37788,1886,216,3328.79,150,216,15.41,25,0,17,62.0
37789,2376,268,252.46,174,268,0.94,18,1,33,78.1
37790,105,197,1492.27,469,197,7.57,7,1,20,3.4
37791,778,256,412.55,698,256,1.61,0,1,45,25.6
37792,438,94,1568.48,676,94,16.69,6,1,6,14.4
37793,309,139,1969.54,295,139,14.17,17,0,34,10.2
37794,998,382,55.39,411,382,0.14,15,1,7,32.8
37795,115,175,433.17,24,175,2.48,13,1,3,3.8
37796,1677,467,1769.12,495,467,3.79,22,0,15,55.1
37797,1407,137,660.07,293,137,4.82,1,1,26,46.2
37798,1649,372,332.85,462,372,0.89,20,0,6,54.2
37799,1972,220,2532.45,217,220,11.51,18,1,37,64.8
37800,344,196,5642.75,727,196,28.79,5,1,4,11.3
37801,1367,375,219.27,123,375,0.58,11,1,1,44.9
37802,565,56,13646.24,428,56,243.68,10,1,12,18.6
37803,987,234,817.99,312,234,3.5,13,0,34,32.4
37804,1081,96,357.93,70,96,3.73,6,0,26,35.5
37805,177,494,19965.12,643,494,40.42,25,1,48,5.8
37806,1738,456,4825.44,4,456,10.58,17,0,44,57.1
37807,1967,117,5317.24,561,117,45.45,23,0,11,64.6
37808,1723,400,4395.18,98,400,10.99,11,0,4,56.6
37809,2019,197,1712.36,500,197,8.69,5,1,30,66.3
37810,2140,15,18849.95,63,15,1256.66,5,0,32,70.3
37811,2325,461,57.26,525,461,0.12,7,1,46,76.4
37812,566,307,19481.61,52,307,63.46,8,1,43,18.6
37813,2091,356,80.32,29,356,0.23,2,0,35,68.7
37814,1326,289,4795.76,156,289,16.59,24,1,23,43.6
37815,567,40,34489.17,648,40,862.23,17,0,36,18.6
37816,1318,208,3253.63,466,208,15.64,16,0,16,43.3
37817,1845,299,4605.09,396,299,15.4,26,1,2,60.6
37818,2391,87,1918.68,665,87,22.05,11,1,16,78.5
37819,1341,118,320.74,277,118,2.72,7,1,41,44.1
37820,968,374,421.6,628,374,1.13,14,1,10,31.8
37821,1436,36,332.34,262,36,9.23,8,0,13,47.2
37822,1707,39,2527.57,485,39,64.81,17,1,42,56.1
37823,514,96,506.98,197,96,5.28,4,1,5,16.9
37824,896,436,2990.35,279,436,6.86,20,0,4,29.4
37825,1672,227,444.72,299,227,1.96,10,1,27,54.9
37826,2131,377,2578.51,115,377,6.84,18,1,43,70.0
37827,281,490,10401.5,728,490,21.23,10,1,49,9.2
37828,162,418,778.17,228,418,1.86,26,1,24,5.3
37829,106,446,10929.39,271,446,24.51,12,0,21,3.5
37830,158,95,6457.35,719,95,67.97,6,1,24,5.2
37831,200,230,110941.64,115,230,482.35,10,1,13,6.6
37832,1030,78,6597.86,586,78,84.59,25,1,27,33.8
37833,1039,317,7368.1,351,317,23.24,15,0,9,34.1
37834,2084,283,13255.8,78,283,46.84,24,0,10,68.5
37835,909,165,14375.22,714,165,87.12,24,0,43,29.9
37836,692,303,618.11,258,303,2.04,16,0,9,22.7
37837,2275,444,1885.57,506,444,4.25,14,0,23,74.7
37838,1218,136,6857.99,240,136,50.43,10,0,39,40.0
37839,1761,308,667.76,46,308,2.17,28,1,13,57.9
37840,1354,194,2080.63,102,194,10.72,7,1,5,44.5
37841,1025,14,1379.43,681,14,98.53,4,1,16,33.7
37842,1986,7,7327.82,61,7,1046.83,18,1,6,65.2
37843,634,43,283.75,103,43,6.6,24,0,48,20.8
37844,610,299,3766.98,107,299,12.6,9,0,36,20.0
37845,2459,132,2989.25,205,132,22.65,11,0,33,80.8
37846,2024,336,16045.39,154,336,47.75,14,0,34,66.5
37847,1665,357,19604.75,44,357,54.92,29,1,28,54.7
37848,1843,11,984.73,366,11,89.52,10,1,24,60.5
37849,1687,264,12990.89,553,264,49.21,29,0,14,55.4
37850,448,232,1477.12,302,232,6.37,17,1,8,14.7
37851,499,336,914.72,725,336,2.72,2,1,11,16.4
37852,347,383,335.85,341,383,0.88,3,0,20,11.4
37853,1752,347,1101.28,547,347,3.17,6,0,24,57.6
37854,306,70,4437.47,164,70,63.39,5,1,28,10.1
37855,2484,27,1956.22,409,27,72.45,19,1,34,81.6
37856,110,453,699.39,407,453,1.54,2,0,16,3.6
37857,196,282,78817.34,355,282,279.49,20,1,39,6.4
37858,538,430,1185.45,109,430,2.76,11,0,18,17.7
37859,125,3,725.73,386,3,241.91,9,1,47,4.1
37860,1441,200,7357.95,15,200,36.79,14,1,38,47.3
37861,58,256,1886.63,273,256,7.37,24,1,33,1.9
37862,412,428,459.44,667,428,1.07,22,0,22,13.5
37863,1577,253,10629.53,457,253,42.01,23,1,23,51.8
37864,2133,64,990.66,123,64,15.48,28,1,23,70.1
37865,1862,321,827.86,161,321,2.58,25,1,4,61.2
37866,522,449,5093.94,446,449,11.35,0,1,0,17.1
37867,1606,234,2637.01,487,234,11.27,15,1,33,52.8
37868,1455,361,11549.87,247,361,31.99,26,1,3,47.8
37869,1444,94,8851.45,75,94,94.16,28,1,28,47.4
37870,460,493,13333.13,525,493,27.04,27,1,23,15.1
37871,1562,435,686.86,271,435,1.58,10,1,24,51.3
37872,826,278,374.97,212,278,1.35,20,0,37,27.1
37873,1371,265,93.04,209,265,0.35,3,0,32,45.0
37874,2022,22,699.77,19,22,31.81,19,1,12,66.4
37875,796,17,263.89,207,17,15.52,2,0,36,26.1
37876,750,371,15140.39,315,371,40.81,4,1,40,24.6
37877,312,257,1770.22,264,257,6.89,4,0,27,10.2
37878,79,246,718.39,53,246,2.92,12,1,16,2.6
37879,1638,78,1082.99,172,78,13.88,2,1,41,53.8
37880,1724,168,9737.65,458,168,57.96,8,1,49,56.6
37881,1969,417,530.04,63,417,1.27,19,1,46,64.7
37882,58,429,768.21,323,429,1.79,3,1,18,1.9
37883,1647,143,1040.22,394,143,7.27,7,1,26,54.1
37884,227,301,1019.96,605,301,3.39,13,0,11,7.5
37885,333,43,340.92,163,43,7.93,15,0,26,10.9
37886,1777,25,1146.38,530,25,45.86,5,1,32,58.4
37887,685,275,100.13,263,275,0.36,4,0,4,22.5
37888,2004,296,1047.07,416,296,3.54,3,0,17,65.8
37889,1703,93,4056.03,476,93,43.61,21,0,21,55.9
37890,921,67,287.53,589,67,4.29,21,1,11,30.3
37891,1639,11,1640.59,537,11,149.14,14,0,18,53.8
37892,481,144,1967.29,253,144,13.66,8,1,8,15.8
37893,716,306,1122.5,562,306,3.67,14,1,40,23.5
37894,2473,490,147.07,326,490,0.3,14,0,24,81.2
37895,40,316,9543.04,44,316,30.2,5,1,30,1.3
37896,1709,334,11433.57,173,334,34.23,29,1,23,56.1
37897,1004,493,295.32,71,493,0.6,13,1,9,33.0
37898,56,329,191.59,469,329,0.58,26,1,12,1.8
37899,1027,469,464.55,279,469,0.99,20,1,41,33.7
37900,1549,341,363.57,614,341,1.07,6,1,31,50.9
37901,1485,126,266.85,328,126,2.12,24,1,48,48.8
37902,139,191,15068.51,638,191,78.89,24,0,35,4.6
37903,224,46,11214.61,496,46,243.8,3,1,27,7.4
37904,2475,221,621.55,626,221,2.81,20,1,35,81.3
37905,38,203,14016.56,228,203,69.05,8,1,9,1.2
37906,1723,14,173.81,335,14,12.42,14,1,2,56.6
37907,1195,128,3149.35,250,128,24.6,3,1,8,39.3
37908,2057,488,901.5,198,488,1.85,8,1,43,67.6
37909,2296,115,849.98,342,115,7.39,2,0,1,75.4
37910,1539,246,999.68,594,246,4.06,23,1,24,50.6
37911,2472,233,3057.02,355,233,13.12,19,1,2,81.2
37912,2552,53,8094.66,475,53,152.73,24,1,21,83.8
37913,470,435,11393.95,543,435,26.19,1,0,28,15.4
37914,1075,126,2366.6,711,126,18.78,14,1,2,35.3
37915,858,419,171.43,151,419,0.41,8,0,2,28.2
37916,2134,436,875.68,217,436,2.01,23,1,25,70.1
37917,1335,400,11147.49,326,400,27.87,15,0,15,43.9
37918,1401,159,349.54,726,159,2.2,8,1,10,46.0
37919,1266,202,20324.02,326,202,100.61,23,0,38,41.6
37920,948,72,3305.57,432,72,45.91,6,1,0,31.1
37921,671,423,3535.9,429,423,8.36,5,1,26,22.0
37922,1897,168,1267.52,431,168,7.54,17,1,35,62.3
37923,207,358,4262.34,499,358,11.91,15,0,22,6.8
37924,2350,118,5667.66,131,118,48.03,0,1,25,77.2
37925,141,86,22687.29,506,86,263.81,25,0,10,4.6
37926,65,277,35087.15,211,277,126.67,11,0,4,2.1
37927,591,370,4016.62,481,370,10.86,8,0,22,19.4
37928,492,90,8062.93,460,90,89.59,11,1,0,16.2
37929,2531,74,2976.28,261,74,40.22,19,1,24,83.1
37930,36,197,324.05,326,197,1.64,3,0,14,1.2
37931,882,456,3710.07,334,456,8.14,28,1,0,29.0
37932,1647,439,61.22,429,439,0.14,6,0,43,54.1
37933,91,257,11044.77,534,257,42.98,6,1,30,3.0
37934,1419,169,5730.94,422,169,33.91,25,1,36,46.6
37935,689,441,2358.82,239,441,5.35,28,1,12,22.6
37936,92,225,2683.16,121,225,11.93,3,1,18,3.0
37937,423,199,4626.94,665,199,23.25,9,1,19,13.9
37938,1128,245,363.18,102,245,1.48,0,0,14,37.1
37939,2541,114,1298.8,26,114,11.39,3,1,38,83.5
37940,2309,145,458.78,652,145,3.16,0,1,22,75.9
37941,1293,245,4495.35,79,245,18.35,15,0,37,42.5
37942,751,351,7582.35,333,351,21.6,18,1,22,24.7
37943,330,209,603.63,484,209,2.89,22,1,18,10.8
37944,2046,100,2087.02,648,100,20.87,26,1,16,67.2
37945,1909,316,7244.98,303,316,22.93,11,1,20,62.7
37946,1141,87,1324.02,624,87,15.22,19,0,9,37.5
37947,1921,234,263.63,54,234,1.13,11,0,13,63.1
37948,2177,439,30837.89,446,439,70.25,15,0,8,71.5
37949,2536,451,396.25,460,451,0.88,10,0,11,83.3
37950,2459,205,18703.89,394,205,91.24,26,1,43,80.8
37951,977,131,1077.96,580,131,8.23,0,1,24,32.1
37952,971,480,1850.72,683,480,3.86,0,1,37,31.9
37953,89,489,7457.89,24,489,15.25,17,1,24,2.9
37954,1582,355,2314.08,575,355,6.52,4,1,6,52.0
37955,399,232,489.37,88,232,2.11,18,1,44,13.1
37956,1339,271,412.84,284,271,1.52,19,0,28,44.0
37957,1150,402,1282.05,362,402,3.19,12,1,31,37.8
37958,1537,151,943.85,467,151,6.25,28,0,33,50.5
37959,1641,102,99.12,440,102,0.97,8,1,13,53.9
37960,1191,425,1363.79,579,425,3.21,28,0,9,39.1
37961,102,364,44.68,333,364,0.12,26,1,45,3.4
37962,1629,406,2196.33,196,406,5.41,11,0,3,53.5
37963,1800,181,1127.26,90,181,6.23,28,1,12,59.1
37964,534,281,619.9,694,281,2.21,7,1,27,17.5
37965,2157,60,12508.21,644,60,208.47,1,0,42,70.9
37966,355,455,750.53,614,455,1.65,1,1,40,11.7
37967,845,485,200.49,578,485,0.41,17,1,46,27.8
37968,372,99,417.4,672,99,4.22,28,0,10,12.2
37969,1140,165,4770.49,79,165,28.91,19,1,40,37.5
37970,1071,484,1562.45,173,484,3.23,17,1,37,35.2
37971,331,152,670.45,170,152,4.41,24,0,47,10.9
37972,2356,383,668.67,21,383,1.75,3,1,48,77.4
37973,145,129,1247.42,49,129,9.67,7,1,20,4.8
37974,750,233,216.03,724,233,0.93,4,1,25,24.6
37975,2239,98,1097.27,688,98,11.2,5,1,9,73.6
37976,654,92,939.56,633,92,10.21,20,1,33,21.5
37977,666,58,2188.04,39,58,37.72,7,1,9,21.9
37978,361,108,3076.57,714,108,28.49,3,0,3,11.9
37979,1023,48,2517.16,144,48,52.44,2,1,34,33.6
37980,1136,422,5557.76,636,422,13.17,13,0,45,37.3
37981,2182,308,3491.76,228,308,11.34,11,1,18,71.7
37982,2460,372,1568.38,540,372,4.22,8,1,24,80.8
37983,2058,411,21324.9,315,411,51.89,14,1,48,67.6
37984,2355,269,2637.67,317,269,9.81,18,1,18,77.4
37985,2194,299,3974.46,572,299,13.29,11,1,42,72.1
37986,2340,80,648.54,101,80,8.11,14,1,36,76.9
37987,2488,252,1140.36,177,252,4.53,25,1,21,81.7
37988,1769,427,537.09,580,427,1.26,24,0,41,58.1
37989,2119,58,7794.33,638,58,134.38,21,0,8,69.6
37990,464,375,745.07,217,375,1.99,20,1,46,15.2
37991,321,392,2681.13,452,392,6.84,0,1,13,10.5
37992,1643,234,403.37,34,234,1.72,24,1,44,54.0
37993,1610,30,2928.25,153,30,97.61,0,1,41,52.9
37994,2315,404,5718.06,694,404,14.15,17,1,36,76.1
37995,454,406,265.38,680,406,0.65,12,1,19,14.9
37996,392,33,6720.4,162,33,203.65,17,0,48,12.9
37997,2368,304,2713.84,295,304,8.93,16,1,12,77.8
37998,2165,127,398.24,396,127,3.14,27,1,41,71.1
37999,2463,470,1376.09,358,470,2.93,21,0,0,80.9
38000,490,288,1978.1,222,288,6.87,18,0,26,16.1
38001,2192,207,13314.17,1,207,64.32,16,0,47,72.0
38002,1628,145,4474.91,262,145,30.86,29,1,25,53.5
38003,1519,294,12545.86,313,294,42.67,16,1,29,49.9
38004,174,158,10591.6,335,158,67.04,7,1,17,5.7
38005,820,459,612.54,562,459,1.33,7,1,43,26.9
38006,545,70,1088.19,598,70,15.55,4,1,18,17.9
38007,115,171,453.8,645,171,2.65,18,1,25,3.8
38008,1578,494,1755.35,481,494,3.55,7,1,42,51.8
38009,1268,467,1930.58,492,467,4.13,14,1,2,41.7
38010,1435,142,1168.6,176,142,8.23,5,1,18,47.1
38011,1236,384,492.11,121,384,1.28,3,1,33,40.6
38012,1549,344,51.76,718,344,0.15,9,1,32,50.9
38013,1239,391,2781.26,108,391,7.11,10,0,18,40.7
38014,2535,110,6428.0,550,110,58.44,12,0,25,83.3
38015,2525,494,24927.82,577,494,50.46,14,0,44,83.0
38016,876,339,615.2,547,339,1.81,9,0,8,28.8
38017,2360,128,1098.21,321,128,8.58,5,0,36,77.5
38018,2318,66,75.39,704,66,1.14,4,0,2,76.1
38019,1472,24,370.92,366,24,15.46,15,1,26,48.4
38020,1798,385,2564.3,357,385,6.66,13,1,5,59.1
38021,2182,230,2487.2,22,230,10.81,20,1,19,71.7
38022,2399,168,383.34,583,168,2.28,19,1,10,78.8
38023,244,432,2614.26,331,432,6.05,20,1,43,8.0
38024,946,270,461.76,550,270,1.71,19,0,33,31.1
38025,565,410,268.96,169,410,0.66,5,1,3,18.6
38026,240,294,10769.61,173,294,36.63,10,1,16,7.9
38027,2360,249,2460.87,719,249,9.88,22,1,45,77.5
38028,2006,256,4048.13,616,256,15.81,15,1,47,65.9
38029,1173,365,1345.43,9,365,3.69,11,0,47,38.5
38030,1954,114,177.77,326,114,1.56,20,0,47,64.2
38031,1230,40,4711.53,261,40,117.79,3,0,10,40.4
38032,768,270,1171.34,254,270,4.34,13,1,20,25.2
38033,825,111,2185.6,523,111,19.69,28,0,36,27.1
38034,1928,382,9716.62,407,382,25.44,1,0,15,63.3
38035,122,495,371.79,590,495,0.75,20,1,8,4.0
38036,1047,391,5616.89,91,391,14.37,18,0,3,34.4
38037,1005,118,1676.6,249,118,14.21,7,1,15,33.0
38038,1634,301,327.1,507,301,1.09,23,0,1,53.7
38039,1270,313,32091.78,42,313,102.53,24,1,27,41.7
38040,1084,443,512.52,165,443,1.16,12,0,22,35.6
38041,363,3,1819.2,559,3,606.4,22,0,18,11.9
38042,679,145,533.79,280,145,3.68,21,1,30,22.3
38043,1260,270,2760.42,147,270,10.22,20,1,10,41.4
38044,1829,232,3708.11,265,232,15.98,3,0,35,60.1
38045,2137,248,520.98,567,248,2.1,18,1,37,70.2
38046,2428,444,669.82,463,444,1.51,22,1,17,79.8
38047,1926,420,293.14,725,420,0.7,12,1,10,63.3
38048,1820,256,1145.48,496,256,4.47,6,0,5,59.8
38049,1673,437,1901.63,32,437,4.35,25,1,11,55.0
38050,872,204,615.86,251,204,3.02,25,1,33,28.6
38051,2366,188,355.53,538,188,1.89,14,0,21,77.7
38052,397,89,8846.03,93,89,99.39,24,1,6,13.0
38053,1756,346,2354.42,589,346,6.8,19,1,12,57.7
38054,1802,35,1243.66,429,35,35.53,10,1,1,59.2
38055,1485,453,1154.44,457,453,2.55,3,1,8,48.8
38056,343,193,17447.49,649,193,90.4,3,0,17,11.3
38057,654,493,1507.58,181,493,3.06,29,1,14,21.5
38058,2203,228,158.85,557,228,0.7,14,0,48,72.4
38059,756,356,1130.98,551,356,3.18,6,1,47,24.8
38060,1054,461,734.58,647,461,1.59,27,1,24,34.6
38061,2416,131,7687.75,190,131,58.69,8,0,34,79.4
38062,1645,243,859.41,698,243,3.54,26,1,13,54.0
38063,2420,481,2592.71,574,481,5.39,2,0,14,79.5
38064,1021,228,4630.02,532,228,20.31,27,1,21,33.5
38065,727,498,8630.01,330,498,17.33,29,0,3,23.9
38066,2069,280,282.38,205,280,1.01,15,1,1,68.0
38067,1043,117,1555.95,185,117,13.3,22,1,6,34.3
38068,561,3,13865.01,652,3,4621.67,25,1,27,18.4
38069,995,268,3437.3,224,268,12.83,23,1,19,32.7
38070,1732,177,3795.8,90,177,21.45,1,1,9,56.9
38071,203,405,611.24,601,405,1.51,14,1,8,6.7
38072,366,455,673.63,697,455,1.48,15,0,33,12.0
38073,236,184,55597.88,726,184,302.16,8,0,48,7.8
38074,1623,160,31276.26,345,160,195.48,22,1,0,53.3
38075,137,141,622.79,190,141,4.42,6,0,8,4.5
38076,991,471,106922.14,401,471,227.01,22,1,34,32.6
38077,1622,131,3780.21,256,131,28.86,27,1,11,53.3
38078,177,218,362.76,466,218,1.66,19,1,32,5.8
38079,270,413,14922.84,556,413,36.13,28,1,39,8.9
38080,443,498,1242.86,539,498,2.5,26,1,38,14.6
38081,273,230,730.57,303,230,3.18,17,0,2,9.0
38082,1202,448,4444.27,247,448,9.92,3,0,35,39.5
38083,1452,155,3442.44,149,155,22.21,1,1,33,47.7
38084,2231,68,5724.38,150,68,84.18,21,1,25,73.3
38085,2181,495,817.46,684,495,1.65,22,1,31,71.6
38086,654,402,249.12,27,402,0.62,24,0,14,21.5
38087,1073,222,4701.78,83,222,21.18,24,1,46,35.2
38088,1293,360,8587.08,660,360,23.85,14,0,39,42.5
38089,632,465,530.85,295,465,1.14,10,1,31,20.8
38090,1996,124,3553.49,9,124,28.66,2,1,0,65.6
38091,61,170,6361.37,32,170,37.42,1,0,38,2.0
38092,495,85,22900.84,133,85,269.42,27,1,6,16.3
38093,2182,175,820.98,549,175,4.69,15,0,1,71.7
38094,2071,279,952.02,40,279,3.41,21,0,4,68.0
38095,1325,149,980.73,360,149,6.58,11,0,26,43.5
38096,1359,430,920.38,223,430,2.14,9,1,19,44.6
38097,792,219,639.29,529,219,2.92,10,0,0,26.0
38098,2512,492,6470.21,345,492,13.15,24,1,31,82.5
38099,229,302,2291.28,361,302,7.59,3,1,20,7.5
38100,1897,316,314.79,381,316,1.0,25,0,27,62.3
38101,1476,112,3107.83,428,112,27.75,2,1,42,48.5
38102,406,428,1891.34,9,428,4.42,28,1,25,13.3
38103,358,182,541.5,430,182,2.98,7,1,17,11.8
38104,2463,238,3745.65,598,238,15.74,14,0,10,80.9
38105,1043,388,2692.9,554,388,6.94,7,1,45,34.3
38106,498,93,1158.07,463,93,12.45,20,1,38,16.4
38107,2487,264,1354.38,726,264,5.13,19,1,25,81.7
38108,1358,206,6160.48,489,206,29.91,7,0,34,44.6
38109,58,311,3600.47,398,311,11.58,29,1,28,1.9
38110,2044,201,77.16,725,201,0.38,29,0,45,67.1
38111,1858,318,77114.38,86,318,242.5,6,1,22,61.0
38112,146,425,224.3,80,425,0.53,26,1,20,4.8
38113,1312,412,644.94,545,412,1.57,28,1,41,43.1
38114,2375,418,1280.89,164,418,3.06,28,1,18,78.0
38115,2327,211,237.71,609,211,1.13,24,1,40,76.4
38116,2338,311,464.86,219,311,1.49,23,1,22,76.8
38117,1201,270,842.68,430,270,3.12,9,1,35,39.5
38118,389,31,925.32,477,31,29.85,25,0,35,12.8
38119,2420,105,1131.83,300,105,10.78,19,0,48,79.5
38120,1109,302,14672.56,509,302,48.58,22,0,30,36.4
38121,304,379,1844.7,677,379,4.87,11,1,34,10.0
38122,1495,286,961.7,610,286,3.36,22,1,21,49.1
38123,470,327,755.33,76,327,2.31,17,1,6,15.4
38124,2310,224,1684.99,403,224,7.52,19,1,37,75.9
38125,1564,279,70.74,728,279,0.25,10,0,46,51.4
38126,558,209,561.79,276,209,2.69,19,1,19,18.3
38127,1327,472,2740.83,464,472,5.81,7,0,7,43.6
38128,2329,364,45628.67,645,364,125.35,18,1,2,76.5
38129,987,358,10860.17,452,358,30.34,21,1,39,32.4
38130,69,486,218.66,614,486,0.45,3,0,33,2.3
38131,635,422,5212.4,354,422,12.35,8,0,47,20.9
38132,2530,151,163.89,644,151,1.09,22,0,16,83.1
38133,1334,161,5758.9,231,161,35.77,18,0,31,43.8
38134,1296,319,24117.0,450,319,75.6,6,0,12,42.6
38135,1556,180,556.54,252,180,3.09,7,1,6,51.1
38136,1823,107,701.26,482,107,6.55,15,1,18,59.9
38137,1207,106,2102.8,711,106,19.84,23,0,6,39.7
38138,1351,166,188.98,555,166,1.14,10,0,10,44.4
38139,1207,401,1510.44,716,401,3.77,28,1,15,39.7
38140,1261,188,2773.32,19,188,14.75,18,1,6,41.4
38141,1844,203,473.47,460,203,2.33,13,1,7,60.6
38142,1200,5,522.7,250,5,104.54,12,0,5,39.4
38143,800,386,6409.76,211,386,16.61,9,1,28,26.3
38144,2090,31,20946.82,208,31,675.7,2,1,11,68.7
38145,156,486,1135.22,287,486,2.34,23,1,1,5.1
38146,1591,485,1868.93,122,485,3.85,20,1,13,52.3
38147,973,442,608.46,123,442,1.38,0,0,32,32.0
38148,1815,432,3234.49,439,432,7.49,28,1,49,59.6
38149,1755,266,3615.22,400,266,13.59,16,0,29,57.7
38150,1558,397,755.53,345,397,1.9,23,0,14,51.2
38151,2391,118,367.63,366,118,3.12,19,0,44,78.5
38152,1353,155,531.54,36,155,3.43,3,1,3,44.4
38153,2316,33,388.16,471,33,11.76,1,1,10,76.1
38154,2327,138,28421.83,209,138,205.96,9,0,36,76.4
38155,404,246,668.33,342,246,2.72,26,1,0,13.3
38156,2486,305,860.5,321,305,2.82,7,1,39,81.7
38157,582,190,5175.31,140,190,27.24,26,1,14,19.1
38158,1325,382,4406.91,57,382,11.54,15,0,35,43.5
38159,1548,126,1899.87,515,126,15.08,28,1,36,50.9
38160,992,435,401.56,318,435,0.92,10,1,28,32.6
38161,723,65,104386.7,683,65,1605.95,3,0,10,23.8
38162,624,41,256.22,104,41,6.25,2,0,6,20.5
38163,1287,288,1247.6,184,288,4.33,18,1,17,42.3
38164,1951,80,621.16,438,80,7.76,6,0,24,64.1
38165,2173,437,1183.66,56,437,2.71,29,0,40,71.4
38166,1721,179,5735.11,649,179,32.04,9,0,14,56.5
38167,2446,320,1621.51,7,320,5.07,29,0,45,80.4
38168,1565,173,316.1,328,173,1.83,10,0,0,51.4
38169,475,234,324.51,627,234,1.39,1,1,13,15.6
38170,368,181,2509.21,454,181,13.86,14,0,21,12.1
38171,2315,1,5111.82,52,1,5111.82,12,1,2,76.1
38172,661,103,2003.62,166,103,19.45,2,1,29,21.7
38173,1317,420,2641.0,314,420,6.29,15,1,31,43.3
38174,2313,294,331.91,218,294,1.13,21,1,14,76.0
38175,1368,354,5867.25,389,354,16.57,3,1,48,44.9
38176,2030,351,2602.66,331,351,7.41,7,1,35,66.7
38177,2007,154,3646.1,170,154,23.68,17,0,22,65.9
38178,454,141,98.72,247,141,0.7,21,0,15,14.9
38179,1831,47,735.67,645,47,15.65,24,0,38,60.2
38180,2328,353,16869.35,72,353,47.79,6,1,17,76.5
38181,2484,285,9919.1,467,285,34.8,21,1,5,81.6
38182,1688,331,163.44,292,331,0.49,28,0,27,55.5
38183,545,376,5199.52,91,376,13.83,25,0,36,17.9
38184,1232,86,1225.63,214,86,14.25,9,1,30,40.5
38185,1512,288,21192.73,633,288,73.59,9,1,40,49.7
38186,2473,321,5917.71,141,321,18.44,23,1,15,81.2
38187,1744,276,673.39,54,276,2.44,19,0,49,57.3
38188,1798,284,7806.3,246,284,27.49,5,0,46,59.1
38189,1054,229,2119.13,465,229,9.25,2,1,23,34.6
38190,2198,276,10160.21,675,276,36.81,7,1,6,72.2
38191,1580,463,39286.58,366,463,84.85,9,1,14,51.9
38192,1692,425,15726.0,313,425,37.0,19,1,8,55.6
38193,45,41,5592.88,41,41,136.41,29,0,44,1.5
38194,2083,461,15665.88,222,461,33.98,11,1,16,68.4
38195,1394,402,13947.87,117,402,34.7,8,1,20,45.8
38196,892,273,2572.11,136,273,9.42,24,1,26,29.3
38197,980,58,2241.2,628,58,38.64,9,0,8,32.2
38198,1270,432,9915.1,607,432,22.95,21,0,2,41.7
38199,1437,127,1122.37,74,127,8.84,7,1,20,47.2
38200,1085,369,1903.62,593,369,5.16,11,1,19,35.6
38201,830,52,469.17,485,52,9.02,25,1,14,27.3
38202,1006,50,1459.62,691,50,29.19,1,1,14,33.0
38203,1468,253,1263.0,19,253,4.99,3,1,22,48.2
38204,404,35,1086.28,335,35,31.04,3,0,5,13.3
38205,533,431,428.61,680,431,0.99,4,0,13,17.5
38206,1481,330,373.51,522,330,1.13,3,1,13,48.7
38207,1363,344,317.69,123,344,0.92,29,0,25,44.8
38208,234,393,307.97,372,393,0.78,27,0,20,7.7
38209,924,259,179.04,634,259,0.69,2,1,35,30.4
38210,2281,350,1315.61,209,350,3.76,23,1,1,74.9
38211,1446,59,10466.96,111,59,177.41,22,0,19,47.5
38212,1850,399,24642.0,271,399,61.76,0,1,42,60.8
38213,1210,7,244.27,167,7,34.9,13,0,47,39.8
38214,971,412,352.71,314,412,0.86,7,0,18,31.9
38215,235,276,58.04,292,276,0.21,27,0,28,7.7
38216,1605,290,826.4,534,290,2.85,11,1,46,52.7
38217,1457,215,617.07,712,215,2.87,28,1,23,47.9
38218,1005,225,362.1,549,225,1.61,22,0,21,33.0
38219,2520,41,6049.65,403,41,147.55,7,1,15,82.8
38220,1620,278,5781.08,506,278,20.8,20,1,4,53.2
38221,1026,124,33.18,704,124,0.27,19,0,27,33.7
38222,159,401,304.49,377,401,0.76,9,1,12,5.2
38223,1764,466,431.54,111,466,0.93,18,0,18,58.0
38224,2333,487,254.16,288,487,0.52,24,0,36,76.6
38225,227,160,10367.86,381,160,64.8,10,0,7,7.5
38226,2507,175,5405.06,636,175,30.89,24,0,19,82.4
38227,206,269,15996.66,714,269,59.47,0,1,11,6.8
38228,127,69,43912.88,211,69,636.42,27,0,5,4.2
38229,1567,156,3202.26,212,156,20.53,17,1,29,51.5
38230,339,457,97.4,195,457,0.21,16,0,38,11.1
38231,347,81,1912.08,506,81,23.61,29,0,43,11.4
38232,1630,28,111.89,281,28,4.0,14,1,3,53.5
38233,972,381,1366.34,183,381,3.59,20,1,49,31.9
38234,36,73,302.74,51,73,4.15,11,1,8,1.2
38235,895,283,3096.98,134,283,10.94,22,1,32,29.4
38236,466,360,170.13,493,360,0.47,17,0,37,15.3
38237,768,341,51392.53,144,341,150.71,20,1,46,25.2
38238,832,426,479.02,420,426,1.12,9,0,29,27.3
38239,2221,143,14209.03,21,143,99.36,17,1,18,73.0
38240,1874,55,219.2,291,55,3.99,25,0,26,61.6
38241,783,5,35024.77,600,5,7004.95,4,1,2,25.7
38242,67,441,93.09,122,441,0.21,24,0,5,2.2
38243,1264,224,3608.19,205,224,16.11,6,0,45,41.5
38244,2152,81,711.79,346,81,8.79,20,1,28,70.7
38245,1275,443,1900.23,2,443,4.29,4,0,8,41.9
38246,1792,418,2159.76,685,418,5.17,13,1,9,58.9
38247,55,298,566.24,673,298,1.9,4,0,25,1.8
38248,169,210,954.73,639,210,4.55,28,0,4,5.6
38249,277,309,11008.1,356,309,35.62,18,0,41,9.1
38250,1646,380,2697.03,431,380,7.1,9,0,43,54.1
38251,1435,324,3552.04,697,324,10.96,25,1,30,47.1
38252,1653,97,12306.57,427,97,126.87,12,1,38,54.3
38253,2332,194,1744.24,481,194,8.99,21,1,8,76.6
38254,2353,77,1276.15,102,77,16.57,5,1,31,77.3
38255,2199,341,11339.08,49,341,33.25,4,0,38,72.2
38256,1922,481,4187.32,397,481,8.71,21,1,41,63.1
38257,202,480,1332.32,47,480,2.78,4,0,19,6.6
38258,879,166,11946.95,67,166,71.97,6,1,14,28.9
38259,198,132,9504.09,91,132,72.0,21,1,23,6.5
38260,748,190,496.19,470,190,2.61,27,0,14,24.6
38261,650,454,2419.5,164,454,5.33,20,1,27,21.4
38262,1949,430,5403.53,522,430,12.57,22,0,1,64.0
38263,1333,192,2639.12,114,192,13.75,20,1,38,43.8
38264,1455,493,1308.81,532,493,2.65,11,1,30,47.8
38265,839,281,5211.75,84,281,18.55,20,1,6,27.6
38266,2476,148,797.21,76,148,5.39,20,1,43,81.3
38267,1362,449,133.25,490,449,0.3,16,1,44,44.7
38268,1846,371,718.19,457,371,1.94,20,1,13,60.6
38269,354,228,482.78,444,228,2.12,8,1,1,11.6
38270,697,8,6277.06,117,8,784.63,0,1,20,22.9
38271,1697,309,1092.81,476,309,3.54,27,1,23,55.7
38272,1659,184,268.09,355,184,1.46,9,1,1,54.5
38273,415,98,50.39,307,98,0.51,12,1,24,13.6
38274,1837,410,1521.5,349,410,3.71,18,1,2,60.3
38275,195,243,224.74,444,243,0.92,28,0,42,6.4
38276,2196,282,468.8,262,282,1.66,1,1,36,72.1
38277,2230,469,5072.21,280,469,10.81,26,0,29,73.3
38278,1318,297,1386.7,63,297,4.67,16,0,0,43.3
38279,201,375,8172.61,307,375,21.79,21,1,5,6.6
38280,289,266,12335.17,374,266,46.37,13,0,48,9.5
38281,149,79,150.31,549,79,1.9,22,0,49,4.9
38282,1311,478,1156.24,211,478,2.42,5,0,4,43.1
38283,1330,233,6485.53,160,233,27.83,6,0,27,43.7
38284,761,387,1176.28,602,387,3.04,23,0,2,25.0
38285,336,76,1136.15,235,76,14.95,3,1,5,11.0
38286,2180,308,49980.2,599,308,162.27,9,1,22,71.6
38287,1523,279,3950.43,386,279,14.16,0,1,22,50.0
38288,689,189,5637.51,48,189,29.83,22,1,22,22.6
38289,1434,50,8252.93,430,50,165.06,24,1,23,47.1
38290,1697,123,605.88,696,123,4.93,22,0,48,55.7
38291,1136,274,2536.31,385,274,9.26,19,1,45,37.3
38292,129,75,22379.04,227,75,298.39,12,1,30,4.2
38293,1677,418,916.73,604,418,2.19,21,1,13,55.1
38294,1398,479,3563.93,73,479,7.44,0,0,49,45.9
38295,440,212,1648.45,11,212,7.78,7,0,20,14.5
38296,78,381,87.14,373,381,0.23,0,1,7,2.6
38297,1517,483,1913.71,224,483,3.96,3,1,28,49.8
38298,1490,77,5798.84,231,77,75.31,28,1,47,48.9
38299,975,144,337.89,63,144,2.35,9,0,13,32.0
38300,401,142,2008.81,33,142,14.15,28,1,12,13.2
38301,2472,220,8991.28,129,220,40.87,25,0,38,81.2
38302,1329,268,906.77,47,268,3.38,26,1,11,43.7
38303,2159,330,67.01,29,330,0.2,8,0,17,70.9
38304,1820,419,7332.58,278,419,17.5,15,0,6,59.8
38305,934,168,2026.43,630,168,12.06,5,0,48,30.7
38306,401,433,23986.49,442,433,55.4,2,1,20,13.2
38307,45,301,517.67,630,301,1.72,2,1,47,1.5
38308,872,315,370.7,239,315,1.18,0,1,37,28.6
38309,1282,58,8694.24,448,58,149.9,4,1,29,42.1
38310,1362,343,2502.1,480,343,7.29,23,0,30,44.7
38311,807,19,1264.25,509,19,66.54,4,1,33,26.5
38312,1663,353,557.42,656,353,1.58,12,0,14,54.6
38313,1602,68,1010.11,282,68,14.85,28,1,1,52.6
38314,1323,316,321.63,450,316,1.02,22,1,43,43.5
38315,149,374,5935.31,611,374,15.87,18,1,40,4.9
38316,1431,13,33353.35,38,13,2565.64,29,0,29,47.0
38317,784,490,587.71,320,490,1.2,21,0,46,25.8
38318,1722,26,3478.13,725,26,133.77,23,1,7,56.6
38319,1880,482,3804.6,423,482,7.89,20,0,29,61.8
38320,1353,381,295.36,350,381,0.78,16,0,21,44.4
38321,1056,82,3571.01,676,82,43.55,4,0,42,34.7
38322,37,482,219.21,577,482,0.45,14,1,39,1.2
38323,1867,478,10062.84,497,478,21.05,7,0,20,61.3
38324,851,152,13327.35,507,152,87.68,20,0,8,28.0
38325,1631,344,12316.51,89,344,35.8,2,1,39,53.6
38326,2426,64,3688.35,244,64,57.63,27,0,37,79.7
38327,176,456,537.26,623,456,1.18,26,1,19,5.8
38328,1272,319,417.03,507,319,1.31,26,1,23,41.8
38329,234,269,6022.85,169,269,22.39,27,0,48,7.7
38330,803,374,506.97,337,374,1.36,23,1,8,26.4
38331,1190,477,20079.13,47,477,42.09,4,1,43,39.1
38332,2134,267,1491.62,17,267,5.59,23,1,35,70.1
38333,266,386,414.37,306,386,1.07,17,0,41,8.7
38334,2302,153,7582.57,546,153,49.56,17,1,22,75.6
38335,856,156,5778.66,434,156,37.04,3,1,20,28.1
38336,1694,191,421.77,212,191,2.21,23,1,36,55.7
38337,2078,79,4312.09,506,79,54.58,16,1,36,68.3
38338,663,459,108.14,63,459,0.24,19,0,1,21.8
38339,108,121,1428.54,163,121,11.81,8,0,19,3.5
38340,1436,282,116.47,277,282,0.41,5,1,43,47.2
38341,1708,394,34498.21,288,394,87.56,7,1,39,56.1
38342,462,225,14617.64,381,225,64.97,3,0,8,15.2
38343,32,413,13335.73,569,413,32.29,0,1,19,1.1
38344,1457,487,11228.04,353,487,23.06,26,1,3,47.9
38345,51,358,2709.07,433,358,7.57,13,0,47,1.7
38346,471,45,3500.04,501,45,77.78,12,1,49,15.5
38347,903,118,3004.81,189,118,25.46,7,1,31,29.7
38348,2099,248,204.9,93,248,0.83,16,0,18,69.0
38349,209,12,14892.69,133,12,1241.06,24,1,0,6.9
38350,1335,320,2316.3,360,320,7.24,0,0,40,43.9
38351,2205,102,334.46,17,102,3.28,28,0,17,72.4
38352,50,31,6777.48,179,31,218.63,20,0,21,1.6
38353,577,80,2244.77,311,80,28.06,27,1,14,19.0
38354,2514,246,39850.93,617,246,162.0,19,0,17,82.6
38355,1392,361,14551.25,223,361,40.31,4,1,16,45.7
38356,335,404,2008.43,310,404,4.97,23,1,15,11.0
38357,948,455,3454.11,592,455,7.59,13,1,38,31.1
38358,1642,170,9755.43,230,170,57.38,9,1,23,53.9
38359,1374,474,567.64,17,474,1.2,1,0,23,45.1
38360,171,347,1120.9,648,347,3.23,0,1,38,5.6
38361,1153,248,8391.29,318,248,33.84,26,0,19,37.9
38362,1163,185,15592.8,676,185,84.29,27,1,16,38.2
38363,1903,81,29011.29,55,81,358.16,15,0,28,62.5
38364,1827,466,265.26,27,466,0.57,27,1,12,60.0
38365,1437,317,595.42,646,317,1.88,13,1,20,47.2
38366,356,203,3228.36,595,203,15.9,16,1,33,11.7
38367,2233,325,5233.99,505,325,16.1,13,1,16,73.4
38368,1384,184,2095.64,429,184,11.39,6,0,2,45.5
38369,2284,280,24864.95,148,280,88.8,3,1,20,75.0
38370,1379,362,5059.16,393,362,13.98,18,0,40,45.3
38371,110,463,676.09,41,463,1.46,11,1,42,3.6
38372,2225,120,572.53,686,120,4.77,11,0,34,73.1
38373,1218,145,1826.47,79,145,12.6,1,1,41,40.0
38374,2341,106,282.4,10,106,2.66,24,1,29,76.9
38375,375,159,3650.32,361,159,22.96,21,0,31,12.3
38376,1807,206,466.68,311,206,2.27,28,1,29,59.4
38377,1604,291,941.63,243,291,3.24,5,0,31,52.7
38378,1688,278,8457.76,128,278,30.42,12,1,48,55.5
38379,411,469,2434.18,663,469,5.19,0,1,20,13.5
38380,1350,65,643.28,256,65,9.9,28,0,3,44.3
38381,539,202,73601.03,254,202,364.36,9,1,18,17.7
38382,2495,332,121.75,159,332,0.37,25,0,25,82.0
38383,1132,469,3319.67,32,469,7.08,18,0,2,37.2
38384,1773,488,2456.0,529,488,5.03,5,1,20,58.2
38385,2223,439,1738.43,620,439,3.96,15,1,35,73.0
38386,1589,34,5349.7,189,34,157.34,11,0,25,52.2
38387,1347,177,16397.19,532,177,92.64,18,0,25,44.3
38388,2414,425,119.61,143,425,0.28,1,0,15,79.3
38389,1317,161,114.04,520,161,0.71,14,1,42,43.3
38390,1620,361,14511.42,39,361,40.2,7,1,6,53.2
38391,1128,279,549.82,200,279,1.97,21,1,46,37.1
38392,2447,68,7960.36,655,68,117.06,18,1,10,80.4
38393,366,362,12794.67,59,362,35.34,22,1,5,12.0
38394,247,355,1080.38,311,355,3.04,22,1,19,8.1
38395,435,499,19742.16,209,499,39.56,2,1,33,14.3
38396,543,13,1402.85,716,13,107.91,28,1,18,17.8
38397,1090,287,1189.61,330,287,4.14,29,0,4,35.8
38398,2525,338,546.65,17,338,1.62,22,1,38,83.0
38399,85,423,843.91,722,423,2.0,11,0,4,2.8
38400,509,373,979.24,314,373,2.63,23,0,2,16.7
38401,1543,49,1473.13,642,49,30.06,0,0,48,50.7
38402,1949,136,497.03,589,136,3.65,25,1,24,64.0
38403,2363,468,3551.89,28,468,7.59,20,0,18,77.6
38404,212,96,1259.06,305,96,13.12,13,0,35,7.0
38405,1580,360,628.5,684,360,1.75,3,1,4,51.9
38406,2117,392,50097.98,198,392,127.8,19,1,12,69.5
38407,66,469,1444.96,629,469,3.08,0,1,7,2.2
38408,1721,266,10177.22,9,266,38.26,0,1,42,56.5
38409,113,140,1027.62,23,140,7.34,12,1,21,3.7
38410,326,458,1569.6,626,458,3.43,8,1,5,10.7
38411,1073,246,1139.66,109,246,4.63,16,0,22,35.2
38412,1762,292,79.74,544,292,0.27,25,0,11,57.9
38413,76,444,1768.67,192,444,3.98,1,1,12,2.5
38414,2254,30,913.87,216,30,30.46,8,1,22,74.0
38415,1458,393,991.71,164,393,2.52,11,0,39,47.9
38416,2450,418,440.57,501,418,1.05,12,1,41,80.5
38417,405,159,7041.69,648,159,44.29,10,1,44,13.3
38418,2192,447,464.41,266,447,1.04,21,1,27,72.0
38419,1392,184,13032.53,368,184,70.83,25,0,5,45.7
38420,518,5,1643.01,112,5,328.6,10,1,14,17.0
38421,1335,53,14654.18,644,53,276.49,14,0,13,43.9
38422,2035,85,4034.74,55,85,47.47,6,0,41,66.9
38423,1857,27,2752.0,194,27,101.93,25,1,31,61.0
38424,1246,139,1482.74,151,139,10.67,25,0,20,40.9
38425,2289,221,4772.08,46,221,21.59,18,0,15,75.2
38426,1948,396,3522.01,342,396,8.89,27,1,4,64.0
38427,933,52,9364.72,460,52,180.09,20,1,10,30.7
38428,933,317,1992.99,558,317,6.29,3,0,45,30.7
38429,316,258,5249.67,514,258,20.35,25,0,35,10.4
38430,1022,207,857.42,559,207,4.14,29,1,2,33.6
38431,1169,181,1126.43,650,181,6.22,20,0,16,38.4
38432,822,467,20657.39,34,467,44.23,10,1,27,27.0
38433,387,298,2193.31,125,298,7.36,7,0,8,12.7
38434,1566,143,21631.38,652,143,151.27,18,0,45,51.4
38435,1487,113,2031.68,532,113,17.98,13,1,44,48.9
38436,1646,91,2439.32,93,91,26.81,26,0,8,54.1
38437,1398,129,5112.7,421,129,39.63,25,0,31,45.9
38438,2208,339,3971.35,312,339,11.71,24,0,7,72.5
38439,1635,16,965.49,553,16,60.34,19,1,11,53.7
38440,1556,340,561.55,442,340,1.65,18,0,12,51.1
38441,2372,175,2547.66,523,175,14.56,22,1,43,77.9
38442,2444,25,2925.22,283,25,117.01,27,0,26,80.3
38443,494,95,562.44,627,95,5.92,0,1,49,16.2
38444,244,274,1102.24,384,274,4.02,5,1,19,8.0
38445,1234,421,9420.31,400,421,22.38,5,1,4,40.5
38446,561,307,4256.63,222,307,13.87,5,0,42,18.4
38447,261,137,433.83,559,137,3.17,26,1,24,8.6
38448,704,456,1477.93,440,456,3.24,8,0,4,23.1
38449,2152,111,5003.72,650,111,45.08,9,0,39,70.7
38450,1338,434,23713.25,286,434,54.64,4,1,25,44.0
38451,1902,412,646.4,487,412,1.57,20,1,32,62.5
38452,437,404,2281.54,220,404,5.65,18,0,1,14.4
38453,1802,169,312.92,566,169,1.85,14,0,1,59.2
38454,666,249,5440.95,294,249,21.85,8,1,22,21.9
38455,1506,221,12026.66,635,221,54.42,6,1,22,49.5
38456,1441,100,1690.28,509,100,16.9,28,1,7,47.3
38457,2135,35,2859.45,61,35,81.7,10,1,2,70.1
38458,2437,465,4288.64,532,465,9.22,10,1,47,80.1
38459,294,401,701.95,453,401,1.75,12,0,11,9.7
38460,1063,120,1172.03,240,120,9.77,13,1,15,34.9
38461,1051,203,1970.63,341,203,9.71,14,1,45,34.5
38462,1056,460,5976.37,45,460,12.99,5,1,15,34.7
38463,680,107,2094.79,711,107,19.58,12,1,26,22.3
38464,1205,220,674.59,129,220,3.07,24,1,14,39.6
38465,338,266,21.75,230,266,0.08,16,1,28,11.1
38466,1942,455,191.33,539,455,0.42,17,0,35,63.8
38467,1298,294,79.14,300,294,0.27,2,1,10,42.6
38468,1868,295,2785.01,532,295,9.44,21,1,36,61.4
38469,1522,444,42633.43,660,444,96.02,0,1,0,50.0
38470,2042,192,2375.92,248,192,12.37,8,1,35,67.1
38471,2422,236,3259.32,118,236,13.81,4,0,49,79.6
38472,2203,227,11666.07,48,227,51.39,19,1,1,72.4
38473,1191,453,1462.2,678,453,3.23,28,1,40,39.1
38474,1915,140,761.01,292,140,5.44,10,1,12,62.9
38475,1345,164,5936.53,182,164,36.2,4,0,20,44.2
38476,262,338,63586.17,695,338,188.12,5,1,2,8.6
38477,1208,349,414.27,645,349,1.19,12,0,4,39.7
38478,1937,358,35244.13,463,358,98.45,14,0,16,63.6
38479,1730,489,8352.31,346,489,17.08,27,1,19,56.8
38480,311,250,1669.32,611,250,6.68,25,0,30,10.2
38481,1203,246,8770.45,322,246,35.65,20,1,12,39.5
38482,1765,422,376.88,21,422,0.89,6,1,15,58.0
38483,1924,190,3319.72,54,190,17.47,9,0,8,63.2
38484,2374,273,4459.37,581,273,16.33,21,1,16,78.0
38485,537,281,810.34,411,281,2.88,3,0,30,17.6
38486,2067,117,5638.62,92,117,48.19,13,1,21,67.9
38487,2035,424,1209.75,188,424,2.85,11,1,8,66.9
38488,392,145,981.17,688,145,6.77,4,0,48,12.9
38489,297,145,1546.38,202,145,10.66,11,0,45,9.8
38490,1475,330,757.26,398,330,2.29,29,0,35,48.5
38491,2114,425,269.0,525,425,0.63,11,1,19,69.4
38492,1027,137,134.22,704,137,0.98,28,1,0,33.7
38493,1573,180,3757.93,684,180,20.88,13,1,19,51.7
38494,178,133,47011.9,310,133,353.47,26,1,11,5.8
38495,2055,407,1246.1,548,407,3.06,17,1,24,67.5
38496,710,381,266.16,64,381,0.7,11,1,11,23.3
38497,1396,63,966.12,124,63,15.34,23,1,27,45.9
38498,2028,87,21884.5,153,87,251.55,11,1,41,66.6
38499,297,292,433.95,571,292,1.49,5,1,5,9.8
38500,1665,423,587.38,465,423,1.39,29,0,26,54.7
38501,584,487,960.09,359,487,1.97,9,1,40,19.2
38502,2307,345,197.67,471,345,0.57,19,1,12,75.8
38503,36,68,1125.82,284,68,16.56,27,0,41,1.2
38504,263,323,731.92,537,323,2.27,23,1,32,8.6
38505,2525,254,2096.64,706,254,8.25,29,1,6,83.0
38506,98,483,470.26,13,483,0.97,17,1,16,3.2
38507,1199,128,1510.2,636,128,11.8,16,1,2,39.4
38508,1736,219,4476.76,652,219,20.44,15,0,3,57.0
38509,1486,386,45793.86,190,386,118.64,8,0,22,48.8
38510,699,100,2246.7,4,100,22.47,6,1,0,23.0
38511,619,118,2067.62,494,118,17.52,27,1,49,20.3
38512,2281,8,488.78,444,8,61.1,19,0,29,74.9
38513,1859,236,21857.27,294,236,92.62,29,1,41,61.1
38514,46,298,2018.58,190,298,6.77,6,0,0,1.5
38515,2039,83,3294.66,445,83,39.69,0,0,34,67.0
38516,2050,222,2580.16,578,222,11.62,19,1,2,67.3
38517,1555,51,136.26,22,51,2.67,5,0,40,51.1
38518,2198,366,1580.41,191,366,4.32,21,0,11,72.2
38519,2323,438,606.69,374,438,1.39,0,1,47,76.3
38520,1018,391,15970.44,397,391,40.85,7,1,39,33.4
38521,297,258,908.42,105,258,3.52,1,1,47,9.8
38522,1106,338,1070.05,636,338,3.17,19,1,15,36.3
38523,1633,388,182.21,369,388,0.47,11,1,10,53.6
38524,1964,6,106.87,288,6,17.81,22,1,44,64.5
38525,1672,174,1322.92,74,174,7.6,6,1,36,54.9
38526,477,42,610.9,522,42,14.55,15,1,23,15.7
38527,997,476,5793.47,503,476,12.17,21,1,31,32.8
38528,1436,197,75.45,32,197,0.38,2,0,49,47.2
38529,1715,149,91505.75,723,149,614.13,25,1,7,56.3
38530,534,336,16849.9,336,336,50.15,19,1,41,17.5
38531,636,25,358.97,465,25,14.36,0,0,13,20.9
38532,1952,98,71.07,15,98,0.73,19,0,15,64.1
38533,475,16,894.01,429,16,55.88,13,0,18,15.6
38534,1575,330,162.83,220,330,0.49,21,1,38,51.7
38535,450,367,792.9,43,367,2.16,24,1,37,14.8
38536,1229,111,3462.8,557,111,31.2,15,0,19,40.4
38537,1606,89,69.19,319,89,0.78,15,1,39,52.8
38538,957,228,73602.27,585,228,322.82,7,1,18,31.4
38539,1690,198,6931.94,123,198,35.01,9,0,31,55.5
38540,1490,135,13670.38,574,135,101.26,7,0,31,48.9
38541,1087,457,2089.25,312,457,4.57,3,1,38,35.7
38542,2456,336,1128.1,598,336,3.36,2,1,33,80.7
38543,759,124,1718.98,565,124,13.86,4,1,4,24.9
38544,1470,32,4432.9,598,32,138.53,25,0,18,48.3
38545,1235,202,14445.2,365,202,71.51,8,0,42,40.6
38546,457,327,26897.69,604,327,82.26,19,0,1,15.0
38547,503,302,731.28,696,302,2.42,23,0,17,16.5
38548,1164,409,263.7,101,409,0.64,1,0,49,38.2
38549,2251,400,865.62,413,400,2.16,14,1,32,73.9
38550,1856,430,7145.58,25,430,16.62,13,0,46,61.0
38551,1166,167,876.06,697,167,5.25,7,1,42,38.3
38552,1073,230,8800.58,272,230,38.26,5,0,12,35.2
38553,2317,17,603.84,58,17,35.52,1,1,27,76.1
38554,1570,275,4370.31,288,275,15.89,25,1,45,51.6
38555,2112,457,2586.75,405,457,5.66,5,0,44,69.4
38556,2316,115,3489.86,201,115,30.35,24,1,47,76.1
38557,2216,79,704.7,633,79,8.92,8,0,5,72.8
38558,1864,35,3770.64,675,35,107.73,21,0,47,61.2
38559,763,328,1073.75,169,328,3.27,9,1,40,25.1
38560,1154,482,433.78,671,482,0.9,11,1,7,37.9
38561,2261,99,750.78,234,99,7.58,14,1,49,74.3
38562,275,413,1917.1,280,413,4.64,2,0,2,9.0
38563,291,86,1125.2,689,86,13.08,18,1,9,9.6
38564,1425,498,2092.65,537,498,4.2,11,1,33,46.8
38565,1297,445,4844.99,28,445,10.89,0,0,49,42.6
38566,138,307,48.99,329,307,0.16,10,0,12,4.5
38567,924,330,3042.6,562,330,9.22,3,0,11,30.4
38568,2286,338,577.55,491,338,1.71,4,1,36,75.1
38569,1690,227,2864.28,122,227,12.62,16,0,10,55.5
38570,183,307,562.29,413,307,1.83,5,1,45,6.0
38571,1153,152,4652.53,669,152,30.61,29,1,31,37.9
38572,1225,227,769.83,660,227,3.39,17,1,10,40.2
38573,1879,178,134.53,182,178,0.76,7,1,14,61.7
38574,971,212,3274.72,587,212,15.45,7,1,35,31.9
38575,2320,140,102.26,197,140,0.73,1,0,34,76.2
38576,1797,257,514.21,692,257,2.0,29,1,34,59.0
38577,1199,84,3871.78,705,84,46.09,4,0,18,39.4
38578,60,54,6467.57,577,54,119.77,0,1,4,2.0
38579,2215,232,1472.04,219,232,6.34,7,1,23,72.8
38580,622,110,1629.44,178,110,14.81,0,1,20,20.4
38581,1245,221,99.28,186,221,0.45,11,1,40,40.9
38582,89,263,2202.1,183,263,8.37,21,1,14,2.9
38583,1809,409,6063.95,601,409,14.83,27,0,25,59.4
38584,1689,91,368.97,587,91,4.05,19,1,8,55.5
38585,899,305,3193.44,396,305,10.47,23,0,43,29.5
38586,2139,475,3322.71,636,475,7.0,19,1,1,70.3
38587,1570,116,4240.37,725,116,36.55,10,1,42,51.6
38588,1893,473,11156.19,570,473,23.59,17,0,30,62.2
38589,1043,129,13194.57,478,129,102.28,10,0,34,34.3
38590,1389,369,27494.56,179,369,74.51,29,1,9,45.6
38591,1018,66,656.76,366,66,9.95,12,0,19,33.4
38592,2171,246,1179.59,3,246,4.8,28,1,21,71.3
38593,939,311,1223.0,30,311,3.93,12,1,30,30.8
38594,1571,134,341.34,630,134,2.55,29,1,34,51.6
38595,1121,226,839.58,680,226,3.71,12,0,5,36.8
38596,2422,380,9505.77,494,380,25.02,13,1,12,79.6
38597,1350,486,3944.42,554,486,8.12,21,0,18,44.3
38598,379,145,960.35,202,145,6.62,29,1,26,12.5
38599,2294,336,6642.06,82,336,19.77,19,0,15,75.4
38600,1303,328,4078.0,641,328,12.43,0,1,9,42.8
38601,922,63,4711.09,94,63,74.78,28,1,32,30.3
38602,1650,365,9969.65,483,365,27.31,22,0,28,54.2
38603,1037,128,2588.28,360,128,20.22,7,0,34,34.1
38604,2168,496,41890.4,452,496,84.46,23,1,21,71.2
38605,629,279,8964.96,378,279,32.13,2,1,0,20.7
38606,173,174,132.23,510,174,0.76,0,0,6,5.7
38607,605,111,462.31,185,111,4.16,14,0,18,19.9
38608,299,445,1750.43,151,445,3.93,15,1,13,9.8
38609,2319,142,240.51,683,142,1.69,0,1,13,76.2
38610,2382,104,398.83,339,104,3.83,5,0,36,78.3
38611,761,57,4262.37,714,57,74.78,13,1,0,25.0
38612,147,281,502.75,683,281,1.79,5,1,14,4.8
38613,2333,206,1216.2,292,206,5.9,16,0,34,76.6
38614,118,431,12656.89,280,431,29.37,27,1,31,3.9
38615,2364,52,25190.79,102,52,484.44,3,0,24,77.7
38616,112,207,445.5,186,207,2.15,1,0,33,3.7
38617,2270,487,5612.7,337,487,11.53,26,1,24,74.6
38618,198,216,3721.99,80,216,17.23,13,1,39,6.5
38619,713,449,442.7,20,449,0.99,6,1,46,23.4
38620,1204,190,654.93,9,190,3.45,0,0,13,39.6
38621,1774,75,1040.1,281,75,13.87,8,1,17,58.3
38622,1476,1,80145.56,578,1,80145.56,5,1,6,48.5
38623,522,61,13951.78,287,61,228.72,9,0,26,17.1
38624,2272,119,2667.33,398,119,22.41,11,1,32,74.6
38625,1708,488,208.9,364,488,0.43,18,0,15,56.1
38626,229,113,587.87,574,113,5.2,6,1,19,7.5
38627,1494,416,6219.02,1,416,14.95,1,1,6,49.1
38628,759,399,7535.92,106,399,18.89,26,0,4,24.9
38629,1242,489,223.68,143,489,0.46,16,1,3,40.8
38630,469,51,2284.55,706,51,44.8,10,1,3,15.4
38631,1114,297,11368.4,332,297,38.28,27,0,36,36.6
38632,1814,137,2497.46,241,137,18.23,21,1,5,59.6
38633,1697,223,4589.15,330,223,20.58,3,0,1,55.7
38634,2146,145,218.66,324,145,1.51,29,1,38,70.5
38635,1248,462,3179.04,478,462,6.88,29,0,5,41.0
38636,2331,101,1834.49,658,101,18.16,0,1,44,76.6
38637,1474,152,85.7,374,152,0.56,1,1,9,48.4
38638,2060,189,7138.8,135,189,37.77,22,0,8,67.7
38639,1811,491,4245.4,711,491,8.65,28,0,0,59.5
38640,810,287,576.38,199,287,2.01,8,0,7,26.6
38641,1328,330,13355.14,332,330,40.47,26,0,4,43.6
38642,406,114,7614.78,224,114,66.8,0,0,0,13.3
38643,2145,459,3194.31,434,459,6.96,1,1,6,70.5
38644,1076,138,7628.65,402,138,55.28,24,0,8,35.3
38645,70,228,817.86,0,228,3.59,1,0,8,2.3
38646,1616,181,3106.08,499,181,17.16,1,0,23,53.1
38647,1628,285,2003.69,334,285,7.03,8,1,24,53.5
38648,1578,128,7193.4,372,128,56.2,9,1,34,51.8
38649,240,455,667.98,446,455,1.47,25,1,47,7.9
38650,33,352,459.61,593,352,1.31,21,1,49,1.1
38651,482,93,769.1,114,93,8.27,5,1,43,15.8
38652,572,199,14757.63,40,199,74.16,3,1,41,18.8
38653,166,114,1712.21,38,114,15.02,27,0,44,5.5
38654,1770,193,1074.68,159,193,5.57,3,0,45,58.1
38655,497,348,1159.43,538,348,3.33,5,0,4,16.3
38656,242,236,656.2,461,236,2.78,14,0,29,8.0
38657,1159,249,2573.3,470,249,10.33,1,1,27,38.1
38658,1312,165,1590.35,692,165,9.64,16,0,48,43.1
38659,2463,490,1257.77,24,490,2.57,14,1,9,80.9
38660,244,304,1212.8,123,304,3.99,17,0,4,8.0
38661,2091,162,3919.57,436,162,24.19,9,1,41,68.7
38662,405,245,1577.64,247,245,6.44,28,1,4,13.3
38663,68,200,12237.56,148,200,61.19,21,0,11,2.2
38664,120,73,9119.62,188,73,124.93,14,1,31,3.9
38665,1542,258,2077.85,679,258,8.05,12,0,11,50.7
38666,769,249,1100.2,66,249,4.42,14,1,32,25.3
38667,2448,133,435.33,358,133,3.27,23,1,44,80.4
38668,344,248,1886.25,416,248,7.61,29,0,13,11.3
38669,2004,61,638.5,564,61,10.47,29,0,34,65.8
38670,729,418,5801.91,420,418,13.88,15,1,3,23.9
38671,782,2,23004.08,411,2,11502.04,17,0,40,25.7
38672,1722,181,2788.65,424,181,15.41,4,1,47,56.6
38673,1124,424,929.45,430,424,2.19,1,1,17,36.9
38674,1410,165,734.84,29,165,4.45,20,0,35,46.3
38675,2134,47,443.66,320,47,9.44,5,0,5,70.1
38676,1232,322,2693.46,325,322,8.36,20,1,25,40.5
38677,659,166,813.73,468,166,4.9,29,1,19,21.6
38678,903,262,3405.24,647,262,13.0,8,0,43,29.7
38679,2353,482,1815.42,58,482,3.77,11,0,40,77.3
38680,137,411,4340.11,250,411,10.56,2,0,15,4.5
38681,1348,229,454.63,193,229,1.99,15,0,43,44.3
38682,1802,341,32377.78,203,341,94.95,18,1,0,59.2
38683,1268,272,396.9,672,272,1.46,18,1,9,41.7
38684,2373,229,1499.04,682,229,6.55,15,0,2,78.0
38685,54,200,6782.69,381,200,33.91,20,1,30,1.8
38686,73,114,4903.43,5,114,43.01,28,1,13,2.4
38687,1021,431,1753.26,113,431,4.07,26,0,13,33.5
38688,674,306,477.31,538,306,1.56,16,0,45,22.1
38689,2048,375,4859.89,322,375,12.96,19,1,42,67.3
38690,522,14,2562.84,331,14,183.06,12,1,23,17.1
38691,1878,400,23338.25,354,400,58.35,19,1,21,61.7
38692,713,416,553.32,591,416,1.33,8,1,33,23.4
38693,1414,307,4116.31,104,307,13.41,29,1,25,46.5
38694,1427,181,11985.32,402,181,66.22,1,1,21,46.9
38695,1339,78,2413.99,691,78,30.95,19,1,44,44.0
38696,2523,36,226.46,193,36,6.29,5,1,0,82.9
38697,1405,54,1191.12,341,54,22.06,4,0,43,46.2
38698,1112,355,998.83,323,355,2.81,5,1,14,36.5
38699,1833,338,325.88,208,338,0.96,28,0,17,60.2
38700,1284,3,3840.13,517,3,1280.04,21,1,28,42.2
38701,569,321,1596.24,279,321,4.97,24,1,7,18.7
38702,166,117,4113.62,97,117,35.16,8,0,5,5.5
38703,38,392,7989.06,490,392,20.38,20,1,37,1.2
38704,1081,273,1102.39,240,273,4.04,28,1,35,35.5
38705,2310,457,4369.67,359,457,9.56,13,1,8,75.9
38706,2500,134,3416.17,77,134,25.49,22,1,4,82.1
38707,2120,144,895.19,271,144,6.22,23,1,13,69.6
38708,1176,406,1553.35,251,406,3.83,1,0,44,38.6
38709,1079,356,1475.24,589,356,4.14,6,1,12,35.4
38710,1330,165,1909.99,221,165,11.58,28,1,10,43.7
38711,1500,402,182.51,164,402,0.45,12,0,16,49.3
38712,2352,178,2887.43,139,178,16.22,0,0,29,77.3
38713,2059,15,254.17,335,15,16.94,19,1,12,67.6
38714,512,231,3075.86,412,231,13.32,1,1,39,16.8
38715,241,127,9895.83,62,127,77.92,3,0,29,7.9
38716,2267,254,5430.01,660,254,21.38,11,1,43,74.5
38717,667,291,111.71,461,291,0.38,20,1,23,21.9
38718,1089,201,46091.2,132,201,229.31,9,1,46,35.8
38719,2211,307,1425.79,169,307,4.64,1,0,17,72.6
38720,2126,174,17158.63,67,174,98.61,19,1,13,69.8
38721,2214,244,1365.91,375,244,5.6,7,0,20,72.7
38722,1376,39,2419.55,434,39,62.04,9,1,21,45.2
38723,1352,49,4561.09,0,49,93.08,24,0,40,44.4
38724,2080,181,1375.74,55,181,7.6,23,0,15,68.3
38725,2120,331,2480.44,39,331,7.49,7,0,46,69.6
38726,2223,318,18753.58,552,318,58.97,27,1,36,73.0
38727,2138,286,3590.11,172,286,12.55,27,0,21,70.2
38728,888,447,3961.02,558,447,8.86,28,0,25,29.2
38729,1857,174,247.64,180,174,1.42,28,0,9,61.0
38730,2334,101,17866.51,358,101,176.9,6,1,7,76.7
38731,646,288,16549.28,668,288,57.46,27,1,24,21.2
38732,845,420,408.93,586,420,0.97,7,1,23,27.8
38733,1547,324,1198.34,171,324,3.7,25,1,46,50.8
38734,1525,407,3444.56,609,407,8.46,24,0,1,50.1
38735,1252,219,5700.86,315,219,26.03,8,1,41,41.1
38736,2505,169,915.21,636,169,5.42,15,1,45,82.3
38737,1292,222,10173.81,608,222,45.83,12,1,48,42.4
38738,190,248,4622.52,303,248,18.64,22,1,25,6.2
38739,1617,155,15893.98,178,155,102.54,4,1,43,53.1
38740,2107,315,7624.71,256,315,24.21,19,1,14,69.2
38741,2097,302,4497.24,311,302,14.89,27,1,49,68.9
38742,806,429,2736.68,540,429,6.38,2,0,39,26.5
38743,50,336,20985.64,80,336,62.46,17,1,42,1.6
38744,1899,309,1687.05,707,309,5.46,7,1,40,62.4
38745,2386,351,2775.16,64,351,7.91,0,1,43,78.4
38746,2118,405,17169.5,715,405,42.39,2,1,44,69.6
38747,611,216,1817.59,153,216,8.41,1,1,24,20.1
38748,2398,182,1924.52,567,182,10.57,29,1,44,78.8
38749,2030,201,11472.69,54,201,57.08,26,1,21,66.7
38750,30,135,133.79,2,135,0.99,2,0,18,1.0
38751,893,274,1711.82,83,274,6.25,17,1,5,29.3
38752,51,26,1989.1,657,26,76.5,23,1,7,1.7
38753,1323,189,3297.03,367,189,17.44,17,1,28,43.5
38754,1463,174,1644.34,97,174,9.45,5,1,46,48.1
38755,2480,226,636.54,276,226,2.82,26,1,31,81.5
38756,262,498,574.63,242,498,1.15,11,0,27,8.6
38757,522,31,1381.79,396,31,44.57,17,1,34,17.1
38758,433,371,724.61,683,371,1.95,22,1,2,14.2
38759,2055,481,41422.49,532,481,86.12,20,1,17,67.5
38760,231,493,293.7,568,493,0.6,20,0,8,7.6
38761,2443,187,139.61,620,187,0.75,29,0,29,80.3
38762,1750,91,160421.76,162,91,1762.88,24,1,13,57.5
38763,705,399,4225.21,590,399,10.59,14,0,1,23.2
38764,991,322,471.87,620,322,1.47,29,1,22,32.6
38765,163,448,4144.77,524,448,9.25,19,1,6,5.4
38766,1930,72,1741.41,297,72,24.19,28,0,27,63.4
38767,789,135,429.55,188,135,3.18,26,0,15,25.9
38768,923,267,525.58,270,267,1.97,14,0,6,30.3
38769,1121,321,3020.13,709,321,9.41,26,0,46,36.8
38770,985,236,4093.8,465,236,17.35,23,1,8,32.4
38771,583,9,625.59,587,9,69.51,3,0,47,19.2
38772,942,20,11003.76,485,20,550.19,26,1,44,30.9
38773,2258,381,1287.76,114,381,3.38,5,1,16,74.2
38774,543,180,12234.56,132,180,67.97,12,0,33,17.8
38775,260,14,1037.96,129,14,74.14,20,1,8,8.5
38776,1624,392,1090.2,80,392,2.78,9,1,20,53.4
38777,1457,180,913.78,409,180,5.08,19,0,15,47.9
38778,1795,317,1528.39,237,317,4.82,13,1,8,59.0
38779,2347,12,12781.26,267,12,1065.1,13,1,36,77.1
38780,971,218,8481.43,366,218,38.91,19,1,18,31.9
38781,2524,484,316.83,540,484,0.65,10,1,7,82.9
38782,91,368,2015.35,409,368,5.48,6,0,28,3.0
38783,141,408,156.0,654,408,0.38,27,1,11,4.6
38784,857,327,3031.24,401,327,9.27,27,1,42,28.2
38785,675,263,5679.5,600,263,21.6,6,0,12,22.2
38786,1306,430,124.59,714,430,0.29,2,0,47,42.9
38787,2181,300,783.56,606,300,2.61,22,0,12,71.6
38788,505,124,3974.47,381,124,32.05,8,1,48,16.6
38789,2538,149,993.4,406,149,6.67,15,1,10,83.4
38790,1005,330,1585.48,179,330,4.8,3,1,3,33.0
38791,235,110,744.89,100,110,6.77,24,0,30,7.7
38792,2275,264,36689.08,504,264,138.97,1,1,43,74.7
38793,1459,172,14518.02,237,172,84.41,2,0,2,47.9
38794,1923,348,1941.98,514,348,5.58,11,0,16,63.2
38795,630,341,156.49,39,341,0.46,6,0,1,20.7
38796,760,99,18077.85,65,99,182.6,15,0,41,25.0
38797,268,239,1360.89,598,239,5.69,16,0,1,8.8
38798,63,60,152.43,300,60,2.54,1,0,46,2.1
38799,1470,46,1919.04,617,46,41.72,23,0,46,48.3
38800,1267,159,3291.67,263,159,20.7,22,0,38,41.6
38801,994,144,804.14,630,144,5.58,1,1,48,32.7
38802,1001,394,9495.45,663,394,24.1,25,0,28,32.9
38803,2154,131,11474.15,420,131,87.59,3,0,38,70.8
38804,908,249,302.74,60,249,1.22,8,0,4,29.8
38805,1397,449,1566.61,602,449,3.49,22,1,26,45.9
38806,1471,198,412.94,389,198,2.09,28,1,47,48.3
38807,2437,445,11283.51,327,445,25.36,18,1,48,80.1
38808,123,279,8100.04,633,279,29.03,17,0,42,4.0
38809,525,488,1751.18,369,488,3.59,19,1,15,17.2
38810,2306,326,585.77,597,326,1.8,11,0,36,75.8
38811,172,350,5692.78,570,350,16.27,17,1,2,5.7
38812,1965,366,1514.11,614,366,4.14,5,0,35,64.6
38813,1793,34,2711.67,307,34,79.76,7,1,39,58.9
38814,1676,407,267.15,452,407,0.66,19,1,47,55.1
38815,1492,97,3455.51,547,97,35.62,9,0,13,49.0
38816,2127,283,54.36,483,283,0.19,27,1,42,69.9
38817,1762,7,210.79,489,7,30.11,29,1,41,57.9
38818,2427,260,29559.83,660,260,113.69,20,1,5,79.7
38819,2087,129,731.24,153,129,5.67,15,1,6,68.6
38820,1214,73,150.1,147,73,2.06,23,0,11,39.9
38821,363,465,3801.91,672,465,8.18,0,1,20,11.9
38822,290,466,3138.47,64,466,6.73,19,0,33,9.5
38823,736,409,1384.86,695,409,3.39,29,0,16,24.2
38824,233,203,734.53,191,203,3.62,12,0,13,7.7
38825,1040,219,6985.99,277,219,31.9,27,1,3,34.2
38826,2449,121,412.37,600,121,3.41,0,1,2,80.5
38827,1294,230,3649.41,659,230,15.87,6,1,12,42.5
38828,407,2,14455.97,707,2,7227.98,18,0,20,13.4
38829,1568,143,73.37,104,143,0.51,27,0,8,51.5
38830,1355,493,2476.95,7,493,5.02,15,1,30,44.5
38831,2364,98,447.24,398,98,4.56,12,1,42,77.7
38832,442,191,1809.95,54,191,9.48,1,1,26,14.5
38833,778,10,216.86,102,10,21.69,6,0,16,25.6
38834,693,412,10045.3,379,412,24.38,5,1,0,22.8
38835,1302,266,8882.68,281,266,33.39,17,0,33,42.8
38836,1132,32,2584.81,280,32,80.78,3,0,31,37.2
38837,1234,267,490.01,667,267,1.84,18,1,46,40.5
38838,1793,54,1343.3,181,54,24.88,22,1,0,58.9
38839,718,271,1648.7,30,271,6.08,27,1,32,23.6
38840,2283,107,7149.85,337,107,66.82,25,0,34,75.0
38841,828,166,35209.31,577,166,212.1,17,0,36,27.2
38842,1730,417,9850.03,209,417,23.62,19,1,35,56.8
38843,1809,266,27.74,84,266,0.1,26,1,20,59.4
38844,1876,419,7695.92,404,419,18.37,10,1,22,61.6
38845,484,33,191.42,185,33,5.8,27,1,0,15.9
38846,1853,481,8970.24,464,481,18.65,12,0,1,60.9
38847,1342,164,5606.51,445,164,34.19,8,1,23,44.1
38848,1209,292,99.02,146,292,0.34,24,1,48,39.7
38849,1283,498,1634.1,707,498,3.28,20,1,6,42.1
38850,932,160,3776.79,502,160,23.6,26,0,38,30.6
38851,2135,494,929.3,561,494,1.88,1,0,35,70.1
38852,2043,224,16216.47,436,224,72.39,6,1,38,67.1
38853,455,491,2512.32,287,491,5.12,13,1,1,14.9
38854,602,415,3983.8,495,415,9.6,2,1,14,19.8
38855,1233,148,12373.58,157,148,83.61,29,1,37,40.5
38856,1732,442,350.59,350,442,0.79,10,1,29,56.9
38857,2408,229,10312.97,294,229,45.03,19,1,23,79.1
38858,242,210,1159.68,80,210,5.52,18,1,32,8.0
38859,916,29,379.7,561,29,13.09,20,0,38,30.1
38860,1224,418,7495.46,701,418,17.93,11,0,1,40.2
38861,1104,490,1128.3,538,490,2.3,4,1,34,36.3
38862,1723,465,992.41,362,465,2.13,13,1,27,56.6
38863,707,473,1265.41,572,473,2.68,10,0,8,23.2
38864,1910,422,26.03,514,422,0.06,19,1,45,62.7
38865,665,310,1047.78,717,310,3.38,27,0,1,21.8
38866,2077,356,838.0,427,356,2.35,24,1,2,68.2
38867,1523,399,199.39,426,399,0.5,10,1,35,50.0
38868,1079,414,4177.15,665,414,10.09,14,0,36,35.4
38869,2264,2,1106.33,724,2,553.16,12,1,34,74.4
38870,596,202,242.38,266,202,1.2,22,0,12,19.6
38871,947,263,324.2,242,263,1.23,22,1,47,31.1
38872,2228,258,1105.21,128,258,4.28,28,1,40,73.2
38873,2262,122,2018.77,600,122,16.55,5,1,32,74.3
38874,977,382,3734.35,221,382,9.78,17,0,14,32.1
38875,2275,179,17878.64,378,179,99.88,14,0,47,74.7
38876,1635,395,5507.74,99,395,13.94,1,1,35,53.7
38877,1826,477,2553.19,521,477,5.35,21,0,46,60.0
38878,863,334,91.03,150,334,0.27,25,1,46,28.4
38879,514,473,65.68,41,473,0.14,0,0,24,16.9
38880,590,106,500.29,350,106,4.72,6,0,36,19.4
38881,1446,223,2376.8,583,223,10.66,8,1,11,47.5
38882,2167,322,1806.67,502,322,5.61,27,1,22,71.2
38883,903,161,4493.68,619,161,27.91,23,1,39,29.7
38884,762,42,1081.98,107,42,25.76,4,0,4,25.0
38885,2064,217,1388.21,502,217,6.4,13,0,34,67.8
38886,1095,165,2145.44,418,165,13.0,23,1,23,36.0
38887,2405,271,112.4,321,271,0.41,22,1,34,79.0
38888,361,246,167.88,429,246,0.68,6,0,16,11.9
38889,1101,233,2527.45,354,233,10.85,11,1,31,36.2
38890,1284,173,3184.79,362,173,18.41,13,1,22,42.2
38891,2326,440,3203.12,338,440,7.28,22,0,45,76.4
38892,641,320,1181.64,337,320,3.69,11,0,13,21.1
38893,1249,389,804.33,714,389,2.07,15,1,20,41.0
38894,613,131,16003.09,116,131,122.16,20,1,34,20.1
38895,2305,19,1585.09,57,19,83.43,22,0,19,75.7
38896,1475,415,382.39,553,415,0.92,21,1,33,48.5
38897,542,246,3068.07,380,246,12.47,14,0,47,17.8
38898,1661,354,5873.63,439,354,16.59,22,1,18,54.6
38899,1848,445,3006.99,659,445,6.76,20,0,37,60.7
38900,1014,417,7794.37,441,417,18.69,24,0,26,33.3
38901,2426,176,10061.44,331,176,57.17,28,1,31,79.7
38902,444,155,6191.15,94,155,39.94,17,1,48,14.6
38903,1964,137,2247.62,499,137,16.41,22,0,38,64.5
38904,1943,478,1444.77,288,478,3.02,1,1,29,63.8
38905,1479,383,965.01,187,383,2.52,19,0,8,48.6
38906,1962,298,2329.14,78,298,7.82,1,0,6,64.5
38907,811,20,45.23,375,20,2.26,8,1,14,26.6
38908,640,371,9562.24,394,371,25.77,20,1,31,21.0
38909,256,439,3612.7,613,439,8.23,2,0,33,8.4
38910,89,1,1009.32,299,1,1009.32,29,1,0,2.9
38911,92,334,43.93,162,334,0.13,29,0,46,3.0
38912,239,29,277.07,48,29,9.55,0,0,33,7.9
38913,541,268,333.09,512,268,1.24,25,1,45,17.8
38914,939,33,287.24,508,33,8.7,2,1,32,30.8
38915,1304,34,28768.59,130,34,846.14,6,1,45,42.8
38916,2007,20,408.09,502,20,20.4,2,1,44,65.9
38917,207,277,708.26,512,277,2.56,29,1,18,6.8
38918,1772,113,4165.08,563,113,36.86,24,0,36,58.2
38919,1665,60,2709.63,609,60,45.16,10,0,27,54.7
38920,842,101,1700.3,193,101,16.83,12,1,45,27.7
38921,83,172,961.77,319,172,5.59,11,1,41,2.7
38922,1554,330,11420.89,642,330,34.61,8,1,33,51.1
38923,185,247,2033.51,293,247,8.23,12,1,14,6.1
38924,1298,449,1808.59,84,449,4.03,16,1,37,42.6
38925,1282,175,118.28,519,175,0.68,2,0,14,42.1
38926,2466,109,1323.54,522,109,12.14,4,1,22,81.0
38927,1137,451,2610.77,325,451,5.79,20,0,33,37.4
38928,1279,168,447.69,256,168,2.66,12,1,4,42.0
38929,2057,40,25467.04,81,40,636.68,8,0,36,67.6
38930,645,163,2476.23,152,163,15.19,7,1,42,21.2
38931,238,6,2565.03,72,6,427.51,26,0,35,7.8
38932,2136,209,209.98,575,209,1.0,24,1,11,70.2
38933,2099,172,12929.88,575,172,75.17,1,1,42,69.0
38934,1515,418,627.16,647,418,1.5,22,0,9,49.8
38935,1763,212,4324.02,183,212,20.4,2,0,43,57.9
38936,2529,252,263.14,336,252,1.04,12,1,3,83.1
38937,286,301,187.49,38,301,0.62,11,0,38,9.4
38938,582,371,4376.7,518,371,11.8,28,1,33,19.1
38939,43,134,746.98,610,134,5.57,28,0,39,1.4
38940,1584,210,1307.59,152,210,6.23,2,1,33,52.0
38941,545,185,1776.88,473,185,9.6,16,1,7,17.9
38942,2309,198,21891.06,216,198,110.56,28,1,39,75.9
38943,2393,32,1347.78,545,32,42.12,8,1,43,78.6
38944,942,266,2579.63,292,266,9.7,14,0,12,30.9
38945,927,285,3067.09,174,285,10.76,29,1,18,30.5
38946,650,47,2194.81,472,47,46.7,28,1,38,21.4
38947,885,147,305.48,535,147,2.08,1,1,6,29.1
38948,2088,277,280.4,90,277,1.01,24,1,15,68.6
38949,2038,463,6137.18,102,463,13.26,19,0,36,67.0
38950,2104,46,778.65,715,46,16.93,8,1,42,69.1
38951,1023,307,206.75,607,307,0.67,23,1,21,33.6
38952,73,443,1852.82,3,443,4.18,9,0,35,2.4
38953,2323,73,583.96,152,73,8.0,25,1,45,76.3
38954,292,74,5375.06,356,74,72.64,19,1,31,9.6
38955,1502,364,8229.13,537,364,22.61,11,0,17,49.3
38956,1264,202,19609.5,256,202,97.08,7,1,45,41.5
38957,2449,120,47399.27,406,120,394.99,14,1,16,80.5
38958,337,21,5157.97,108,21,245.62,3,1,26,11.1
38959,771,89,587.46,283,89,6.6,12,1,1,25.3
38960,1560,404,931.21,365,404,2.3,16,0,22,51.2
38961,2081,215,1805.31,662,215,8.4,10,0,8,68.4
38962,1360,167,19436.37,578,167,116.39,0,0,32,44.7
38963,2162,172,6893.9,689,172,40.08,3,1,27,71.0
38964,2126,488,2881.28,438,488,5.9,13,1,29,69.8
38965,1510,330,3142.77,4,330,9.52,14,1,33,49.6
38966,1532,468,1243.63,368,468,2.66,14,1,23,50.3
38967,1425,396,808.02,232,396,2.04,25,1,32,46.8
38968,685,221,401.7,277,221,1.82,22,1,19,22.5
38969,1971,461,86.38,213,461,0.19,8,1,45,64.8
38970,506,463,434.44,37,463,0.94,8,0,44,16.6
38971,1184,264,293.41,178,264,1.11,22,0,1,38.9
38972,1082,339,2196.19,699,339,6.48,3,1,32,35.5
38973,1362,190,2301.02,283,190,12.11,29,1,12,44.7
38974,2139,230,263.64,29,230,1.15,18,1,30,70.3
38975,132,423,7869.73,242,423,18.6,6,1,34,4.3
38976,646,95,2536.53,510,95,26.7,28,0,20,21.2
38977,1983,354,5705.1,673,354,16.12,17,1,27,65.1
38978,748,225,1490.91,473,225,6.63,18,0,11,24.6
38979,1212,117,8322.06,336,117,71.13,5,0,49,39.8
38980,1706,337,8642.28,63,337,25.64,16,1,17,56.0
38981,1351,426,3466.57,221,426,8.14,26,0,9,44.4
38982,556,180,1928.54,520,180,10.71,24,0,33,18.3
38983,906,446,703.52,649,446,1.58,0,1,40,29.8
38984,251,297,97.47,365,297,0.33,5,0,41,8.2
38985,915,361,1427.53,538,361,3.95,12,0,45,30.1
38986,62,280,642.06,373,280,2.29,0,1,34,2.0
38987,1453,454,6868.59,452,454,15.13,6,1,11,47.7
38988,2309,392,20745.91,666,392,52.92,10,1,39,75.9
38989,1666,276,1251.8,216,276,4.54,15,0,16,54.7
38990,418,71,466.15,610,71,6.57,14,1,40,13.7
38991,723,458,12077.13,12,458,26.37,10,0,38,23.8
38992,2471,50,4331.46,616,50,86.63,25,1,17,81.2
38993,236,355,9341.37,491,355,26.31,18,1,25,7.8
38994,1855,136,8765.36,266,136,64.45,8,1,9,60.9
38995,1199,48,17903.18,259,48,372.98,2,1,16,39.4
38996,2357,250,9653.95,563,250,38.62,27,1,46,77.4
38997,276,420,1379.38,129,420,3.28,20,1,42,9.1
38998,1322,64,841.35,550,64,13.15,25,1,10,43.4
38999,589,417,1528.24,456,417,3.66,3,1,41,19.3
39000,2172,354,9742.9,574,354,27.52,12,1,44,71.4
39001,239,419,551.75,287,419,1.32,6,1,43,7.9
39002,1263,412,1616.49,581,412,3.92,1,1,10,41.5
39003,697,462,1076.68,53,462,2.33,9,1,49,22.9
39004,584,430,213.14,331,430,0.5,25,0,12,19.2
39005,437,388,10860.96,572,388,27.99,3,1,9,14.4
39006,924,319,790.09,55,319,2.48,9,0,14,30.4
39007,724,202,12237.44,448,202,60.58,8,1,26,23.8
39008,509,373,317.16,406,373,0.85,18,1,47,16.7
39009,1485,399,551.53,578,399,1.38,16,1,8,48.8
39010,2140,454,36580.03,649,454,80.57,4,0,9,70.3
39011,1592,412,1510.29,496,412,3.67,28,1,10,52.3
39012,1453,176,628.56,384,176,3.57,24,0,27,47.7
39013,1164,475,6656.47,584,475,14.01,13,1,24,38.2
39014,579,475,192.44,418,475,0.41,26,1,35,19.0
39015,1610,459,1409.61,303,459,3.07,18,1,40,52.9
39016,2127,276,1046.81,667,276,3.79,16,0,36,69.9
39017,1335,300,1784.81,708,300,5.95,24,1,33,43.9
39018,544,350,1778.62,376,350,5.08,3,1,42,17.9
39019,2084,202,1078.95,165,202,5.34,29,1,8,68.5
39020,1795,441,681.89,324,441,1.55,15,1,30,59.0
39021,1077,283,3069.13,641,283,10.84,2,1,48,35.4
39022,1484,204,9401.23,227,204,46.08,20,1,40,48.8
39023,1343,126,654.57,27,126,5.2,15,0,29,44.1
39024,472,447,872.34,406,447,1.95,14,0,4,15.5
39025,2309,39,1820.62,198,39,46.68,7,1,26,75.9
39026,1099,451,728.05,608,451,1.61,4,1,3,36.1
39027,1480,126,355.75,214,126,2.82,11,0,32,48.6
39028,804,31,735.16,516,31,23.71,27,0,33,26.4
39029,912,385,5208.03,122,385,13.53,1,0,33,30.0
39030,2165,374,167.82,636,374,0.45,0,1,35,71.1
39031,1444,142,594.85,670,142,4.19,19,1,27,47.4
39032,1713,460,23135.53,283,460,50.29,7,1,21,56.3
39033,789,103,676.25,440,103,6.57,25,1,24,25.9
39034,402,63,1862.26,429,63,29.56,29,1,33,13.2
39035,785,205,5186.33,427,205,25.3,6,1,36,25.8
39036,1975,457,2668.51,200,457,5.84,5,1,33,64.9
39037,2044,220,2773.15,63,220,12.61,5,1,20,67.1
39038,1893,92,2263.68,206,92,24.61,5,1,17,62.2
39039,1968,29,1378.58,170,29,47.54,15,1,41,64.7
39040,2268,208,1235.29,416,208,5.94,25,1,49,74.5
39041,748,1,2767.74,303,1,2767.74,11,1,3,24.6
39042,949,169,5368.48,585,169,31.77,23,0,0,31.2
39043,843,271,26463.31,228,271,97.65,28,0,11,27.7
39044,1882,209,2019.4,421,209,9.66,11,0,40,61.8
39045,2008,481,1622.69,136,481,3.37,4,1,9,66.0
39046,901,450,161438.69,164,450,358.75,23,1,39,29.6
39047,2110,80,11624.09,650,80,145.3,10,0,30,69.3
39048,717,370,4394.35,53,370,11.88,23,0,48,23.6
39049,1812,168,2727.32,661,168,16.23,1,1,34,59.5
39050,2378,458,4861.66,106,458,10.61,16,1,20,78.1
39051,125,237,14906.83,380,237,62.9,18,1,47,4.1
39052,1091,451,1197.22,694,451,2.65,9,1,43,35.8
39053,2105,291,11191.98,104,291,38.46,14,0,25,69.2
39054,40,203,991.77,325,203,4.89,23,1,22,1.3
39055,2458,431,29465.03,383,431,68.36,27,0,32,80.7
39056,2200,463,3654.79,644,463,7.89,27,1,24,72.3
39057,378,264,151.27,119,264,0.57,17,1,25,12.4
39058,2472,320,261.87,131,320,0.82,4,1,23,81.2
39059,1478,60,21432.16,513,60,357.2,17,1,1,48.6
39060,1062,495,89.01,701,495,0.18,8,0,20,34.9
39061,1034,463,2460.05,644,463,5.31,24,0,41,34.0
39062,2349,435,314.36,595,435,0.72,10,1,44,77.2
39063,1248,279,32588.47,491,279,116.8,24,0,1,41.0
39064,2162,453,1290.62,180,453,2.85,23,1,21,71.0
39065,1979,169,894.99,103,169,5.3,25,1,11,65.0
39066,2306,435,691.96,395,435,1.59,18,1,6,75.8
39067,530,29,5831.75,560,29,201.09,9,1,39,17.4
39068,316,356,15964.83,544,356,44.85,28,0,19,10.4
39069,761,282,5047.17,110,282,17.9,20,1,2,25.0
39070,570,73,4485.69,340,73,61.45,8,1,30,18.7
39071,2426,236,551.44,114,236,2.34,22,0,20,79.7
39072,1768,424,12017.51,370,424,28.34,1,1,32,58.1
39073,1198,40,1789.32,430,40,44.73,1,1,8,39.4
39074,360,138,232.21,167,138,1.68,0,0,17,11.8
39075,654,14,54449.93,633,14,3889.28,16,0,45,21.5
39076,462,85,1372.63,527,85,16.15,7,0,31,15.2
39077,1667,155,562.76,470,155,3.63,27,1,2,54.8
39078,1620,362,1089.31,329,362,3.01,27,0,31,53.2
39079,1863,105,330.09,269,105,3.14,4,1,7,61.2
39080,1301,190,1197.49,650,190,6.3,12,0,5,42.7
39081,1158,179,464.56,86,179,2.6,5,1,47,38.0
39082,2105,82,2798.54,181,82,34.13,14,1,9,69.2
39083,734,72,930.14,333,72,12.92,6,0,47,24.1
39084,1695,2,276.5,130,2,138.25,19,1,31,55.7
39085,2410,445,3322.12,409,445,7.47,28,1,11,79.2
39086,726,498,804.5,249,498,1.62,21,1,19,23.9
39087,2132,248,6630.05,192,248,26.73,0,0,24,70.0
39088,1766,14,75.1,534,14,5.36,14,0,43,58.0
39089,874,276,68.49,451,276,0.25,24,1,34,28.7
39090,1999,189,21989.4,405,189,116.35,15,0,4,65.7
39091,1770,266,3439.35,561,266,12.93,5,1,5,58.1
39092,986,48,797.59,687,48,16.62,17,0,33,32.4
39093,1203,159,756.13,151,159,4.76,20,1,46,39.5
39094,1274,199,4380.72,636,199,22.01,4,1,27,41.9
39095,1042,113,621.49,271,113,5.5,17,1,29,34.2
39096,1116,405,8590.83,375,405,21.21,29,0,39,36.7
39097,601,257,256.24,191,257,1.0,11,0,42,19.7
39098,1390,374,7840.43,245,374,20.96,20,1,48,45.7
39099,2539,139,7502.82,117,139,53.98,29,1,18,83.4
39100,466,287,3650.34,618,287,12.72,10,0,44,15.3
39101,1952,280,313.97,591,280,1.12,20,1,31,64.1
39102,2269,472,3039.42,250,472,6.44,16,0,24,74.5
39103,2445,254,1320.94,577,254,5.2,20,0,21,80.3
39104,2021,275,508.23,431,275,1.85,11,1,21,66.4
39105,862,294,2600.99,648,294,8.85,26,1,25,28.3
39106,467,330,3589.73,634,330,10.88,0,0,46,15.3
39107,609,227,2341.55,585,227,10.32,11,1,23,20.0
39108,2009,135,2008.54,690,135,14.88,0,0,15,66.0
39109,2504,354,10454.91,41,354,29.53,14,0,14,82.3
39110,2139,82,1670.07,253,82,20.37,13,1,24,70.3
39111,877,345,1266.8,698,345,3.67,19,0,41,28.8
39112,88,133,129.87,274,133,0.98,11,0,45,2.9
39113,727,277,876.64,452,277,3.16,17,0,22,23.9
39114,2098,78,389.65,486,78,5.0,5,0,47,68.9
39115,425,354,10804.97,419,354,30.52,1,0,10,14.0
39116,1233,102,76208.93,219,102,747.15,9,1,23,40.5
39117,1686,476,807.87,533,476,1.7,27,1,2,55.4
39118,2544,111,2057.11,514,111,18.53,16,0,18,83.6
39119,2231,44,1058.01,314,44,24.05,24,0,18,73.3
39120,1466,190,2467.39,41,190,12.99,10,0,14,48.2
39121,1156,22,6106.44,690,22,277.57,6,1,20,38.0
39122,1164,489,623.97,349,489,1.28,16,0,25,38.2
39123,519,270,892.74,412,270,3.31,27,1,11,17.0
39124,1009,106,146.95,159,106,1.39,24,1,40,33.1
39125,924,427,3216.9,13,427,7.53,28,0,5,30.4
39126,2530,471,188.75,692,471,0.4,20,0,7,83.1
39127,889,78,100674.59,629,78,1290.7,1,1,28,29.2
39128,2438,145,1712.15,325,145,11.81,13,1,16,80.1
39129,231,6,1045.92,524,6,174.32,8,0,41,7.6
39130,245,246,561.07,538,246,2.28,5,1,1,8.0
39131,1500,452,70.21,515,452,0.16,20,0,30,49.3
39132,854,101,2432.57,309,101,24.08,1,1,40,28.1
39133,1112,304,3413.53,28,304,11.23,0,0,8,36.5
39134,233,342,6547.87,654,342,19.15,22,0,27,7.7
39135,2395,453,726.71,314,453,1.6,29,1,41,78.7
39136,868,9,944.47,147,9,104.94,19,0,23,28.5
39137,1643,398,1177.26,54,398,2.96,14,1,47,54.0
39138,1944,378,4519.37,377,378,11.96,11,1,0,63.9
39139,181,202,2771.03,57,202,13.72,27,1,2,5.9
39140,846,10,358.92,373,10,35.89,23,0,47,27.8
39141,1386,275,49327.37,331,275,179.37,16,1,38,45.5
39142,885,77,3474.95,711,77,45.13,9,1,0,29.1
39143,2145,254,3626.53,217,254,14.28,25,1,34,70.5
39144,1727,424,9439.62,60,424,22.26,21,1,23,56.7
39145,644,309,472.97,370,309,1.53,14,1,10,21.2
39146,1249,43,254.64,65,43,5.92,28,1,36,41.0
39147,1892,81,17233.9,467,81,212.76,8,1,25,62.2
39148,968,486,7783.85,667,486,16.02,29,1,2,31.8
39149,194,89,1515.79,701,89,17.03,0,0,20,6.4
39150,89,402,4095.45,396,402,10.19,20,1,18,2.9
39151,2250,308,9344.03,168,308,30.34,3,1,2,73.9
39152,1714,166,812.41,311,166,4.89,12,0,3,56.3
39153,1147,335,3176.49,543,335,9.48,2,1,22,37.7
39154,744,6,123.26,684,6,20.54,1,0,16,24.4
39155,2459,249,9082.76,460,249,36.48,16,1,21,80.8
39156,2030,109,234.25,725,109,2.15,8,0,43,66.7
39157,2187,203,2651.94,57,203,13.06,6,0,10,71.8
39158,669,417,3885.25,493,417,9.32,26,1,2,22.0
39159,1774,347,3303.01,272,347,9.52,16,1,10,58.3
39160,954,106,2466.64,523,106,23.27,13,0,27,31.3
39161,248,322,1382.14,94,322,4.29,7,0,47,8.1
39162,1886,114,1867.37,406,114,16.38,1,0,17,62.0
39163,1752,53,262.8,117,53,4.96,8,0,34,57.6
39164,1267,347,284.97,549,347,0.82,26,1,36,41.6
39165,1984,305,1661.81,38,305,5.45,28,0,25,65.2
39166,481,312,7452.31,700,312,23.89,26,0,27,15.8
39167,893,495,283.4,334,495,0.57,14,0,6,29.3
39168,1078,167,19197.17,21,167,114.95,29,1,4,35.4
39169,2363,9,45.54,455,9,5.06,3,1,15,77.6
39170,198,350,2329.38,558,350,6.66,11,0,0,6.5
39171,486,342,2642.85,493,342,7.73,12,1,6,16.0
39172,1976,102,53.34,33,102,0.52,18,1,29,64.9
39173,2382,173,3175.87,308,173,18.36,20,1,12,78.3
39174,718,229,14578.27,727,229,63.66,0,0,42,23.6
39175,1032,171,2502.55,263,171,14.63,5,0,20,33.9
39176,1335,77,468.86,221,77,6.09,12,0,15,43.9
39177,457,443,1464.96,38,443,3.31,2,1,41,15.0
39178,1336,360,317.35,436,360,0.88,15,0,29,43.9
39179,1463,75,326.73,0,75,4.36,1,1,47,48.1
39180,2437,310,659.25,291,310,2.13,27,1,8,80.1
39181,906,38,10539.55,576,38,277.36,24,1,5,29.8
39182,925,295,10312.58,355,295,34.96,19,1,36,30.4
39183,117,457,756.64,597,457,1.66,22,0,40,3.8
39184,475,299,1751.55,595,299,5.86,29,1,47,15.6
39185,1037,30,2251.47,80,30,75.05,10,1,33,34.1
39186,1522,334,916.64,200,334,2.74,7,1,45,50.0
39187,574,248,688.5,513,248,2.78,26,0,7,18.9
39188,1809,31,18402.24,273,31,593.62,28,1,21,59.4
39189,1351,212,793.26,70,212,3.74,25,0,20,44.4
39190,1871,286,68.99,65,286,0.24,29,1,13,61.5
39191,230,190,1547.88,170,190,8.15,7,1,40,7.6
39192,1665,196,496.76,702,196,2.53,9,0,30,54.7
39193,2438,36,4254.67,633,36,118.19,15,1,16,80.1
39194,1983,416,563.03,330,416,1.35,25,1,48,65.1
39195,2115,480,3798.74,4,480,7.91,2,1,25,69.5
39196,967,316,1459.59,573,316,4.62,26,1,39,31.8
39197,2502,149,135966.33,722,149,912.53,8,0,16,82.2
39198,764,449,1496.14,452,449,3.33,4,1,29,25.1
39199,1098,183,1126.64,162,183,6.16,10,1,46,36.1
39200,2041,397,3380.1,8,397,8.51,13,0,44,67.0
39201,2521,375,2732.36,123,375,7.29,6,1,46,82.8
39202,224,351,69.27,115,351,0.2,4,0,30,7.4
39203,1983,498,171.02,402,498,0.34,13,0,45,65.1
39204,757,264,10128.38,513,264,38.37,13,1,48,24.9
39205,1849,218,1011.31,713,218,4.64,12,0,27,60.7
39206,1610,122,4149.96,525,122,34.02,4,1,25,52.9
39207,688,229,480.72,133,229,2.1,12,1,36,22.6
39208,344,119,367.16,648,119,3.09,1,1,9,11.3
39209,733,426,2007.43,323,426,4.71,13,0,0,24.1
39210,2079,43,1835.79,649,43,42.69,19,1,27,68.3
39211,88,247,2994.95,567,247,12.13,19,1,6,2.9
39212,140,80,499.05,89,80,6.24,8,1,1,4.6
39213,2004,428,11484.46,601,428,26.83,19,0,47,65.8
39214,1387,431,2692.86,369,431,6.25,29,0,23,45.6
39215,193,209,3963.14,186,209,18.96,8,1,32,6.3
39216,2017,474,1140.87,275,474,2.41,18,1,45,66.3
39217,1992,365,1902.66,284,365,5.21,6,1,2,65.4
39218,446,36,433.07,533,36,12.03,15,0,1,14.7
39219,955,228,1841.54,511,228,8.08,8,0,2,31.4
39220,2494,466,767.12,429,466,1.65,29,0,49,81.9
39221,2135,55,5376.51,488,55,97.75,11,1,21,70.1
39222,960,38,56648.89,553,38,1490.76,11,1,34,31.5
39223,765,27,2912.01,472,27,107.85,16,0,21,25.1
39224,210,280,2014.18,344,280,7.19,3,1,22,6.9
39225,978,405,745.26,716,405,1.84,22,1,0,32.1
39226,1817,337,303.29,504,337,0.9,4,1,38,59.7
39227,2233,347,1492.54,413,347,4.3,29,0,17,73.4
39228,1266,276,9819.23,16,276,35.58,6,0,31,41.6
39229,1976,280,388.78,438,280,1.39,12,0,24,64.9
39230,681,149,127.87,221,149,0.86,23,1,37,22.4
39231,2005,471,722.41,553,471,1.53,14,1,41,65.9
39232,667,452,760.53,339,452,1.68,2,1,15,21.9
39233,1974,216,4726.23,286,216,21.88,20,0,9,64.8
39234,373,366,2977.96,267,366,8.14,16,0,37,12.3
39235,1560,386,145.73,280,386,0.38,14,1,49,51.2
39236,840,107,538.76,698,107,5.04,29,1,12,27.6
39237,1902,313,59956.16,581,313,191.55,7,0,1,62.5
39238,1884,399,1726.0,505,399,4.33,20,0,36,61.9
39239,2302,57,11277.83,36,57,197.86,12,1,10,75.6
39240,235,104,7566.54,539,104,72.76,22,0,47,7.7
39241,475,244,247.11,702,244,1.01,25,0,18,15.6
39242,661,25,12781.36,158,25,511.25,21,1,8,21.7
39243,672,21,981.84,500,21,46.75,1,1,18,22.1
39244,1100,41,6380.36,305,41,155.62,4,1,43,36.1
39245,685,188,362.44,202,188,1.93,27,1,27,22.5
39246,515,328,495.34,173,328,1.51,13,1,28,16.9
39247,519,164,5292.9,448,164,32.27,2,0,3,17.0
39248,1250,30,3575.95,87,30,119.2,24,0,46,41.1
39249,2120,329,5400.63,193,329,16.42,0,0,31,69.6
39250,85,145,1453.13,173,145,10.02,16,1,1,2.8
39251,2393,193,1451.49,228,193,7.52,5,0,20,78.6
39252,639,175,2150.03,385,175,12.29,19,0,28,21.0
39253,802,247,214.36,320,247,0.87,23,1,18,26.3
39254,914,445,282.74,104,445,0.64,16,1,49,30.0
39255,2102,465,14112.77,562,465,30.35,13,0,21,69.1
39256,2442,143,1992.87,457,143,13.94,27,1,21,80.2
39257,2245,234,83.11,281,234,0.36,27,0,23,73.8
39258,2068,227,155.79,629,227,0.69,23,0,18,67.9
39259,1329,190,634.51,8,190,3.34,19,1,6,43.7
39260,831,393,901.33,514,393,2.29,6,0,22,27.3
39261,2095,365,168.99,571,365,0.46,24,1,4,68.8
39262,668,392,1220.96,726,392,3.11,17,1,48,21.9
39263,694,416,3217.61,57,416,7.73,7,0,14,22.8
39264,85,419,1062.64,589,419,2.54,9,0,44,2.8
39265,702,28,5580.76,425,28,199.31,12,1,47,23.1
39266,1533,77,6905.5,40,77,89.68,5,0,17,50.4
39267,2417,224,4634.07,192,224,20.69,8,1,16,79.4
39268,378,435,7812.04,208,435,17.96,24,1,4,12.4
39269,2383,262,10194.17,595,262,38.91,10,1,24,78.3
39270,1999,160,143.32,527,160,0.9,24,0,18,65.7
39271,40,213,337.02,541,213,1.58,1,0,13,1.3
39272,1108,14,9016.1,583,14,644.01,7,1,11,36.4
39273,1106,480,2074.56,225,480,4.32,21,1,27,36.3
39274,1332,367,2129.49,141,367,5.8,21,0,8,43.8
39275,2207,6,215.74,716,6,35.96,21,1,12,72.5
39276,2286,222,9172.42,676,222,41.32,24,1,16,75.1
39277,2193,403,19159.63,90,403,47.54,9,0,4,72.0
39278,1423,29,2615.25,77,29,90.18,7,0,34,46.7
39279,1365,388,176.19,8,388,0.45,10,1,21,44.8
39280,864,88,2993.23,11,88,34.01,0,1,39,28.4
39281,939,93,350.71,593,93,3.77,23,0,10,30.8
39282,1252,51,1890.4,688,51,37.07,16,0,17,41.1
39283,2332,33,265.36,251,33,8.04,6,1,18,76.6
39284,2021,233,1724.28,544,233,7.4,14,0,22,66.4
39285,719,215,8674.71,548,215,40.35,7,1,17,23.6
39286,2067,89,652.2,484,89,7.33,20,1,36,67.9
39287,450,263,361.59,180,263,1.37,2,0,37,14.8
39288,1988,22,32235.35,386,22,1465.24,28,1,15,65.3
39289,1682,312,3332.9,626,312,10.68,18,1,41,55.3
39290,2281,350,128929.02,728,350,368.37,24,1,13,74.9
39291,110,458,1482.84,460,458,3.24,21,1,38,3.6
39292,2118,187,13542.51,400,187,72.42,4,1,22,69.6
39293,510,148,1163.79,16,148,7.86,22,0,20,16.8
39294,2358,268,10612.51,40,268,39.6,21,1,44,77.5
39295,1023,413,2910.1,153,413,7.05,8,0,29,33.6
39296,1021,307,2230.68,281,307,7.27,27,1,24,33.5
39297,104,120,115.3,82,120,0.96,19,0,19,3.4
39298,1328,131,1175.47,118,131,8.97,16,0,35,43.6
39299,237,428,691.62,385,428,1.62,22,1,34,7.8
39300,1380,48,7941.09,561,48,165.44,28,0,1,45.3
39301,629,31,1133.88,607,31,36.58,4,1,32,20.7
39302,1084,385,465.72,670,385,1.21,16,0,14,35.6
39303,828,367,14.22,145,367,0.04,2,0,33,27.2
39304,743,436,5997.48,409,436,13.76,11,1,6,24.4
39305,1426,145,190.25,612,145,1.31,6,0,47,46.8
39306,320,180,1078.65,316,180,5.99,17,1,24,10.5
39307,1348,401,405.6,503,401,1.01,1,0,43,44.3
39308,209,260,552.73,609,260,2.13,12,0,41,6.9
39309,1290,109,1464.31,67,109,13.43,27,1,23,42.4
39310,1648,86,49.91,68,86,0.58,10,1,5,54.1
39311,1640,25,2022.47,230,25,80.9,22,0,46,53.9
39312,476,358,1261.89,532,358,3.52,6,1,21,15.6
39313,1826,7,10950.07,297,7,1564.3,1,0,44,60.0
39314,1244,95,5465.52,669,95,57.53,7,0,21,40.9
39315,2224,423,163.52,2,423,0.39,27,1,27,73.1
39316,231,61,3987.29,170,61,65.37,4,0,32,7.6
39317,2431,234,537.44,495,234,2.3,3,0,40,79.9
39318,240,454,6994.61,345,454,15.41,16,1,31,7.9
39319,1079,418,1228.63,590,418,2.94,14,1,43,35.4
39320,1162,476,189.41,314,476,0.4,29,1,28,38.2
39321,1079,133,755.9,361,133,5.68,2,0,47,35.4
39322,580,359,3980.58,100,359,11.09,29,1,4,19.1
39323,1201,149,1921.55,401,149,12.9,29,0,48,39.5
39324,587,347,929.45,427,347,2.68,29,1,20,19.3
39325,1259,206,3031.61,254,206,14.72,25,1,49,41.4
39326,1984,420,173.44,375,420,0.41,16,1,42,65.2
39327,270,429,631.59,693,429,1.47,0,1,46,8.9
39328,1182,226,424.94,497,226,1.88,17,0,38,38.8
39329,1313,443,77.77,301,443,0.18,4,1,30,43.1
39330,2537,76,961.57,52,76,12.65,17,0,25,83.3
39331,2471,479,339.83,328,479,0.71,25,1,21,81.2
39332,47,384,1489.12,716,384,3.88,12,1,42,1.5
39333,2204,257,2431.35,38,257,9.46,16,1,11,72.4
39334,2148,173,9050.52,103,173,52.32,23,1,45,70.6
39335,2430,465,164.23,491,465,0.35,7,1,2,79.8
39336,2543,64,2827.27,444,64,44.18,12,0,41,83.5
39337,148,97,444.63,109,97,4.58,20,1,49,4.9
39338,1490,382,4752.67,370,382,12.44,16,1,17,48.9
39339,2206,473,2631.46,535,473,5.56,23,1,27,72.5
39340,1622,408,4741.56,493,408,11.62,23,1,21,53.3
39341,721,20,2221.86,108,20,111.09,13,1,6,23.7
39342,1132,431,194.28,379,431,0.45,19,1,20,37.2
39343,842,34,725.7,167,34,21.34,19,0,10,27.7
39344,1817,277,1875.94,371,277,6.77,19,1,14,59.7
39345,824,236,1182.94,415,236,5.01,8,0,8,27.1
39346,1563,182,3191.92,88,182,17.54,17,0,10,51.3
39347,914,17,1716.54,725,17,100.97,1,1,2,30.0
39348,2299,359,8149.6,318,359,22.7,9,1,34,75.5
39349,330,154,41.48,281,154,0.27,0,1,35,10.8
39350,1437,332,4836.73,118,332,14.57,18,1,27,47.2
39351,2211,393,2314.46,0,393,5.89,16,0,41,72.6
39352,2057,176,4322.8,464,176,24.56,7,1,49,67.6
39353,943,367,824.54,6,367,2.25,17,0,19,31.0
39354,1859,17,9173.51,506,17,539.62,24,1,30,61.1
39355,430,477,379.79,450,477,0.8,15,0,42,14.1
39356,739,309,2424.9,86,309,7.85,0,1,23,24.3
39357,2525,354,279.61,548,354,0.79,12,0,35,83.0
39358,2229,199,790.35,215,199,3.97,23,0,39,73.2
39359,392,164,815.14,105,164,4.97,12,0,7,12.9
39360,1309,280,531.81,279,280,1.9,2,0,25,43.0
39361,780,373,665.94,476,373,1.79,26,1,35,25.6
39362,2161,187,1709.16,359,187,9.14,3,1,18,71.0
39363,1257,220,744.72,591,220,3.39,22,1,23,41.3
39364,1463,400,866.82,107,400,2.17,9,1,31,48.1
39365,1920,476,1602.88,112,476,3.37,8,1,16,63.1
39366,863,381,3474.63,700,381,9.12,10,0,18,28.4
39367,237,321,9956.13,356,321,31.02,14,1,24,7.8
39368,1275,197,1623.66,203,197,8.24,6,0,0,41.9
39369,1601,259,324.03,132,259,1.25,3,1,17,52.6
39370,207,476,294.43,286,476,0.62,13,1,6,6.8
39371,228,304,1028.98,218,304,3.38,17,1,42,7.5
39372,2411,241,1555.3,255,241,6.45,5,1,45,79.2
39373,1158,133,8043.19,402,133,60.48,20,0,43,38.0
39374,1343,295,2079.22,423,295,7.05,22,0,6,44.1
39375,1620,108,2023.88,376,108,18.74,17,1,44,53.2
39376,2519,247,811.3,504,247,3.28,24,0,11,82.8
39377,2361,64,698.77,60,64,10.92,21,0,1,77.6
39378,1640,8,4511.74,129,8,563.97,2,1,40,53.9
39379,1873,30,158.58,585,30,5.29,27,1,39,61.5
39380,996,97,419.37,161,97,4.32,12,1,6,32.7
39381,1082,237,2857.72,185,237,12.06,28,1,44,35.5
39382,468,49,800.24,270,49,16.33,22,1,32,15.4
39383,268,450,561.59,314,450,1.25,27,1,41,8.8
39384,119,193,1465.95,514,193,7.6,27,1,44,3.9
39385,1264,455,3157.81,167,455,6.94,19,1,9,41.5
39386,385,62,12029.36,277,62,194.02,1,0,9,12.6
39387,1607,311,1127.77,117,311,3.63,23,0,26,52.8
39388,1072,238,3371.2,450,238,14.16,17,1,6,35.2
39389,1833,43,936.28,275,43,21.77,10,1,45,60.2
39390,719,68,2063.08,628,68,30.34,11,0,11,23.6
39391,192,368,313.11,492,368,0.85,19,1,36,6.3
39392,1462,473,2432.62,642,473,5.14,6,1,7,48.0
39393,845,375,53841.86,499,375,143.58,23,0,4,27.8
39394,207,148,3081.87,533,148,20.82,24,1,33,6.8
39395,1938,319,485.03,231,319,1.52,19,1,41,63.7
39396,733,52,2053.95,388,52,39.5,15,1,24,24.1
39397,747,420,695.15,270,420,1.66,26,1,9,24.5
39398,1165,37,872.24,562,37,23.57,12,1,4,38.3
39399,1331,281,428.56,680,281,1.53,12,1,4,43.7
39400,1217,189,2233.45,719,189,11.82,22,1,39,40.0
39401,1633,53,1783.44,98,53,33.65,7,0,45,53.6
39402,385,464,4023.35,527,464,8.67,3,1,28,12.6
39403,1628,359,427.37,584,359,1.19,22,0,41,53.5
39404,479,366,5321.54,240,366,14.54,23,1,45,15.7
39405,1295,10,1313.59,109,10,131.36,21,0,9,42.5
39406,2360,92,3042.06,163,92,33.07,25,0,14,77.5
39407,2374,405,3571.23,389,405,8.82,3,1,18,78.0
39408,1538,282,20005.0,698,282,70.94,17,1,17,50.5
39409,2068,277,2724.7,56,277,9.84,1,0,46,67.9
39410,551,206,308.29,296,206,1.5,2,1,23,18.1
39411,368,489,1691.23,18,489,3.46,19,1,20,12.1
39412,393,13,6403.14,94,13,492.55,6,0,23,12.9
39413,1406,168,527.75,40,168,3.14,2,0,6,46.2
39414,2366,426,1206.89,671,426,2.83,19,1,23,77.7
39415,2455,264,4765.24,685,264,18.05,21,1,33,80.7
39416,1903,496,1372.41,625,496,2.77,20,0,28,62.5
39417,1256,332,277.89,78,332,0.84,4,1,2,41.3
39418,139,166,192.72,184,166,1.16,10,1,13,4.6
39419,1788,75,13269.3,250,75,176.92,18,1,12,58.7
39420,2243,258,2824.92,626,258,10.95,5,1,1,73.7
39421,2378,256,1654.53,353,256,6.46,20,0,13,78.1
39422,1345,158,5291.04,700,158,33.49,19,1,14,44.2
39423,1958,303,1708.63,400,303,5.64,7,0,34,64.3
39424,707,112,514.3,135,112,4.59,20,0,45,23.2
39425,141,466,184.12,349,466,0.4,11,1,16,4.6
39426,2008,234,4269.1,510,234,18.24,4,0,36,66.0
39427,381,334,4859.95,624,334,14.55,24,0,0,12.5
39428,1373,447,17989.88,514,447,40.25,19,1,26,45.1
39429,2464,250,980.22,697,250,3.92,22,1,42,80.9
39430,555,370,313.33,136,370,0.85,7,1,32,18.2
39431,2184,93,398.84,620,93,4.29,18,0,14,71.7
39432,434,40,2177.13,24,40,54.43,3,1,37,14.3
39433,102,433,4744.24,298,433,10.96,27,0,21,3.4
39434,1141,184,5334.02,244,184,28.99,28,0,8,37.5
39435,2444,344,5401.32,720,344,15.7,9,1,10,80.3
39436,2439,373,8172.99,397,373,21.91,13,1,31,80.1
39437,1043,131,7517.69,332,131,57.39,21,1,0,34.3
39438,639,78,10286.1,557,78,131.87,14,1,37,21.0
39439,2480,121,809.66,716,121,6.69,11,1,28,81.5
39440,1374,377,2894.9,437,377,7.68,20,1,29,45.1
39441,893,338,833.1,570,338,2.46,12,1,45,29.3
39442,622,341,2033.66,286,341,5.96,6,1,24,20.4
39443,1829,388,16372.26,548,388,42.2,2,1,2,60.1
39444,623,151,33408.44,251,151,221.25,27,0,1,20.5
39445,1997,44,411.96,17,44,9.36,16,1,25,65.6
39446,1110,320,1134.85,31,320,3.55,29,1,10,36.5
39447,439,298,1083.98,327,298,3.64,17,1,41,14.4
39448,2258,38,301.32,171,38,7.93,24,1,35,74.2
39449,1635,86,886.97,221,86,10.31,9,0,25,53.7
39450,2121,439,1674.81,549,439,3.82,4,1,9,69.7
39451,1011,321,468.7,524,321,1.46,11,0,46,33.2
39452,2018,265,7415.35,451,265,27.98,10,1,42,66.3
39453,439,474,2647.54,130,474,5.59,15,1,46,14.4
39454,644,141,478.07,691,141,3.39,3,1,2,21.2
39455,2423,6,30028.19,605,6,5004.7,0,1,13,79.6
39456,302,44,6835.9,274,44,155.36,8,0,2,9.9
39457,2539,254,619.83,611,254,2.44,15,1,44,83.4
39458,2271,73,204.21,634,73,2.8,13,1,2,74.6
39459,96,401,792.74,532,401,1.98,18,0,44,3.2
39460,157,37,2788.33,413,37,75.36,29,1,33,5.2
39461,830,371,4304.7,644,371,11.6,16,0,35,27.3
39462,1764,136,4674.2,42,136,34.37,22,1,16,58.0
39463,2402,133,84.31,96,133,0.63,13,0,10,78.9
39464,43,427,35960.71,150,427,84.22,3,0,36,1.4
39465,1229,353,456.58,172,353,1.29,9,0,24,40.4
39466,1065,471,643.29,363,471,1.37,22,1,26,35.0
39467,327,320,3261.22,254,320,10.19,28,0,18,10.7
39468,167,278,4022.23,642,278,14.47,16,1,44,5.5
39469,2446,438,876.08,703,438,2.0,20,1,40,80.4
39470,1507,334,14915.98,647,334,44.66,12,0,34,49.5
39471,949,436,655.75,721,436,1.5,19,0,16,31.2
39472,206,324,435.41,39,324,1.34,11,0,36,6.8
39473,1830,416,406.94,706,416,0.98,25,1,35,60.1
39474,1156,145,2103.85,482,145,14.51,27,0,21,38.0
39475,1782,183,2811.27,229,183,15.36,8,0,45,58.5
39476,2158,429,723.49,436,429,1.69,4,0,23,70.9
39477,877,84,545.39,412,84,6.49,29,0,46,28.8
39478,414,318,11798.66,31,318,37.1,15,1,27,13.6
39479,762,341,1168.03,346,341,3.43,29,1,8,25.0
39480,111,133,342.52,500,133,2.58,12,0,20,3.6
39481,1304,299,442.46,245,299,1.48,13,1,33,42.8
39482,1105,473,1362.02,182,473,2.88,20,0,18,36.3
39483,2462,149,63.77,140,149,0.43,7,0,31,80.9
39484,515,179,2649.89,37,179,14.8,0,1,18,16.9
39485,470,223,1193.61,46,223,5.35,24,1,43,15.4
39486,135,299,1825.65,320,299,6.11,16,0,32,4.4
39487,1308,41,10213.18,308,41,249.1,9,0,17,43.0
39488,237,61,15309.28,557,61,250.97,25,0,48,7.8
39489,247,14,1020.95,457,14,72.92,0,1,30,8.1
39490,275,443,1875.8,508,443,4.23,3,0,42,9.0
39491,2204,180,29554.85,47,180,164.19,21,1,27,72.4
39492,1655,350,177.41,251,350,0.51,13,1,37,54.4
39493,1630,257,5779.79,82,257,22.49,15,0,18,53.5
39494,2360,438,7087.35,199,438,16.18,3,0,18,77.5
39495,99,419,632.83,441,419,1.51,28,0,25,3.3
39496,318,303,27109.44,268,303,89.47,5,1,20,10.4
39497,2390,387,12380.94,565,387,31.99,15,0,30,78.5
39498,416,412,939.08,340,412,2.28,0,1,27,13.7
39499,1759,215,975.42,532,215,4.54,29,1,41,57.8
39500,2148,315,4993.78,684,315,15.85,9,0,40,70.6
39501,2237,122,1963.01,93,122,16.09,26,1,14,73.5
39502,2219,109,2593.89,11,109,23.8,0,1,10,72.9
39503,1321,417,815.67,6,417,1.96,27,0,41,43.4
39504,1705,466,3796.95,564,466,8.15,5,0,41,56.0
39505,1688,498,1999.22,266,498,4.01,27,1,29,55.5
39506,1166,57,3916.84,42,57,68.72,6,1,15,38.3
39507,422,391,9754.44,610,391,24.95,9,0,19,13.9
39508,695,354,1370.1,620,354,3.87,15,1,22,22.8
39509,1015,125,2521.3,197,125,20.17,18,1,48,33.3
39510,2139,239,3949.75,418,239,16.53,17,1,2,70.3
39511,1127,475,365.88,622,475,0.77,5,0,46,37.0
39512,1905,165,2677.36,340,165,16.23,21,1,3,62.6
39513,1944,49,3649.32,686,49,74.48,9,1,36,63.9
39514,2439,36,399.85,3,36,11.11,17,1,25,80.1
39515,982,322,1985.13,639,322,6.16,5,1,31,32.3
39516,2467,145,2932.82,408,145,20.23,4,1,15,81.0
39517,1040,2,1479.83,107,2,739.92,11,1,36,34.2
39518,399,21,1963.43,158,21,93.5,28,1,1,13.1
39519,587,435,2004.61,578,435,4.61,19,0,43,19.3
39520,1015,362,4833.11,411,362,13.35,29,0,44,33.3
39521,1294,404,8189.25,494,404,20.27,9,1,10,42.5
39522,1923,121,213.57,6,121,1.77,17,1,5,63.2
39523,135,299,21719.01,286,299,72.64,11,0,40,4.4
39524,523,223,6328.71,499,223,28.38,4,0,38,17.2
39525,1426,444,375.21,456,444,0.85,5,1,33,46.8
39526,1271,445,801.11,718,445,1.8,15,1,48,41.8
39527,2477,340,2015.92,678,340,5.93,17,1,14,81.4
39528,841,21,162.19,248,21,7.72,24,1,3,27.6
39529,1038,330,177.26,533,330,0.54,9,1,11,34.1
39530,1944,429,2548.93,568,429,5.94,7,1,21,63.9
39531,2136,449,1484.9,570,449,3.31,8,1,14,70.2
39532,49,128,1123.52,263,128,8.78,23,1,12,1.6
39533,1752,11,3497.33,372,11,317.94,16,1,17,57.6
39534,2056,395,278.78,347,395,0.71,18,1,44,67.5
39535,1060,44,2327.49,209,44,52.9,23,1,45,34.8
39536,2536,362,2125.32,108,362,5.87,1,1,4,83.3
39537,776,393,9581.61,433,393,24.38,18,1,42,25.5
39538,906,416,3399.08,207,416,8.17,27,1,22,29.8
39539,198,491,1185.55,717,491,2.41,22,1,34,6.5
39540,648,13,1314.99,545,13,101.15,12,0,3,21.3
39541,812,249,4272.69,530,249,17.16,10,0,19,26.7
39542,2009,304,23412.21,97,304,77.01,10,0,17,66.0
39543,262,90,2006.54,660,90,22.29,7,1,0,8.6
39544,240,244,1415.71,188,244,5.8,18,0,10,7.9
39545,1021,116,2829.55,133,116,24.39,20,1,9,33.5
39546,2128,122,11823.81,150,122,96.92,11,0,0,69.9
39547,259,138,6314.61,688,138,45.76,29,1,49,8.5
39548,2185,135,3104.43,249,135,23.0,22,0,23,71.8
39549,1871,151,26904.65,529,151,178.18,2,1,13,61.5
39550,644,237,576.94,500,237,2.43,29,0,16,21.2
39551,2501,241,214.49,330,241,0.89,17,0,21,82.2
39552,428,435,272.22,36,435,0.63,6,1,26,14.1
39553,166,33,420.46,519,33,12.74,1,1,24,5.5
39554,1791,328,1761.52,618,328,5.37,7,0,15,58.8
39555,645,436,1131.8,485,436,2.6,15,1,34,21.2
39556,1293,481,105.01,60,481,0.22,8,1,43,42.5
39557,36,86,955.69,277,86,11.11,13,1,26,1.2
39558,40,120,1124.67,368,120,9.37,15,0,39,1.3
39559,1089,304,9713.77,89,304,31.95,9,0,42,35.8
39560,1234,84,792.59,84,84,9.44,26,1,22,40.5
39561,2422,129,854.85,467,129,6.63,24,1,5,79.6
39562,183,51,1743.85,435,51,34.19,6,1,33,6.0
39563,1196,197,794.0,34,197,4.03,24,0,19,39.3
39564,509,82,4239.81,292,82,51.71,15,1,37,16.7
39565,2049,169,2843.87,335,169,16.83,20,1,43,67.3
39566,1261,193,25745.88,247,193,133.4,20,1,14,41.4
39567,788,191,6596.84,221,191,34.54,24,1,28,25.9
39568,2188,499,5458.13,465,499,10.94,11,1,45,71.9
39569,877,481,3196.14,459,481,6.64,26,0,38,28.8
39570,1220,125,426.87,678,125,3.41,17,0,44,40.1
39571,2035,489,529.32,311,489,1.08,4,1,37,66.9
39572,1875,446,15261.0,380,446,34.22,9,1,4,61.6
39573,1447,193,1307.19,541,193,6.77,29,1,13,47.5
39574,41,434,893.0,410,434,2.06,23,0,25,1.3
39575,479,169,1835.35,257,169,10.86,29,0,6,15.7
39576,1692,165,475.88,95,165,2.88,18,1,8,55.6
39577,2126,474,10253.83,722,474,21.63,17,1,48,69.8
39578,1396,157,658.99,41,157,4.2,29,0,25,45.9
39579,672,2,398.21,160,2,199.1,21,1,39,22.1
39580,1575,470,91594.65,139,470,194.88,14,1,14,51.7
39581,530,173,1497.12,225,173,8.65,11,1,35,17.4
39582,2368,145,1815.22,275,145,12.52,23,1,10,77.8
39583,1333,450,3662.13,324,450,8.14,9,0,9,43.8
39584,409,127,3567.34,150,127,28.09,22,1,22,13.4
39585,1086,238,10205.92,272,238,42.88,20,1,48,35.7
39586,1717,95,4400.4,255,95,46.32,24,1,31,56.4
39587,617,122,1239.57,366,122,10.16,26,1,8,20.3
39588,1531,350,4399.68,502,350,12.57,5,1,48,50.3
39589,570,115,5456.05,282,115,47.44,1,1,0,18.7
39590,2284,35,2801.91,324,35,80.05,23,0,18,75.0
39591,1358,48,40.3,45,48,0.84,19,0,33,44.6
39592,2000,367,766.14,675,367,2.09,16,1,19,65.7
39593,237,256,1032.51,107,256,4.03,28,0,30,7.8
39594,92,421,178.77,661,421,0.42,1,1,46,3.0
39595,1348,159,7856.04,601,159,49.41,19,1,5,44.3
39596,2445,203,92.27,351,203,0.45,26,0,48,80.3
39597,1755,17,3032.77,495,17,178.4,19,1,28,57.7
39598,1755,146,303.64,505,146,2.08,0,0,36,57.7
39599,1240,310,2056.72,259,310,6.63,11,0,43,40.7
39600,2044,128,62422.55,26,128,487.68,18,0,29,67.1
39601,1432,196,2061.82,692,196,10.52,20,0,1,47.0
39602,1139,166,1691.66,723,166,10.19,1,0,2,37.4
39603,34,444,3987.38,588,444,8.98,6,1,35,1.1
39604,198,438,5659.5,600,438,12.92,17,0,21,6.5
39605,626,356,1586.71,556,356,4.46,0,0,2,20.6
39606,1387,10,5077.18,235,10,507.72,9,0,39,45.6
39607,2256,107,13225.8,410,107,123.61,13,1,48,74.1
39608,31,82,402.21,543,82,4.9,24,1,40,1.0
39609,1746,59,1133.12,442,59,19.21,14,0,2,57.4
39610,336,220,36491.41,85,220,165.87,22,1,30,11.0
39611,2050,451,1214.13,359,451,2.69,20,1,3,67.3
39612,1561,137,407.42,485,137,2.97,23,1,47,51.3
39613,1964,88,13516.81,542,88,153.6,9,1,22,64.5
39614,644,87,123662.61,721,87,1421.41,25,1,21,21.2
39615,606,24,1176.92,64,24,49.04,22,1,36,19.9
39616,395,458,138.12,103,458,0.3,17,0,45,13.0
39617,1978,259,74.6,515,259,0.29,4,1,17,65.0
39618,2167,207,3421.68,549,207,16.53,25,1,21,71.2
39619,304,220,9365.4,495,220,42.57,22,1,41,10.0
39620,2169,166,485.84,628,166,2.93,17,1,29,71.3
39621,916,416,2023.18,257,416,4.86,8,1,38,30.1
39622,2186,101,244.66,3,101,2.42,23,0,8,71.8
39623,2125,245,7113.41,307,245,29.03,11,1,48,69.8
39624,330,62,4917.05,551,62,79.31,23,1,31,10.8
39625,1131,237,8678.97,549,237,36.62,22,0,41,37.2
39626,229,287,927.59,300,287,3.23,24,1,49,7.5
39627,2449,353,2062.49,484,353,5.84,17,1,10,80.5
39628,2502,229,148.03,493,229,0.65,11,1,31,82.2
39629,1173,224,2840.46,206,224,12.68,0,0,42,38.5
39630,1362,395,3578.68,649,395,9.06,29,1,38,44.7
39631,1944,411,48227.99,323,411,117.34,2,1,46,63.9
39632,999,226,948.04,631,226,4.19,18,1,30,32.8
39633,1806,85,5139.16,389,85,60.46,23,1,6,59.3
39634,1940,290,14205.6,357,290,48.98,26,0,38,63.7
39635,68,129,2104.77,653,129,16.32,16,0,42,2.2
39636,2147,42,2374.16,665,42,56.53,8,0,45,70.5
39637,946,106,2020.5,96,106,19.06,28,1,32,31.1
39638,1830,424,16985.31,460,424,40.06,0,0,12,60.1
39639,2486,340,710.26,360,340,2.09,15,1,8,81.7
39640,1141,444,505.34,95,444,1.14,19,1,38,37.5
39641,2141,459,3069.33,307,459,6.69,12,0,6,70.3
39642,816,25,1667.16,475,25,66.69,8,0,43,26.8
39643,657,26,213.36,550,26,8.21,20,0,7,21.6
39644,1784,410,2682.82,101,410,6.54,13,0,26,58.6
39645,698,50,1059.75,134,50,21.2,13,1,42,22.9
39646,1905,148,2542.83,125,148,17.18,12,1,11,62.6
39647,1951,51,1438.27,637,51,28.2,7,0,13,64.1
39648,609,273,2606.18,357,273,9.55,2,1,35,20.0
39649,656,498,1183.79,13,498,2.38,22,1,44,21.6
39650,1796,202,2611.3,396,202,12.93,5,1,47,59.0
39651,1495,413,9293.15,627,413,22.5,11,0,7,49.1
39652,920,124,5731.02,215,124,46.22,14,0,32,30.2
39653,906,154,4415.44,145,154,28.67,8,1,44,29.8
39654,735,351,3709.16,462,351,10.57,10,0,45,24.1
39655,1580,488,23335.51,631,488,47.82,24,1,27,51.9
39656,179,194,1163.15,470,194,6.0,17,0,41,5.9
39657,1934,93,2782.37,108,93,29.92,19,1,35,63.5
39658,315,224,448.07,506,224,2.0,23,1,5,10.3
39659,2067,344,7588.22,631,344,22.06,24,0,38,67.9
39660,536,229,5654.83,363,229,24.69,21,0,11,17.6
39661,1192,241,5705.91,580,241,23.68,8,1,45,39.2
39662,2535,293,95.5,40,293,0.33,11,1,43,83.3
39663,928,302,2312.45,683,302,7.66,16,1,46,30.5
39664,2320,470,3148.23,262,470,6.7,7,1,10,76.2
39665,1507,387,550.69,21,387,1.42,8,1,29,49.5
39666,1378,154,321.35,452,154,2.09,11,0,26,45.3
39667,2334,233,2059.29,199,233,8.84,7,1,14,76.7
39668,1620,177,417.57,335,177,2.36,29,1,38,53.2
39669,2339,71,496.41,528,71,6.99,15,1,31,76.8
39670,173,354,21265.0,536,354,60.07,7,1,35,5.7
39671,162,476,5117.34,629,476,10.75,1,1,48,5.3
39672,853,439,4834.35,225,439,11.01,18,1,48,28.0
39673,1535,428,1018.27,254,428,2.38,4,0,35,50.4
39674,1157,158,2902.68,109,158,18.37,27,1,22,38.0
39675,108,146,476.27,92,146,3.26,1,1,41,3.5
39676,1766,31,7945.9,290,31,256.32,14,0,47,58.0
39677,488,423,1277.03,300,423,3.02,11,1,37,16.0
39678,2119,343,1641.37,515,343,4.79,0,1,41,69.6
39679,288,88,837.99,726,88,9.52,25,1,27,9.5
39680,2553,487,3867.15,592,487,7.94,9,0,17,83.9
39681,172,182,4347.51,304,182,23.89,2,0,16,5.7
39682,1775,177,997.38,208,177,5.63,24,0,10,58.3
39683,760,219,9939.74,536,219,45.39,28,1,13,25.0
39684,2486,295,968.51,135,295,3.28,17,1,49,81.7
39685,1227,403,341.01,237,403,0.85,22,1,40,40.3
39686,1252,192,6304.21,668,192,32.83,2,0,33,41.1
39687,833,484,637.63,235,484,1.32,6,1,17,27.4
39688,1954,282,453.82,90,282,1.61,0,1,6,64.2
39689,748,407,2339.24,663,407,5.75,5,0,36,24.6
39690,910,140,5505.1,15,140,39.32,19,1,35,29.9
39691,106,447,461.9,715,447,1.03,17,0,25,3.5
39692,408,425,53.1,373,425,0.12,10,0,0,13.4
39693,181,342,2286.07,276,342,6.68,1,1,1,5.9
39694,66,169,22036.11,242,169,130.39,22,1,26,2.2
39695,1683,358,1082.07,270,358,3.02,3,1,17,55.3
39696,1828,65,3444.09,608,65,52.99,15,0,0,60.1
39697,669,451,4464.63,17,451,9.9,11,0,10,22.0
39698,1950,396,2460.31,21,396,6.21,1,1,17,64.1
39699,658,282,1144.48,154,282,4.06,26,1,19,21.6
39700,638,20,776.05,272,20,38.8,27,0,42,21.0
39701,199,135,242.77,15,135,1.8,18,1,49,6.5
39702,2221,179,107.45,429,179,0.6,15,1,38,73.0
39703,978,442,5297.2,519,442,11.98,4,0,24,32.1
39704,1230,147,1345.55,341,147,9.15,6,1,49,40.4
39705,257,467,757.01,182,467,1.62,0,0,32,8.4
39706,1643,393,32903.7,555,393,83.72,6,0,29,54.0
39707,189,395,5274.85,583,395,13.35,0,1,27,6.2
39708,242,29,1139.67,294,29,39.3,22,1,48,8.0
39709,2441,290,1470.92,694,290,5.07,20,0,30,80.2
39710,544,476,509.22,674,476,1.07,18,0,30,17.9
39711,2064,122,7130.63,328,122,58.45,24,0,36,67.8
39712,1321,92,563.84,632,92,6.13,12,1,19,43.4
39713,2538,428,2318.42,143,428,5.42,8,1,24,83.4
39714,2515,93,645.76,594,93,6.94,25,0,1,82.6
39715,2092,32,478.16,203,32,14.94,18,1,19,68.7
39716,1568,215,3906.46,408,215,18.17,28,1,45,51.5
39717,699,149,92.71,686,149,0.62,16,1,19,23.0
39718,2020,269,15269.39,253,269,56.76,29,0,37,66.4
39719,830,34,3847.56,15,34,113.16,28,0,7,27.3
39720,358,202,1531.97,436,202,7.58,24,0,43,11.8
39721,228,167,4495.03,341,167,26.92,1,0,27,7.5
39722,1117,498,441.51,167,498,0.89,7,1,25,36.7
39723,484,434,10497.09,60,434,24.19,1,0,3,15.9
39724,543,6,2337.51,141,6,389.58,27,1,2,17.8
39725,2423,25,1286.03,77,25,51.44,0,1,48,79.6
39726,230,1,582.83,712,1,582.83,23,1,21,7.6
39727,1226,384,2950.85,35,384,7.68,1,0,32,40.3
39728,2007,440,178.25,295,440,0.41,14,0,3,65.9
39729,475,272,421.41,321,272,1.55,29,1,18,15.6
39730,900,419,16344.52,122,419,39.01,28,1,35,29.6
39731,759,211,1181.21,632,211,5.6,6,1,17,24.9
39732,2100,190,3928.07,89,190,20.67,23,1,16,69.0
39733,568,88,35692.41,360,88,405.6,10,1,26,18.7
39734,2474,119,262.04,673,119,2.2,3,0,8,81.3
39735,1518,453,4608.96,623,453,10.17,18,1,36,49.9
39736,2322,72,23676.07,248,72,328.83,5,1,49,76.3
39737,2262,366,2275.29,275,366,6.22,15,0,30,74.3
39738,1562,126,1206.69,187,126,9.58,14,0,1,51.3
39739,243,144,104.76,120,144,0.73,28,0,11,8.0
39740,376,206,7330.85,671,206,35.59,8,1,28,12.4
39741,2082,13,6841.75,488,13,526.29,14,1,3,68.4
39742,316,70,40114.29,115,70,573.06,0,0,13,10.4
39743,1027,474,585.23,680,474,1.23,8,1,23,33.7
39744,1921,204,34708.01,99,204,170.14,16,0,32,63.1
39745,1149,431,5146.95,296,431,11.94,8,0,2,37.7
39746,2172,346,1886.82,403,346,5.45,6,1,38,71.4
39747,288,156,2315.85,590,156,14.85,28,1,29,9.5
39748,1078,199,92.58,666,199,0.47,11,1,15,35.4
39749,309,297,2405.41,395,297,8.1,19,1,13,10.2
39750,787,114,451.62,305,114,3.96,5,0,34,25.9
39751,1391,297,641.4,64,297,2.16,3,1,0,45.7
39752,2461,151,354.63,640,151,2.35,14,1,9,80.8
39753,2472,348,1240.88,552,348,3.57,17,1,47,81.2
39754,63,367,27984.18,67,367,76.25,12,0,30,2.1
39755,1816,31,625.28,267,31,20.17,8,1,38,59.7
39756,2012,474,409.16,426,474,0.86,24,1,48,66.1
39757,1422,217,6179.6,406,217,28.48,26,1,33,46.7
39758,2122,386,899.97,67,386,2.33,9,0,18,69.7
39759,60,368,2541.7,151,368,6.91,9,1,46,2.0
39760,800,309,6668.32,258,309,21.58,26,1,14,26.3
39761,959,441,6572.0,33,441,14.9,19,1,47,31.5
39762,2253,498,3511.09,313,498,7.05,0,1,15,74.0
39763,1981,474,728.11,429,474,1.54,15,1,16,65.1
39764,1274,432,21094.11,553,432,48.83,24,1,18,41.9
39765,1574,256,409.72,700,256,1.6,9,1,34,51.7
39766,74,204,167.44,370,204,0.82,7,0,25,2.4
39767,485,397,5951.73,49,397,14.99,23,1,7,15.9
39768,487,494,1444.14,639,494,2.92,15,0,42,16.0
39769,364,384,5446.31,173,384,14.18,11,1,14,12.0
39770,520,50,11088.52,347,50,221.77,8,0,9,17.1
39771,1779,338,1336.24,8,338,3.95,10,0,3,58.4
39772,1598,457,3304.99,108,457,7.23,16,1,14,52.5
39773,1072,296,1627.34,501,296,5.5,13,1,35,35.2
39774,118,331,1217.64,122,331,3.68,10,0,37,3.9
39775,1268,7,3635.6,477,7,519.37,12,1,44,41.7
39776,2072,70,5239.58,97,70,74.85,2,1,3,68.1
39777,458,38,1160.96,4,38,30.55,6,1,25,15.0
39778,1325,50,14879.02,484,50,297.58,4,1,8,43.5
39779,2551,79,1732.32,526,79,21.93,21,0,15,83.8
39780,628,71,670.59,161,71,9.44,11,1,11,20.6
39781,1248,83,4660.38,600,83,56.15,16,0,6,41.0
39782,637,91,9661.12,238,91,106.17,14,0,19,20.9
39783,825,93,6288.55,533,93,67.62,0,1,38,27.1
39784,138,434,1848.3,437,434,4.26,21,1,5,4.5
39785,1326,351,324.26,217,351,0.92,25,0,9,43.6
39786,1570,424,10207.04,453,424,24.07,14,1,20,51.6
39787,106,165,1115.7,479,165,6.76,21,1,46,3.5
39788,1753,110,4007.51,423,110,36.43,18,1,49,57.6
39789,153,240,522.88,230,240,2.18,2,0,21,5.0
39790,2032,143,775.76,702,143,5.42,7,1,36,66.8
39791,2529,192,137.69,124,192,0.72,12,0,24,83.1
39792,1603,337,45.56,573,337,0.14,24,1,8,52.7
39793,949,448,7978.98,98,448,17.81,6,0,37,31.2
39794,1125,194,2738.27,475,194,14.11,26,1,20,37.0
39795,1337,325,6179.84,9,325,19.01,10,1,40,43.9
39796,1490,438,597.35,63,438,1.36,16,0,46,48.9
39797,1853,310,10395.83,261,310,33.53,3,0,47,60.9
39798,472,396,5557.8,578,396,14.03,19,0,40,15.5
39799,479,443,1054.95,202,443,2.38,13,1,1,15.7
39800,1341,194,5820.26,723,194,30.0,13,1,34,44.1
39801,2366,78,9332.33,633,78,119.65,8,1,14,77.7
39802,1853,250,1688.03,214,250,6.75,24,1,7,60.9
39803,1496,152,576.94,120,152,3.8,27,1,20,49.1
39804,1999,99,3597.93,154,99,36.34,27,1,22,65.7
39805,1123,345,764.18,76,345,2.22,5,0,21,36.9
39806,562,309,3165.63,349,309,10.24,3,1,29,18.5
39807,1062,247,121.65,100,247,0.49,24,1,22,34.9
39808,1855,437,418.2,705,437,0.96,26,1,32,60.9
39809,714,32,807.25,386,32,25.23,13,0,7,23.5
39810,1040,363,2133.73,276,363,5.88,17,1,6,34.2
39811,1935,312,2230.77,381,312,7.15,23,0,26,63.6
39812,174,333,34038.36,386,333,102.22,23,1,19,5.7
39813,739,87,117.48,572,87,1.35,4,0,37,24.3
39814,362,207,125.18,393,207,0.6,9,1,25,11.9
39815,1429,390,13.76,272,390,0.04,1,1,47,46.9
39816,709,219,2890.0,365,219,13.2,9,1,0,23.3
39817,2391,269,824.21,216,269,3.06,14,1,47,78.5
39818,2501,137,4066.13,112,137,29.68,21,1,41,82.2
39819,2038,113,1096.57,221,113,9.7,10,1,17,67.0
39820,1050,225,667.74,340,225,2.97,5,0,25,34.5
39821,52,89,2474.73,614,89,27.81,11,1,20,1.7
39822,934,109,724.41,107,109,6.65,29,0,43,30.7
39823,1257,171,1235.19,45,171,7.22,12,1,36,41.3
39824,609,250,6691.63,721,250,26.77,9,0,13,20.0
39825,1592,249,2289.56,287,249,9.2,15,0,18,52.3
39826,2089,463,3263.72,711,463,7.05,18,1,10,68.6
39827,2312,336,8063.75,706,336,24.0,3,0,22,76.0
39828,303,109,438.74,95,109,4.03,21,0,32,10.0
39829,2234,283,7075.22,269,283,25.0,24,0,49,73.4
39830,1794,469,2223.71,20,469,4.74,10,1,31,58.9
39831,2512,57,26902.46,32,57,471.97,6,1,35,82.5
39832,387,169,32295.11,279,169,191.1,15,0,32,12.7
39833,1036,259,6477.37,701,259,25.01,8,1,31,34.0
39834,1449,109,205.4,712,109,1.88,15,1,23,47.6
39835,1208,459,2218.14,706,459,4.83,26,0,24,39.7
39836,2368,414,127.42,541,414,0.31,12,1,10,77.8
39837,367,223,2769.45,682,223,12.42,8,1,17,12.1
39838,1530,303,18522.79,170,303,61.13,14,1,11,50.3
39839,45,132,1494.0,34,132,11.32,8,1,43,1.5
39840,233,293,1433.67,473,293,4.89,20,1,8,7.7
39841,1153,419,170.84,706,419,0.41,22,1,27,37.9
39842,1446,85,2646.36,545,85,31.13,12,0,44,47.5
39843,540,137,12360.14,426,137,90.22,14,1,3,17.7
39844,2406,378,3268.95,41,378,8.65,27,1,25,79.0
39845,1864,103,348.53,522,103,3.38,2,1,15,61.2
39846,1870,223,649.4,507,223,2.91,18,1,12,61.4
39847,60,479,8108.47,621,479,16.93,26,0,35,2.0
39848,2474,444,458.73,691,444,1.03,21,1,8,81.3
39849,1817,106,4439.38,523,106,41.88,16,1,7,59.7
39850,1206,465,2301.67,701,465,4.95,3,1,36,39.6
39851,2354,81,4463.7,229,81,55.11,11,0,8,77.3
39852,2449,468,3105.22,355,468,6.64,14,1,26,80.5
39853,1767,194,4210.67,320,194,21.7,18,1,18,58.0
39854,425,286,593.44,648,286,2.07,23,0,45,14.0
39855,1751,38,242.82,221,38,6.39,28,1,33,57.5
39856,255,111,1706.43,434,111,15.37,15,1,10,8.4
39857,1976,335,3909.41,160,335,11.67,19,1,32,64.9
39858,1437,312,809.76,173,312,2.6,4,1,33,47.2
39859,148,59,8634.4,385,59,146.35,16,0,35,4.9
39860,154,321,4645.22,316,321,14.47,6,1,30,5.1
39861,1695,321,12828.0,708,321,39.96,5,0,9,55.7
39862,1163,243,1746.05,329,243,7.19,13,1,26,38.2
39863,2154,477,471.87,672,477,0.99,22,0,39,70.8
39864,2477,179,1503.96,471,179,8.4,25,0,26,81.4
39865,383,234,2548.79,321,234,10.89,23,1,48,12.6
39866,2338,158,2057.93,217,158,13.02,1,1,45,76.8
39867,2406,48,64.0,698,48,1.33,11,0,32,79.0
39868,1034,431,3613.66,113,431,8.38,28,1,20,34.0
39869,304,158,704.87,98,158,4.46,29,1,18,10.0
39870,2264,41,2328.13,105,41,56.78,7,1,1,74.4
39871,198,132,969.89,285,132,7.35,7,0,23,6.5
39872,691,416,349.06,567,416,0.84,22,0,19,22.7
39873,647,189,6873.26,645,189,36.37,1,1,31,21.3
39874,1683,206,7673.75,409,206,37.25,19,1,47,55.3
39875,2150,401,112328.96,266,401,280.12,0,0,16,70.6
39876,2322,85,1981.13,263,85,23.31,23,0,14,76.3
39877,1971,470,3500.5,655,470,7.45,11,0,31,64.8
39878,1272,364,507.89,354,364,1.4,20,1,26,41.8
39879,245,391,10650.01,689,391,27.24,24,0,45,8.0
39880,672,281,3100.58,631,281,11.03,27,1,23,22.1
39881,2319,67,1317.85,442,67,19.67,12,0,10,76.2
39882,2352,433,11211.38,560,433,25.89,21,1,20,77.3
39883,587,399,12070.2,197,399,30.25,21,1,34,19.3
39884,59,28,1332.1,613,28,47.58,3,0,22,1.9
39885,785,477,5148.8,212,477,10.79,8,1,1,25.8
39886,326,417,1215.73,150,417,2.92,0,1,43,10.7
39887,2085,480,4312.98,3,480,8.99,27,1,16,68.5
39888,133,13,1523.69,340,13,117.21,28,1,13,4.4
39889,2429,411,6513.59,117,411,15.85,0,1,10,79.8
39890,2469,42,1132.47,445,42,26.96,26,1,26,81.1
39891,457,170,20589.6,364,170,121.12,1,0,9,15.0
39892,1947,144,5844.3,130,144,40.59,15,0,44,64.0
39893,786,345,3715.46,362,345,10.77,28,1,35,25.8
39894,555,95,244.79,442,95,2.58,29,0,43,18.2
39895,1600,313,4918.55,300,313,15.71,20,1,29,52.6
39896,2418,180,137.81,537,180,0.77,16,1,9,79.4
39897,1298,180,1943.18,426,180,10.8,2,0,47,42.6
39898,1270,404,18029.48,703,404,44.63,9,0,36,41.7
39899,1881,424,7298.7,208,424,17.21,24,1,47,61.8
39900,2248,342,40840.86,592,342,119.42,24,1,30,73.9
39901,2066,376,28617.78,298,376,76.11,14,1,4,67.9
39902,2112,119,115.4,149,119,0.97,13,0,20,69.4
39903,362,457,889.11,67,457,1.95,12,0,16,11.9
39904,107,368,10761.64,631,368,29.24,19,1,42,3.5
39905,1296,35,193.06,79,35,5.52,4,1,40,42.6
39906,276,493,2277.79,525,493,4.62,19,1,5,9.1
39907,260,24,8130.62,108,24,338.78,3,1,20,8.5
39908,1919,91,7998.8,597,91,87.9,21,1,49,63.0
39909,96,287,142.91,275,287,0.5,14,0,48,3.2
39910,2290,19,31169.29,724,19,1640.49,3,1,4,75.2
39911,972,228,6125.32,597,228,26.87,18,1,13,31.9
39912,1992,424,1520.28,69,424,3.59,16,1,25,65.4
39913,735,491,8897.99,282,491,18.12,23,1,26,24.1
39914,2108,332,537.67,217,332,1.62,9,1,32,69.3
39915,1556,229,10044.32,618,229,43.86,10,1,31,51.1
39916,2128,154,9479.05,673,154,61.55,24,0,47,69.9
39917,1725,450,4655.8,634,450,10.35,28,1,0,56.7
39918,1627,6,14069.73,596,6,2344.96,10,1,18,53.4
39919,2203,252,272.82,92,252,1.08,0,0,18,72.4
39920,2250,22,27420.15,103,22,1246.37,2,1,0,73.9
39921,403,32,1985.0,104,32,62.03,21,1,31,13.2
39922,2000,389,63.87,291,389,0.16,5,1,28,65.7
39923,1664,94,1223.21,29,94,13.01,21,1,38,54.7
39924,1623,218,1886.13,46,218,8.65,21,0,23,53.3
39925,1668,313,984.65,350,313,3.15,14,1,7,54.8
39926,2046,9,575.61,492,9,63.96,5,1,3,67.2
39927,2277,404,2865.84,242,404,7.09,27,1,24,74.8
39928,1785,159,2606.55,384,159,16.39,23,0,29,58.6
39929,2467,327,428.96,170,327,1.31,5,0,10,81.0
39930,1289,388,11469.37,310,388,29.56,5,1,40,42.3
39931,1749,263,168.3,438,263,0.64,22,0,25,57.5
39932,1247,282,1876.81,263,282,6.66,28,0,12,41.0
39933,1480,412,2699.44,472,412,6.55,20,1,9,48.6
39934,1364,489,3914.34,145,489,8.0,27,1,5,44.8
39935,930,420,19421.86,414,420,46.24,22,0,31,30.6
39936,301,166,580.26,56,166,3.5,2,1,0,9.9
39937,1846,340,22101.07,26,340,65.0,2,1,39,60.6
39938,906,213,13034.02,512,213,61.19,14,1,3,29.8
39939,243,226,4658.01,142,226,20.61,7,1,24,8.0
39940,1626,204,3646.43,145,204,17.87,24,1,24,53.4
39941,1527,175,6113.24,385,175,34.93,1,0,30,50.2
39942,1017,141,1734.89,103,141,12.3,13,1,38,33.4
39943,1539,483,424.74,418,483,0.88,11,1,41,50.6
39944,1866,460,103.55,52,460,0.23,16,0,49,61.3
39945,797,181,604.83,466,181,3.34,17,0,28,26.2
39946,896,302,106.98,352,302,0.35,27,1,38,29.4
39947,1365,120,4874.51,364,120,40.62,12,0,27,44.8
39948,2507,391,10175.71,345,391,26.02,10,1,16,82.4
39949,1230,121,8721.29,480,121,72.08,26,0,9,40.4
39950,665,479,2762.18,115,479,5.77,7,1,37,21.8
39951,614,218,296.93,84,218,1.36,16,0,0,20.2
39952,160,184,249.16,99,184,1.35,17,0,18,5.3
39953,257,466,42409.01,5,466,91.01,28,0,11,8.4
39954,195,446,1648.56,292,446,3.7,14,0,8,6.4
39955,664,498,280.75,401,498,0.56,12,1,25,21.8
39956,2329,221,3042.33,609,221,13.77,23,1,20,76.5
39957,2482,397,4617.19,477,397,11.63,24,0,3,81.5
39958,1040,161,297.22,358,161,1.85,19,0,0,34.2
39959,2017,295,3461.8,256,295,11.73,6,0,41,66.3
39960,1166,334,3814.62,119,334,11.42,12,0,48,38.3
39961,1935,313,599.83,222,313,1.92,27,1,28,63.6
39962,1584,429,4175.52,720,429,9.73,5,0,1,52.0
39963,584,388,77.81,623,388,0.2,26,1,18,19.2
39964,952,402,1008.51,297,402,2.51,22,0,44,31.3
39965,787,303,2207.63,627,303,7.29,8,1,29,25.9
39966,274,179,1190.16,26,179,6.65,13,1,45,9.0
39967,1937,494,922.85,562,494,1.87,14,1,45,63.6
39968,1251,288,672.87,221,288,2.34,23,1,46,41.1
39969,2046,40,54061.31,19,40,1351.53,9,1,25,67.2
39970,197,8,4658.42,434,8,582.3,22,1,48,6.5
39971,452,336,25.02,565,336,0.07,22,1,20,14.8
39972,1097,201,2844.0,277,201,14.15,2,0,34,36.0
39973,576,493,3022.73,456,493,6.13,26,1,0,18.9
39974,2246,390,1051.79,564,390,2.7,2,0,36,73.8
39975,969,11,6130.53,671,11,557.32,28,0,22,31.8
39976,687,312,3255.24,432,312,10.43,18,1,23,22.6
39977,334,135,2584.43,123,135,19.14,11,1,40,11.0
39978,1455,300,6780.77,155,300,22.6,16,0,35,47.8
39979,46,443,15280.61,176,443,34.49,22,0,44,1.5
39980,1575,181,7138.37,383,181,39.44,12,1,46,51.7
39981,1140,73,6003.98,255,73,82.25,13,1,44,37.5
39982,1739,156,49460.65,15,156,317.06,28,1,9,57.1
39983,2411,191,9863.0,203,191,51.64,28,1,49,79.2
39984,561,251,1661.87,70,251,6.62,15,0,47,18.4
39985,1952,26,183.66,175,26,7.06,28,1,14,64.1
39986,1331,32,603.86,284,32,18.87,26,0,25,43.7
39987,1417,250,3820.68,535,250,15.28,2,1,41,46.6
39988,2204,29,1077.84,245,29,37.17,6,0,24,72.4
39989,437,17,752.39,8,17,44.26,18,0,33,14.4
39990,280,477,6591.92,63,477,13.82,4,0,49,9.2
39991,901,455,4388.34,142,455,9.64,26,0,41,29.6
39992,992,96,445.21,505,96,4.64,5,0,1,32.6
39993,142,39,317.94,266,39,8.15,11,0,41,4.7
39994,899,371,256.95,439,371,0.69,17,1,22,29.5
39995,2526,194,1327.78,258,194,6.84,7,1,45,83.0
39996,1313,209,2579.54,421,209,12.34,11,0,19,43.1
39997,1005,270,10196.27,171,270,37.76,28,1,15,33.0
39998,1159,33,1605.46,226,33,48.65,7,1,14,38.1
39999,78,121,2030.17,486,121,16.78,7,0,35,2.6
40000,888,118,2895.37,3,118,24.54,24,1,31,29.2
