order_id,customer_id,order_date,order_amount,status
5001,914,2024-01-01,88.86,Completed
5002,465,2024-01-01,143.03,Pending
5003,463,2024-01-01,222.34,Pending
5004,713,2024-01-01,370.43,Cancelled
5005,73,2024-01-01,178.11,Cancelled
5006,60,2024-01-01,174.37,Shipped
5007,401,2024-01-01,153.18,Completed
5008,225,2024-01-01,246.97,Completed
5009,559,2024-01-01,102.61,Pending
5010,601,2024-01-01,250.53,Cancelled
5011,480,2024-01-01,356.53,Cancelled
5012,588,2024-01-01,29.45,Completed
5013,610,2024-01-01,19.74,Shipped
5014,354,2024-01-01,51.43,Cancelled
5015,73,2024-01-01,274.8,Shipped
5016,637,2024-01-01,429.41,Completed
5017,800,2024-01-01,17.37,Completed
5018,900,2024-01-01,469.28,Shipped
5019,367,2024-01-01,66.55,Cancelled
5020,862,2024-01-01,423.36,Completed
5021,246,2024-01-01,249.18,Pending
5022,824,2024-01-01,334.79,Completed
5023,937,2024-01-01,262.68,Cancelled
5024,548,2024-01-01,246.37,Pending
5025,90,2024-01-02,419.93,Completed
5026,294,2024-01-02,381.6,Cancelled
5027,624,2024-01-02,249.45,Cancelled
5028,906,2024-01-02,69.14,Completed
5029,320,2024-01-02,70.97,Cancelled
5030,883,2024-01-02,403.75,Shipped
5031,943,2024-01-02,271.75,Pending
5032,515,2024-01-02,248.57,Shipped
5033,117,2024-01-02,345.07,Completed
5034,220,2024-01-02,431.54,Shipped
5035,726,2024-01-02,320.0,Completed
5036,344,2024-01-02,384.98,Completed
5037,902,2024-01-02,386.16,Cancelled
5038,566,2024-01-02,187.79,Cancelled
5039,161,2024-01-02,147.93,Completed
5040,331,2024-01-02,403.56,Pending
5041,503,2024-01-02,197.93,Pending
5042,852,2024-01-02,453.12,Pending
5043,196,2024-01-02,48.8,Shipped
5044,453,2024-01-02,43.24,Completed
5045,141,2024-01-02,464.6,Cancelled
5046,789,2024-01-02,329.5,Shipped
5047,848,2024-01-02,199.11,Shipped
5048,175,2024-01-02,381.2,Cancelled
5049,354,2024-01-03,341.08,Completed
5050,817,2024-01-03,272.63,Shipped
5051,803,2024-01-03,62.95,Completed
5052,650,2024-01-03,408.91,Completed
5053,932,2024-01-03,435.02,Completed
5054,571,2024-01-03,98.5,Cancelled
5055,440,2024-01-03,427.5,Completed
5056,73,2024-01-03,440.76,Shipped
5057,726,2024-01-03,281.47,Cancelled
5058,363,2024-01-03,333.25,Cancelled
5059,917,2024-01-03,200.39,Shipped
5060,196,2024-01-03,151.67,Cancelled
5061,443,2024-01-03,365.16,Shipped
5062,353,2024-01-03,433.01,Pending
5063,226,2024-01-03,332.23,Shipped
5064,888,2024-01-03,263.12,Cancelled
5065,819,2024-01-03,92.08,Shipped
5066,254,2024-01-03,40.93,Pending
5067,633,2024-01-03,231.16,Completed
5068,418,2024-01-03,38.93,Completed
5069,921,2024-01-03,291.13,Completed
5070,141,2024-01-03,200.62,Cancelled
5071,820,2024-01-03,382.24,Pending
5072,359,2024-01-03,163.24,Shipped
5073,603,2024-01-04,302.6,Shipped
5074,156,2024-01-04,275.78,Shipped
5075,231,2024-01-04,17.29,Shipped
5076,929,2024-01-04,50.11,Cancelled
5077,63,2024-01-04,155.83,Cancelled
5078,832,2024-01-04,442.88,Pending
5079,580,2024-01-04,86.3,Shipped
5080,320,2024-01-04,359.78,Completed
5081,930,2024-01-04,487.08,Cancelled
5082,520,2024-01-04,398.43,Pending
5083,520,2024-01-04,132.83,Pending
5084,924,2024-01-04,455.56,Cancelled
5085,436,2024-01-04,60.16,Completed
5086,759,2024-01-04,242.05,Completed
5087,281,2024-01-04,445.46,Shipped
5088,288,2024-01-04,326.01,Cancelled
5089,216,2024-01-04,215.62,Completed
5090,596,2024-01-04,157.01,Cancelled
5091,871,2024-01-04,196.92,Pending
5092,445,2024-01-04,261.84,Pending
5093,217,2024-01-04,169.74,Pending
5094,735,2024-01-04,484.95,Cancelled
5095,57,2024-01-04,467.54,Shipped
5096,942,2024-01-04,437.28,Shipped
5097,425,2024-01-05,219.59,Completed
5098,247,2024-01-05,350.28,Cancelled
5099,769,2024-01-05,452.87,Shipped
5100,571,2024-01-05,427.46,Cancelled
5101,1007,2024-01-05,215.95,Shipped
5102,727,2024-01-05,69.51,Pending
5103,119,2024-01-05,51.68,Pending
5104,679,2024-01-05,294.88,Completed
5105,1005,2024-01-05,326.67,Pending
5106,366,2024-01-05,427.17,Shipped
5107,490,2024-01-05,156.87,Completed
5108,935,2024-01-05,96.22,Completed
5109,913,2024-01-05,198.82,Pending
5110,801,2024-01-05,186.48,Cancelled
5111,292,2024-01-05,79.25,Pending
5112,703,2024-01-05,341.06,Pending
5113,309,2024-01-05,261.72,Completed
5114,929,2024-01-05,364.74,Pending
5115,258,2024-01-05,186.06,Shipped
5116,450,2024-01-05,172.97,Completed
5117,311,2024-01-05,244.2,Pending
5118,237,2024-01-05,440.54,Cancelled
5119,114,2024-01-05,34.54,Shipped
5120,474,2024-01-05,405.34,Cancelled
5121,827,2024-01-06,193.96,Shipped
5122,478,2024-01-06,429.49,Cancelled
5123,54,2024-01-06,404.07,Pending
5124,518,2024-01-06,184.15,Shipped
5125,676,2024-01-06,351.53,Completed
5126,329,2024-01-06,92.42,Completed
5127,162,2024-01-06,449.7,Cancelled
5128,190,2024-01-06,211.18,Cancelled
5129,806,2024-01-06,235.98,Cancelled
5130,99,2024-01-06,357.29,Shipped
5131,31,2024-01-06,413.11,Completed
5132,109,2024-01-06,129.63,Pending
5133,549,2024-01-06,335.75,Shipped
5134,186,2024-01-06,205.12,Cancelled
5135,658,2024-01-06,193.82,Completed
5136,502,2024-01-06,349.66,Cancelled
5137,17,2024-01-06,202.78,Pending
5138,945,2024-01-06,182.86,Pending
5139,247,2024-01-06,420.41,Completed
5140,111,2024-01-06,64.12,Shipped
5141,781,2024-01-06,342.81,Pending
5142,672,2024-01-06,135.63,Pending
5143,858,2024-01-06,22.52,Pending
5144,493,2024-01-06,95.88,Pending
5145,751,2024-01-07,309.23,Cancelled
5146,130,2024-01-07,358.93,Cancelled
5147,156,2024-01-07,25.21,Shipped
5148,145,2024-01-07,32.67,Completed
5149,949,2024-01-07,452.73,Completed
5150,574,2024-01-07,50.55,Completed
5151,151,2024-01-07,448.68,Pending
5152,729,2024-01-07,125.66,Cancelled
5153,149,2024-01-07,373.91,Cancelled
5154,75,2024-01-07,165.22,Shipped
5155,845,2024-01-07,431.49,Completed
5156,98,2024-01-07,354.72,Cancelled
5157,500,2024-01-07,209.88,Shipped
5158,620,2024-01-07,52.01,Completed
5159,432,2024-01-07,370.36,Pending
5160,59,2024-01-07,314.19,Cancelled
5161,934,2024-01-07,16.41,Cancelled
5162,164,2024-01-07,19.57,Completed
5163,166,2024-01-07,407.26,Pending
5164,568,2024-01-07,140.81,Pending
5165,301,2024-01-07,323.52,Cancelled
5166,76,2024-01-07,235.29,Completed
5167,546,2024-01-07,433.76,Shipped
5168,843,2024-01-07,459.73,Cancelled
5169,610,2024-01-08,498.45,Pending
5170,617,2024-01-08,89.54,Shipped
5171,776,2024-01-08,433.54,Completed
5172,68,2024-01-08,144.02,Pending
5173,867,2024-01-08,301.55,Shipped
5174,293,2024-01-08,260.3,Cancelled
5175,594,2024-01-08,23.72,Pending
5176,936,2024-01-08,467.39,Completed
5177,582,2024-01-08,52.99,Pending
5178,128,2024-01-08,348.79,Cancelled
5179,201,2024-01-08,395.73,Completed
5180,395,2024-01-08,400.71,Cancelled
5181,23,2024-01-08,80.71,Shipped
5182,718,2024-01-08,232.07,Pending
5183,804,2024-01-08,417.27,Cancelled
5184,232,2024-01-08,161.8,Shipped
5185,12,2024-01-08,241.86,Completed
5186,146,2024-01-08,147.31,Completed
5187,937,2024-01-08,239.82,Shipped
5188,190,2024-01-08,445.6,Shipped
5189,90,2024-01-08,235.74,Completed
5190,349,2024-01-08,284.62,Cancelled
5191,460,2024-01-08,210.93,Shipped
5192,483,2024-01-08,238.16,Cancelled
5193,1004,2024-01-09,22.36,Completed
5194,166,2024-01-09,152.62,Cancelled
5195,399,2024-01-09,226.74,Cancelled
5196,303,2024-01-09,322.39,Shipped
5197,817,2024-01-09,233.28,Cancelled
5198,794,2024-01-09,178.84,Cancelled
5199,880,2024-01-09,203.23,Cancelled
5200,801,2024-01-09,132.51,Completed
5201,927,2024-01-09,463.38,Completed
5202,450,2024-01-09,268.05,Pending
5203,137,2024-01-09,21.5,Completed
5204,473,2024-01-09,24.43,Completed
5205,938,2024-01-09,486.89,Pending
5206,316,2024-01-09,122.4,Pending
5207,781,2024-01-09,405.72,Shipped
5208,751,2024-01-09,43.26,Shipped
5209,474,2024-01-09,461.76,Completed
5210,664,2024-01-09,439.09,Cancelled
5211,779,2024-01-09,291.98,Shipped
5212,155,2024-01-09,19.36,Shipped
5213,277,2024-01-09,140.04,Completed
5214,698,2024-01-09,212.31,Cancelled
5215,884,2024-01-09,238.13,Pending
5216,1,2024-01-09,159.37,Pending
5217,31,2024-01-10,30.98,Completed
5218,375,2024-01-10,301.21,Completed
5219,480,2024-01-10,269.22,Cancelled
5220,221,2024-01-10,152.26,Completed
5221,329,2024-01-10,33.42,Completed
5222,537,2024-01-10,497.38,Completed
5223,419,2024-01-10,248.76,Cancelled
5224,339,2024-01-10,381.66,Completed
5225,302,2024-01-10,234.37,Shipped
5226,25,2024-01-10,35.94,Cancelled
5227,53,2024-01-10,165.16,Shipped
5228,649,2024-01-10,170.25,Cancelled
5229,436,2024-01-10,421.6,Shipped
5230,560,2024-01-10,332.3,Cancelled
5231,364,2024-01-10,148.58,Pending
5232,29,2024-01-10,484.35,Completed
5233,481,2024-01-10,170.95,Completed
5234,362,2024-01-10,499.14,Cancelled
5235,658,2024-01-10,498.14,Shipped
5236,740,2024-01-10,107.74,Pending
5237,28,2024-01-10,166.68,Shipped
5238,290,2024-01-10,250.73,Completed
5239,736,2024-01-10,337.09,Completed
5240,67,2024-01-10,271.1,Shipped
5241,471,2024-01-11,485.18,Cancelled
5242,571,2024-01-11,366.13,Cancelled
5243,596,2024-01-11,117.84,Shipped
5244,120,2024-01-11,65.97,Completed
5245,255,2024-01-11,348.87,Shipped
5246,575,2024-01-11,91.85,Completed
5247,622,2024-01-11,397.02,Shipped
5248,498,2024-01-11,165.85,Cancelled
5249,489,2024-01-11,173.54,Pending
5250,702,2024-01-11,20.24,Completed
5251,570,2024-01-11,354.99,Pending
5252,440,2024-01-11,69.94,Cancelled
5253,242,2024-01-11,389.85,Shipped
5254,233,2024-01-11,253.56,Cancelled
5255,435,2024-01-11,395.38,Pending
5256,799,2024-01-11,298.2,Cancelled
5257,297,2024-01-11,54.98,Cancelled
5258,59,2024-01-11,386.34,Shipped
5259,323,2024-01-11,48.85,Pending
5260,939,2024-01-11,247.17,Pending
5261,614,2024-01-11,98.59,Pending
5262,862,2024-01-11,379.88,Completed
5263,40,2024-01-11,457.12,Cancelled
5264,626,2024-01-11,283.75,Pending
5265,127,2024-01-12,270.67,Cancelled
5266,745,2024-01-12,385.52,Shipped
5267,397,2024-01-12,17.46,Shipped
5268,145,2024-01-12,460.11,Completed
5269,655,2024-01-12,110.76,Completed
5270,337,2024-01-12,492.3,Shipped
5271,382,2024-01-12,372.08,Pending
5272,1021,2024-01-12,390.51,Shipped
5273,39,2024-01-12,333.26,Cancelled
5274,430,2024-01-12,243.76,Completed
5275,20,2024-01-12,292.24,Completed
5276,827,2024-01-12,37.51,Shipped
5277,540,2024-01-12,317.62,Pending
5278,675,2024-01-12,318.66,Pending
5279,935,2024-01-12,447.23,Cancelled
5280,262,2024-01-12,260.24,Completed
5281,835,2024-01-12,52.42,Shipped
5282,363,2024-01-12,163.51,Shipped
5283,588,2024-01-12,332.98,Completed
5284,336,2024-01-12,131.04,Shipped
5285,400,2024-01-12,151.06,Completed
5286,772,2024-01-12,412.93,Pending
5287,223,2024-01-12,298.4,Pending
5288,402,2024-01-12,261.64,Shipped
5289,226,2024-01-13,169.45,Pending
5290,725,2024-01-13,369.5,Pending
5291,825,2024-01-13,154.54,Cancelled
5292,939,2024-01-13,372.48,Completed
5293,293,2024-01-13,49.0,Completed
5294,774,2024-01-13,434.3,Shipped
5295,289,2024-01-13,257.29,Completed
5296,685,2024-01-13,227.68,Cancelled
5297,85,2024-01-13,311.35,Shipped
5298,231,2024-01-13,317.73,Shipped
5299,911,2024-01-13,79.04,Completed
5300,414,2024-01-13,381.77,Pending
5301,73,2024-01-13,148.83,Pending
5302,143,2024-01-13,453.91,Pending
5303,336,2024-01-13,411.66,Pending
5304,284,2024-01-13,182.94,Cancelled
5305,515,2024-01-13,406.75,Shipped
5306,267,2024-01-13,187.85,Pending
5307,490,2024-01-13,63.96,Cancelled
5308,454,2024-01-13,481.52,Shipped
5309,335,2024-01-13,331.51,Completed
5310,950,2024-01-13,236.21,Completed
5311,945,2024-01-13,207.92,Cancelled
5312,379,2024-01-13,172.48,Shipped
5313,779,2024-01-14,491.0,Pending
5314,273,2024-01-14,80.35,Shipped
5315,178,2024-01-14,167.68,Pending
5316,691,2024-01-14,250.47,Cancelled
5317,550,2024-01-14,246.83,Pending
5318,423,2024-01-14,243.61,Cancelled
5319,235,2024-01-14,100.26,Shipped
5320,419,2024-01-14,85.29,Shipped
5321,77,2024-01-14,138.56,Pending
5322,156,2024-01-14,458.55,Shipped
5323,38,2024-01-14,69.83,Pending
5324,377,2024-01-14,382.35,Shipped
5325,1010,2024-01-14,382.41,Completed
5326,502,2024-01-14,407.74,Pending
5327,296,2024-01-14,445.01,Cancelled
5328,173,2024-01-14,142.57,Completed
5329,822,2024-01-14,123.91,Cancelled
5330,69,2024-01-14,240.77,Shipped
5331,900,2024-01-14,143.57,Completed
5332,86,2024-01-14,371.14,Shipped
5333,170,2024-01-14,323.43,Pending
5334,883,2024-01-14,439.37,Cancelled
5335,253,2024-01-14,55.13,Shipped
5336,759,2024-01-14,458.82,Cancelled
5337,350,2024-01-15,157.27,Cancelled
5338,704,2024-01-15,252.99,Shipped
5339,832,2024-01-15,227.73,Pending
5340,39,2024-01-15,383.75,Cancelled
5341,7,2024-01-15,218.86,Shipped
5342,354,2024-01-15,472.62,Pending
5343,516,2024-01-15,452.73,Shipped
5344,836,2024-01-15,438.0,Pending
5345,511,2024-01-15,49.56,Cancelled
5346,947,2024-01-15,429.32,Completed
5347,367,2024-01-15,394.09,Shipped
5348,549,2024-01-15,65.2,Cancelled
5349,169,2024-01-15,67.1,Shipped
5350,739,2024-01-15,64.06,Shipped
5351,623,2024-01-15,20.5,Pending
5352,498,2024-01-15,281.09,Shipped
5353,840,2024-01-15,487.1,Pending
5354,588,2024-01-15,227.76,Cancelled
5355,936,2024-01-15,277.27,Shipped
5356,161,2024-01-15,484.47,Cancelled
5357,421,2024-01-15,138.76,Completed
5358,685,2024-01-15,431.36,Cancelled
5359,39,2024-01-15,280.0,Shipped
5360,726,2024-01-15,291.2,Completed
5361,749,2024-01-16,181.44,Pending
5362,233,2024-01-16,287.37,Completed
5363,797,2024-01-16,50.47,Shipped
5364,546,2024-01-16,385.85,Shipped
5365,911,2024-01-16,153.07,Cancelled
5366,746,2024-01-16,445.49,Pending
5367,210,2024-01-16,193.41,Shipped
5368,828,2024-01-16,84.27,Shipped
5369,704,2024-01-16,352.5,Pending
5370,568,2024-01-16,94.82,Pending
5371,946,2024-01-16,380.54,Cancelled
5372,93,2024-01-16,484.53,Completed
5373,947,2024-01-16,393.08,Pending
5374,888,2024-01-16,25.89,Shipped
5375,179,2024-01-16,305.94,Pending
5376,870,2024-01-16,352.27,Shipped
5377,294,2024-01-16,415.35,Cancelled
5378,597,2024-01-16,42.16,Completed
5379,604,2024-01-16,247.85,Cancelled
5380,610,2024-01-16,274.65,Pending
5381,163,2024-01-16,97.03,Shipped
5382,902,2024-01-16,171.39,Pending
5383,830,2024-01-16,228.51,Pending
5384,466,2024-01-16,419.11,Pending
5385,281,2024-01-17,465.76,Pending
5386,683,2024-01-17,319.79,Completed
5387,209,2024-01-17,206.55,Shipped
5388,661,2024-01-17,138.21,Pending
5389,90,2024-01-17,491.34,Shipped
5390,332,2024-01-17,491.76,Completed
5391,682,2024-01-17,463.61,Shipped
5392,933,2024-01-17,396.05,Shipped
5393,83,2024-01-17,173.0,Completed
5394,878,2024-01-17,411.25,Pending
5395,476,2024-01-17,213.26,Shipped
5396,714,2024-01-17,173.48,Cancelled
5397,619,2024-01-17,376.26,Shipped
5398,575,2024-01-17,53.63,Pending
5399,817,2024-01-17,38.55,Cancelled
5400,945,2024-01-17,232.26,Pending
5401,56,2024-01-17,231.13,Shipped
5402,831,2024-01-17,449.39,Completed
5403,710,2024-01-17,76.18,Pending
5404,79,2024-01-17,74.79,Pending
5405,844,2024-01-17,86.51,Completed
5406,869,2024-01-17,29.42,Shipped
5407,92,2024-01-17,49.79,Pending
5408,761,2024-01-17,335.04,Shipped
5409,497,2024-01-18,224.32,Shipped
5410,226,2024-01-18,385.35,Shipped
5411,847,2024-01-18,496.41,Completed
5412,738,2024-01-18,334.63,Shipped
5413,636,2024-01-18,39.47,Shipped
5414,141,2024-01-18,65.71,Cancelled
5415,405,2024-01-18,442.29,Cancelled
5416,681,2024-01-18,270.84,Cancelled
5417,731,2024-01-18,415.05,Pending
5418,700,2024-01-18,430.46,Pending
5419,665,2024-01-18,464.92,Cancelled
5420,930,2024-01-18,475.67,Completed
5421,871,2024-01-18,284.09,Completed
5422,882,2024-01-18,180.39,Cancelled
5423,558,2024-01-18,481.5,Pending
5424,681,2024-01-18,280.49,Pending
5425,154,2024-01-18,46.16,Completed
5426,313,2024-01-18,326.75,Shipped
5427,689,2024-01-18,300.03,Completed
5428,585,2024-01-18,449.46,Shipped
5429,699,2024-01-18,331.8,Pending
5430,235,2024-01-18,184.29,Pending
5431,891,2024-01-18,483.62,Cancelled
5432,250,2024-01-18,403.79,Pending
5433,118,2024-01-19,320.75,Shipped
5434,556,2024-01-19,157.07,Completed
5435,939,2024-01-19,196.17,Cancelled
5436,537,2024-01-19,339.94,Shipped
5437,84,2024-01-19,49.91,Completed
5438,115,2024-01-19,139.49,Completed
5439,767,2024-01-19,361.24,Completed
5440,54,2024-01-19,247.81,Pending
5441,19,2024-01-19,210.16,Completed
5442,395,2024-01-19,88.46,Pending
5443,307,2024-01-19,229.3,Completed
5444,921,2024-01-19,388.79,Completed
5445,34,2024-01-19,143.05,Pending
5446,561,2024-01-19,17.62,Pending
5447,917,2024-01-19,339.22,Shipped
5448,20,2024-01-19,486.72,Completed
5449,178,2024-01-19,309.31,Pending
5450,802,2024-01-19,73.16,Shipped
5451,138,2024-01-19,170.56,Shipped
5452,657,2024-01-19,435.81,Pending
5453,807,2024-01-19,127.8,Completed
5454,590,2024-01-19,309.73,Shipped
5455,289,2024-01-19,210.3,Completed
5456,828,2024-01-19,115.8,Completed
5457,701,2024-01-20,409.5,Shipped
5458,326,2024-01-20,375.27,Pending
5459,382,2024-01-20,335.87,Completed
5460,853,2024-01-20,129.62,Cancelled
5461,513,2024-01-20,62.46,Pending
5462,49,2024-01-20,294.44,Shipped
5463,661,2024-01-20,283.53,Cancelled
5464,8,2024-01-20,106.37,Completed
5465,86,2024-01-20,42.28,Pending
5466,888,2024-01-20,54.14,Cancelled
5467,688,2024-01-20,496.49,Pending
5468,345,2024-01-20,395.04,Completed
5469,220,2024-01-20,462.16,Pending
5470,41,2024-01-20,109.6,Cancelled
5471,549,2024-01-20,480.88,Pending
5472,638,2024-01-20,84.19,Shipped
5473,770,2024-01-20,261.9,Shipped
5474,253,2024-01-20,417.4,Cancelled
5475,212,2024-01-20,184.65,Pending
5476,764,2024-01-20,221.04,Cancelled
5477,252,2024-01-20,77.17,Pending
5478,57,2024-01-20,74.62,Completed
5479,424,2024-01-20,315.49,Shipped
5480,59,2024-01-20,342.63,Completed
5481,138,2024-01-21,392.01,Pending
5482,104,2024-01-21,284.99,Completed
5483,670,2024-01-21,328.19,Cancelled
5484,403,2024-01-21,21.56,Cancelled
5485,273,2024-01-21,93.65,Pending
5486,352,2024-01-21,492.68,Shipped
5487,21,2024-01-21,51.86,Cancelled
5488,594,2024-01-21,344.21,Shipped
5489,78,2024-01-21,100.4,Pending
5490,615,2024-01-21,362.61,Shipped
5491,703,2024-01-21,357.41,Pending
5492,220,2024-01-21,128.59,Completed
5493,501,2024-01-21,145.77,Pending
5494,928,2024-01-21,332.56,Completed
5495,661,2024-01-21,204.19,Pending
5496,124,2024-01-21,109.36,Cancelled
5497,573,2024-01-21,369.86,Cancelled
5498,850,2024-01-21,89.76,Shipped
5499,565,2024-01-21,429.99,Pending
5500,396,2024-01-21,264.61,Pending
5501,881,2024-01-21,66.26,Pending
5502,132,2024-01-21,351.63,Shipped
5503,717,2024-01-21,266.79,Cancelled
5504,364,2024-01-21,159.56,Pending
5505,256,2024-01-22,219.93,Shipped
5506,360,2024-01-22,159.69,Pending
5507,941,2024-01-22,142.57,Completed
5508,567,2024-01-22,94.35,Pending
5509,645,2024-01-22,190.94,Completed
5510,148,2024-01-22,136.73,Shipped
5511,825,2024-01-22,346.47,Shipped
5512,272,2024-01-22,346.68,Cancelled
5513,265,2024-01-22,258.39,Pending
5514,410,2024-01-22,392.3,Shipped
5515,501,2024-01-22,423.05,Cancelled
5516,721,2024-01-22,296.19,Pending
5517,929,2024-01-22,315.18,Shipped
5518,235,2024-01-22,152.2,Completed
5519,268,2024-01-22,449.01,Shipped
5520,238,2024-01-22,26.74,Completed
5521,696,2024-01-22,184.07,Cancelled
5522,213,2024-01-22,365.07,Cancelled
5523,204,2024-01-22,53.84,Pending
5524,925,2024-01-22,103.84,Pending
5525,526,2024-01-22,300.8,Pending
5526,550,2024-01-22,286.6,Cancelled
5527,558,2024-01-22,373.38,Completed
5528,161,2024-01-22,409.12,Pending
5529,136,2024-01-23,77.36,Pending
5530,105,2024-01-23,23.91,Cancelled
5531,645,2024-01-23,349.47,Completed
5532,228,2024-01-23,161.18,Shipped
5533,771,2024-01-23,318.6,Pending
5534,158,2024-01-23,88.01,Shipped
5535,243,2024-01-23,242.48,Shipped
5536,536,2024-01-23,259.65,Pending
5537,436,2024-01-23,298.76,Cancelled
5538,610,2024-01-23,263.89,Pending
5539,828,2024-01-23,255.41,Completed
5540,879,2024-01-23,176.38,Completed
5541,563,2024-01-23,49.52,Pending
5542,751,2024-01-23,58.42,Shipped
5543,499,2024-01-23,225.38,Completed
5544,582,2024-01-23,187.56,Completed
5545,334,2024-01-23,265.33,Pending
5546,592,2024-01-23,162.85,Pending
5547,620,2024-01-23,348.64,Cancelled
5548,315,2024-01-23,434.02,Pending
5549,598,2024-01-23,159.95,Pending
5550,887,2024-01-23,108.6,Completed
5551,679,2024-01-23,71.35,Completed
5552,23,2024-01-23,313.88,Completed
5553,758,2024-01-24,230.27,Shipped
5554,709,2024-01-24,106.19,Completed
5555,669,2024-01-24,331.77,Completed
5556,338,2024-01-24,87.01,Pending
5557,925,2024-01-24,283.84,Cancelled
5558,156,2024-01-24,270.67,Completed
5559,441,2024-01-24,371.1,Cancelled
5560,675,2024-01-24,41.73,Completed
5561,738,2024-01-24,445.62,Completed
5562,689,2024-01-24,355.95,Cancelled
5563,800,2024-01-24,119.82,Pending
5564,633,2024-01-24,103.95,Completed
5565,449,2024-01-24,224.36,Cancelled
5566,226,2024-01-24,411.52,Completed
5567,919,2024-01-24,423.83,Shipped
5568,542,2024-01-24,267.42,Shipped
5569,318,2024-01-24,432.49,Shipped
5570,380,2024-01-24,17.64,Shipped
5571,753,2024-01-24,32.06,Pending
5572,106,2024-01-24,457.23,Shipped
5573,203,2024-01-24,391.04,Cancelled
5574,390,2024-01-24,233.59,Completed
5575,515,2024-01-24,380.5,Cancelled
5576,858,2024-01-24,478.49,Shipped
5577,796,2024-01-25,389.46,Pending
5578,55,2024-01-25,423.55,Shipped
5579,86,2024-01-25,383.89,Shipped
5580,625,2024-01-25,96.58,Pending
5581,936,2024-01-25,419.28,Pending
5582,435,2024-01-25,109.63,Pending
5583,224,2024-01-25,447.92,Pending
5584,860,2024-01-25,237.45,Pending
5585,303,2024-01-25,343.33,Pending
5586,552,2024-01-25,256.16,Completed
5587,548,2024-01-25,60.59,Shipped
5588,160,2024-01-25,156.0,Shipped
5589,553,2024-01-25,492.11,Pending
5590,276,2024-01-25,480.95,Cancelled
5591,6,2024-01-25,170.44,Pending
5592,484,2024-01-25,498.2,Completed
5593,329,2024-01-25,425.09,Cancelled
5594,681,2024-01-25,311.32,Completed
5595,148,2024-01-25,34.46,Cancelled
5596,877,2024-01-25,452.2,Cancelled
5597,227,2024-01-25,285.35,Pending
5598,690,2024-01-25,436.21,Completed
5599,520,2024-01-25,419.7,Cancelled
5600,938,2024-01-25,419.01,Completed
5601,865,2024-01-26,353.61,Pending
5602,794,2024-01-26,156.34,Pending
5603,375,2024-01-26,178.04,Pending
5604,807,2024-01-26,164.61,Pending
5605,306,2024-01-26,24.72,Shipped
5606,228,2024-01-26,297.55,Cancelled
5607,430,2024-01-26,353.93,Shipped
5608,456,2024-01-26,429.13,Pending
5609,919,2024-01-26,82.98,Cancelled
5610,848,2024-01-26,278.93,Cancelled
5611,944,2024-01-26,18.88,Completed
5612,220,2024-01-26,61.12,Pending
5613,881,2024-01-26,41.29,Shipped
5614,184,2024-01-26,366.86,Completed
5615,752,2024-01-26,54.31,Cancelled
5616,588,2024-01-26,362.48,Shipped
5617,301,2024-01-26,136.07,Pending
5618,523,2024-01-26,440.69,Shipped
5619,836,2024-01-26,409.38,Shipped
5620,944,2024-01-26,479.55,Shipped
5621,813,2024-01-26,443.62,Completed
5622,229,2024-01-26,467.66,Cancelled
5623,606,2024-01-26,431.49,Shipped
5624,361,2024-01-26,351.29,Cancelled
5625,100,2024-01-27,97.58,Completed
5626,412,2024-01-27,146.78,Pending
5627,805,2024-01-27,118.17,Pending
5628,47,2024-01-27,307.74,Shipped
5629,175,2024-01-27,259.26,Completed
5630,670,2024-01-27,435.53,Pending
5631,528,2024-01-27,477.05,Completed
5632,279,2024-01-27,211.36,Completed
5633,17,2024-01-27,260.58,Shipped
5634,915,2024-01-27,486.19,Shipped
5635,387,2024-01-27,148.98,Completed
5636,159,2024-01-27,399.31,Completed
5637,89,2024-01-27,124.24,Shipped
5638,401,2024-01-27,345.51,Completed
5639,190,2024-01-27,138.0,Shipped
5640,921,2024-01-27,443.61,Cancelled
5641,673,2024-01-27,287.32,Completed
5642,491,2024-01-27,105.18,Shipped
5643,408,2024-01-27,123.82,Completed
5644,939,2024-01-27,254.52,Shipped
5645,801,2024-01-27,481.38,Completed
5646,382,2024-01-27,388.28,Pending
5647,119,2024-01-27,251.83,Pending
5648,261,2024-01-27,178.79,Completed
5649,495,2024-01-28,281.4,Pending
5650,15,2024-01-28,377.96,Completed
5651,619,2024-01-28,395.21,Completed
5652,303,2024-01-28,172.44,Cancelled
5653,317,2024-01-28,364.76,Cancelled
5654,560,2024-01-28,334.03,Pending
5655,141,2024-01-28,480.17,Cancelled
5656,733,2024-01-28,466.58,Cancelled
5657,613,2024-01-28,397.85,Completed
5658,864,2024-01-28,365.85,Shipped
5659,902,2024-01-28,147.91,Completed
5660,117,2024-01-28,425.29,Cancelled
5661,698,2024-01-28,222.34,Completed
5662,434,2024-01-28,147.04,Pending
5663,207,2024-01-28,201.32,Shipped
5664,526,2024-01-28,420.43,Cancelled
5665,943,2024-01-28,87.09,Cancelled
5666,794,2024-01-28,236.24,Completed
5667,434,2024-01-28,253.79,Completed
5668,912,2024-01-28,32.77,Completed
5669,728,2024-01-28,109.94,Completed
5670,266,2024-01-28,415.97,Cancelled
5671,645,2024-01-28,417.92,Completed
5672,949,2024-01-28,156.82,Cancelled
5673,548,2024-01-29,439.33,Completed
5674,898,2024-01-29,389.31,Shipped
5675,519,2024-01-29,217.69,Shipped
5676,683,2024-01-29,377.98,Completed
5677,801,2024-01-29,481.25,Completed
5678,664,2024-01-29,237.6,Pending
5679,76,2024-01-29,130.64,Shipped
5680,460,2024-01-29,471.78,Cancelled
5681,146,2024-01-29,307.82,Shipped
5682,668,2024-01-29,66.05,Cancelled
5683,824,2024-01-29,292.75,Completed
5684,908,2024-01-29,257.78,Shipped
5685,112,2024-01-29,429.96,Shipped
5686,480,2024-01-29,272.39,Pending
5687,414,2024-01-29,138.79,Pending
5688,82,2024-01-29,342.69,Shipped
5689,251,2024-01-29,278.15,Shipped
5690,257,2024-01-29,128.03,Shipped
5691,888,2024-01-29,293.21,Cancelled
5692,246,2024-01-29,413.44,Completed
5693,127,2024-01-29,28.86,Pending
5694,698,2024-01-29,320.96,Completed
5695,670,2024-01-29,184.55,Pending
5696,233,2024-01-29,156.95,Pending
5697,760,2024-01-30,205.41,Pending
5698,886,2024-01-30,180.88,Shipped
5699,263,2024-01-30,418.64,Pending
5700,286,2024-01-30,148.28,Completed
5701,514,2024-01-30,370.58,Pending
5702,371,2024-01-30,60.62,Completed
5703,760,2024-01-30,476.43,Pending
5704,884,2024-01-30,316.82,Pending
5705,700,2024-01-30,357.76,Shipped
5706,174,2024-01-30,159.55,Completed
5707,528,2024-01-30,214.87,Pending
5708,891,2024-01-30,123.53,Pending
5709,164,2024-01-30,467.28,Completed
5710,588,2024-01-30,251.73,Pending
5711,260,2024-01-30,320.77,Cancelled
5712,822,2024-01-30,371.12,Shipped
5713,43,2024-01-30,194.99,Completed
5714,124,2024-01-30,364.25,Shipped
5715,605,2024-01-30,342.86,Cancelled
5716,131,2024-01-30,357.24,Cancelled
5717,884,2024-01-30,252.28,Cancelled
5718,449,2024-01-30,200.72,Completed
5719,261,2024-01-30,122.71,Cancelled
5720,118,2024-01-30,414.94,Completed
5721,258,2024-01-31,310.05,Completed
5722,96,2024-01-31,230.51,Pending
5723,188,2024-01-31,472.84,Completed
5724,638,2024-01-31,38.2,Cancelled
5725,251,2024-01-31,427.33,Completed
5726,663,2024-01-31,498.83,Completed
5727,288,2024-01-31,445.17,Shipped
5728,195,2024-01-31,408.06,Cancelled
5729,585,2024-01-31,196.54,Completed
5730,325,2024-01-31,127.19,Pending
5731,218,2024-01-31,371.4,Completed
5732,909,2024-01-31,162.72,Completed
5733,478,2024-01-31,100.38,Shipped
5734,261,2024-01-31,396.47,Cancelled
5735,404,2024-01-31,166.58,Cancelled
5736,690,2024-01-31,458.5,Pending
5737,365,2024-01-31,422.71,Pending
5738,326,2024-01-31,426.11,Pending
5739,173,2024-01-31,389.21,Completed
5740,452,2024-01-31,442.23,Completed
5741,63,2024-01-31,405.79,Pending
5742,304,2024-01-31,307.22,Cancelled
5743,558,2024-01-31,158.47,Cancelled
5744,640,2024-01-31,445.78,Pending
5745,587,2024-02-01,422.69,Shipped
5746,657,2024-02-01,244.35,Cancelled
5747,16,2024-02-01,33.95,Cancelled
5748,169,2024-02-01,324.69,Pending
5749,427,2024-02-01,39.54,Cancelled
5750,584,2024-02-01,464.25,Completed
5751,917,2024-02-01,481.39,Completed
5752,453,2024-02-01,106.9,Cancelled
5753,838,2024-02-01,343.05,Completed
5754,452,2024-02-01,59.75,Shipped
5755,789,2024-02-01,368.82,Cancelled
5756,900,2024-02-01,183.43,Pending
5757,748,2024-02-01,345.31,Completed
5758,497,2024-02-01,195.85,Shipped
5759,343,2024-02-01,85.6,Shipped
5760,25,2024-02-01,211.96,Completed
5761,495,2024-02-01,69.65,Shipped
5762,128,2024-02-01,294.79,Cancelled
5763,21,2024-02-01,34.86,Shipped
5764,578,2024-02-01,270.75,Completed
5765,476,2024-02-01,444.89,Shipped
5766,118,2024-02-01,421.37,Completed
5767,391,2024-02-01,443.15,Completed
5768,779,2024-02-01,462.19,Shipped
5769,367,2024-02-02,65.7,Completed
5770,111,2024-02-02,77.44,Completed
5771,861,2024-02-02,285.15,Pending
5772,581,2024-02-02,448.58,Cancelled
5773,285,2024-02-02,487.56,Completed
5774,198,2024-02-02,37.44,Cancelled
5775,43,2024-02-02,187.55,Pending
5776,883,2024-02-02,118.25,Pending
5777,941,2024-02-02,381.64,Pending
5778,857,2024-02-02,325.49,Pending
5779,759,2024-02-02,73.15,Cancelled
5780,133,2024-02-02,249.51,Shipped
5781,115,2024-02-02,347.44,Shipped
5782,59,2024-02-02,392.82,Cancelled
5783,443,2024-02-02,24.73,Completed
5784,181,2024-02-02,446.88,Cancelled
5785,910,2024-02-02,291.1,Completed
5786,877,2024-02-02,408.78,Completed
5787,117,2024-02-02,406.85,Shipped
5788,471,2024-02-02,107.08,Pending
5789,23,2024-02-02,68.43,Shipped
5790,404,2024-02-02,364.82,Shipped
5791,911,2024-02-02,90.87,Cancelled
5792,261,2024-02-02,427.22,Cancelled
5793,835,2024-02-03,367.2,Completed
5794,114,2024-02-03,423.29,Cancelled
5795,314,2024-02-03,160.02,Completed
5796,827,2024-02-03,168.55,Completed
5797,104,2024-02-03,340.54,Pending
5798,441,2024-02-03,30.25,Pending
5799,432,2024-02-03,367.35,Shipped
5800,651,2024-02-03,420.35,Pending
5801,440,2024-02-03,216.35,Completed
5802,239,2024-02-03,385.97,Cancelled
5803,84,2024-02-03,99.69,Pending
5804,596,2024-02-03,171.3,Pending
5805,11,2024-02-03,487.54,Pending
5806,484,2024-02-03,493.37,Pending
5807,302,2024-02-03,263.61,Completed
5808,198,2024-02-03,468.12,Completed
5809,125,2024-02-03,268.52,Shipped
5810,748,2024-02-03,156.42,Cancelled
5811,54,2024-02-03,144.45,Shipped
5812,233,2024-02-03,465.81,Shipped
5813,894,2024-02-03,98.64,Pending
5814,948,2024-02-03,296.12,Cancelled
5815,370,2024-02-03,284.43,Pending
5816,842,2024-02-03,373.72,Completed
5817,474,2024-02-04,257.13,Shipped
5818,443,2024-02-04,147.06,Cancelled
5819,302,2024-02-04,97.16,Completed
5820,624,2024-02-04,316.1,Shipped
5821,121,2024-02-04,363.71,Cancelled
5822,401,2024-02-04,291.22,Shipped
5823,467,2024-02-04,373.1,Cancelled
5824,508,2024-02-04,83.64,Shipped
5825,431,2024-02-04,443.0,Pending
5826,713,2024-02-04,297.46,Shipped
5827,262,2024-02-04,76.52,Shipped
5828,137,2024-02-04,239.03,Cancelled
5829,229,2024-02-04,424.72,Cancelled
5830,634,2024-02-04,450.32,Pending
5831,560,2024-02-04,143.36,Cancelled
5832,316,2024-02-04,359.96,Shipped
5833,51,2024-02-04,63.49,Cancelled
5834,906,2024-02-04,31.27,Cancelled
5835,324,2024-02-04,286.79,Cancelled
5836,760,2024-02-04,351.99,Pending
5837,342,2024-02-04,400.96,Pending
5838,579,2024-02-04,180.0,Completed
5839,214,2024-02-04,18.16,Pending
5840,463,2024-02-04,247.57,Pending
5841,643,2024-02-05,22.69,Pending
5842,364,2024-02-05,59.61,Shipped
5843,395,2024-02-05,173.44,Completed
5844,291,2024-02-05,227.03,Shipped
5845,395,2024-02-05,150.54,Pending
5846,250,2024-02-05,297.2,Pending
5847,102,2024-02-05,41.84,Completed
5848,352,2024-02-05,85.12,Completed
5849,505,2024-02-05,352.2,Cancelled
5850,426,2024-02-05,83.94,Pending
5851,489,2024-02-05,325.29,Pending
5852,886,2024-02-05,41.52,Shipped
5853,891,2024-02-05,212.58,Cancelled
5854,10,2024-02-05,101.04,Pending
5855,940,2024-02-05,68.17,Shipped
5856,4,2024-02-05,290.01,Completed
5857,412,2024-02-05,465.24,Shipped
5858,681,2024-02-05,41.57,Pending
5859,894,2024-02-05,219.45,Shipped
5860,494,2024-02-05,358.15,Shipped
5861,239,2024-02-05,239.4,Cancelled
5862,261,2024-02-05,406.15,Cancelled
5863,885,2024-02-05,102.13,Completed
5864,319,2024-02-05,480.4,Cancelled
5865,116,2024-02-06,201.8,Shipped
5866,19,2024-02-06,180.66,Cancelled
5867,12,2024-02-06,439.18,Pending
5868,653,2024-02-06,288.48,Shipped
5869,248,2024-02-06,265.48,Shipped
5870,606,2024-02-06,367.58,Shipped
5871,776,2024-02-06,296.22,Pending
5872,279,2024-02-06,93.82,Shipped
5873,399,2024-02-06,341.99,Cancelled
5874,454,2024-02-06,79.73,Pending
5875,744,2024-02-06,405.84,Shipped
5876,445,2024-02-06,495.02,Cancelled
5877,170,2024-02-06,198.03,Cancelled
5878,242,2024-02-06,230.71,Completed
5879,13,2024-02-06,37.52,Cancelled
5880,857,2024-02-06,21.66,Cancelled
5881,13,2024-02-06,461.89,Completed
5882,660,2024-02-06,77.38,Completed
5883,842,2024-02-06,231.2,Pending
5884,356,2024-02-06,410.45,Cancelled
5885,112,2024-02-06,446.32,Pending
5886,830,2024-02-06,266.91,Pending
5887,821,2024-02-06,289.04,Shipped
5888,770,2024-02-06,339.8,Pending
5889,201,2024-02-07,481.27,Pending
5890,227,2024-02-07,307.29,Pending
5891,488,2024-02-07,286.35,Pending
5892,119,2024-02-07,22.05,Completed
5893,8,2024-02-07,54.26,Cancelled
5894,506,2024-02-07,294.93,Shipped
5895,584,2024-02-07,469.08,Completed
5896,696,2024-02-07,435.35,Shipped
5897,55,2024-02-07,491.55,Shipped
5898,335,2024-02-07,271.0,Completed
5899,365,2024-02-07,397.15,Pending
5900,560,2024-02-07,422.59,Completed
5901,193,2024-02-07,329.3,Shipped
5902,378,2024-02-07,179.29,Shipped
5903,944,2024-02-07,242.94,Pending
5904,139,2024-02-07,431.09,Completed
5905,570,2024-02-07,159.8,Cancelled
5906,896,2024-02-07,463.02,Shipped
5907,140,2024-02-07,126.46,Completed
5908,797,2024-02-07,378.52,Pending
5909,334,2024-02-07,320.82,Pending
5910,236,2024-02-07,378.56,Cancelled
5911,459,2024-02-07,227.11,Shipped
5912,703,2024-02-07,467.33,Cancelled
5913,833,2024-02-08,321.75,Cancelled
5914,637,2024-02-08,154.82,Cancelled
5915,345,2024-02-08,324.65,Cancelled
5916,900,2024-02-08,154.11,Pending
5917,390,2024-02-08,157.41,Shipped
5918,685,2024-02-08,208.81,Cancelled
5919,778,2024-02-08,428.43,Shipped
5920,533,2024-02-08,257.64,Pending
5921,92,2024-02-08,344.27,Pending
5922,682,2024-02-08,205.1,Completed
5923,752,2024-02-08,142.85,Completed
5924,107,2024-02-08,478.0,Shipped
5925,344,2024-02-08,307.74,Completed
5926,210,2024-02-08,467.97,Cancelled
5927,595,2024-02-08,113.66,Shipped
5928,561,2024-02-08,86.24,Pending
5929,645,2024-02-08,430.07,Pending
5930,750,2024-02-08,345.24,Cancelled
5931,23,2024-02-08,105.49,Completed
5932,648,2024-02-08,145.64,Shipped
5933,63,2024-02-08,403.32,Shipped
5934,893,2024-02-08,235.13,Cancelled
5935,435,2024-02-08,340.21,Completed
5936,741,2024-02-08,169.4,Shipped
5937,723,2024-02-09,199.9,Cancelled
5938,140,2024-02-09,495.5,Shipped
5939,179,2024-02-09,135.09,Pending
5940,173,2024-02-09,260.63,Shipped
5941,886,2024-02-09,424.54,Shipped
5942,561,2024-02-09,131.02,Shipped
5943,331,2024-02-09,216.38,Completed
5944,586,2024-02-09,313.32,Completed
5945,861,2024-02-09,248.38,Cancelled
5946,561,2024-02-09,237.86,Completed
5947,490,2024-02-09,190.82,Shipped
5948,615,2024-02-09,299.52,Shipped
5949,686,2024-02-09,317.82,Completed
5950,888,2024-02-09,331.85,Completed
5951,614,2024-02-09,49.13,Shipped
5952,414,2024-02-09,321.05,Shipped
5953,359,2024-02-09,477.32,Pending
5954,528,2024-02-09,277.38,Cancelled
5955,915,2024-02-09,361.9,Completed
5956,665,2024-02-09,285.02,Cancelled
5957,658,2024-02-09,429.55,Shipped
5958,915,2024-02-09,465.85,Cancelled
5959,517,2024-02-09,104.35,Completed
5960,455,2024-02-09,226.88,Completed
5961,668,2024-02-10,205.31,Cancelled
5962,65,2024-02-10,211.53,Completed
5963,823,2024-02-10,75.88,Pending
5964,259,2024-02-10,409.6,Shipped
5965,826,2024-02-10,32.35,Shipped
5966,724,2024-02-10,271.19,Completed
5967,553,2024-02-10,336.01,Shipped
5968,443,2024-02-10,115.62,Pending
5969,421,2024-02-10,454.34,Completed
5970,265,2024-02-10,421.7,Pending
5971,925,2024-02-10,243.48,Pending
5972,798,2024-02-10,214.41,Shipped
5973,499,2024-02-10,129.74,Shipped
5974,450,2024-02-10,369.05,Cancelled
5975,609,2024-02-10,78.9,Pending
5976,399,2024-02-10,344.92,Shipped
5977,2,2024-02-10,423.59,Pending
5978,467,2024-02-10,125.81,Cancelled
5979,936,2024-02-10,435.22,Pending
5980,310,2024-02-10,31.16,Completed
5981,923,2024-02-10,457.7,Cancelled
5982,912,2024-02-10,72.41,Cancelled
5983,930,2024-02-10,328.19,Pending
5984,493,2024-02-10,136.29,Pending
5985,327,2024-02-11,420.73,Shipped
5986,509,2024-02-11,263.47,Completed
5987,562,2024-02-11,80.59,Cancelled
5988,210,2024-02-11,291.93,Cancelled
5989,508,2024-02-11,212.82,Cancelled
5990,655,2024-02-11,335.8,Shipped
5991,271,2024-02-11,442.72,Completed
5992,494,2024-02-11,213.55,Cancelled
5993,127,2024-02-11,155.59,Cancelled
5994,873,2024-02-11,22.04,Shipped
5995,435,2024-02-11,293.8,Pending
5996,672,2024-02-11,210.1,Cancelled
5997,438,2024-02-11,196.7,Completed
5998,360,2024-02-11,103.72,Completed
5999,586,2024-02-11,223.58,Completed
6000,798,2024-02-11,492.45,Completed
6001,853,2024-02-11,159.41,Shipped
6002,854,2024-02-11,305.86,Cancelled
6003,777,2024-02-11,391.6,Shipped
6004,127,2024-02-11,378.34,Completed
6005,313,2024-02-11,174.46,Completed
6006,46,2024-02-11,311.27,Completed
6007,173,2024-02-11,437.56,Shipped
6008,418,2024-02-11,22.49,Completed
6009,378,2024-02-12,226.33,Cancelled
6010,669,2024-02-12,123.77,Completed
6011,814,2024-02-12,203.49,Cancelled
6012,376,2024-02-12,216.75,Cancelled
6013,22,2024-02-12,377.14,Completed
6014,662,2024-02-12,60.5,Shipped
6015,891,2024-02-12,263.6,Pending
6016,356,2024-02-12,288.63,Pending
6017,381,2024-02-12,254.67,Cancelled
6018,15,2024-02-12,369.96,Shipped
6019,857,2024-02-12,201.14,Pending
6020,287,2024-02-12,473.31,Completed
6021,883,2024-02-12,248.67,Completed
6022,281,2024-02-12,292.04,Cancelled
6023,342,2024-02-12,415.38,Shipped
6024,295,2024-02-12,148.49,Shipped
6025,305,2024-02-12,51.47,Pending
6026,888,2024-02-12,358.28,Pending
6027,168,2024-02-12,249.26,Completed
6028,614,2024-02-12,449.8,Cancelled
6029,515,2024-02-12,491.6,Shipped
6030,612,2024-02-12,208.57,Pending
6031,798,2024-02-12,216.49,Pending
6032,787,2024-02-12,212.86,Cancelled
6033,521,2024-02-13,172.41,Cancelled
6034,791,2024-02-13,394.12,Completed
6035,942,2024-02-13,383.11,Cancelled
6036,47,2024-02-13,247.14,Completed
6037,661,2024-02-13,36.66,Completed
6038,446,2024-02-13,165.14,Cancelled
6039,69,2024-02-13,156.77,Cancelled
6040,143,2024-02-13,408.38,Cancelled
6041,772,2024-02-13,57.47,Cancelled
6042,544,2024-02-13,405.75,Cancelled
6043,274,2024-02-13,339.55,Completed
6044,505,2024-02-13,370.23,Pending
6045,936,2024-02-13,224.62,Shipped
6046,370,2024-02-13,344.67,Shipped
6047,944,2024-02-13,310.38,Completed
6048,278,2024-02-13,387.96,Completed
6049,645,2024-02-13,231.68,Pending
6050,928,2024-02-13,244.32,Cancelled
6051,574,2024-02-13,327.13,Completed
6052,290,2024-02-13,67.42,Shipped
6053,385,2024-02-13,226.58,Cancelled
6054,494,2024-02-13,486.4,Completed
6055,167,2024-02-13,33.21,Cancelled
6056,27,2024-02-13,168.26,Shipped
6057,527,2024-02-14,167.34,Cancelled
6058,222,2024-02-14,322.23,Completed
6059,890,2024-02-14,66.31,Completed
6060,533,2024-02-14,319.84,Shipped
6061,439,2024-02-14,61.09,Pending
6062,422,2024-02-14,61.05,Pending
6063,314,2024-02-14,368.17,Cancelled
6064,633,2024-02-14,172.21,Completed
6065,607,2024-02-14,489.05,Completed
6066,279,2024-02-14,33.12,Shipped
6067,738,2024-02-14,230.88,Shipped
6068,807,2024-02-14,69.87,Completed
6069,469,2024-02-14,185.42,Shipped
6070,638,2024-02-14,499.14,Pending
6071,104,2024-02-14,446.09,Pending
6072,544,2024-02-14,38.44,Cancelled
6073,254,2024-02-14,288.18,Shipped
6074,946,2024-02-14,329.19,Cancelled
6075,676,2024-02-14,116.62,Shipped
6076,360,2024-02-14,85.38,Shipped
6077,19,2024-02-14,453.62,Pending
6078,399,2024-02-14,484.88,Completed
6079,183,2024-02-14,496.07,Shipped
6080,176,2024-02-14,398.03,Shipped
6081,861,2024-02-15,336.8,Shipped
6082,517,2024-02-15,182.68,Completed
6083,577,2024-02-15,98.13,Cancelled
6084,904,2024-02-15,53.31,Cancelled
6085,92,2024-02-15,351.25,Shipped
6086,770,2024-02-15,395.59,Shipped
6087,916,2024-02-15,415.83,Cancelled
6088,588,2024-02-15,458.18,Cancelled
6089,405,2024-02-15,441.77,Pending
6090,353,2024-02-15,499.87,Shipped
6091,256,2024-02-15,133.37,Cancelled
6092,58,2024-02-15,385.2,Pending
6093,326,2024-02-15,299.43,Completed
6094,1016,2024-02-15,141.7,Shipped
6095,79,2024-02-15,491.22,Cancelled
6096,225,2024-02-15,450.48,Shipped
6097,100,2024-02-15,77.33,Pending
6098,130,2024-02-15,27.69,Cancelled
6099,445,2024-02-15,348.84,Completed
6100,881,2024-02-15,308.0,Completed
6101,523,2024-02-15,468.87,Pending
6102,172,2024-02-15,128.49,Completed
6103,623,2024-02-15,55.93,Completed
6104,776,2024-02-15,140.72,Completed
6105,27,2024-02-16,24.18,Completed
6106,851,2024-02-16,32.41,Completed
6107,661,2024-02-16,458.71,Completed
6108,824,2024-02-16,185.73,Completed
6109,489,2024-02-16,214.24,Cancelled
6110,753,2024-02-16,23.91,Completed
6111,343,2024-02-16,146.2,Cancelled
6112,326,2024-02-16,405.29,Shipped
6113,630,2024-02-16,313.51,Pending
6114,772,2024-02-16,380.58,Completed
6115,866,2024-02-16,231.9,Pending
6116,693,2024-02-16,165.22,Completed
6117,783,2024-02-16,249.16,Cancelled
6118,431,2024-02-16,171.69,Completed
6119,804,2024-02-16,421.9,Shipped
6120,42,2024-02-16,159.37,Pending
6121,149,2024-02-16,334.99,Pending
6122,670,2024-02-16,81.44,Shipped
6123,589,2024-02-16,348.13,Cancelled
6124,557,2024-02-16,457.95,Cancelled
6125,637,2024-02-16,310.16,Shipped
6126,760,2024-02-16,286.53,Pending
6127,347,2024-02-16,481.14,Completed
6128,183,2024-02-16,319.29,Cancelled
6129,219,2024-02-17,140.88,Completed
6130,182,2024-02-17,156.81,Pending
6131,800,2024-02-17,357.07,Completed
6132,271,2024-02-17,371.69,Shipped
6133,152,2024-02-17,162.2,Cancelled
6134,488,2024-02-17,182.49,Cancelled
6135,670,2024-02-17,495.66,Shipped
6136,616,2024-02-17,64.45,Shipped
6137,420,2024-02-17,211.25,Cancelled
6138,43,2024-02-17,45.29,Cancelled
6139,145,2024-02-17,413.22,Cancelled
6140,810,2024-02-17,59.79,Pending
6141,70,2024-02-17,341.89,Pending
6142,789,2024-02-17,42.39,Pending
6143,921,2024-02-17,341.33,Completed
6144,540,2024-02-17,423.87,Pending
6145,920,2024-02-17,208.43,Cancelled
6146,825,2024-02-17,268.23,Pending
6147,714,2024-02-17,209.75,Cancelled
6148,632,2024-02-17,160.74,Shipped
6149,5,2024-02-17,404.58,Completed
6150,428,2024-02-17,146.92,Completed
6151,483,2024-02-17,365.63,Shipped
6152,828,2024-02-17,115.01,Cancelled
6153,828,2024-02-18,136.18,Completed
6154,16,2024-02-18,178.18,Pending
6155,35,2024-02-18,300.74,Cancelled
6156,174,2024-02-18,235.39,Completed
6157,124,2024-02-18,376.4,Shipped
6158,788,2024-02-18,118.58,Cancelled
6159,659,2024-02-18,20.18,Completed
6160,141,2024-02-18,391.63,Shipped
6161,287,2024-02-18,413.5,Cancelled
6162,510,2024-02-18,43.85,Pending
6163,108,2024-02-18,311.29,Cancelled
6164,654,2024-02-18,198.43,Pending
6165,559,2024-02-18,400.04,Cancelled
6166,349,2024-02-18,439.09,Shipped
6167,930,2024-02-18,427.74,Pending
6168,589,2024-02-18,391.94,Pending
6169,497,2024-02-18,145.49,Cancelled
6170,223,2024-02-18,408.77,Completed
6171,42,2024-02-18,273.74,Pending
6172,762,2024-02-18,40.59,Cancelled
6173,524,2024-02-18,236.62,Shipped
6174,477,2024-02-18,471.95,Cancelled
6175,572,2024-02-18,445.61,Cancelled
6176,278,2024-02-18,64.6,Pending
6177,382,2024-02-19,375.9,Completed
6178,620,2024-02-19,405.81,Shipped
6179,941,2024-02-19,146.62,Pending
6180,467,2024-02-19,243.73,Pending
6181,312,2024-02-19,359.83,Pending
6182,141,2024-02-19,227.94,Shipped
6183,214,2024-02-19,69.71,Completed
6184,877,2024-02-19,357.35,Shipped
6185,680,2024-02-19,457.14,Shipped
6186,806,2024-02-19,331.46,Completed
6187,21,2024-02-19,390.29,Shipped
6188,767,2024-02-19,188.81,Cancelled
6189,792,2024-02-19,103.85,Shipped
6190,3,2024-02-19,326.75,Pending
6191,822,2024-02-19,173.97,Shipped
6192,616,2024-02-19,432.14,Pending
6193,643,2024-02-19,74.47,Shipped
6194,485,2024-02-19,225.23,Pending
6195,631,2024-02-19,207.41,Pending
6196,889,2024-02-19,469.96,Pending
6197,881,2024-02-19,89.27,Completed
6198,202,2024-02-19,19.78,Shipped
6199,191,2024-02-19,130.47,Shipped
6200,478,2024-02-19,412.83,Cancelled
6201,253,2024-02-20,116.52,Cancelled
6202,353,2024-02-20,131.83,Cancelled
6203,34,2024-02-20,78.0,Shipped
6204,7,2024-02-20,361.99,Completed
6205,691,2024-02-20,48.55,Pending
6206,19,2024-02-20,175.64,Shipped
6207,815,2024-02-20,152.01,Completed
6208,582,2024-02-20,284.25,Completed
6209,853,2024-02-20,369.25,Shipped
6210,163,2024-02-20,273.45,Pending
6211,296,2024-02-20,466.55,Completed
6212,205,2024-02-20,476.45,Shipped
6213,200,2024-02-20,190.31,Pending
6214,849,2024-02-20,392.17,Cancelled
6215,815,2024-02-20,373.32,Completed
6216,315,2024-02-20,448.09,Completed
6217,101,2024-02-20,232.25,Shipped
6218,762,2024-02-20,272.28,Shipped
6219,775,2024-02-20,216.65,Pending
6220,712,2024-02-20,427.43,Cancelled
6221,917,2024-02-20,126.41,Cancelled
6222,7,2024-02-20,131.26,Shipped
6223,225,2024-02-20,195.71,Shipped
6224,28,2024-02-20,126.72,Pending
6225,223,2024-02-21,287.09,Shipped
6226,499,2024-02-21,80.23,Pending
6227,537,2024-02-21,170.29,Pending
6228,873,2024-02-21,458.02,Cancelled
6229,36,2024-02-21,213.47,Pending
6230,448,2024-02-21,377.89,Cancelled
6231,871,2024-02-21,70.03,Cancelled
6232,183,2024-02-21,135.07,Cancelled
6233,914,2024-02-21,406.56,Shipped
6234,806,2024-02-21,385.05,Cancelled
6235,607,2024-02-21,202.29,Pending
6236,596,2024-02-21,477.88,Shipped
6237,131,2024-02-21,456.66,Pending
6238,638,2024-02-21,481.72,Shipped
6239,794,2024-02-21,222.54,Pending
6240,390,2024-02-21,110.77,Completed
6241,443,2024-02-21,318.93,Completed
6242,357,2024-02-21,347.11,Completed
6243,400,2024-02-21,75.84,Pending
6244,362,2024-02-21,396.44,Shipped
6245,489,2024-02-21,23.76,Cancelled
6246,149,2024-02-21,249.12,Cancelled
6247,347,2024-02-21,175.54,Pending
6248,517,2024-02-21,374.05,Pending
6249,580,2024-02-22,166.69,Pending
6250,294,2024-02-22,416.0,Pending
6251,763,2024-02-22,303.55,Cancelled
6252,124,2024-02-22,400.04,Shipped
6253,608,2024-02-22,494.83,Cancelled
6254,170,2024-02-22,344.39,Pending
6255,524,2024-02-22,492.7,Completed
6256,940,2024-02-22,28.99,Cancelled
6257,583,2024-02-22,179.0,Completed
6258,575,2024-02-22,67.31,Completed
6259,533,2024-02-22,142.22,Pending
6260,947,2024-02-22,421.86,Cancelled
6261,128,2024-02-22,30.68,Shipped
6262,327,2024-02-22,267.29,Cancelled
6263,731,2024-02-22,290.06,Shipped
6264,552,2024-02-22,287.16,Shipped
6265,861,2024-02-22,245.52,Pending
6266,363,2024-02-22,398.44,Shipped
6267,124,2024-02-22,79.77,Cancelled
6268,764,2024-02-22,165.63,Cancelled
6269,86,2024-02-22,313.63,Completed
6270,412,2024-02-22,350.11,Shipped
6271,771,2024-02-22,211.01,Pending
6272,558,2024-02-22,439.56,Pending
6273,336,2024-02-23,216.51,Cancelled
6274,302,2024-02-23,210.35,Shipped
6275,794,2024-02-23,32.56,Pending
6276,251,2024-02-23,282.3,Shipped
6277,102,2024-02-23,358.71,Shipped
6278,342,2024-02-23,70.5,Completed
6279,745,2024-02-23,163.13,Pending
6280,744,2024-02-23,393.91,Completed
6281,868,2024-02-23,192.47,Pending
6282,592,2024-02-23,132.18,Shipped
6283,644,2024-02-23,341.02,Pending
6284,304,2024-02-23,110.43,Cancelled
6285,921,2024-02-23,449.39,Shipped
6286,300,2024-02-23,66.22,Pending
6287,776,2024-02-23,357.68,Completed
6288,575,2024-02-23,257.28,Completed
6289,190,2024-02-23,436.92,Shipped
6290,781,2024-02-23,76.2,Completed
6291,395,2024-02-23,343.78,Shipped
6292,231,2024-02-23,292.45,Shipped
6293,126,2024-02-23,247.84,Shipped
6294,619,2024-02-23,253.33,Pending
6295,242,2024-02-23,365.16,Shipped
6296,737,2024-02-23,469.8,Completed
6297,363,2024-02-24,59.26,Cancelled
6298,75,2024-02-24,24.46,Pending
6299,806,2024-02-24,405.77,Completed
6300,208,2024-02-24,67.46,Shipped
6301,899,2024-02-24,493.55,Shipped
6302,899,2024-02-24,315.38,Cancelled
6303,621,2024-02-24,330.67,Completed
6304,450,2024-02-24,111.46,Pending
6305,477,2024-02-24,131.55,Completed
6306,611,2024-02-24,334.78,Shipped
6307,522,2024-02-24,456.22,Pending
6308,188,2024-02-24,491.46,Shipped
6309,707,2024-02-24,111.05,Shipped
6310,386,2024-02-24,80.05,Completed
6311,876,2024-02-24,42.35,Cancelled
6312,416,2024-02-24,436.12,Shipped
6313,249,2024-02-24,157.94,Completed
6314,850,2024-02-24,15.88,Pending
6315,614,2024-02-24,123.55,Cancelled
6316,705,2024-02-24,180.11,Shipped
6317,257,2024-02-24,495.63,Shipped
6318,755,2024-02-24,268.92,Pending
6319,700,2024-02-24,114.29,Completed
6320,158,2024-02-24,177.39,Shipped
6321,356,2024-02-25,175.2,Pending
6322,41,2024-02-25,24.57,Shipped
6323,87,2024-02-25,80.56,Completed
6324,863,2024-02-25,352.17,Cancelled
6325,213,2024-02-25,73.32,Completed
6326,726,2024-02-25,126.91,Completed
6327,814,2024-02-25,185.11,Completed
6328,63,2024-02-25,382.5,Pending
6329,104,2024-02-25,297.46,Shipped
6330,803,2024-02-25,349.16,Cancelled
6331,739,2024-02-25,290.0,Pending
6332,287,2024-02-25,346.54,Completed
6333,33,2024-02-25,16.38,Cancelled
6334,723,2024-02-25,466.49,Completed
6335,21,2024-02-25,68.8,Completed
6336,466,2024-02-25,212.03,Completed
6337,631,2024-02-25,388.95,Cancelled
6338,69,2024-02-25,226.09,Shipped
6339,295,2024-02-25,474.22,Completed
6340,576,2024-02-25,241.78,Shipped
6341,931,2024-02-25,439.35,Cancelled
6342,485,2024-02-25,408.25,Cancelled
6343,338,2024-02-25,490.78,Completed
6344,727,2024-02-25,464.38,Shipped
6345,772,2024-02-26,450.59,Shipped
6346,776,2024-02-26,369.83,Completed
6347,349,2024-02-26,192.99,Pending
6348,31,2024-02-26,66.47,Pending
6349,99,2024-02-26,348.99,Cancelled
6350,888,2024-02-26,489.65,Cancelled
6351,1017,2024-02-26,367.4,Pending
6352,554,2024-02-26,465.43,Pending
6353,486,2024-02-26,405.09,Pending
6354,761,2024-02-26,94.11,Completed
6355,616,2024-02-26,135.86,Completed
6356,65,2024-02-26,180.8,Completed
6357,673,2024-02-26,96.61,Completed
6358,933,2024-02-26,297.1,Completed
6359,709,2024-02-26,488.09,Completed
6360,698,2024-02-26,384.31,Cancelled
6361,273,2024-02-26,220.34,Shipped
6362,613,2024-02-26,17.18,Cancelled
6363,901,2024-02-26,166.94,Shipped
6364,891,2024-02-26,270.48,Cancelled
6365,220,2024-02-26,172.26,Cancelled
6366,132,2024-02-26,68.85,Completed
6367,458,2024-02-26,229.74,Completed
6368,393,2024-02-26,137.83,Shipped
6369,767,2024-02-27,455.98,Shipped
6370,107,2024-02-27,64.35,Completed
6371,405,2024-02-27,38.84,Cancelled
6372,612,2024-02-27,17.58,Shipped
6373,477,2024-02-27,174.11,Pending
6374,301,2024-02-27,335.29,Pending
6375,704,2024-02-27,369.25,Pending
6376,520,2024-02-27,234.83,Shipped
6377,374,2024-02-27,346.9,Completed
6378,376,2024-02-27,189.56,Completed
6379,122,2024-02-27,338.89,Completed
6380,361,2024-02-27,34.69,Shipped
6381,161,2024-02-27,204.52,Shipped
6382,664,2024-02-27,398.56,Pending
6383,414,2024-02-27,404.46,Shipped
6384,12,2024-02-27,362.33,Pending
6385,324,2024-02-27,114.06,Pending
6386,217,2024-02-27,134.89,Completed
6387,14,2024-02-27,498.1,Shipped
6388,494,2024-02-27,65.14,Completed
6389,803,2024-02-27,102.62,Completed
6390,914,2024-02-27,78.06,Shipped
6391,867,2024-02-27,173.91,Shipped
6392,947,2024-02-27,116.94,Cancelled
6393,328,2024-02-28,256.38,Pending
6394,177,2024-02-28,245.87,Cancelled
6395,617,2024-02-28,452.23,Pending
6396,829,2024-02-28,31.85,Pending
6397,289,2024-02-28,170.14,Pending
6398,183,2024-02-28,304.38,Completed
6399,948,2024-02-28,308.33,Completed
6400,793,2024-02-28,247.86,Shipped
6401,201,2024-02-28,410.6,Pending
6402,596,2024-02-28,45.42,Pending
6403,208,2024-02-28,410.51,Pending
6404,494,2024-02-28,254.96,Completed
6405,896,2024-02-28,79.87,Shipped
6406,457,2024-02-28,444.57,Completed
6407,284,2024-02-28,329.88,Cancelled
6408,561,2024-02-28,94.32,Cancelled
6409,53,2024-02-28,31.32,Cancelled
6410,631,2024-02-28,83.44,Shipped
6411,917,2024-02-28,310.27,Cancelled
6412,124,2024-02-28,101.96,Shipped
6413,527,2024-02-28,124.5,Completed
6414,341,2024-02-28,27.19,Completed
6415,295,2024-02-28,365.62,Shipped
6416,604,2024-02-28,408.03,Completed
6417,75,2024-02-29,401.47,Completed
6418,178,2024-02-29,76.87,Shipped
6419,466,2024-02-29,453.1,Cancelled
6420,838,2024-02-29,341.06,Shipped
6421,406,2024-02-29,450.3,Pending
6422,622,2024-02-29,231.87,Completed
6423,722,2024-02-29,226.92,Shipped
6424,855,2024-02-29,395.5,Completed
6425,139,2024-02-29,60.25,Cancelled
6426,776,2024-02-29,267.62,Completed
6427,467,2024-02-29,420.65,Shipped
6428,470,2024-02-29,417.64,Cancelled
6429,387,2024-02-29,478.72,Cancelled
6430,93,2024-02-29,353.66,Cancelled
6431,366,2024-02-29,115.77,Pending
6432,264,2024-02-29,24.84,Shipped
6433,707,2024-02-29,247.52,Shipped
6434,847,2024-02-29,264.15,Cancelled
6435,840,2024-02-29,131.53,Completed
6436,352,2024-02-29,75.48,Cancelled
6437,26,2024-02-29,299.31,Pending
6438,857,2024-02-29,385.66,Cancelled
6439,613,2024-02-29,496.68,Shipped
6440,215,2024-02-29,382.78,Cancelled
6441,684,2024-03-01,399.91,Completed
6442,850,2024-03-01,313.98,Shipped
6443,814,2024-03-01,493.17,Completed
6444,701,2024-03-01,325.38,Cancelled
6445,598,2024-03-01,432.22,Shipped
6446,425,2024-03-01,473.71,Pending
6447,539,2024-03-01,465.98,Shipped
6448,359,2024-03-01,199.99,Completed
6449,113,2024-03-01,53.15,Shipped
6450,666,2024-03-01,98.36,Pending
6451,345,2024-03-01,43.72,Pending
6452,689,2024-03-01,66.12,Pending
6453,785,2024-03-01,104.56,Pending
6454,270,2024-03-01,180.43,Completed
6455,495,2024-03-01,278.62,Shipped
6456,515,2024-03-01,360.17,Cancelled
6457,919,2024-03-01,117.3,Pending
6458,557,2024-03-01,341.17,Cancelled
6459,508,2024-03-01,356.57,Cancelled
6460,631,2024-03-01,285.93,Shipped
6461,471,2024-03-01,453.25,Cancelled
6462,526,2024-03-01,68.83,Cancelled
6463,456,2024-03-01,100.9,Completed
6464,167,2024-03-01,222.9,Cancelled
6465,108,2024-03-02,76.46,Shipped
6466,346,2024-03-02,289.65,Cancelled
6467,346,2024-03-02,208.22,Shipped
6468,783,2024-03-02,153.03,Pending
6469,665,2024-03-02,97.45,Cancelled
6470,526,2024-03-02,177.64,Cancelled
6471,540,2024-03-02,309.86,Cancelled
6472,322,2024-03-02,294.26,Pending
6473,729,2024-03-02,94.36,Completed
6474,596,2024-03-02,75.59,Cancelled
6475,786,2024-03-02,27.94,Shipped
6476,427,2024-03-02,21.03,Completed
6477,146,2024-03-02,441.71,Completed
6478,608,2024-03-02,36.87,Completed
6479,836,2024-03-02,369.64,Cancelled
6480,160,2024-03-02,437.91,Pending
6481,44,2024-03-02,62.56,Pending
6482,377,2024-03-02,226.61,Cancelled
6483,647,2024-03-02,481.72,Shipped
6484,352,2024-03-02,419.56,Shipped
6485,453,2024-03-02,252.51,Shipped
6486,82,2024-03-02,384.85,Cancelled
6487,910,2024-03-02,419.19,Pending
6488,625,2024-03-02,183.79,Cancelled
6489,482,2024-03-03,447.69,Pending
6490,20,2024-03-03,243.18,Completed
6491,895,2024-03-03,270.99,Cancelled
6492,166,2024-03-03,499.86,Pending
6493,763,2024-03-03,424.0,Completed
6494,350,2024-03-03,190.46,Completed
6495,97,2024-03-03,20.02,Cancelled
6496,820,2024-03-03,318.69,Pending
6497,856,2024-03-03,356.4,Completed
6498,33,2024-03-03,330.64,Cancelled
6499,51,2024-03-03,484.41,Completed
6500,504,2024-03-03,433.54,Shipped
6501,572,2024-03-03,232.68,Cancelled
6502,681,2024-03-03,45.49,Completed
6503,737,2024-03-03,245.89,Cancelled
6504,655,2024-03-03,349.28,Cancelled
6505,929,2024-03-03,309.74,Pending
6506,947,2024-03-03,276.0,Pending
6507,322,2024-03-03,242.38,Completed
6508,911,2024-03-03,157.47,Cancelled
6509,803,2024-03-03,149.51,Cancelled
6510,666,2024-03-03,257.61,Shipped
6511,13,2024-03-03,92.89,Cancelled
6512,581,2024-03-03,180.23,Pending
6513,943,2024-03-04,172.13,Cancelled
6514,145,2024-03-04,299.76,Pending
6515,915,2024-03-04,47.34,Shipped
6516,324,2024-03-04,417.39,Completed
6517,800,2024-03-04,287.75,Pending
6518,925,2024-03-04,340.35,Completed
6519,389,2024-03-04,356.0,Completed
6520,12,2024-03-04,156.37,Completed
6521,122,2024-03-04,243.13,Completed
6522,787,2024-03-04,478.78,Pending
6523,83,2024-03-04,386.85,Shipped
6524,63,2024-03-04,485.24,Cancelled
6525,728,2024-03-04,376.93,Pending
6526,542,2024-03-04,100.17,Shipped
6527,65,2024-03-04,46.3,Cancelled
6528,504,2024-03-04,295.17,Completed
6529,751,2024-03-04,188.54,Cancelled
6530,30,2024-03-04,148.6,Cancelled
6531,811,2024-03-04,406.5,Shipped
6532,440,2024-03-04,192.99,Cancelled
6533,340,2024-03-04,168.75,Completed
6534,801,2024-03-04,427.24,Pending
6535,815,2024-03-04,425.45,Pending
6536,133,2024-03-04,187.84,Shipped
6537,375,2024-03-05,418.76,Completed
6538,245,2024-03-05,427.63,Completed
6539,283,2024-03-05,220.61,Cancelled
6540,633,2024-03-05,47.24,Shipped
6541,764,2024-03-05,15.77,Completed
6542,916,2024-03-05,268.8,Completed
6543,701,2024-03-05,181.88,Completed
6544,849,2024-03-05,498.61,Pending
6545,576,2024-03-05,389.62,Pending
6546,461,2024-03-05,384.22,Pending
6547,62,2024-03-05,478.29,Cancelled
6548,728,2024-03-05,445.55,Cancelled
6549,498,2024-03-05,169.32,Cancelled
6550,341,2024-03-05,95.5,Completed
6551,49,2024-03-05,376.76,Pending
6552,593,2024-03-05,198.46,Completed
6553,489,2024-03-05,244.49,Completed
6554,213,2024-03-05,320.74,Shipped
6555,362,2024-03-05,455.32,Completed
6556,405,2024-03-05,218.26,Cancelled
6557,192,2024-03-05,394.91,Pending
6558,141,2024-03-05,145.14,Pending
6559,599,2024-03-05,353.52,Completed
6560,657,2024-03-05,15.77,Cancelled
6561,403,2024-03-06,437.68,Cancelled
6562,575,2024-03-06,29.73,Cancelled
6563,559,2024-03-06,360.69,Pending
6564,397,2024-03-06,37.44,Cancelled
6565,282,2024-03-06,144.13,Cancelled
6566,516,2024-03-06,256.14,Completed
6567,389,2024-03-06,218.67,Shipped
6568,740,2024-03-06,108.04,Cancelled
6569,542,2024-03-06,176.9,Completed
6570,837,2024-03-06,367.94,Completed
6571,800,2024-03-06,339.59,Cancelled
6572,559,2024-03-06,49.83,Shipped
6573,602,2024-03-06,377.45,Pending
6574,637,2024-03-06,40.73,Shipped
6575,363,2024-03-06,278.32,Cancelled
6576,748,2024-03-06,141.13,Shipped
6577,550,2024-03-06,300.03,Completed
6578,726,2024-03-06,141.74,Completed
6579,350,2024-03-06,492.7,Shipped
6580,485,2024-03-06,165.22,Pending
6581,344,2024-03-06,132.35,Shipped
6582,329,2024-03-06,150.06,Cancelled
6583,179,2024-03-06,449.79,Pending
6584,689,2024-03-06,323.57,Shipped
6585,675,2024-03-07,369.38,Shipped
6586,121,2024-03-07,460.24,Pending
6587,202,2024-03-07,457.26,Shipped
6588,764,2024-03-07,373.39,Cancelled
6589,937,2024-03-07,110.94,Completed
6590,564,2024-03-07,424.04,Cancelled
6591,203,2024-03-07,113.83,Shipped
6592,413,2024-03-07,375.31,Completed
6593,630,2024-03-07,347.52,Pending
6594,305,2024-03-07,383.06,Cancelled
6595,194,2024-03-07,273.35,Pending
6596,357,2024-03-07,324.78,Completed
6597,835,2024-03-07,477.36,Shipped
6598,693,2024-03-07,64.03,Completed
6599,500,2024-03-07,164.79,Completed
6600,703,2024-03-07,311.51,Pending
6601,112,2024-03-07,482.57,Cancelled
6602,516,2024-03-07,61.35,Completed
6603,902,2024-03-07,25.94,Shipped
6604,864,2024-03-07,42.04,Completed
6605,619,2024-03-07,40.42,Pending
6606,420,2024-03-07,455.29,Cancelled
6607,767,2024-03-07,364.81,Shipped
6608,732,2024-03-07,343.4,Pending
6609,159,2024-03-08,268.45,Completed
6610,97,2024-03-08,394.25,Completed
6611,451,2024-03-08,90.49,Cancelled
6612,476,2024-03-08,205.09,Pending
6613,223,2024-03-08,252.65,Pending
6614,110,2024-03-08,68.55,Cancelled
6615,89,2024-03-08,218.46,Shipped
6616,873,2024-03-08,168.5,Pending
6617,556,2024-03-08,32.26,Cancelled
6618,694,2024-03-08,81.32,Pending
6619,456,2024-03-08,385.56,Cancelled
6620,420,2024-03-08,23.75,Completed
6621,321,2024-03-08,468.11,Completed
6622,329,2024-03-08,56.92,Pending
6623,662,2024-03-08,402.63,Pending
6624,459,2024-03-08,450.83,Completed
6625,553,2024-03-08,471.45,Shipped
6626,1023,2024-03-08,435.73,Cancelled
6627,183,2024-03-08,154.46,Shipped
6628,119,2024-03-08,176.55,Shipped
6629,878,2024-03-08,221.87,Shipped
6630,428,2024-03-08,82.56,Completed
6631,66,2024-03-08,25.8,Pending
6632,521,2024-03-08,436.52,Shipped
6633,298,2024-03-09,283.75,Completed
6634,298,2024-03-09,310.23,Cancelled
6635,756,2024-03-09,464.59,Pending
6636,23,2024-03-09,337.58,Cancelled
6637,608,2024-03-09,350.06,Shipped
6638,710,2024-03-09,396.68,Pending
6639,867,2024-03-09,71.43,Shipped
6640,427,2024-03-09,189.68,Pending
6641,632,2024-03-09,484.58,Shipped
6642,129,2024-03-09,462.62,Cancelled
6643,496,2024-03-09,443.78,Cancelled
6644,754,2024-03-09,234.26,Shipped
6645,459,2024-03-09,430.74,Pending
6646,327,2024-03-09,38.47,Cancelled
6647,866,2024-03-09,87.03,Pending
6648,539,2024-03-09,215.77,Pending
6649,378,2024-03-09,249.45,Cancelled
6650,1006,2024-03-09,142.8,Completed
6651,332,2024-03-09,187.89,Completed
6652,740,2024-03-09,93.95,Pending
6653,769,2024-03-09,252.23,Cancelled
6654,700,2024-03-09,400.01,Completed
6655,733,2024-03-09,335.76,Shipped
6656,50,2024-03-09,67.28,Pending
6657,840,2024-03-10,251.48,Completed
6658,155,2024-03-10,353.36,Cancelled
6659,613,2024-03-10,272.0,Cancelled
6660,734,2024-03-10,204.96,Pending
6661,731,2024-03-10,316.63,Cancelled
6662,40,2024-03-10,484.79,Shipped
6663,160,2024-03-10,61.03,Shipped
6664,738,2024-03-10,204.16,Completed
6665,84,2024-03-10,212.2,Cancelled
6666,429,2024-03-10,294.83,Shipped
6667,915,2024-03-10,88.8,Pending
6668,534,2024-03-10,100.67,Cancelled
6669,757,2024-03-10,153.4,Completed
6670,407,2024-03-10,478.6,Pending
6671,91,2024-03-10,371.04,Pending
6672,144,2024-03-10,335.92,Pending
6673,252,2024-03-10,411.22,Shipped
6674,822,2024-03-10,76.87,Pending
6675,524,2024-03-10,431.78,Shipped
6676,656,2024-03-10,303.49,Pending
6677,737,2024-03-10,177.63,Shipped
6678,461,2024-03-10,410.69,Cancelled
6679,901,2024-03-10,404.24,Shipped
6680,521,2024-03-10,425.17,Shipped
6681,144,2024-03-11,71.03,Cancelled
6682,558,2024-03-11,485.14,Pending
6683,931,2024-03-11,480.42,Cancelled
6684,401,2024-03-11,188.37,Pending
6685,880,2024-03-11,46.96,Shipped
6686,714,2024-03-11,96.02,Pending
6687,549,2024-03-11,496.52,Shipped
6688,919,2024-03-11,288.06,Pending
6689,754,2024-03-11,187.96,Shipped
6690,168,2024-03-11,154.78,Shipped
6691,414,2024-03-11,139.64,Completed
6692,95,2024-03-11,337.11,Pending
6693,623,2024-03-11,218.4,Pending
6694,590,2024-03-11,483.22,Completed
6695,397,2024-03-11,346.66,Shipped
6696,916,2024-03-11,399.14,Shipped
6697,540,2024-03-11,156.98,Completed
6698,641,2024-03-11,53.41,Completed
6699,789,2024-03-11,251.59,Cancelled
6700,912,2024-03-11,167.57,Shipped
6701,573,2024-03-11,113.01,Cancelled
6702,471,2024-03-11,477.03,Pending
6703,598,2024-03-11,230.33,Cancelled
6704,376,2024-03-11,99.73,Completed
6705,497,2024-03-12,111.35,Completed
6706,686,2024-03-12,151.14,Completed
6707,1023,2024-03-12,499.67,Completed
6708,696,2024-03-12,144.99,Cancelled
6709,774,2024-03-12,174.47,Cancelled
6710,791,2024-03-12,334.77,Cancelled
6711,312,2024-03-12,157.57,Completed
6712,154,2024-03-12,119.67,Completed
6713,887,2024-03-12,91.94,Shipped
6714,399,2024-03-12,166.65,Shipped
6715,752,2024-03-12,66.37,Completed
6716,790,2024-03-12,24.04,Shipped
6717,798,2024-03-12,405.25,Pending
6718,885,2024-03-12,81.88,Pending
6719,529,2024-03-12,391.35,Completed
6720,708,2024-03-12,401.81,Cancelled
6721,573,2024-03-12,275.89,Pending
6722,325,2024-03-12,165.2,Pending
6723,310,2024-03-12,85.34,Cancelled
6724,468,2024-03-12,372.35,Shipped
6725,562,2024-03-12,306.67,Cancelled
6726,846,2024-03-12,332.89,Shipped
6727,244,2024-03-12,19.2,Shipped
6728,490,2024-03-12,464.85,Cancelled
6729,54,2024-03-13,47.15,Shipped
6730,838,2024-03-13,192.9,Pending
6731,833,2024-03-13,210.32,Completed
6732,392,2024-03-13,15.66,Shipped
6733,905,2024-03-13,256.09,Pending
6734,379,2024-03-13,380.11,Cancelled
6735,884,2024-03-13,414.29,Shipped
6736,602,2024-03-13,441.51,Pending
6737,852,2024-03-13,251.54,Shipped
6738,659,2024-03-13,320.86,Cancelled
6739,374,2024-03-13,53.57,Completed
6740,105,2024-03-13,251.7,Shipped
6741,711,2024-03-13,90.09,Completed
6742,714,2024-03-13,194.28,Shipped
6743,646,2024-03-13,174.71,Shipped
6744,623,2024-03-13,220.42,Cancelled
6745,240,2024-03-13,292.24,Shipped
6746,819,2024-03-13,452.9,Pending
6747,541,2024-03-13,206.33,Pending
6748,756,2024-03-13,490.85,Completed
6749,46,2024-03-13,383.13,Completed
6750,11,2024-03-13,263.07,Pending
6751,420,2024-03-13,327.35,Completed
6752,183,2024-03-13,64.58,Completed
6753,927,2024-03-14,424.59,Pending
6754,285,2024-03-14,297.44,Pending
6755,166,2024-03-14,493.24,Pending
6756,854,2024-03-14,323.67,Cancelled
6757,422,2024-03-14,419.54,Cancelled
6758,700,2024-03-14,402.88,Pending
6759,363,2024-03-14,182.55,Shipped
6760,326,2024-03-14,140.91,Pending
6761,892,2024-03-14,223.79,Cancelled
6762,122,2024-03-14,241.61,Completed
6763,463,2024-03-14,131.44,Shipped
6764,915,2024-03-14,448.88,Shipped
6765,227,2024-03-14,278.14,Completed
6766,852,2024-03-14,489.55,Shipped
6767,837,2024-03-14,407.86,Completed
6768,530,2024-03-14,284.52,Cancelled
6769,794,2024-03-14,474.31,Shipped
6770,849,2024-03-14,259.86,Shipped
6771,223,2024-03-14,445.25,Completed
6772,512,2024-03-14,188.7,Completed
6773,929,2024-03-14,198.64,Cancelled
6774,922,2024-03-14,217.79,Completed
6775,263,2024-03-14,280.11,Completed
6776,325,2024-03-14,283.44,Cancelled
6777,1,2024-03-15,255.75,Pending
6778,704,2024-03-15,163.41,Pending
6779,649,2024-03-15,464.7,Completed
6780,104,2024-03-15,300.46,Cancelled
6781,489,2024-03-15,212.75,Pending
6782,676,2024-03-15,330.82,Cancelled
6783,648,2024-03-15,387.46,Completed
6784,113,2024-03-15,480.95,Completed
6785,28,2024-03-15,257.28,Cancelled
6786,826,2024-03-15,69.37,Shipped
6787,412,2024-03-15,228.77,Completed
6788,940,2024-03-15,247.3,Completed
6789,75,2024-03-15,450.04,Completed
6790,197,2024-03-15,206.48,Completed
6791,48,2024-03-15,477.36,Cancelled
6792,161,2024-03-15,250.29,Cancelled
6793,795,2024-03-15,487.28,Cancelled
6794,30,2024-03-15,18.98,Cancelled
6795,1026,2024-03-15,450.93,Shipped
6796,510,2024-03-15,466.59,Cancelled
6797,130,2024-03-15,481.1,Cancelled
6798,821,2024-03-15,21.34,Completed
6799,695,2024-03-15,98.27,Shipped
6800,378,2024-03-15,332.08,Completed
6801,1,2024-03-16,27.35,Shipped
6802,320,2024-03-16,45.85,Pending
6803,114,2024-03-16,122.22,Shipped
6804,244,2024-03-16,263.53,Shipped
6805,526,2024-03-16,279.76,Completed
6806,909,2024-03-16,31.62,Shipped
6807,242,2024-03-16,97.63,Shipped
6808,232,2024-03-16,257.36,Completed
6809,303,2024-03-16,303.06,Pending
6810,58,2024-03-16,86.97,Pending
6811,164,2024-03-16,208.44,Pending
6812,270,2024-03-16,453.63,Shipped
6813,420,2024-03-16,499.47,Completed
6814,753,2024-03-16,493.8,Pending
6815,101,2024-03-16,442.61,Pending
6816,44,2024-03-16,206.41,Pending
6817,203,2024-03-16,347.99,Pending
6818,335,2024-03-16,217.05,Completed
6819,47,2024-03-16,329.54,Pending
6820,386,2024-03-16,165.07,Shipped
6821,604,2024-03-16,309.01,Shipped
6822,217,2024-03-16,269.02,Completed
6823,147,2024-03-16,26.87,Cancelled
6824,65,2024-03-16,398.49,Pending
6825,109,2024-03-17,20.77,Pending
6826,930,2024-03-17,157.18,Shipped
6827,667,2024-03-17,17.87,Completed
6828,290,2024-03-17,197.46,Cancelled
6829,639,2024-03-17,45.63,Shipped
6830,157,2024-03-17,458.05,Cancelled
6831,895,2024-03-17,216.6,Completed
6832,438,2024-03-17,237.86,Completed
6833,352,2024-03-17,184.68,Completed
6834,473,2024-03-17,319.34,Shipped
6835,75,2024-03-17,395.44,Completed
6836,367,2024-03-17,329.35,Shipped
6837,881,2024-03-17,377.88,Shipped
6838,244,2024-03-17,454.4,Pending
6839,561,2024-03-17,433.82,Shipped
6840,20,2024-03-17,341.92,Shipped
6841,3,2024-03-17,119.1,Pending
6842,567,2024-03-17,324.29,Cancelled
6843,129,2024-03-17,260.45,Pending
6844,450,2024-03-17,362.85,Pending
6845,78,2024-03-17,418.97,Completed
6846,573,2024-03-17,375.22,Completed
6847,718,2024-03-17,425.58,Pending
6848,505,2024-03-17,45.98,Completed
6849,268,2024-03-18,30.34,Pending
6850,126,2024-03-18,140.37,Completed
6851,742,2024-03-18,451.82,Shipped
6852,634,2024-03-18,414.47,Completed
6853,924,2024-03-18,346.12,Completed
6854,690,2024-03-18,354.87,Shipped
6855,39,2024-03-18,367.44,Pending
6856,815,2024-03-18,472.16,Completed
6857,929,2024-03-18,418.61,Completed
6858,889,2024-03-18,317.34,Shipped
6859,199,2024-03-18,337.87,Shipped
6860,251,2024-03-18,118.66,Shipped
6861,1003,2024-03-18,333.8,Cancelled
6862,594,2024-03-18,220.97,Shipped
6863,81,2024-03-18,89.19,Pending
6864,375,2024-03-18,406.11,Completed
6865,504,2024-03-18,262.47,Completed
6866,715,2024-03-18,489.05,Cancelled
6867,840,2024-03-18,151.61,Completed
6868,207,2024-03-18,248.13,Completed
6869,679,2024-03-18,232.28,Pending
6870,794,2024-03-18,73.58,Completed
6871,426,2024-03-18,221.67,Pending
6872,188,2024-03-18,154.46,Cancelled
6873,45,2024-03-19,92.76,Pending
6874,670,2024-03-19,151.85,Shipped
6875,273,2024-03-19,128.13,Shipped
6876,557,2024-03-19,371.03,Cancelled
6877,378,2024-03-19,29.93,Completed
6878,890,2024-03-19,314.47,Pending
6879,554,2024-03-19,383.92,Shipped
6880,218,2024-03-19,248.15,Pending
6881,435,2024-03-19,466.81,Shipped
6882,100,2024-03-19,358.32,Pending
6883,273,2024-03-19,377.74,Completed
6884,387,2024-03-19,110.51,Cancelled
6885,365,2024-03-19,391.99,Completed
6886,188,2024-03-19,418.57,Pending
6887,312,2024-03-19,190.21,Shipped
6888,285,2024-03-19,118.48,Shipped
6889,707,2024-03-19,201.75,Cancelled
6890,147,2024-03-19,373.71,Completed
6891,946,2024-03-19,217.55,Completed
6892,753,2024-03-19,372.28,Completed
6893,164,2024-03-19,70.08,Shipped
6894,73,2024-03-19,405.92,Cancelled
6895,166,2024-03-19,137.81,Shipped
6896,446,2024-03-19,135.73,Completed
6897,660,2024-03-20,301.33,Pending
6898,847,2024-03-20,49.01,Shipped
6899,648,2024-03-20,27.75,Cancelled
6900,490,2024-03-20,141.6,Completed
6901,319,2024-03-20,275.96,Pending
6902,378,2024-03-20,455.19,Shipped
6903,84,2024-03-20,425.52,Pending
6904,153,2024-03-20,252.87,Pending
6905,770,2024-03-20,32.97,Cancelled
6906,566,2024-03-20,274.6,Shipped
6907,72,2024-03-20,356.83,Cancelled
6908,488,2024-03-20,179.49,Completed
6909,539,2024-03-20,68.87,Pending
6910,476,2024-03-20,150.11,Cancelled
6911,512,2024-03-20,389.22,Cancelled
6912,909,2024-03-20,185.35,Completed
6913,743,2024-03-20,408.81,Shipped
6914,787,2024-03-20,169.97,Cancelled
6915,646,2024-03-20,94.32,Pending
6916,349,2024-03-20,226.39,Pending
6917,12,2024-03-20,234.35,Pending
6918,12,2024-03-20,22.81,Pending
6919,846,2024-03-20,71.77,Cancelled
6920,598,2024-03-20,104.69,Pending
6921,553,2024-03-21,70.09,Cancelled
6922,580,2024-03-21,180.64,Shipped
6923,736,2024-03-21,482.84,Pending
6924,46,2024-03-21,261.97,Shipped
6925,481,2024-03-21,319.36,Cancelled
6926,255,2024-03-21,187.85,Completed
6927,313,2024-03-21,171.89,Shipped
6928,729,2024-03-21,26.23,Pending
6929,866,2024-03-21,257.66,Completed
6930,303,2024-03-21,249.55,Shipped
6931,905,2024-03-21,91.55,Cancelled
6932,1022,2024-03-21,385.7,Cancelled
6933,702,2024-03-21,253.95,Cancelled
6934,393,2024-03-21,179.41,Shipped
6935,1,2024-03-21,86.25,Cancelled
6936,397,2024-03-21,282.8,Shipped
6937,907,2024-03-21,380.12,Pending
6938,337,2024-03-21,151.77,Pending
6939,751,2024-03-21,121.12,Shipped
6940,596,2024-03-21,268.14,Shipped
6941,211,2024-03-21,90.34,Completed
6942,692,2024-03-21,338.31,Cancelled
6943,631,2024-03-21,308.59,Pending
6944,82,2024-03-21,57.23,Pending
6945,745,2024-03-22,32.71,Completed
6946,940,2024-03-22,315.84,Shipped
6947,659,2024-03-22,157.73,Shipped
6948,444,2024-03-22,56.93,Completed
6949,319,2024-03-22,383.32,Cancelled
6950,282,2024-03-22,167.31,Shipped
6951,113,2024-03-22,237.91,Shipped
6952,554,2024-03-22,129.85,Cancelled
6953,239,2024-03-22,319.25,Cancelled
6954,744,2024-03-22,161.22,Completed
6955,176,2024-03-22,484.49,Completed
6956,477,2024-03-22,355.93,Completed
6957,693,2024-03-22,81.31,Shipped
6958,574,2024-03-22,217.1,Completed
6959,721,2024-03-22,201.93,Shipped
6960,940,2024-03-22,274.11,Pending
6961,406,2024-03-22,423.34,Cancelled
6962,220,2024-03-22,297.96,Cancelled
6963,25,2024-03-22,44.85,Pending
6964,240,2024-03-22,332.88,Completed
6965,441,2024-03-22,19.01,Shipped
6966,1005,2024-03-22,393.28,Shipped
6967,679,2024-03-22,338.32,Shipped
6968,302,2024-03-22,164.76,Cancelled
6969,84,2024-03-23,156.83,Completed
6970,912,2024-03-23,402.16,Shipped
6971,761,2024-03-23,394.92,Shipped
6972,323,2024-03-23,185.87,Shipped
6973,909,2024-03-23,159.99,Pending
6974,10,2024-03-23,286.52,Shipped
6975,38,2024-03-23,19.06,Pending
6976,628,2024-03-23,55.09,Shipped
6977,499,2024-03-23,76.19,Shipped
6978,897,2024-03-23,104.92,Shipped
6979,95,2024-03-23,263.33,Pending
6980,876,2024-03-23,496.24,Shipped
6981,47,2024-03-23,331.52,Completed
6982,385,2024-03-23,44.73,Shipped
6983,784,2024-03-23,269.91,Pending
6984,932,2024-03-23,255.87,Pending
6985,696,2024-03-23,84.92,Completed
6986,689,2024-03-23,461.33,Cancelled
6987,154,2024-03-23,228.77,Completed
6988,776,2024-03-23,497.36,Completed
6989,63,2024-03-23,218.74,Pending
6990,948,2024-03-23,309.86,Shipped
6991,26,2024-03-23,65.81,Shipped
6992,516,2024-03-23,235.3,Cancelled
6993,195,2024-03-24,130.8,Cancelled
6994,404,2024-03-24,420.25,Cancelled
6995,29,2024-03-24,395.2,Cancelled
6996,305,2024-03-24,414.73,Completed
6997,708,2024-03-24,365.95,Completed
6998,260,2024-03-24,418.85,Shipped
6999,665,2024-03-24,112.4,Completed
7000,95,2024-03-24,234.24,Shipped
7001,466,2024-03-24,350.55,Shipped
7002,542,2024-03-24,324.14,Shipped
7003,34,2024-03-24,362.43,Shipped
7004,318,2024-03-24,123.77,Pending
7005,391,2024-03-24,62.74,Shipped
7006,613,2024-03-24,459.65,Completed
7007,559,2024-03-24,286.68,Completed
7008,139,2024-03-24,89.61,Completed
7009,849,2024-03-24,399.82,Completed
7010,610,2024-03-24,458.74,Pending
7011,553,2024-03-24,97.24,Cancelled
7012,893,2024-03-24,411.45,Cancelled
7013,921,2024-03-24,467.61,Shipped
7014,254,2024-03-24,470.11,Shipped
7015,391,2024-03-24,458.37,Completed
7016,611,2024-03-24,280.01,Completed
7017,533,2024-03-25,187.76,Cancelled
7018,628,2024-03-25,18.53,Cancelled
7019,714,2024-03-25,44.54,Completed
7020,204,2024-03-25,222.99,Shipped
7021,669,2024-03-25,208.67,Pending
7022,673,2024-03-25,104.59,Pending
7023,388,2024-03-25,206.81,Cancelled
7024,75,2024-03-25,99.71,Cancelled
7025,173,2024-03-25,426.66,Cancelled
7026,401,2024-03-25,159.62,Pending
7027,867,2024-03-25,305.3,Pending
7028,629,2024-03-25,258.88,Completed
7029,887,2024-03-25,40.16,Shipped
7030,583,2024-03-25,471.98,Cancelled
7031,465,2024-03-25,270.7,Completed
7032,147,2024-03-25,172.65,Pending
7033,634,2024-03-25,91.69,Completed
7034,850,2024-03-25,179.19,Pending
7035,793,2024-03-25,24.95,Shipped
7036,665,2024-03-25,191.33,Pending
7037,22,2024-03-25,272.77,Completed
7038,579,2024-03-25,437.86,Shipped
7039,594,2024-03-25,348.38,Pending
7040,277,2024-03-25,69.12,Cancelled
7041,234,2024-03-26,86.66,Pending
7042,666,2024-03-26,222.64,Shipped
7043,277,2024-03-26,109.92,Completed
7044,664,2024-03-26,28.51,Shipped
7045,574,2024-03-26,405.43,Completed
7046,227,2024-03-26,24.47,Pending
7047,442,2024-03-26,417.88,Pending
7048,137,2024-03-26,84.89,Shipped
7049,15,2024-03-26,487.72,Cancelled
7050,865,2024-03-26,307.88,Pending
7051,50,2024-03-26,371.47,Cancelled
7052,924,2024-03-26,68.58,Cancelled
7053,128,2024-03-26,433.12,Shipped
7054,264,2024-03-26,422.01,Pending
7055,448,2024-03-26,331.7,Cancelled
7056,950,2024-03-26,258.6,Pending
7057,1001,2024-03-26,364.92,Completed
7058,344,2024-03-26,17.88,Cancelled
7059,175,2024-03-26,302.33,Shipped
7060,717,2024-03-26,425.99,Shipped
7061,163,2024-03-26,188.1,Cancelled
7062,523,2024-03-26,67.52,Pending
7063,17,2024-03-26,219.13,Completed
7064,201,2024-03-26,367.65,Completed
7065,216,2024-03-27,67.04,Shipped
7066,934,2024-03-27,114.93,Shipped
7067,1,2024-03-27,86.56,Pending
7068,66,2024-03-27,401.52,Shipped
7069,865,2024-03-27,45.5,Pending
7070,630,2024-03-27,347.99,Cancelled
7071,177,2024-03-27,192.73,Completed
7072,547,2024-03-27,381.56,Cancelled
7073,624,2024-03-27,482.73,Shipped
7074,420,2024-03-27,70.55,Completed
7075,398,2024-03-27,167.48,Completed
7076,764,2024-03-27,407.91,Cancelled
7077,428,2024-03-27,144.09,Pending
7078,806,2024-03-27,119.33,Completed
7079,361,2024-03-27,415.31,Pending
7080,259,2024-03-27,493.73,Cancelled
7081,180,2024-03-27,285.09,Cancelled
7082,446,2024-03-27,149.85,Pending
7083,437,2024-03-27,208.3,Cancelled
7084,55,2024-03-27,97.51,Completed
7085,927,2024-03-27,384.52,Cancelled
7086,151,2024-03-27,390.13,Cancelled
7087,685,2024-03-27,439.43,Completed
7088,525,2024-03-27,27.9,Pending
7089,744,2024-03-28,287.56,Cancelled
7090,667,2024-03-28,118.91,Pending
7091,257,2024-03-28,180.33,Completed
7092,899,2024-03-28,395.7,Pending
7093,746,2024-03-28,108.14,Pending
7094,492,2024-03-28,324.6,Shipped
7095,170,2024-03-28,332.46,Shipped
7096,551,2024-03-28,477.74,Cancelled
7097,242,2024-03-28,390.95,Shipped
7098,154,2024-03-28,404.76,Shipped
7099,606,2024-03-28,272.83,Shipped
7100,662,2024-03-28,105.59,Pending
7101,901,2024-03-28,221.4,Pending
7102,598,2024-03-28,281.5,Shipped
7103,814,2024-03-28,344.03,Completed
7104,88,2024-03-28,309.74,Shipped
7105,88,2024-03-28,206.08,Completed
7106,356,2024-03-28,143.68,Pending
7107,306,2024-03-28,96.59,Completed
7108,248,2024-03-28,351.52,Pending
7109,921,2024-03-28,328.02,Completed
7110,817,2024-03-28,348.38,Pending
7111,168,2024-03-28,195.68,Pending
7112,647,2024-03-28,142.27,Shipped
7113,262,2024-03-29,383.46,Cancelled
7114,525,2024-03-29,390.22,Cancelled
7115,87,2024-03-29,235.97,Pending
7116,381,2024-03-29,311.77,Shipped
7117,314,2024-03-29,196.16,Cancelled
7118,178,2024-03-29,355.44,Cancelled
7119,825,2024-03-29,420.32,Shipped
7120,947,2024-03-29,348.79,Shipped
7121,129,2024-03-29,263.6,Cancelled
7122,445,2024-03-29,237.45,Cancelled
7123,114,2024-03-29,326.53,Completed
7124,825,2024-03-29,344.71,Completed
7125,919,2024-03-29,285.98,Pending
7126,795,2024-03-29,318.1,Cancelled
7127,191,2024-03-29,61.85,Shipped
7128,710,2024-03-29,476.61,Shipped
7129,383,2024-03-29,398.52,Cancelled
7130,937,2024-03-29,196.36,Pending
7131,274,2024-03-29,287.96,Shipped
7132,213,2024-03-29,37.95,Cancelled
7133,592,2024-03-29,35.0,Cancelled
7134,749,2024-03-29,136.64,Pending
7135,377,2024-03-29,349.51,Cancelled
7136,288,2024-03-29,428.29,Shipped
7137,167,2024-03-30,286.21,Completed
7138,665,2024-03-30,273.08,Pending
7139,111,2024-03-30,210.12,Cancelled
7140,369,2024-03-30,93.38,Pending
7141,138,2024-03-30,72.4,Cancelled
7142,198,2024-03-30,383.93,Completed
7143,147,2024-03-30,464.84,Pending
7144,811,2024-03-30,237.27,Cancelled
7145,667,2024-03-30,334.83,Completed
7146,547,2024-03-30,458.51,Shipped
7147,881,2024-03-30,58.71,Cancelled
7148,532,2024-03-30,388.68,Completed
7149,260,2024-03-30,314.16,Completed
7150,51,2024-03-30,305.34,Pending
7151,390,2024-03-30,156.88,Cancelled
7152,161,2024-03-30,346.69,Shipped
7153,77,2024-03-30,400.48,Cancelled
7154,459,2024-03-30,69.74,Completed
7155,7,2024-03-30,273.76,Shipped
7156,517,2024-03-30,64.11,Completed
7157,672,2024-03-30,438.2,Pending
7158,286,2024-03-30,261.2,Cancelled
7159,322,2024-03-30,406.86,Completed
7160,595,2024-03-30,193.52,Completed
7161,584,2024-03-31,75.66,Cancelled
7162,584,2024-03-31,35.13,Shipped
7163,582,2024-03-31,151.53,Completed
7164,113,2024-03-31,133.45,Cancelled
7165,359,2024-03-31,286.77,Pending
7166,619,2024-03-31,25.54,Pending
7167,769,2024-03-31,267.48,Cancelled
7168,883,2024-03-31,205.01,Completed
7169,111,2024-03-31,294.9,Cancelled
7170,926,2024-03-31,355.67,Cancelled
7171,162,2024-03-31,322.53,Completed
7172,406,2024-03-31,492.55,Shipped
7173,313,2024-03-31,82.06,Shipped
7174,909,2024-03-31,223.42,Pending
7175,163,2024-03-31,221.04,Shipped
7176,337,2024-03-31,217.27,Cancelled
7177,938,2024-03-31,336.94,Completed
7178,550,2024-03-31,252.57,Pending
7179,386,2024-03-31,265.95,Shipped
7180,903,2024-03-31,224.69,Cancelled
7181,741,2024-03-31,495.97,Pending
7182,185,2024-03-31,464.87,Completed
7183,277,2024-03-31,164.25,Shipped
7184,455,2024-03-31,69.12,Cancelled
7185,698,2024-04-01,422.29,Completed
7186,621,2024-04-01,498.63,Cancelled
7187,481,2024-04-01,156.92,Cancelled
7188,527,2024-04-01,188.53,Cancelled
7189,78,2024-04-01,471.69,Completed
7190,400,2024-04-01,359.9,Pending
7191,698,2024-04-01,158.38,Cancelled
7192,828,2024-04-01,296.81,Pending
7193,381,2024-04-01,472.95,Pending
7194,580,2024-04-01,408.73,Shipped
7195,621,2024-04-01,374.79,Shipped
7196,156,2024-04-01,372.44,Pending
7197,387,2024-04-01,101.34,Shipped
7198,380,2024-04-01,414.97,Shipped
7199,301,2024-04-01,148.92,Pending
7200,153,2024-04-01,466.23,Completed
7201,175,2024-04-01,191.85,Shipped
7202,837,2024-04-01,430.97,Shipped
7203,76,2024-04-01,144.12,Completed
7204,39,2024-04-01,264.55,Completed
7205,301,2024-04-01,66.84,Completed
7206,351,2024-04-01,335.16,Pending
7207,87,2024-04-01,420.5,Completed
7208,421,2024-04-01,363.45,Pending
7209,273,2024-04-02,268.78,Cancelled
7210,758,2024-04-02,36.88,Cancelled
7211,449,2024-04-02,467.72,Completed
7212,602,2024-04-02,357.16,Completed
7213,514,2024-04-02,376.74,Cancelled
7214,562,2024-04-02,400.42,Pending
7215,874,2024-04-02,377.66,Pending
7216,944,2024-04-02,228.94,Completed
7217,537,2024-04-02,370.81,Completed
7218,485,2024-04-02,318.14,Completed
7219,462,2024-04-02,429.2,Cancelled
7220,72,2024-04-02,404.19,Shipped
7221,89,2024-04-02,35.07,Completed
7222,303,2024-04-02,198.76,Pending
7223,529,2024-04-02,31.84,Shipped
7224,608,2024-04-02,64.51,Pending
7225,132,2024-04-02,306.68,Shipped
7226,797,2024-04-02,438.8,Cancelled
7227,145,2024-04-02,73.12,Shipped
7228,593,2024-04-02,233.78,Pending
7229,105,2024-04-02,456.78,Shipped
7230,146,2024-04-02,409.94,Cancelled
7231,753,2024-04-02,267.04,Pending
7232,479,2024-04-02,389.21,Completed
7233,277,2024-04-03,268.51,Shipped
7234,256,2024-04-03,91.67,Pending
7235,774,2024-04-03,75.5,Shipped
7236,455,2024-04-03,106.36,Cancelled
7237,379,2024-04-03,185.2,Pending
7238,863,2024-04-03,466.31,Completed
7239,639,2024-04-03,402.84,Completed
7240,84,2024-04-03,224.91,Shipped
7241,854,2024-04-03,254.14,Cancelled
7242,188,2024-04-03,143.82,Cancelled
7243,518,2024-04-03,356.61,Shipped
7244,358,2024-04-03,404.34,Pending
7245,883,2024-04-03,130.87,Pending
7246,817,2024-04-03,35.28,Shipped
7247,270,2024-04-03,317.59,Pending
7248,532,2024-04-03,287.82,Pending
7249,436,2024-04-03,210.03,Pending
7250,314,2024-04-03,327.29,Shipped
7251,744,2024-04-03,282.05,Completed
7252,437,2024-04-03,136.53,Cancelled
7253,776,2024-04-03,207.9,Completed
7254,459,2024-04-03,222.64,Pending
7255,419,2024-04-03,441.92,Shipped
7256,223,2024-04-03,481.04,Cancelled
7257,321,2024-04-04,448.11,Pending
7258,218,2024-04-04,363.8,Cancelled
7259,848,2024-04-04,298.72,Cancelled
7260,846,2024-04-04,349.29,Completed
7261,477,2024-04-04,470.47,Pending
7262,205,2024-04-04,136.25,Cancelled
7263,22,2024-04-04,274.53,Completed
7264,774,2024-04-04,349.46,Shipped
7265,835,2024-04-04,344.43,Cancelled
7266,305,2024-04-04,137.36,Pending
7267,709,2024-04-04,299.56,Shipped
7268,272,2024-04-04,401.02,Cancelled
7269,767,2024-04-04,245.41,Cancelled
7270,149,2024-04-04,399.75,Pending
7271,86,2024-04-04,189.54,Cancelled
7272,383,2024-04-04,470.3,Pending
7273,778,2024-04-04,273.96,Pending
7274,416,2024-04-04,304.03,Pending
7275,8,2024-04-04,30.21,Pending
7276,836,2024-04-04,97.58,Cancelled
7277,623,2024-04-04,321.97,Shipped
7278,759,2024-04-04,218.64,Shipped
7279,3,2024-04-04,261.46,Completed
7280,795,2024-04-04,45.54,Pending
7281,443,2024-04-05,419.56,Cancelled
7282,273,2024-04-05,395.49,Cancelled
7283,101,2024-04-05,104.9,Completed
7284,268,2024-04-05,322.65,Shipped
7285,688,2024-04-05,411.88,Cancelled
7286,852,2024-04-05,325.81,Completed
7287,612,2024-04-05,165.54,Shipped
7288,540,2024-04-05,333.21,Cancelled
7289,666,2024-04-05,117.07,Pending
7290,917,2024-04-05,169.35,Completed
7291,127,2024-04-05,131.43,Cancelled
7292,571,2024-04-05,285.11,Completed
7293,371,2024-04-05,67.49,Completed
7294,88,2024-04-05,467.66,Completed
7295,770,2024-04-05,176.75,Pending
7296,320,2024-04-05,121.2,Shipped
7297,725,2024-04-05,255.83,Shipped
7298,819,2024-04-05,149.34,Cancelled
7299,940,2024-04-05,274.43,Pending
7300,580,2024-04-05,184.03,Shipped
7301,624,2024-04-05,79.05,Cancelled
7302,922,2024-04-05,143.96,Cancelled
7303,687,2024-04-05,227.64,Completed
7304,714,2024-04-05,29.69,Pending
7305,272,2024-04-06,388.76,Shipped
7306,333,2024-04-06,316.58,Pending
7307,792,2024-04-06,306.66,Pending
7308,399,2024-04-06,279.83,Shipped
7309,818,2024-04-06,301.3,Shipped
7310,350,2024-04-06,468.31,Pending
7311,680,2024-04-06,19.16,Cancelled
7312,809,2024-04-06,38.18,Pending
7313,650,2024-04-06,107.87,Shipped
7314,483,2024-04-06,96.14,Pending
7315,375,2024-04-06,102.88,Shipped
7316,289,2024-04-06,340.89,Cancelled
7317,61,2024-04-06,237.85,Pending
7318,562,2024-04-06,496.01,Cancelled
7319,601,2024-04-06,125.04,Pending
7320,845,2024-04-06,165.75,Pending
7321,536,2024-04-06,492.36,Shipped
7322,734,2024-04-06,418.4,Completed
7323,450,2024-04-06,242.85,Shipped
7324,78,2024-04-06,283.98,Pending
7325,396,2024-04-06,423.94,Completed
7326,822,2024-04-06,248.28,Completed
7327,108,2024-04-06,114.92,Cancelled
7328,277,2024-04-06,416.8,Pending
7329,296,2024-04-07,275.82,Shipped
7330,678,2024-04-07,89.23,Completed
7331,334,2024-04-07,260.21,Completed
7332,312,2024-04-07,215.4,Shipped
7333,233,2024-04-07,440.27,Shipped
7334,236,2024-04-07,76.14,Completed
7335,50,2024-04-07,439.48,Shipped
7336,272,2024-04-07,263.42,Cancelled
7337,493,2024-04-07,211.12,Completed
7338,806,2024-04-07,93.55,Cancelled
7339,645,2024-04-07,354.9,Pending
7340,605,2024-04-07,464.5,Cancelled
7341,236,2024-04-07,197.06,Shipped
7342,646,2024-04-07,132.17,Completed
7343,376,2024-04-07,284.11,Cancelled
7344,832,2024-04-07,401.15,Shipped
7345,571,2024-04-07,16.83,Shipped
7346,154,2024-04-07,321.22,Cancelled
7347,449,2024-04-07,304.31,Completed
7348,14,2024-04-07,169.3,Cancelled
7349,888,2024-04-07,233.94,Pending
7350,573,2024-04-07,134.78,Cancelled
7351,451,2024-04-07,398.09,Cancelled
7352,211,2024-04-07,322.75,Completed
7353,49,2024-04-08,273.37,Cancelled
7354,467,2024-04-08,205.38,Shipped
7355,675,2024-04-08,156.32,Completed
7356,700,2024-04-08,414.03,Shipped
7357,251,2024-04-08,233.93,Completed
7358,311,2024-04-08,258.2,Pending
7359,641,2024-04-08,267.6,Pending
7360,409,2024-04-08,232.46,Pending
7361,688,2024-04-08,139.2,Cancelled
7362,646,2024-04-08,73.37,Pending
7363,930,2024-04-08,62.79,Completed
7364,344,2024-04-08,382.37,Pending
7365,273,2024-04-08,123.41,Completed
7366,471,2024-04-08,42.0,Shipped
7367,852,2024-04-08,401.8,Cancelled
7368,891,2024-04-08,89.72,Shipped
7369,170,2024-04-08,318.2,Shipped
7370,656,2024-04-08,179.24,Pending
7371,853,2024-04-08,76.34,Pending
7372,868,2024-04-08,216.02,Pending
7373,88,2024-04-08,22.18,Shipped
7374,40,2024-04-08,422.91,Cancelled
7375,866,2024-04-08,264.05,Cancelled
7376,274,2024-04-08,82.49,Shipped
7377,913,2024-04-09,129.94,Cancelled
7378,633,2024-04-09,232.27,Shipped
7379,589,2024-04-09,106.6,Shipped
7380,146,2024-04-09,145.27,Cancelled
7381,74,2024-04-09,274.18,Completed
7382,619,2024-04-09,418.82,Completed
7383,687,2024-04-09,209.89,Pending
7384,18,2024-04-09,362.73,Cancelled
7385,3,2024-04-09,440.19,Pending
7386,399,2024-04-09,119.91,Shipped
7387,429,2024-04-09,406.49,Completed
7388,285,2024-04-09,382.34,Cancelled
7389,715,2024-04-09,188.11,Cancelled
7390,892,2024-04-09,494.92,Cancelled
7391,928,2024-04-09,142.35,Completed
7392,724,2024-04-09,138.58,Pending
7393,915,2024-04-09,389.55,Completed
7394,709,2024-04-09,225.81,Pending
7395,770,2024-04-09,175.44,Shipped
7396,521,2024-04-09,101.65,Shipped
7397,288,2024-04-09,386.19,Pending
7398,814,2024-04-09,396.37,Shipped
7399,610,2024-04-09,289.78,Shipped
7400,521,2024-04-09,479.3,Cancelled
7401,537,2024-04-10,169.31,Cancelled
7402,538,2024-04-10,121.52,Completed
7403,22,2024-04-10,343.57,Completed
7404,276,2024-04-10,382.83,Completed
7405,825,2024-04-10,124.08,Cancelled
7406,454,2024-04-10,52.16,Completed
7407,151,2024-04-10,408.1,Completed
7408,63,2024-04-10,488.6,Cancelled
7409,449,2024-04-10,327.67,Pending
7410,755,2024-04-10,149.77,Cancelled
7411,466,2024-04-10,498.39,Pending
7412,156,2024-04-10,448.23,Cancelled
7413,853,2024-04-10,263.99,Completed
7414,81,2024-04-10,415.28,Shipped
7415,515,2024-04-10,410.67,Shipped
7416,5,2024-04-10,468.38,Pending
7417,859,2024-04-10,422.85,Pending
7418,662,2024-04-10,327.18,Pending
7419,563,2024-04-10,310.51,Shipped
7420,678,2024-04-10,241.67,Pending
7421,550,2024-04-10,318.85,Cancelled
7422,840,2024-04-10,400.68,Cancelled
7423,751,2024-04-10,484.98,Shipped
7424,162,2024-04-10,241.63,Cancelled
7425,436,2024-04-11,293.22,Pending
7426,909,2024-04-11,230.73,Shipped
7427,58,2024-04-11,339.22,Pending
7428,308,2024-04-11,320.51,Cancelled
7429,17,2024-04-11,23.65,Pending
7430,776,2024-04-11,277.46,Shipped
7431,701,2024-04-11,57.92,Pending
7432,637,2024-04-11,27.8,Cancelled
7433,85,2024-04-11,398.73,Completed
7434,448,2024-04-11,140.45,Shipped
7435,881,2024-04-11,180.22,Pending
7436,891,2024-04-11,46.08,Shipped
7437,66,2024-04-11,102.06,Pending
7438,10,2024-04-11,386.32,Completed
7439,626,2024-04-11,254.36,Cancelled
7440,330,2024-04-11,442.12,Pending
7441,645,2024-04-11,207.66,Pending
7442,242,2024-04-11,145.32,Completed
7443,691,2024-04-11,183.59,Shipped
7444,754,2024-04-11,360.69,Cancelled
7445,419,2024-04-11,284.18,Pending
7446,840,2024-04-11,453.53,Pending
7447,489,2024-04-11,307.05,Cancelled
7448,486,2024-04-11,254.11,Completed
7449,143,2024-04-12,396.09,Shipped
7450,783,2024-04-12,474.55,Cancelled
7451,302,2024-04-12,187.59,Shipped
7452,350,2024-04-12,136.19,Completed
7453,563,2024-04-12,313.87,Completed
7454,429,2024-04-12,256.95,Cancelled
7455,561,2024-04-12,494.76,Pending
7456,494,2024-04-12,239.25,Completed
7457,354,2024-04-12,51.05,Completed
7458,286,2024-04-12,489.02,Cancelled
7459,338,2024-04-12,424.14,Cancelled
7460,123,2024-04-12,101.45,Cancelled
7461,85,2024-04-12,453.73,Completed
7462,906,2024-04-12,180.22,Shipped
7463,274,2024-04-12,197.9,Completed
7464,737,2024-04-12,454.6,Cancelled
7465,915,2024-04-12,272.11,Pending
7466,526,2024-04-12,81.82,Pending
7467,302,2024-04-12,193.99,Cancelled
7468,88,2024-04-12,365.22,Pending
7469,577,2024-04-12,99.48,Completed
7470,38,2024-04-12,301.26,Shipped
7471,470,2024-04-12,352.21,Completed
7472,95,2024-04-12,181.77,Cancelled
7473,882,2024-04-13,351.53,Completed
7474,615,2024-04-13,443.84,Pending
7475,599,2024-04-13,243.98,Completed
7476,447,2024-04-13,200.71,Shipped
7477,946,2024-04-13,136.81,Pending
7478,942,2024-04-13,308.04,Shipped
7479,542,2024-04-13,441.73,Shipped
7480,579,2024-04-13,172.46,Shipped
7481,500,2024-04-13,207.17,Completed
7482,604,2024-04-13,212.21,Completed
7483,749,2024-04-13,286.99,Completed
7484,693,2024-04-13,125.78,Completed
7485,610,2024-04-13,413.77,Pending
7486,761,2024-04-13,158.37,Completed
7487,897,2024-04-13,357.1,Pending
7488,805,2024-04-13,263.91,Shipped
7489,618,2024-04-13,299.16,Pending
7490,143,2024-04-13,102.11,Cancelled
7491,664,2024-04-13,371.49,Completed
7492,315,2024-04-13,106.48,Cancelled
7493,584,2024-04-13,70.03,Pending
7494,535,2024-04-13,280.14,Completed
7495,39,2024-04-13,359.01,Cancelled
7496,725,2024-04-13,39.27,Completed
7497,673,2024-04-14,48.66,Pending
7498,511,2024-04-14,404.3,Cancelled
7499,891,2024-04-14,407.38,Pending
7500,79,2024-04-14,133.97,Cancelled
7501,452,2024-04-14,313.39,Shipped
7502,822,2024-04-14,229.94,Shipped
7503,500,2024-04-14,321.86,Shipped
7504,407,2024-04-14,433.5,Shipped
7505,165,2024-04-14,53.73,Shipped
7506,618,2024-04-14,392.32,Pending
7507,630,2024-04-14,254.12,Shipped
7508,125,2024-04-14,288.6,Pending
7509,783,2024-04-14,332.16,Shipped
7510,56,2024-04-14,462.47,Completed
7511,47,2024-04-14,42.51,Shipped
7512,376,2024-04-14,29.3,Completed
7513,880,2024-04-14,101.46,Pending
7514,691,2024-04-14,493.43,Shipped
7515,414,2024-04-14,361.81,Cancelled
7516,674,2024-04-14,313.1,Pending
7517,515,2024-04-14,37.81,Shipped
7518,782,2024-04-14,441.37,Pending
7519,119,2024-04-14,409.19,Cancelled
7520,720,2024-04-14,337.43,Shipped
7521,882,2024-04-15,179.48,Cancelled
7522,743,2024-04-15,49.19,Shipped
7523,289,2024-04-15,296.32,Completed
7524,225,2024-04-15,364.05,Pending
7525,629,2024-04-15,60.71,Cancelled
7526,494,2024-04-15,322.38,Pending
7527,662,2024-04-15,153.89,Cancelled
7528,141,2024-04-15,385.66,Pending
7529,790,2024-04-15,276.71,Pending
7530,834,2024-04-15,77.58,Pending
7531,392,2024-04-15,270.36,Completed
7532,831,2024-04-15,206.93,Shipped
7533,224,2024-04-15,102.47,Completed
7534,579,2024-04-15,423.14,Pending
7535,162,2024-04-15,20.35,Cancelled
7536,167,2024-04-15,166.38,Pending
7537,216,2024-04-15,21.11,Shipped
7538,566,2024-04-15,61.56,Completed
7539,33,2024-04-15,159.09,Shipped
7540,641,2024-04-15,41.32,Cancelled
7541,776,2024-04-15,304.37,Shipped
7542,868,2024-04-15,57.13,Completed
7543,277,2024-04-15,355.33,Cancelled
7544,82,2024-04-15,40.53,Shipped
7545,763,2024-04-16,43.76,Completed
7546,601,2024-04-16,163.08,Completed
7547,356,2024-04-16,449.84,Pending
7548,550,2024-04-16,326.08,Shipped
7549,12,2024-04-16,388.51,Cancelled
7550,725,2024-04-16,83.65,Pending
7551,41,2024-04-16,419.55,Shipped
7552,218,2024-04-16,18.95,Shipped
7553,509,2024-04-16,118.33,Cancelled
7554,586,2024-04-16,313.8,Pending
7555,639,2024-04-16,196.99,Pending
7556,672,2024-04-16,492.33,Cancelled
7557,627,2024-04-16,29.71,Pending
7558,699,2024-04-16,499.32,Completed
7559,629,2024-04-16,317.46,Cancelled
7560,10,2024-04-16,285.97,Shipped
7561,328,2024-04-16,43.86,Cancelled
7562,216,2024-04-16,147.56,Completed
7563,924,2024-04-16,463.46,Cancelled
7564,772,2024-04-16,186.81,Shipped
7565,35,2024-04-16,335.9,Shipped
7566,700,2024-04-16,499.76,Cancelled
7567,41,2024-04-16,142.59,Cancelled
7568,591,2024-04-16,294.4,Completed
7569,459,2024-04-17,352.77,Completed
7570,899,2024-04-17,94.84,Shipped
7571,274,2024-04-17,87.11,Pending
7572,726,2024-04-17,236.31,Pending
7573,344,2024-04-17,202.12,Pending
7574,42,2024-04-17,361.39,Pending
7575,84,2024-04-17,48.71,Shipped
7576,256,2024-04-17,486.5,Pending
7577,108,2024-04-17,21.92,Pending
7578,364,2024-04-17,306.64,Cancelled
7579,105,2024-04-17,287.88,Pending
7580,551,2024-04-17,80.34,Cancelled
7581,676,2024-04-17,88.19,Shipped
7582,553,2024-04-17,399.45,Cancelled
7583,385,2024-04-17,445.47,Completed
7584,454,2024-04-17,152.26,Cancelled
7585,21,2024-04-17,227.41,Pending
7586,182,2024-04-17,187.17,Cancelled
7587,736,2024-04-17,50.19,Cancelled
7588,93,2024-04-17,341.5,Shipped
7589,134,2024-04-17,415.22,Shipped
7590,439,2024-04-17,162.87,Pending
7591,887,2024-04-17,495.24,Completed
7592,2,2024-04-17,51.79,Completed
7593,120,2024-04-18,335.97,Cancelled
7594,738,2024-04-18,232.39,Completed
7595,184,2024-04-18,231.6,Shipped
7596,702,2024-04-18,236.96,Pending
7597,203,2024-04-18,140.46,Pending
7598,824,2024-04-18,362.05,Shipped
7599,313,2024-04-18,364.96,Pending
7600,605,2024-04-18,151.96,Cancelled
7601,141,2024-04-18,420.12,Pending
7602,889,2024-04-18,168.67,Completed
7603,779,2024-04-18,366.67,Pending
7604,157,2024-04-18,73.68,Pending
7605,663,2024-04-18,96.82,Shipped
7606,405,2024-04-18,168.16,Shipped
7607,303,2024-04-18,303.03,Completed
7608,103,2024-04-18,328.07,Shipped
7609,261,2024-04-18,207.23,Completed
7610,528,2024-04-18,52.75,Cancelled
7611,675,2024-04-18,196.21,Completed
7612,318,2024-04-18,349.05,Pending
7613,802,2024-04-18,340.43,Completed
7614,380,2024-04-18,92.7,Cancelled
7615,655,2024-04-18,18.78,Pending
7616,303,2024-04-18,380.2,Completed
7617,424,2024-04-19,66.59,Shipped
7618,533,2024-04-19,54.94,Shipped
7619,159,2024-04-19,16.31,Shipped
7620,342,2024-04-19,224.81,Completed
7621,195,2024-04-19,259.08,Completed
7622,230,2024-04-19,324.27,Cancelled
7623,730,2024-04-19,158.59,Pending
7624,721,2024-04-19,359.56,Pending
7625,708,2024-04-19,97.13,Pending
7626,345,2024-04-19,418.52,Pending
7627,595,2024-04-19,292.35,Completed
7628,82,2024-04-19,298.19,Completed
7629,366,2024-04-19,116.74,Cancelled
7630,438,2024-04-19,50.94,Pending
7631,450,2024-04-19,240.39,Completed
7632,323,2024-04-19,313.57,Completed
7633,500,2024-04-19,61.1,Completed
7634,639,2024-04-19,476.01,Completed
7635,523,2024-04-19,490.5,Pending
7636,69,2024-04-19,279.55,Pending
7637,758,2024-04-19,475.78,Completed
7638,39,2024-04-19,102.03,Shipped
7639,666,2024-04-19,27.33,Cancelled
7640,546,2024-04-19,34.11,Pending
7641,859,2024-04-20,299.94,Pending
7642,407,2024-04-20,44.9,Shipped
7643,672,2024-04-20,479.89,Pending
7644,937,2024-04-20,83.84,Shipped
7645,945,2024-04-20,162.79,Shipped
7646,949,2024-04-20,413.92,Completed
7647,311,2024-04-20,121.09,Pending
7648,69,2024-04-20,132.84,Cancelled
7649,369,2024-04-20,326.52,Shipped
7650,49,2024-04-20,148.9,Cancelled
7651,550,2024-04-20,120.46,Completed
7652,834,2024-04-20,138.28,Pending
7653,724,2024-04-20,252.96,Completed
7654,436,2024-04-20,483.56,Completed
7655,483,2024-04-20,418.64,Cancelled
7656,650,2024-04-20,153.04,Cancelled
7657,774,2024-04-20,191.24,Shipped
7658,195,2024-04-20,240.29,Pending
7659,55,2024-04-20,489.78,Completed
7660,686,2024-04-20,98.61,Shipped
7661,218,2024-04-20,188.38,Shipped
7662,912,2024-04-20,368.77,Completed
7663,47,2024-04-20,482.51,Completed
7664,242,2024-04-20,90.5,Shipped
7665,422,2024-04-21,125.28,Completed
7666,555,2024-04-21,124.46,Completed
7667,892,2024-04-21,25.15,Cancelled
7668,803,2024-04-21,308.0,Pending
7669,848,2024-04-21,340.29,Shipped
7670,403,2024-04-21,307.23,Completed
7671,599,2024-04-21,49.59,Shipped
7672,731,2024-04-21,48.58,Pending
7673,452,2024-04-21,117.04,Shipped
7674,903,2024-04-21,155.79,Shipped
7675,290,2024-04-21,396.47,Shipped
7676,606,2024-04-21,92.3,Cancelled
7677,672,2024-04-21,36.38,Pending
7678,217,2024-04-21,206.08,Pending
7679,280,2024-04-21,216.95,Shipped
7680,927,2024-04-21,233.69,Shipped
7681,734,2024-04-21,416.05,Pending
7682,295,2024-04-21,62.53,Completed
7683,841,2024-04-21,356.41,Cancelled
7684,171,2024-04-21,178.9,Pending
7685,600,2024-04-21,165.34,Shipped
7686,558,2024-04-21,467.28,Completed
7687,736,2024-04-21,135.51,Completed
7688,295,2024-04-21,326.63,Completed
7689,266,2024-04-22,148.44,Cancelled
7690,361,2024-04-22,260.96,Cancelled
7691,268,2024-04-22,396.35,Pending
7692,902,2024-04-22,442.64,Pending
7693,740,2024-04-22,421.77,Pending
7694,494,2024-04-22,297.36,Pending
7695,648,2024-04-22,135.68,Shipped
7696,228,2024-04-22,335.7,Cancelled
7697,19,2024-04-22,359.3,Completed
7698,708,2024-04-22,20.19,Shipped
7699,760,2024-04-22,228.02,Pending
7700,805,2024-04-22,423.98,Pending
7701,524,2024-04-22,252.45,Shipped
7702,476,2024-04-22,166.02,Completed
7703,324,2024-04-22,437.82,Cancelled
7704,343,2024-04-22,90.6,Cancelled
7705,377,2024-04-22,115.13,Completed
7706,535,2024-04-22,348.38,Cancelled
7707,262,2024-04-22,185.93,Pending
7708,425,2024-04-22,360.81,Pending
7709,866,2024-04-22,91.49,Pending
7710,704,2024-04-22,137.35,Pending
7711,590,2024-04-22,90.97,Completed
7712,296,2024-04-22,477.16,Cancelled
7713,602,2024-04-23,211.62,Cancelled
7714,649,2024-04-23,178.55,Shipped
7715,69,2024-04-23,21.89,Completed
7716,191,2024-04-23,89.41,Cancelled
7717,661,2024-04-23,219.25,Cancelled
7718,622,2024-04-23,48.22,Shipped
7719,26,2024-04-23,262.71,Pending
7720,878,2024-04-23,235.68,Cancelled
7721,654,2024-04-23,387.08,Pending
7722,630,2024-04-23,335.0,Shipped
7723,66,2024-04-23,231.28,Cancelled
7724,536,2024-04-23,123.96,Pending
7725,778,2024-04-23,367.53,Completed
7726,446,2024-04-23,358.31,Pending
7727,457,2024-04-23,89.35,Pending
7728,790,2024-04-23,458.65,Pending
7729,542,2024-04-23,46.24,Pending
7730,500,2024-04-23,41.69,Completed
7731,194,2024-04-23,105.86,Shipped
7732,102,2024-04-23,456.09,Pending
7733,109,2024-04-23,267.2,Pending
7734,946,2024-04-23,397.15,Cancelled
7735,292,2024-04-23,125.5,Cancelled
7736,376,2024-04-23,252.76,Completed
7737,401,2024-04-24,188.77,Completed
7738,293,2024-04-24,416.5,Completed
7739,856,2024-04-24,25.96,Cancelled
7740,759,2024-04-24,133.26,Pending
7741,51,2024-04-24,89.0,Cancelled
7742,787,2024-04-24,431.71,Shipped
7743,616,2024-04-24,241.76,Completed
7744,877,2024-04-24,211.05,Completed
7745,306,2024-04-24,233.0,Completed
7746,216,2024-04-24,486.38,Shipped
7747,283,2024-04-24,427.38,Pending
7748,118,2024-04-24,357.59,Pending
7749,587,2024-04-24,155.88,Pending
7750,482,2024-04-24,95.11,Completed
7751,800,2024-04-24,461.9,Pending
7752,612,2024-04-24,220.19,Cancelled
7753,579,2024-04-24,150.2,Completed
7754,551,2024-04-24,243.4,Shipped
7755,483,2024-04-24,460.16,Shipped
7756,514,2024-04-24,202.73,Pending
7757,379,2024-04-24,287.88,Completed
7758,573,2024-04-24,404.44,Cancelled
7759,940,2024-04-24,222.16,Cancelled
7760,783,2024-04-24,128.27,Completed
7761,337,2024-04-25,497.34,Pending
7762,281,2024-04-25,478.94,Shipped
7763,774,2024-04-25,424.09,Shipped
7764,820,2024-04-25,348.86,Cancelled
7765,397,2024-04-25,158.01,Cancelled
7766,820,2024-04-25,458.01,Cancelled
7767,145,2024-04-25,148.64,Shipped
7768,757,2024-04-25,403.39,Cancelled
7769,450,2024-04-25,460.36,Shipped
7770,243,2024-04-25,307.46,Shipped
7771,266,2024-04-25,404.48,Pending
7772,60,2024-04-25,398.97,Pending
7773,626,2024-04-25,108.68,Pending
7774,860,2024-04-25,338.94,Cancelled
7775,722,2024-04-25,60.33,Shipped
7776,373,2024-04-25,261.31,Cancelled
7777,59,2024-04-25,93.68,Shipped
7778,569,2024-04-25,216.93,Pending
7779,842,2024-04-25,419.0,Pending
7780,843,2024-04-25,493.78,Cancelled
7781,669,2024-04-25,169.21,Shipped
7782,950,2024-04-25,273.0,Cancelled
7783,677,2024-04-25,262.98,Completed
7784,907,2024-04-25,477.88,Cancelled
7785,39,2024-04-26,247.11,Pending
7786,695,2024-04-26,354.07,Shipped
7787,771,2024-04-26,462.07,Shipped
7788,289,2024-04-26,196.09,Cancelled
7789,820,2024-04-26,452.53,Pending
7790,75,2024-04-26,459.97,Completed
7791,92,2024-04-26,466.37,Cancelled
7792,740,2024-04-26,146.17,Shipped
7793,613,2024-04-26,209.17,Pending
7794,200,2024-04-26,437.14,Shipped
7795,797,2024-04-26,189.19,Shipped
7796,632,2024-04-26,306.12,Shipped
7797,810,2024-04-26,72.26,Shipped
7798,559,2024-04-26,42.29,Completed
7799,867,2024-04-26,214.82,Pending
7800,583,2024-04-26,295.77,Cancelled
7801,822,2024-04-26,205.46,Pending
7802,368,2024-04-26,295.2,Pending
7803,437,2024-04-26,264.82,Pending
7804,664,2024-04-26,347.57,Cancelled
7805,159,2024-04-26,330.02,Pending
7806,421,2024-04-26,220.76,Cancelled
7807,785,2024-04-26,221.12,Cancelled
7808,800,2024-04-26,83.28,Completed
7809,529,2024-04-27,263.92,Shipped
7810,306,2024-04-27,299.78,Cancelled
7811,783,2024-04-27,246.1,Shipped
7812,669,2024-04-27,172.97,Pending
7813,740,2024-04-27,365.0,Shipped
7814,658,2024-04-27,51.21,Shipped
7815,318,2024-04-27,458.5,Shipped
7816,742,2024-04-27,25.01,Pending
7817,512,2024-04-27,481.74,Pending
7818,248,2024-04-27,239.24,Cancelled
7819,822,2024-04-27,215.14,Cancelled
7820,575,2024-04-27,139.38,Completed
7821,813,2024-04-27,19.88,Pending
7822,393,2024-04-27,148.27,Completed
7823,407,2024-04-27,68.06,Pending
7824,467,2024-04-27,335.01,Shipped
7825,538,2024-04-27,169.75,Completed
7826,615,2024-04-27,387.08,Completed
7827,781,2024-04-27,115.35,Completed
7828,495,2024-04-27,451.61,Pending
7829,872,2024-04-27,268.65,Cancelled
7830,267,2024-04-27,70.54,Completed
7831,906,2024-04-27,209.41,Cancelled
7832,673,2024-04-27,115.28,Pending
7833,914,2024-04-28,111.85,Completed
7834,437,2024-04-28,260.59,Pending
7835,364,2024-04-28,340.87,Cancelled
7836,802,2024-04-28,457.13,Cancelled
7837,90,2024-04-28,258.55,Completed
7838,357,2024-04-28,483.43,Cancelled
7839,932,2024-04-28,471.69,Shipped
7840,898,2024-04-28,434.56,Shipped
7841,696,2024-04-28,257.49,Completed
7842,777,2024-04-28,83.34,Pending
7843,852,2024-04-28,120.68,Pending
7844,385,2024-04-28,329.12,Pending
7845,331,2024-04-28,219.55,Shipped
7846,243,2024-04-28,86.2,Cancelled
7847,823,2024-04-28,247.31,Shipped
7848,947,2024-04-28,23.45,Cancelled
7849,12,2024-04-28,370.94,Shipped
7850,822,2024-04-28,50.69,Pending
7851,940,2024-04-28,320.12,Pending
7852,925,2024-04-28,399.61,Pending
7853,338,2024-04-28,79.33,Completed
7854,657,2024-04-28,266.54,Completed
7855,804,2024-04-28,392.85,Cancelled
7856,629,2024-04-28,141.41,Completed
7857,187,2024-04-29,94.01,Shipped
7858,833,2024-04-29,178.36,Shipped
7859,3,2024-04-29,284.03,Cancelled
7860,761,2024-04-29,294.01,Cancelled
7861,13,2024-04-29,78.48,Pending
7862,314,2024-04-29,236.92,Completed
7863,259,2024-04-29,145.12,Pending
7864,372,2024-04-29,423.38,Completed
7865,840,2024-04-29,167.08,Completed
7866,604,2024-04-29,421.77,Cancelled
7867,425,2024-04-29,222.85,Pending
7868,188,2024-04-29,367.39,Pending
7869,719,2024-04-29,262.38,Completed
7870,912,2024-04-29,316.65,Completed
7871,31,2024-04-29,206.75,Cancelled
7872,921,2024-04-29,387.58,Shipped
7873,618,2024-04-29,221.22,Pending
7874,476,2024-04-29,236.87,Pending
7875,936,2024-04-29,266.07,Cancelled
7876,646,2024-04-29,418.43,Cancelled
7877,36,2024-04-29,334.8,Pending
7878,229,2024-04-29,184.34,Pending
7879,4,2024-04-29,340.11,Completed
7880,84,2024-04-29,326.58,Shipped
7881,101,2024-04-30,466.54,Pending
7882,692,2024-04-30,423.09,Cancelled
7883,781,2024-04-30,329.01,Completed
7884,419,2024-04-30,180.63,Completed
7885,17,2024-04-30,393.09,Cancelled
7886,130,2024-04-30,293.98,Cancelled
7887,554,2024-04-30,492.86,Completed
7888,578,2024-04-30,135.04,Cancelled
7889,1014,2024-04-30,53.63,Completed
7890,428,2024-04-30,48.9,Cancelled
7891,107,2024-04-30,325.41,Completed
7892,157,2024-04-30,470.54,Pending
7893,67,2024-04-30,15.94,Pending
7894,501,2024-04-30,367.0,Cancelled
7895,268,2024-04-30,333.68,Shipped
7896,633,2024-04-30,370.17,Pending
7897,395,2024-04-30,187.37,Completed
7898,321,2024-04-30,412.94,Shipped
7899,593,2024-04-30,36.68,Completed
7900,747,2024-04-30,381.38,Completed
7901,73,2024-04-30,144.53,Pending
7902,356,2024-04-30,246.27,Cancelled
7903,878,2024-04-30,413.98,Cancelled
7904,113,2024-04-30,146.61,Completed
7905,118,2024-05-01,104.83,Pending
7906,4,2024-05-01,345.44,Completed
7907,335,2024-05-01,273.7,Shipped
7908,384,2024-05-01,264.49,Completed
7909,1013,2024-05-01,139.53,Pending
7910,425,2024-05-01,31.92,Completed
7911,844,2024-05-01,213.98,Pending
7912,835,2024-05-01,66.68,Cancelled
7913,732,2024-05-01,454.4,Pending
7914,662,2024-05-01,35.01,Shipped
7915,385,2024-05-01,224.35,Pending
7916,127,2024-05-01,40.34,Shipped
7917,409,2024-05-01,61.34,Shipped
7918,155,2024-05-01,334.55,Completed
7919,550,2024-05-01,328.85,Shipped
7920,188,2024-05-01,31.03,Pending
7921,223,2024-05-01,15.55,Cancelled
7922,921,2024-05-01,53.23,Pending
7923,833,2024-05-01,385.05,Cancelled
7924,170,2024-05-01,298.52,Shipped
7925,576,2024-05-01,33.49,Completed
7926,374,2024-05-01,251.73,Shipped
7927,855,2024-05-01,360.33,Shipped
7928,710,2024-05-01,436.44,Cancelled
7929,945,2024-05-02,468.01,Pending
7930,565,2024-05-02,173.81,Completed
7931,577,2024-05-02,80.88,Completed
7932,746,2024-05-02,129.91,Completed
7933,664,2024-05-02,391.44,Completed
7934,505,2024-05-02,486.17,Pending
7935,477,2024-05-02,241.2,Completed
7936,818,2024-05-02,163.1,Cancelled
7937,73,2024-05-02,223.16,Cancelled
7938,881,2024-05-02,162.83,Completed
7939,642,2024-05-02,139.4,Completed
7940,446,2024-05-02,302.97,Pending
7941,623,2024-05-02,22.63,Pending
7942,762,2024-05-02,140.88,Completed
7943,371,2024-05-02,335.77,Pending
7944,14,2024-05-02,30.55,Shipped
7945,937,2024-05-02,55.35,Completed
7946,224,2024-05-02,157.3,Pending
7947,517,2024-05-02,440.74,Cancelled
7948,715,2024-05-02,385.97,Completed
7949,833,2024-05-02,25.75,Completed
7950,196,2024-05-02,258.33,Cancelled
7951,446,2024-05-02,148.22,Cancelled
7952,87,2024-05-02,329.59,Pending
7953,218,2024-05-03,364.95,Cancelled
7954,739,2024-05-03,433.49,Shipped
7955,496,2024-05-03,245.58,Completed
7956,815,2024-05-03,497.31,Shipped
7957,408,2024-05-03,490.29,Pending
7958,275,2024-05-03,442.85,Cancelled
7959,915,2024-05-03,293.81,Completed
7960,571,2024-05-03,208.03,Cancelled
7961,392,2024-05-03,191.73,Cancelled
7962,750,2024-05-03,20.88,Pending
7963,41,2024-05-03,135.85,Pending
7964,355,2024-05-03,363.62,Pending
7965,520,2024-05-03,307.76,Pending
7966,202,2024-05-03,459.46,Completed
7967,833,2024-05-03,39.26,Shipped
7968,572,2024-05-03,90.31,Shipped
7969,718,2024-05-03,397.78,Completed
7970,645,2024-05-03,188.88,Cancelled
7971,106,2024-05-03,72.4,Completed
7972,227,2024-05-03,498.28,Shipped
7973,401,2024-05-03,396.82,Shipped
7974,657,2024-05-03,213.24,Completed
7975,159,2024-05-03,414.32,Pending
7976,568,2024-05-03,345.09,Cancelled
7977,856,2024-05-04,398.14,Completed
7978,668,2024-05-04,410.38,Shipped
7979,3,2024-05-04,56.09,Pending
7980,210,2024-05-04,317.14,Cancelled
7981,417,2024-05-04,18.29,Shipped
7982,137,2024-05-04,36.08,Cancelled
7983,570,2024-05-04,453.43,Pending
7984,563,2024-05-04,270.87,Shipped
7985,544,2024-05-04,371.91,Pending
7986,687,2024-05-04,421.67,Completed
7987,475,2024-05-04,475.55,Completed
7988,359,2024-05-04,436.64,Cancelled
7989,428,2024-05-04,249.41,Pending
7990,74,2024-05-04,177.95,Pending
7991,812,2024-05-04,89.93,Cancelled
7992,645,2024-05-04,209.16,Cancelled
7993,552,2024-05-04,192.75,Cancelled
7994,301,2024-05-04,286.39,Completed
7995,690,2024-05-04,337.77,Cancelled
7996,1017,2024-05-04,489.49,Completed
7997,375,2024-05-04,368.27,Cancelled
7998,704,2024-05-04,327.22,Pending
7999,287,2024-05-04,177.52,Pending
8000,243,2024-05-04,31.73,Cancelled
8001,741,2024-05-05,154.74,Cancelled
8002,917,2024-05-05,387.7,Completed
8003,886,2024-05-05,114.56,Shipped
8004,22,2024-05-05,360.41,Completed
8005,922,2024-05-05,296.19,Pending
8006,332,2024-05-05,98.35,Cancelled
8007,123,2024-05-05,141.89,Pending
8008,137,2024-05-05,255.71,Shipped
8009,503,2024-05-05,217.91,Completed
8010,147,2024-05-05,392.6,Pending
8011,304,2024-05-05,371.19,Completed
8012,660,2024-05-05,293.67,Cancelled
8013,332,2024-05-05,413.8,Pending
8014,544,2024-05-05,287.89,Shipped
8015,154,2024-05-05,482.73,Completed
8016,650,2024-05-05,120.35,Completed
8017,845,2024-05-05,361.35,Shipped
8018,328,2024-05-05,194.42,Pending
8019,659,2024-05-05,150.3,Pending
8020,82,2024-05-05,102.49,Completed
8021,662,2024-05-05,282.96,Shipped
8022,49,2024-05-05,119.5,Completed
8023,104,2024-05-05,112.17,Completed
8024,626,2024-05-05,495.41,Cancelled
8025,786,2024-05-06,403.85,Pending
8026,564,2024-05-06,377.91,Pending
8027,497,2024-05-06,400.12,Cancelled
8028,84,2024-05-06,484.93,Pending
8029,271,2024-05-06,293.04,Pending
8030,489,2024-05-06,121.82,Pending
8031,108,2024-05-06,433.17,Shipped
8032,7,2024-05-06,375.22,Cancelled
8033,358,2024-05-06,215.94,Completed
8034,68,2024-05-06,244.68,Shipped
8035,826,2024-05-06,214.46,Completed
8036,355,2024-05-06,466.02,Cancelled
8037,143,2024-05-06,181.61,Cancelled
8038,171,2024-05-06,482.29,Cancelled
8039,168,2024-05-06,456.48,Pending
8040,424,2024-05-06,320.8,Shipped
8041,17,2024-05-06,296.21,Cancelled
8042,390,2024-05-06,194.49,Completed
8043,500,2024-05-06,23.89,Pending
8044,65,2024-05-06,76.9,Pending
8045,838,2024-05-06,380.8,Shipped
8046,284,2024-05-06,243.7,Shipped
8047,851,2024-05-06,87.67,Shipped
8048,621,2024-05-06,143.02,Pending
8049,120,2024-05-07,474.7,Cancelled
8050,817,2024-05-07,193.06,Completed
8051,768,2024-05-07,455.23,Cancelled
8052,435,2024-05-07,162.75,Completed
8053,324,2024-05-07,278.46,Cancelled
8054,20,2024-05-07,24.93,Shipped
8055,381,2024-05-07,268.11,Completed
8056,318,2024-05-07,323.92,Pending
8057,738,2024-05-07,128.64,Completed
8058,779,2024-05-07,295.78,Pending
8059,79,2024-05-07,328.88,Cancelled
8060,23,2024-05-07,348.14,Shipped
8061,211,2024-05-07,391.56,Completed
8062,287,2024-05-07,166.0,Pending
8063,921,2024-05-07,290.37,Cancelled
8064,56,2024-05-07,491.07,Shipped
8065,739,2024-05-07,450.6,Shipped
8066,104,2024-05-07,477.04,Shipped
8067,135,2024-05-07,202.28,Cancelled
8068,731,2024-05-07,396.66,Cancelled
8069,44,2024-05-07,315.65,Cancelled
8070,520,2024-05-07,55.13,Shipped
8071,709,2024-05-07,414.63,Completed
8072,845,2024-05-07,343.39,Pending
8073,640,2024-05-08,111.47,Cancelled
8074,744,2024-05-08,53.67,Completed
8075,661,2024-05-08,420.96,Pending
8076,196,2024-05-08,53.27,Shipped
8077,733,2024-05-08,59.31,Completed
8078,831,2024-05-08,222.29,Shipped
8079,43,2024-05-08,80.38,Pending
8080,483,2024-05-08,458.13,Cancelled
8081,188,2024-05-08,243.09,Shipped
8082,869,2024-05-08,291.04,Completed
8083,228,2024-05-08,465.13,Cancelled
8084,450,2024-05-08,272.18,Completed
8085,864,2024-05-08,186.49,Pending
8086,382,2024-05-08,401.62,Pending
8087,407,2024-05-08,229.78,Cancelled
8088,392,2024-05-08,169.46,Completed
8089,361,2024-05-08,365.77,Completed
8090,759,2024-05-08,403.78,Completed
8091,426,2024-05-08,398.98,Completed
8092,66,2024-05-08,489.17,Pending
8093,905,2024-05-08,396.53,Completed
8094,137,2024-05-08,388.42,Pending
8095,725,2024-05-08,430.88,Completed
8096,502,2024-05-08,15.09,Completed
8097,120,2024-05-09,190.78,Shipped
8098,129,2024-05-09,372.74,Shipped
8099,307,2024-05-09,305.86,Completed
8100,558,2024-05-09,101.12,Pending
8101,806,2024-05-09,162.31,Completed
8102,581,2024-05-09,178.34,Shipped
8103,566,2024-05-09,290.4,Completed
8104,249,2024-05-09,418.33,Shipped
8105,666,2024-05-09,467.26,Completed
8106,327,2024-05-09,378.79,Cancelled
8107,278,2024-05-09,423.83,Completed
8108,594,2024-05-09,243.0,Pending
8109,823,2024-05-09,204.04,Shipped
8110,360,2024-05-09,205.46,Cancelled
8111,778,2024-05-09,313.78,Shipped
8112,349,2024-05-09,75.25,Shipped
8113,833,2024-05-09,296.05,Pending
8114,124,2024-05-09,337.59,Completed
8115,154,2024-05-09,227.87,Pending
8116,605,2024-05-09,477.29,Completed
8117,399,2024-05-09,309.98,Cancelled
8118,726,2024-05-09,121.7,Pending
8119,644,2024-05-09,247.42,Pending
8120,346,2024-05-09,342.57,Shipped
8121,913,2024-05-10,171.96,Pending
8122,878,2024-05-10,53.63,Completed
8123,825,2024-05-10,297.97,Pending
8124,210,2024-05-10,474.72,Pending
8125,901,2024-05-10,250.26,Cancelled
8126,875,2024-05-10,454.46,Completed
8127,157,2024-05-10,419.99,Shipped
8128,281,2024-05-10,86.5,Completed
8129,341,2024-05-10,358.46,Cancelled
8130,624,2024-05-10,226.2,Completed
8131,635,2024-05-10,136.37,Completed
8132,98,2024-05-10,348.17,Pending
8133,130,2024-05-10,375.19,Pending
8134,23,2024-05-10,102.25,Completed
8135,567,2024-05-10,458.51,Completed
8136,458,2024-05-10,379.31,Shipped
8137,245,2024-05-10,467.69,Cancelled
8138,876,2024-05-10,168.78,Pending
8139,490,2024-05-10,470.58,Pending
8140,485,2024-05-10,193.73,Pending
8141,161,2024-05-10,41.18,Pending
8142,314,2024-05-10,385.04,Completed
8143,180,2024-05-10,356.2,Completed
8144,35,2024-05-10,304.99,Shipped
8145,476,2024-05-11,252.6,Pending
8146,632,2024-05-11,30.6,Pending
8147,198,2024-05-11,317.93,Completed
8148,493,2024-05-11,217.16,Shipped
8149,48,2024-05-11,286.7,Completed
8150,206,2024-05-11,223.22,Pending
8151,537,2024-05-11,483.54,Pending
8152,39,2024-05-11,307.99,Cancelled
8153,828,2024-05-11,378.38,Cancelled
8154,176,2024-05-11,469.13,Cancelled
8155,763,2024-05-11,301.93,Shipped
8156,301,2024-05-11,20.85,Completed
8157,829,2024-05-11,31.63,Pending
8158,157,2024-05-11,355.63,Pending
8159,488,2024-05-11,150.36,Shipped
8160,15,2024-05-11,296.0,Pending
8161,492,2024-05-11,113.1,Pending
8162,214,2024-05-11,146.07,Completed
8163,102,2024-05-11,259.75,Cancelled
8164,542,2024-05-11,488.15,Cancelled
8165,711,2024-05-11,313.89,Shipped
8166,204,2024-05-11,469.03,Cancelled
8167,21,2024-05-11,480.3,Cancelled
8168,784,2024-05-11,115.93,Shipped
8169,913,2024-05-12,165.93,Shipped
8170,697,2024-05-12,388.45,Cancelled
8171,832,2024-05-12,435.38,Completed
8172,191,2024-05-12,266.82,Shipped
8173,227,2024-05-12,496.71,Pending
8174,629,2024-05-12,20.61,Shipped
8175,49,2024-05-12,160.3,Pending
8176,504,2024-05-12,317.23,Shipped
8177,725,2024-05-12,242.61,Shipped
8178,275,2024-05-12,71.55,Cancelled
8179,465,2024-05-12,193.38,Cancelled
8180,400,2024-05-12,27.34,Cancelled
8181,59,2024-05-12,326.73,Completed
8182,576,2024-05-12,447.98,Cancelled
8183,889,2024-05-12,444.16,Cancelled
8184,40,2024-05-12,354.28,Shipped
8185,779,2024-05-12,240.9,Shipped
8186,564,2024-05-12,263.34,Completed
8187,303,2024-05-12,81.41,Pending
8188,669,2024-05-12,180.39,Shipped
8189,384,2024-05-12,106.05,Shipped
8190,156,2024-05-12,413.28,Pending
8191,628,2024-05-12,458.66,Completed
8192,594,2024-05-12,275.41,Shipped
8193,794,2024-05-13,367.97,Cancelled
8194,693,2024-05-13,73.91,Completed
8195,288,2024-05-13,310.14,Pending
8196,206,2024-05-13,355.85,Pending
8197,720,2024-05-13,234.59,Cancelled
8198,26,2024-05-13,132.99,Cancelled
8199,602,2024-05-13,440.53,Cancelled
8200,152,2024-05-13,375.31,Completed
8201,504,2024-05-13,451.43,Pending
8202,733,2024-05-13,411.93,Cancelled
8203,318,2024-05-13,495.33,Cancelled
8204,379,2024-05-13,108.2,Pending
8205,787,2024-05-13,57.07,Shipped
8206,53,2024-05-13,178.45,Completed
8207,828,2024-05-13,77.57,Shipped
8208,605,2024-05-13,268.72,Cancelled
8209,618,2024-05-13,322.02,Completed
8210,949,2024-05-13,295.47,Shipped
8211,757,2024-05-13,140.73,Pending
8212,391,2024-05-13,455.78,Cancelled
8213,554,2024-05-13,25.27,Completed
8214,22,2024-05-13,183.79,Completed
8215,324,2024-05-13,363.71,Completed
8216,597,2024-05-13,386.96,Completed
8217,330,2024-05-14,216.82,Cancelled
8218,532,2024-05-14,23.2,Cancelled
8219,455,2024-05-14,314.75,Pending
8220,569,2024-05-14,45.6,Pending
8221,43,2024-05-14,67.31,Pending
8222,53,2024-05-14,330.37,Shipped
8223,691,2024-05-14,166.56,Pending
8224,214,2024-05-14,183.79,Cancelled
8225,282,2024-05-14,251.1,Shipped
8226,604,2024-05-14,489.61,Cancelled
8227,187,2024-05-14,483.24,Shipped
8228,61,2024-05-14,216.89,Pending
8229,536,2024-05-14,143.77,Pending
8230,47,2024-05-14,161.76,Pending
8231,173,2024-05-14,145.36,Shipped
8232,937,2024-05-14,273.14,Cancelled
8233,518,2024-05-14,309.33,Completed
8234,812,2024-05-14,252.06,Cancelled
8235,863,2024-05-14,212.88,Pending
8236,617,2024-05-14,117.47,Shipped
8237,632,2024-05-14,249.02,Shipped
8238,210,2024-05-14,180.43,Pending
8239,5,2024-05-14,277.67,Shipped
8240,676,2024-05-14,342.47,Pending
8241,260,2024-05-15,322.16,Cancelled
8242,89,2024-05-15,239.31,Shipped
8243,211,2024-05-15,284.69,Completed
8244,262,2024-05-15,153.16,Shipped
8245,788,2024-05-15,26.76,Pending
8246,613,2024-05-15,318.13,Completed
8247,786,2024-05-15,137.5,Pending
8248,377,2024-05-15,339.44,Shipped
8249,10,2024-05-15,377.3,Completed
8250,677,2024-05-15,459.22,Completed
8251,327,2024-05-15,479.69,Shipped
8252,693,2024-05-15,20.11,Completed
8253,573,2024-05-15,495.33,Cancelled
8254,563,2024-05-15,346.26,Completed
8255,726,2024-05-15,327.11,Completed
8256,686,2024-05-15,22.38,Cancelled
8257,811,2024-05-15,432.7,Pending
8258,831,2024-05-15,85.56,Pending
8259,897,2024-05-15,421.11,Cancelled
8260,165,2024-05-15,22.55,Completed
8261,831,2024-05-15,328.29,Shipped
8262,628,2024-05-15,225.88,Cancelled
8263,586,2024-05-15,112.37,Shipped
8264,900,2024-05-15,67.17,Pending
8265,13,2024-05-16,228.46,Cancelled
8266,128,2024-05-16,74.8,Shipped
8267,670,2024-05-16,250.93,Completed
8268,648,2024-05-16,318.23,Cancelled
8269,317,2024-05-16,416.28,Shipped
8270,102,2024-05-16,344.14,Cancelled
8271,293,2024-05-16,46.62,Cancelled
8272,937,2024-05-16,164.1,Pending
8273,411,2024-05-16,154.67,Pending
8274,84,2024-05-16,458.79,Completed
8275,40,2024-05-16,435.87,Pending
8276,916,2024-05-16,194.52,Pending
8277,275,2024-05-16,49.51,Pending
8278,571,2024-05-16,448.64,Shipped
8279,565,2024-05-16,445.77,Cancelled
8280,161,2024-05-16,429.55,Pending
8281,873,2024-05-16,424.86,Shipped
8282,251,2024-05-16,247.92,Cancelled
8283,843,2024-05-16,101.05,Pending
8284,864,2024-05-16,246.58,Pending
8285,142,2024-05-16,254.88,Cancelled
8286,681,2024-05-16,252.62,Shipped
8287,494,2024-05-16,276.3,Shipped
8288,348,2024-05-16,139.96,Completed
8289,574,2024-05-17,192.63,Cancelled
8290,872,2024-05-17,225.58,Completed
8291,471,2024-05-17,78.59,Shipped
8292,726,2024-05-17,235.85,Pending
8293,517,2024-05-17,408.08,Completed
8294,236,2024-05-17,416.61,Shipped
8295,513,2024-05-17,214.61,Shipped
8296,803,2024-05-17,266.62,Pending
8297,830,2024-05-17,31.32,Cancelled
8298,547,2024-05-17,342.1,Shipped
8299,856,2024-05-17,211.23,Completed
8300,781,2024-05-17,231.06,Pending
8301,199,2024-05-17,438.73,Cancelled
8302,554,2024-05-17,238.99,Cancelled
8303,817,2024-05-17,25.28,Cancelled
8304,353,2024-05-17,125.33,Shipped
8305,301,2024-05-17,245.68,Cancelled
8306,859,2024-05-17,220.83,Shipped
8307,10,2024-05-17,432.28,Pending
8308,707,2024-05-17,277.94,Pending
8309,804,2024-05-17,349.47,Cancelled
8310,407,2024-05-17,242.62,Pending
8311,693,2024-05-17,228.23,Completed
8312,268,2024-05-17,231.45,Completed
8313,35,2024-05-18,214.3,Shipped
8314,307,2024-05-18,276.21,Cancelled
8315,104,2024-05-18,136.47,Shipped
8316,117,2024-05-18,447.16,Pending
8317,892,2024-05-18,176.55,Cancelled
8318,887,2024-05-18,86.55,Shipped
8319,895,2024-05-18,61.83,Cancelled
8320,770,2024-05-18,21.51,Cancelled
8321,658,2024-05-18,220.09,Shipped
8322,78,2024-05-18,105.99,Cancelled
8323,422,2024-05-18,25.5,Pending
8324,391,2024-05-18,267.21,Completed
8325,114,2024-05-18,344.79,Completed
8326,716,2024-05-18,56.59,Cancelled
8327,924,2024-05-18,238.55,Completed
8328,604,2024-05-18,375.66,Cancelled
8329,835,2024-05-18,493.12,Shipped
8330,591,2024-05-18,338.59,Pending
8331,651,2024-05-18,133.75,Completed
8332,678,2024-05-18,362.53,Shipped
8333,509,2024-05-18,305.0,Pending
8334,805,2024-05-18,117.72,Completed
8335,689,2024-05-18,427.79,Completed
8336,888,2024-05-18,222.29,Pending
8337,735,2024-05-19,481.56,Shipped
8338,869,2024-05-19,365.61,Shipped
8339,888,2024-05-19,327.61,Completed
8340,73,2024-05-19,368.25,Pending
8341,852,2024-05-19,246.88,Shipped
8342,454,2024-05-19,260.03,Pending
8343,83,2024-05-19,427.84,Pending
8344,267,2024-05-19,345.25,Completed
8345,391,2024-05-19,450.16,Pending
8346,598,2024-05-19,447.05,Pending
8347,101,2024-05-19,488.6,Cancelled
8348,117,2024-05-19,354.6,Pending
8349,802,2024-05-19,258.62,Shipped
8350,86,2024-05-19,95.66,Completed
8351,727,2024-05-19,357.11,Completed
8352,212,2024-05-19,156.42,Pending
8353,881,2024-05-19,152.23,Pending
8354,140,2024-05-19,130.57,Shipped
8355,822,2024-05-19,439.43,Cancelled
8356,128,2024-05-19,435.96,Completed
8357,441,2024-05-19,321.02,Cancelled
8358,785,2024-05-19,244.4,Shipped
8359,923,2024-05-19,340.98,Completed
8360,19,2024-05-19,309.51,Shipped
8361,267,2024-05-20,216.63,Pending
8362,102,2024-05-20,199.12,Shipped
8363,903,2024-05-20,200.66,Pending
8364,338,2024-05-20,300.73,Cancelled
8365,787,2024-05-20,329.12,Completed
8366,823,2024-05-20,234.09,Completed
8367,812,2024-05-20,484.82,Cancelled
8368,936,2024-05-20,55.67,Pending
8369,886,2024-05-20,183.32,Completed
8370,853,2024-05-20,218.25,Shipped
8371,899,2024-05-20,23.21,Pending
8372,30,2024-05-20,192.0,Completed
8373,690,2024-05-20,147.75,Shipped
8374,652,2024-05-20,260.43,Shipped
8375,356,2024-05-20,178.16,Completed
8376,742,2024-05-20,367.2,Cancelled
8377,482,2024-05-20,262.32,Cancelled
8378,853,2024-05-20,77.93,Completed
8379,681,2024-05-20,378.78,Shipped
8380,568,2024-05-20,63.13,Cancelled
8381,226,2024-05-20,421.94,Cancelled
8382,457,2024-05-20,466.74,Cancelled
8383,299,2024-05-20,171.39,Pending
8384,582,2024-05-20,464.18,Cancelled
8385,934,2024-05-21,399.61,Completed
8386,563,2024-05-21,462.38,Completed
8387,942,2024-05-21,338.14,Pending
8388,899,2024-05-21,129.29,Pending
8389,37,2024-05-21,448.84,Completed
8390,361,2024-05-21,104.37,Pending
8391,201,2024-05-21,118.33,Cancelled
8392,193,2024-05-21,146.47,Shipped
8393,103,2024-05-21,162.56,Shipped
8394,434,2024-05-21,264.52,Shipped
8395,67,2024-05-21,361.03,Completed
8396,335,2024-05-21,464.21,Pending
8397,642,2024-05-21,57.89,Shipped
8398,944,2024-05-21,477.87,Cancelled
8399,296,2024-05-21,461.84,Cancelled
8400,162,2024-05-21,41.19,Cancelled
8401,726,2024-05-21,189.76,Pending
8402,890,2024-05-21,409.37,Shipped
8403,206,2024-05-21,311.61,Cancelled
8404,8,2024-05-21,392.86,Pending
8405,876,2024-05-21,363.73,Cancelled
8406,252,2024-05-21,255.93,Shipped
8407,793,2024-05-21,34.99,Shipped
8408,245,2024-05-21,298.37,Shipped
8409,276,2024-05-22,38.55,Shipped
8410,525,2024-05-22,307.81,Shipped
8411,904,2024-05-22,403.2,Cancelled
8412,564,2024-05-22,298.72,Shipped
8413,264,2024-05-22,498.56,Cancelled
8414,194,2024-05-22,236.1,Shipped
8415,642,2024-05-22,378.18,Cancelled
8416,768,2024-05-22,338.6,Shipped
8417,940,2024-05-22,495.84,Cancelled
8418,674,2024-05-22,360.91,Shipped
8419,592,2024-05-22,94.55,Pending
8420,455,2024-05-22,478.43,Cancelled
8421,670,2024-05-22,338.87,Pending
8422,435,2024-05-22,43.78,Cancelled
8423,569,2024-05-22,333.92,Cancelled
8424,551,2024-05-22,443.31,Cancelled
8425,304,2024-05-22,294.87,Completed
8426,287,2024-05-22,186.7,Shipped
8427,749,2024-05-22,413.14,Pending
8428,199,2024-05-22,394.52,Pending
8429,533,2024-05-22,278.93,Cancelled
8430,901,2024-05-22,89.87,Pending
8431,133,2024-05-22,136.73,Pending
8432,616,2024-05-22,373.16,Pending
8433,1009,2024-05-23,405.95,Pending
8434,384,2024-05-23,150.44,Completed
8435,726,2024-05-23,193.47,Cancelled
8436,195,2024-05-23,52.65,Pending
8437,847,2024-05-23,361.03,Completed
8438,782,2024-05-23,16.74,Completed
8439,500,2024-05-23,37.57,Cancelled
8440,883,2024-05-23,17.11,Shipped
8441,947,2024-05-23,327.98,Shipped
8442,433,2024-05-23,217.43,Shipped
8443,937,2024-05-23,159.31,Pending
8444,936,2024-05-23,457.66,Cancelled
8445,727,2024-05-23,108.51,Shipped
8446,825,2024-05-23,203.84,Pending
8447,214,2024-05-23,471.05,Cancelled
8448,239,2024-05-23,222.15,Pending
8449,876,2024-05-23,284.03,Shipped
8450,119,2024-05-23,53.96,Shipped
8451,491,2024-05-23,398.23,Completed
8452,873,2024-05-23,220.04,Completed
8453,354,2024-05-23,403.25,Cancelled
8454,544,2024-05-23,138.09,Pending
8455,90,2024-05-23,219.9,Pending
8456,833,2024-05-23,396.48,Shipped
8457,331,2024-05-24,487.33,Shipped
8458,365,2024-05-24,43.92,Cancelled
8459,529,2024-05-24,409.04,Completed
8460,208,2024-05-24,160.83,Shipped
8461,75,2024-05-24,282.11,Pending
8462,507,2024-05-24,155.69,Shipped
8463,246,2024-05-24,312.52,Completed
8464,552,2024-05-24,186.59,Pending
8465,151,2024-05-24,176.8,Completed
8466,294,2024-05-24,33.4,Cancelled
8467,229,2024-05-24,86.28,Cancelled
8468,778,2024-05-24,459.78,Completed
8469,39,2024-05-24,499.16,Pending
8470,291,2024-05-24,393.55,Completed
8471,107,2024-05-24,154.1,Shipped
8472,93,2024-05-24,210.19,Shipped
8473,313,2024-05-24,373.66,Completed
8474,8,2024-05-24,484.73,Shipped
8475,714,2024-05-24,235.9,Completed
8476,560,2024-05-24,417.32,Shipped
8477,589,2024-05-24,487.91,Completed
8478,849,2024-05-24,438.63,Shipped
8479,594,2024-05-24,125.17,Pending
8480,100,2024-05-24,18.9,Pending
8481,398,2024-05-25,253.66,Shipped
8482,854,2024-05-25,272.71,Completed
8483,832,2024-05-25,112.61,Shipped
8484,686,2024-05-25,153.07,Cancelled
8485,889,2024-05-25,386.1,Cancelled
8486,25,2024-05-25,243.12,Completed
8487,690,2024-05-25,168.92,Shipped
8488,505,2024-05-25,316.97,Shipped
8489,863,2024-05-25,331.59,Pending
8490,908,2024-05-25,388.16,Completed
8491,353,2024-05-25,91.0,Cancelled
8492,704,2024-05-25,374.64,Cancelled
8493,850,2024-05-25,305.72,Completed
8494,548,2024-05-25,42.92,Cancelled
8495,214,2024-05-25,392.06,Completed
8496,213,2024-05-25,200.79,Cancelled
8497,672,2024-05-25,175.23,Cancelled
8498,119,2024-05-25,232.32,Completed
8499,378,2024-05-25,182.89,Completed
8500,113,2024-05-25,179.07,Cancelled
8501,747,2024-05-25,406.92,Cancelled
8502,116,2024-05-25,75.39,Pending
8503,64,2024-05-25,485.74,Shipped
8504,435,2024-05-25,284.14,Completed
8505,495,2024-05-26,103.72,Completed
8506,251,2024-05-26,78.64,Shipped
8507,768,2024-05-26,301.88,Pending
8508,525,2024-05-26,322.0,Cancelled
8509,900,2024-05-26,40.72,Cancelled
8510,567,2024-05-26,132.86,Pending
8511,638,2024-05-26,400.8,Pending
8512,226,2024-05-26,39.07,Shipped
8513,199,2024-05-26,429.72,Shipped
8514,127,2024-05-26,334.21,Cancelled
8515,129,2024-05-26,225.7,Pending
8516,417,2024-05-26,183.02,Pending
8517,289,2024-05-26,24.34,Cancelled
8518,866,2024-05-26,415.23,Cancelled
8519,614,2024-05-26,84.22,Cancelled
8520,476,2024-05-26,165.13,Cancelled
8521,95,2024-05-26,291.02,Cancelled
8522,502,2024-05-26,134.31,Shipped
8523,42,2024-05-26,256.11,Cancelled
8524,475,2024-05-26,407.53,Pending
8525,205,2024-05-26,243.21,Completed
8526,22,2024-05-26,475.25,Shipped
8527,24,2024-05-26,426.04,Pending
8528,136,2024-05-26,176.52,Completed
8529,280,2024-05-27,208.98,Shipped
8530,517,2024-05-27,220.31,Cancelled
8531,512,2024-05-27,318.7,Shipped
8532,206,2024-05-27,154.1,Cancelled
8533,327,2024-05-27,485.09,Cancelled
8534,216,2024-05-27,310.21,Cancelled
8535,22,2024-05-27,208.71,Completed
8536,109,2024-05-27,327.83,Shipped
8537,193,2024-05-27,206.77,Cancelled
8538,142,2024-05-27,411.63,Pending
8539,182,2024-05-27,290.4,Shipped
8540,374,2024-05-27,35.36,Pending
8541,20,2024-05-27,100.73,Completed
8542,76,2024-05-27,434.52,Completed
8543,681,2024-05-27,288.01,Shipped
8544,132,2024-05-27,475.92,Completed
8545,659,2024-05-27,50.12,Completed
8546,739,2024-05-27,158.2,Shipped
8547,497,2024-05-27,108.87,Pending
8548,860,2024-05-27,283.61,Cancelled
8549,506,2024-05-27,200.65,Shipped
8550,380,2024-05-27,91.28,Shipped
8551,676,2024-05-27,326.73,Cancelled
8552,339,2024-05-27,275.1,Pending
8553,331,2024-05-28,148.25,Cancelled
8554,741,2024-05-28,247.69,Cancelled
8555,764,2024-05-28,376.68,Pending
8556,130,2024-05-28,114.56,Pending
8557,310,2024-05-28,157.06,Cancelled
8558,730,2024-05-28,182.86,Cancelled
8559,538,2024-05-28,377.16,Shipped
8560,101,2024-05-28,425.76,Pending
8561,109,2024-05-28,197.55,Completed
8562,650,2024-05-28,158.86,Pending
8563,349,2024-05-28,446.38,Cancelled
8564,877,2024-05-28,499.69,Cancelled
8565,364,2024-05-28,340.12,Cancelled
8566,304,2024-05-28,495.14,Cancelled
8567,183,2024-05-28,335.08,Completed
8568,210,2024-05-28,370.73,Pending
8569,763,2024-05-28,203.5,Completed
8570,404,2024-05-28,224.99,Completed
8571,564,2024-05-28,84.91,Cancelled
8572,59,2024-05-28,414.03,Completed
8573,936,2024-05-28,466.56,Cancelled
8574,188,2024-05-28,317.37,Cancelled
8575,40,2024-05-28,181.67,Cancelled
8576,511,2024-05-28,89.7,Completed
8577,893,2024-05-29,143.6,Cancelled
8578,783,2024-05-29,138.87,Completed
8579,533,2024-05-29,312.56,Pending
8580,133,2024-05-29,473.34,Cancelled
8581,165,2024-05-29,38.41,Shipped
8582,523,2024-05-29,15.5,Shipped
8583,455,2024-05-29,306.09,Shipped
8584,865,2024-05-29,152.77,Shipped
8585,403,2024-05-29,442.07,Shipped
8586,369,2024-05-29,173.72,Completed
8587,263,2024-05-29,155.52,Pending
8588,865,2024-05-29,145.71,Completed
8589,507,2024-05-29,85.25,Cancelled
8590,230,2024-05-29,297.04,Pending
8591,196,2024-05-29,96.58,Pending
8592,341,2024-05-29,220.95,Pending
8593,716,2024-05-29,238.57,Pending
8594,165,2024-05-29,24.94,Shipped
8595,118,2024-05-29,23.15,Cancelled
8596,566,2024-05-29,267.3,Pending
8597,476,2024-05-29,352.58,Pending
8598,22,2024-05-29,471.94,Shipped
8599,207,2024-05-29,101.87,Completed
8600,318,2024-05-29,65.08,Completed
8601,826,2024-05-30,40.26,Completed
8602,131,2024-05-30,226.48,Cancelled
8603,585,2024-05-30,317.23,Completed
8604,731,2024-05-30,422.67,Pending
8605,194,2024-05-30,346.08,Shipped
8606,17,2024-05-30,116.05,Shipped
8607,73,2024-05-30,238.96,Completed
8608,480,2024-05-30,456.52,Shipped
8609,659,2024-05-30,173.47,Pending
8610,492,2024-05-30,256.88,Completed
8611,288,2024-05-30,479.9,Pending
8612,168,2024-05-30,371.33,Cancelled
8613,635,2024-05-30,377.65,Pending
8614,514,2024-05-30,137.38,Pending
8615,229,2024-05-30,216.13,Pending
8616,571,2024-05-30,54.94,Pending
8617,859,2024-05-30,309.17,Cancelled
8618,109,2024-05-30,65.31,Completed
8619,268,2024-05-30,420.42,Pending
8620,359,2024-05-30,410.06,Completed
8621,559,2024-05-30,273.8,Shipped
8622,519,2024-05-30,83.47,Pending
8623,934,2024-05-30,27.41,Pending
8624,797,2024-05-30,401.4,Shipped
8625,918,2024-05-31,306.07,Completed
8626,815,2024-05-31,359.8,Cancelled
8627,312,2024-05-31,162.35,Pending
8628,777,2024-05-31,262.1,Shipped
8629,336,2024-05-31,377.38,Shipped
8630,406,2024-05-31,239.34,Pending
8631,530,2024-05-31,306.67,Completed
8632,228,2024-05-31,398.02,Completed
8633,488,2024-05-31,119.38,Pending
8634,623,2024-05-31,46.98,Shipped
8635,571,2024-05-31,272.93,Pending
8636,291,2024-05-31,45.13,Cancelled
8637,325,2024-05-31,386.78,Cancelled
8638,25,2024-05-31,363.82,Completed
8639,342,2024-05-31,442.63,Cancelled
8640,55,2024-05-31,325.19,Shipped
8641,721,2024-05-31,47.59,Cancelled
8642,111,2024-05-31,137.78,Pending
8643,148,2024-05-31,406.85,Shipped
8644,589,2024-05-31,96.06,Completed
8645,511,2024-05-31,353.76,Completed
8646,372,2024-05-31,393.43,Cancelled
8647,181,2024-05-31,175.1,Completed
8648,441,2024-05-31,171.31,Pending
8649,758,2024-06-01,285.53,Shipped
8650,517,2024-06-01,432.72,Pending
8651,277,2024-06-01,123.59,Pending
8652,664,2024-06-01,471.51,Pending
8653,820,2024-06-01,305.57,Pending
8654,601,2024-06-01,496.18,Shipped
8655,390,2024-06-01,58.46,Shipped
8656,296,2024-06-01,76.38,Pending
8657,62,2024-06-01,415.92,Pending
8658,44,2024-06-01,434.41,Completed
8659,134,2024-06-01,231.05,Completed
8660,503,2024-06-01,361.32,Shipped
8661,329,2024-06-01,435.77,Completed
8662,548,2024-06-01,35.92,Shipped
8663,428,2024-06-01,293.37,Shipped
8664,674,2024-06-01,428.94,Cancelled
8665,526,2024-06-01,208.11,Shipped
8666,780,2024-06-01,161.66,Completed
8667,424,2024-06-01,400.92,Cancelled
8668,160,2024-06-01,177.86,Completed
8669,305,2024-06-01,16.54,Shipped
8670,81,2024-06-01,480.39,Shipped
8671,234,2024-06-01,302.18,Pending
8672,333,2024-06-01,412.47,Shipped
8673,315,2024-06-02,415.27,Cancelled
8674,845,2024-06-02,47.21,Shipped
8675,200,2024-06-02,97.87,Pending
8676,161,2024-06-02,165.89,Shipped
8677,474,2024-06-02,170.54,Shipped
8678,192,2024-06-02,334.51,Shipped
8679,793,2024-06-02,317.22,Pending
8680,487,2024-06-02,254.88,Completed
8681,704,2024-06-02,117.46,Shipped
8682,673,2024-06-02,200.26,Cancelled
8683,803,2024-06-02,278.64,Pending
8684,907,2024-06-02,241.97,Cancelled
8685,172,2024-06-02,76.74,Shipped
8686,944,2024-06-02,330.01,Pending
8687,937,2024-06-02,50.43,Shipped
8688,461,2024-06-02,198.42,Cancelled
8689,926,2024-06-02,359.36,Pending
8690,284,2024-06-02,24.71,Completed
8691,778,2024-06-02,291.44,Completed
8692,862,2024-06-02,177.24,Completed
8693,241,2024-06-02,19.28,Shipped
8694,351,2024-06-02,107.34,Pending
8695,531,2024-06-02,471.36,Cancelled
8696,819,2024-06-02,267.76,Cancelled
8697,925,2024-06-03,498.66,Shipped
8698,368,2024-06-03,269.54,Shipped
8699,231,2024-06-03,278.81,Cancelled
8700,28,2024-06-03,205.04,Pending
8701,139,2024-06-03,165.37,Shipped
8702,805,2024-06-03,137.0,Pending
8703,1,2024-06-03,181.56,Cancelled
8704,9,2024-06-03,238.03,Pending
8705,254,2024-06-03,108.12,Completed
8706,363,2024-06-03,124.06,Cancelled
8707,293,2024-06-03,146.7,Completed
8708,365,2024-06-03,232.89,Cancelled
8709,501,2024-06-03,331.61,Completed
8710,85,2024-06-03,430.23,Pending
8711,111,2024-06-03,154.26,Cancelled
8712,19,2024-06-03,104.11,Cancelled
8713,947,2024-06-03,198.74,Completed
8714,416,2024-06-03,448.78,Pending
8715,584,2024-06-03,19.78,Cancelled
8716,779,2024-06-03,343.77,Shipped
8717,350,2024-06-03,246.42,Completed
8718,842,2024-06-03,93.11,Cancelled
8719,604,2024-06-03,170.7,Pending
8720,334,2024-06-03,124.1,Pending
8721,187,2024-06-04,440.75,Pending
8722,349,2024-06-04,248.71,Pending
8723,143,2024-06-04,288.1,Completed
8724,360,2024-06-04,302.94,Cancelled
8725,97,2024-06-04,325.21,Completed
8726,714,2024-06-04,255.34,Completed
8727,570,2024-06-04,23.67,Pending
8728,73,2024-06-04,177.34,Shipped
8729,629,2024-06-04,104.18,Pending
8730,121,2024-06-04,344.87,Shipped
8731,238,2024-06-04,42.5,Completed
8732,340,2024-06-04,288.44,Pending
8733,746,2024-06-04,117.16,Pending
8734,330,2024-06-04,475.19,Completed
8735,73,2024-06-04,177.74,Pending
8736,100,2024-06-04,172.73,Cancelled
8737,142,2024-06-04,462.84,Shipped
8738,401,2024-06-04,217.41,Shipped
8739,419,2024-06-04,481.99,Shipped
8740,573,2024-06-04,26.72,Pending
8741,342,2024-06-04,163.58,Cancelled
8742,636,2024-06-04,338.1,Pending
8743,805,2024-06-04,447.07,Shipped
8744,575,2024-06-04,139.36,Pending
8745,650,2024-06-05,466.28,Shipped
8746,653,2024-06-05,303.15,Completed
8747,509,2024-06-05,403.49,Shipped
8748,874,2024-06-05,207.65,Completed
8749,727,2024-06-05,117.91,Completed
8750,625,2024-06-05,456.95,Completed
8751,414,2024-06-05,467.57,Shipped
8752,821,2024-06-05,256.32,Cancelled
8753,215,2024-06-05,18.15,Shipped
8754,360,2024-06-05,68.24,Pending
8755,612,2024-06-05,292.92,Pending
8756,218,2024-06-05,26.53,Cancelled
8757,821,2024-06-05,207.5,Cancelled
8758,699,2024-06-05,162.13,Cancelled
8759,455,2024-06-05,361.46,Completed
8760,185,2024-06-05,41.96,Cancelled
8761,929,2024-06-05,252.03,Cancelled
8762,153,2024-06-05,295.87,Cancelled
8763,133,2024-06-05,314.39,Shipped
8764,69,2024-06-05,211.5,Pending
8765,283,2024-06-05,162.62,Pending
8766,411,2024-06-05,346.01,Cancelled
8767,700,2024-06-05,426.07,Pending
8768,270,2024-06-05,351.4,Shipped
8769,247,2024-06-06,467.07,Pending
8770,883,2024-06-06,362.87,Completed
8771,483,2024-06-06,385.84,Shipped
8772,25,2024-06-06,96.43,Pending
8773,866,2024-06-06,218.48,Pending
8774,29,2024-06-06,250.25,Shipped
8775,348,2024-06-06,139.3,Pending
8776,752,2024-06-06,271.34,Pending
8777,266,2024-06-06,156.03,Cancelled
8778,705,2024-06-06,348.44,Completed
8779,443,2024-06-06,243.09,Shipped
8780,494,2024-06-06,237.52,Cancelled
8781,947,2024-06-06,492.07,Pending
8782,873,2024-06-06,205.34,Shipped
8783,486,2024-06-06,190.71,Shipped
8784,280,2024-06-06,169.52,Completed
8785,609,2024-06-06,448.95,Completed
8786,842,2024-06-06,255.91,Shipped
8787,237,2024-06-06,306.01,Completed
8788,596,2024-06-06,102.7,Completed
8789,603,2024-06-06,277.36,Pending
8790,248,2024-06-06,148.2,Completed
8791,1,2024-06-06,369.36,Completed
8792,804,2024-06-06,418.78,Cancelled
8793,387,2024-06-07,361.68,Pending
8794,905,2024-06-07,369.17,Pending
8795,483,2024-06-07,263.55,Shipped
8796,734,2024-06-07,360.38,Completed
8797,109,2024-06-07,220.0,Cancelled
8798,674,2024-06-07,330.97,Cancelled
8799,102,2024-06-07,140.63,Pending
8800,530,2024-06-07,48.83,Completed
8801,148,2024-06-07,215.53,Cancelled
8802,401,2024-06-07,238.96,Shipped
8803,466,2024-06-07,139.36,Completed
8804,785,2024-06-07,367.94,Completed
8805,196,2024-06-07,50.67,Completed
8806,877,2024-06-07,123.03,Cancelled
8807,749,2024-06-07,378.05,Pending
8808,662,2024-06-07,227.01,Pending
8809,835,2024-06-07,357.06,Shipped
8810,687,2024-06-07,290.23,Cancelled
8811,421,2024-06-07,476.1,Completed
8812,755,2024-06-07,304.93,Shipped
8813,899,2024-06-07,22.21,Shipped
8814,780,2024-06-07,186.15,Pending
8815,620,2024-06-07,84.38,Completed
8816,560,2024-06-07,463.45,Completed
8817,322,2024-06-08,65.45,Cancelled
8818,164,2024-06-08,203.04,Cancelled
8819,81,2024-06-08,124.66,Cancelled
8820,235,2024-06-08,425.66,Shipped
8821,80,2024-06-08,164.65,Completed
8822,580,2024-06-08,496.07,Pending
8823,800,2024-06-08,33.73,Shipped
8824,554,2024-06-08,77.21,Shipped
8825,128,2024-06-08,123.95,Pending
8826,836,2024-06-08,408.39,Pending
8827,221,2024-06-08,441.08,Cancelled
8828,421,2024-06-08,49.65,Pending
8829,113,2024-06-08,30.74,Pending
8830,827,2024-06-08,376.11,Pending
8831,558,2024-06-08,79.68,Pending
8832,343,2024-06-08,79.5,Cancelled
8833,685,2024-06-08,25.85,Shipped
8834,384,2024-06-08,39.16,Completed
8835,574,2024-06-08,142.88,Completed
8836,514,2024-06-08,46.53,Shipped
8837,320,2024-06-08,193.91,Completed
8838,931,2024-06-08,418.9,Completed
8839,210,2024-06-08,173.27,Shipped
8840,324,2024-06-08,368.0,Completed
8841,876,2024-06-09,60.55,Completed
8842,84,2024-06-09,334.8,Shipped
8843,644,2024-06-09,168.62,Completed
8844,920,2024-06-09,378.63,Pending
8845,268,2024-06-09,81.08,Shipped
8846,909,2024-06-09,450.47,Cancelled
8847,794,2024-06-09,132.65,Completed
8848,1007,2024-06-09,186.27,Cancelled
8849,802,2024-06-09,475.84,Completed
8850,87,2024-06-09,295.56,Pending
8851,445,2024-06-09,192.4,Shipped
8852,1009,2024-06-09,475.56,Cancelled
8853,620,2024-06-09,174.6,Shipped
8854,309,2024-06-09,61.01,Cancelled
8855,108,2024-06-09,498.47,Completed
8856,288,2024-06-09,144.9,Pending
8857,187,2024-06-09,427.86,Cancelled
8858,162,2024-06-09,95.29,Cancelled
8859,70,2024-06-09,369.71,Pending
8860,373,2024-06-09,269.36,Pending
8861,427,2024-06-09,490.74,Pending
8862,381,2024-06-09,283.12,Pending
8863,334,2024-06-09,27.13,Pending
8864,426,2024-06-09,307.88,Shipped
8865,772,2024-06-10,85.48,Completed
8866,629,2024-06-10,402.29,Completed
8867,202,2024-06-10,430.44,Cancelled
8868,401,2024-06-10,248.82,Pending
8869,98,2024-06-10,394.86,Shipped
8870,623,2024-06-10,85.38,Shipped
8871,477,2024-06-10,253.66,Cancelled
8872,551,2024-06-10,206.06,Pending
8873,278,2024-06-10,311.49,Completed
8874,139,2024-06-10,36.57,Pending
8875,55,2024-06-10,379.78,Shipped
8876,183,2024-06-10,53.38,Pending
8877,506,2024-06-10,333.39,Completed
8878,832,2024-06-10,23.95,Completed
8879,441,2024-06-10,418.47,Cancelled
8880,410,2024-06-10,99.73,Shipped
8881,734,2024-06-10,265.02,Pending
8882,796,2024-06-10,141.82,Pending
8883,917,2024-06-10,365.48,Cancelled
8884,856,2024-06-10,170.86,Cancelled
8885,654,2024-06-10,366.44,Cancelled
8886,745,2024-06-10,153.16,Shipped
8887,178,2024-06-10,379.95,Pending
8888,177,2024-06-10,29.84,Cancelled
8889,690,2024-06-11,152.41,Shipped
8890,172,2024-06-11,256.84,Pending
8891,318,2024-06-11,36.85,Completed
8892,920,2024-06-11,105.23,Cancelled
8893,416,2024-06-11,468.25,Shipped
8894,580,2024-06-11,488.76,Pending
8895,502,2024-06-11,373.78,Pending
8896,814,2024-06-11,137.32,Cancelled
8897,734,2024-06-11,141.35,Cancelled
8898,606,2024-06-11,328.21,Pending
8899,680,2024-06-11,72.04,Shipped
8900,303,2024-06-11,474.93,Completed
8901,387,2024-06-11,124.03,Pending
8902,233,2024-06-11,499.82,Shipped
8903,628,2024-06-11,255.43,Cancelled
8904,336,2024-06-11,389.14,Pending
8905,514,2024-06-11,16.06,Cancelled
8906,438,2024-06-11,446.04,Completed
8907,183,2024-06-11,145.95,Cancelled
8908,602,2024-06-11,338.95,Completed
8909,292,2024-06-11,406.08,Cancelled
8910,250,2024-06-11,94.61,Cancelled
8911,934,2024-06-11,229.62,Completed
8912,506,2024-06-11,254.51,Cancelled
8913,462,2024-06-12,166.38,Shipped
8914,242,2024-06-12,248.65,Cancelled
8915,149,2024-06-12,169.01,Pending
8916,147,2024-06-12,189.96,Cancelled
8917,567,2024-06-12,339.63,Shipped
8918,196,2024-06-12,321.81,Pending
8919,283,2024-06-12,127.65,Shipped
8920,720,2024-06-12,450.28,Pending
8921,106,2024-06-12,433.45,Cancelled
8922,65,2024-06-12,261.91,Shipped
8923,405,2024-06-12,225.13,Cancelled
8924,870,2024-06-12,197.78,Pending
8925,603,2024-06-12,358.02,Shipped
8926,882,2024-06-12,340.76,Completed
8927,99,2024-06-12,110.15,Shipped
8928,894,2024-06-12,340.66,Cancelled
8929,370,2024-06-12,137.43,Completed
8930,868,2024-06-12,24.0,Completed
8931,411,2024-06-12,354.12,Pending
8932,546,2024-06-12,327.72,Completed
8933,394,2024-06-12,214.24,Completed
8934,371,2024-06-12,269.96,Pending
8935,173,2024-06-12,474.38,Shipped
8936,520,2024-06-12,303.67,Cancelled
8937,529,2024-06-13,334.07,Shipped
8938,202,2024-06-13,46.0,Completed
8939,651,2024-06-13,95.51,Cancelled
8940,809,2024-06-13,160.96,Shipped
8941,527,2024-06-13,276.6,Cancelled
8942,60,2024-06-13,391.65,Completed
8943,468,2024-06-13,170.8,Shipped
8944,186,2024-06-13,187.85,Cancelled
8945,516,2024-06-13,139.23,Cancelled
8946,535,2024-06-13,138.49,Shipped
8947,165,2024-06-13,475.2,Shipped
8948,947,2024-06-13,323.2,Completed
8949,403,2024-06-13,90.61,Pending
8950,99,2024-06-13,365.29,Cancelled
8951,625,2024-06-13,365.18,Shipped
8952,343,2024-06-13,338.24,Shipped
8953,824,2024-06-13,80.34,Shipped
8954,320,2024-06-13,212.88,Cancelled
8955,776,2024-06-13,66.78,Completed
8956,460,2024-06-13,411.06,Pending
8957,395,2024-06-13,332.76,Cancelled
8958,236,2024-06-13,260.99,Completed
8959,118,2024-06-13,181.36,Cancelled
8960,864,2024-06-13,104.36,Cancelled
8961,361,2024-06-14,66.63,Shipped
8962,848,2024-06-14,485.08,Completed
8963,692,2024-06-14,111.83,Shipped
8964,749,2024-06-14,44.04,Shipped
8965,280,2024-06-14,481.41,Completed
8966,364,2024-06-14,281.24,Shipped
8967,419,2024-06-14,401.38,Shipped
8968,290,2024-06-14,36.23,Pending
8969,354,2024-06-14,289.97,Completed
8970,141,2024-06-14,208.13,Completed
8971,28,2024-06-14,389.4,Shipped
8972,627,2024-06-14,33.64,Shipped
8973,543,2024-06-14,209.82,Completed
8974,655,2024-06-14,402.55,Completed
8975,118,2024-06-14,268.51,Cancelled
8976,723,2024-06-14,281.77,Completed
8977,390,2024-06-14,62.12,Cancelled
8978,265,2024-06-14,79.18,Shipped
8979,99,2024-06-14,343.34,Pending
8980,164,2024-06-14,342.4,Pending
8981,198,2024-06-14,489.87,Cancelled
8982,362,2024-06-14,360.3,Shipped
8983,513,2024-06-14,254.22,Shipped
8984,547,2024-06-14,430.8,Shipped
8985,262,2024-06-15,65.67,Completed
8986,584,2024-06-15,232.91,Shipped
8987,713,2024-06-15,154.25,Completed
8988,816,2024-06-15,65.75,Cancelled
8989,934,2024-06-15,385.3,Pending
8990,687,2024-06-15,262.73,Cancelled
8991,846,2024-06-15,285.03,Shipped
8992,418,2024-06-15,214.46,Shipped
8993,89,2024-06-15,238.26,Cancelled
8994,160,2024-06-15,71.27,Completed
8995,927,2024-06-15,341.37,Completed
8996,862,2024-06-15,224.74,Completed
8997,166,2024-06-15,411.13,Pending
8998,906,2024-06-15,110.2,Pending
8999,113,2024-06-15,114.45,Shipped
9000,182,2024-06-15,328.19,Cancelled
9001,805,2024-06-15,425.31,Cancelled
9002,607,2024-06-15,244.02,Shipped
9003,546,2024-06-15,367.57,Completed
9004,536,2024-06-15,499.68,Pending
9005,49,2024-06-15,495.28,Cancelled
9006,68,2024-06-15,376.0,Shipped
9007,902,2024-06-15,373.7,Completed
9008,803,2024-06-15,135.1,Completed
9009,377,2024-06-16,419.27,Pending
9010,913,2024-06-16,211.47,Pending
9011,660,2024-06-16,481.57,Shipped
9012,245,2024-06-16,54.49,Shipped
9013,442,2024-06-16,226.38,Completed
9014,646,2024-06-16,284.58,Completed
9015,753,2024-06-16,211.5,Cancelled
9016,39,2024-06-16,117.13,Completed
9017,436,2024-06-16,302.6,Shipped
9018,437,2024-06-16,381.62,Pending
9019,708,2024-06-16,327.75,Shipped
9020,497,2024-06-16,128.71,Cancelled
9021,883,2024-06-16,369.83,Cancelled
9022,122,2024-06-16,139.6,Pending
9023,283,2024-06-16,99.97,Shipped
9024,883,2024-06-16,349.97,Cancelled
9025,184,2024-06-16,423.75,Shipped
9026,644,2024-06-16,248.55,Cancelled
9027,283,2024-06-16,272.73,Pending
9028,449,2024-06-16,161.83,Cancelled
9029,260,2024-06-16,254.89,Shipped
9030,308,2024-06-16,79.01,Shipped
9031,602,2024-06-16,478.58,Cancelled
9032,452,2024-06-16,403.17,Completed
9033,507,2024-06-17,338.97,Pending
9034,694,2024-06-17,276.02,Pending
9035,651,2024-06-17,399.2,Cancelled
9036,667,2024-06-17,254.96,Cancelled
9037,784,2024-06-17,160.49,Completed
9038,591,2024-06-17,92.78,Pending
9039,74,2024-06-17,329.08,Completed
9040,761,2024-06-17,465.77,Pending
9041,156,2024-06-17,89.5,Cancelled
9042,519,2024-06-17,102.31,Pending
9043,663,2024-06-17,225.3,Pending
9044,54,2024-06-17,406.35,Pending
9045,859,2024-06-17,157.55,Completed
9046,19,2024-06-17,138.15,Completed
9047,493,2024-06-17,315.68,Pending
9048,40,2024-06-17,274.77,Shipped
9049,622,2024-06-17,44.21,Completed
9050,653,2024-06-17,54.52,Cancelled
9051,262,2024-06-17,326.86,Cancelled
9052,763,2024-06-17,240.58,Pending
9053,869,2024-06-17,485.92,Cancelled
9054,12,2024-06-17,344.09,Completed
9055,188,2024-06-17,19.89,Shipped
9056,816,2024-06-17,248.29,Shipped
9057,324,2024-06-18,216.01,Shipped
9058,417,2024-06-18,66.76,Cancelled
9059,715,2024-06-18,462.76,Pending
9060,154,2024-06-18,405.43,Cancelled
9061,10,2024-06-18,126.59,Pending
9062,449,2024-06-18,139.15,Shipped
9063,228,2024-06-18,30.53,Completed
9064,75,2024-06-18,158.91,Cancelled
9065,648,2024-06-18,298.54,Completed
9066,462,2024-06-18,219.11,Shipped
9067,300,2024-06-18,485.09,Pending
9068,539,2024-06-18,42.2,Completed
9069,659,2024-06-18,301.84,Cancelled
9070,172,2024-06-18,431.28,Completed
9071,271,2024-06-18,248.16,Completed
9072,748,2024-06-18,16.44,Cancelled
9073,508,2024-06-18,132.76,Pending
9074,647,2024-06-18,172.03,Cancelled
9075,796,2024-06-18,483.51,Shipped
9076,423,2024-06-18,457.21,Pending
9077,632,2024-06-18,475.35,Completed
9078,766,2024-06-18,415.49,Cancelled
9079,536,2024-06-18,185.55,Shipped
9080,362,2024-06-18,454.35,Cancelled
9081,289,2024-06-19,491.12,Pending
9082,231,2024-06-19,184.78,Shipped
9083,154,2024-06-19,141.37,Completed
9084,216,2024-06-19,280.25,Pending
9085,831,2024-06-19,105.77,Shipped
9086,525,2024-06-19,30.82,Pending
9087,162,2024-06-19,473.73,Completed
9088,284,2024-06-19,463.98,Shipped
9089,459,2024-06-19,93.89,Cancelled
9090,455,2024-06-19,212.75,Cancelled
9091,775,2024-06-19,418.05,Completed
9092,825,2024-06-19,335.59,Shipped
9093,881,2024-06-19,206.47,Completed
9094,1022,2024-06-19,375.92,Completed
9095,872,2024-06-19,450.07,Pending
9096,404,2024-06-19,464.19,Cancelled
9097,736,2024-06-19,198.74,Completed
9098,689,2024-06-19,99.18,Pending
9099,452,2024-06-19,457.73,Completed
9100,309,2024-06-19,59.89,Completed
9101,461,2024-06-19,365.02,Completed
9102,613,2024-06-19,83.14,Cancelled
9103,741,2024-06-19,203.85,Shipped
9104,147,2024-06-19,214.6,Cancelled
9105,111,2024-06-20,92.0,Pending
9106,237,2024-06-20,462.5,Shipped
9107,302,2024-06-20,16.29,Pending
9108,571,2024-06-20,448.5,Completed
9109,61,2024-06-20,443.66,Shipped
9110,431,2024-06-20,168.73,Pending
9111,320,2024-06-20,356.58,Completed
9112,432,2024-06-20,137.61,Pending
9113,12,2024-06-20,383.01,Pending
9114,840,2024-06-20,287.14,Cancelled
9115,264,2024-06-20,160.61,Completed
9116,823,2024-06-20,209.11,Cancelled
9117,2,2024-06-20,349.6,Shipped
9118,610,2024-06-20,454.46,Completed
9119,57,2024-06-20,78.4,Cancelled
9120,215,2024-06-20,292.11,Cancelled
9121,685,2024-06-20,138.06,Shipped
9122,588,2024-06-20,403.67,Pending
9123,454,2024-06-20,49.07,Pending
9124,569,2024-06-20,349.14,Pending
9125,256,2024-06-20,99.85,Shipped
9126,117,2024-06-20,304.25,Cancelled
9127,851,2024-06-20,420.31,Completed
9128,797,2024-06-20,381.21,Shipped
9129,208,2024-06-21,380.18,Pending
9130,565,2024-06-21,266.15,Pending
9131,938,2024-06-21,447.01,Completed
9132,192,2024-06-21,300.23,Shipped
9133,60,2024-06-21,460.0,Pending
9134,685,2024-06-21,280.06,Shipped
9135,789,2024-06-21,260.39,Cancelled
9136,242,2024-06-21,122.84,Shipped
9137,828,2024-06-21,279.22,Cancelled
9138,1029,2024-06-21,83.18,Completed
9139,260,2024-06-21,436.8,Cancelled
9140,311,2024-06-21,342.81,Cancelled
9141,382,2024-06-21,496.91,Completed
9142,666,2024-06-21,59.67,Pending
9143,727,2024-06-21,131.73,Completed
9144,248,2024-06-21,440.42,Shipped
9145,935,2024-06-21,206.7,Completed
9146,828,2024-06-21,241.16,Shipped
9147,946,2024-06-21,432.42,Pending
9148,833,2024-06-21,268.08,Shipped
9149,66,2024-06-21,108.84,Completed
9150,7,2024-06-21,447.63,Completed
9151,711,2024-06-21,30.06,Pending
9152,460,2024-06-21,449.27,Completed
9153,103,2024-06-22,39.5,Pending
9154,230,2024-06-22,337.94,Pending
9155,430,2024-06-22,49.76,Completed
9156,429,2024-06-22,357.51,Cancelled
9157,226,2024-06-22,31.48,Shipped
9158,165,2024-06-22,423.59,Cancelled
9159,414,2024-06-22,240.98,Pending
9160,736,2024-06-22,60.33,Shipped
9161,92,2024-06-22,357.81,Cancelled
9162,14,2024-06-22,252.31,Completed
9163,551,2024-06-22,107.61,Cancelled
9164,463,2024-06-22,22.6,Shipped
9165,781,2024-06-22,217.73,Shipped
9166,649,2024-06-22,56.53,Shipped
9167,540,2024-06-22,60.67,Shipped
9168,72,2024-06-22,144.65,Cancelled
9169,132,2024-06-22,320.77,Completed
9170,798,2024-06-22,272.01,Completed
9171,773,2024-06-22,48.46,Shipped
9172,83,2024-06-22,484.69,Completed
9173,685,2024-06-22,445.28,Cancelled
9174,625,2024-06-22,140.72,Completed
9175,1,2024-06-22,74.33,Pending
9176,666,2024-06-22,472.07,Completed
9177,406,2024-06-23,238.65,Shipped
9178,305,2024-06-23,165.92,Completed
9179,727,2024-06-23,252.82,Completed
9180,593,2024-06-23,389.78,Completed
9181,131,2024-06-23,96.67,Completed
9182,543,2024-06-23,387.24,Pending
9183,687,2024-06-23,378.48,Cancelled
9184,394,2024-06-23,276.58,Shipped
9185,343,2024-06-23,434.93,Shipped
9186,781,2024-06-23,79.09,Completed
9187,491,2024-06-23,303.81,Cancelled
9188,934,2024-06-23,232.93,Completed
9189,402,2024-06-23,219.81,Pending
9190,805,2024-06-23,137.49,Cancelled
9191,851,2024-06-23,195.56,Cancelled
9192,264,2024-06-23,67.45,Cancelled
9193,194,2024-06-23,137.03,Cancelled
9194,41,2024-06-23,146.9,Completed
9195,227,2024-06-23,364.52,Pending
9196,118,2024-06-23,38.55,Cancelled
9197,471,2024-06-23,330.83,Shipped
9198,233,2024-06-23,122.38,Shipped
9199,258,2024-06-23,54.7,Pending
9200,575,2024-06-23,160.89,Shipped
9201,610,2024-06-24,123.87,Completed
9202,945,2024-06-24,282.74,Completed
9203,481,2024-06-24,188.33,Pending
9204,482,2024-06-24,483.51,Cancelled
9205,623,2024-06-24,482.32,Shipped
9206,423,2024-06-24,230.2,Shipped
9207,260,2024-06-24,400.62,Pending
9208,286,2024-06-24,21.44,Pending
9209,759,2024-06-24,280.69,Shipped
9210,129,2024-06-24,375.5,Cancelled
9211,204,2024-06-24,120.22,Pending
9212,509,2024-06-24,44.67,Completed
9213,261,2024-06-24,90.62,Shipped
9214,800,2024-06-24,229.3,Pending
9215,302,2024-06-24,260.59,Pending
9216,903,2024-06-24,199.73,Pending
9217,572,2024-06-24,228.39,Shipped
9218,929,2024-06-24,243.06,Completed
9219,32,2024-06-24,388.18,Completed
9220,555,2024-06-24,66.04,Shipped
9221,318,2024-06-24,387.94,Pending
9222,842,2024-06-24,348.98,Shipped
9223,134,2024-06-24,374.71,Shipped
9224,332,2024-06-24,371.22,Pending
9225,349,2024-06-25,243.24,Shipped
9226,3,2024-06-25,117.53,Cancelled
9227,804,2024-06-25,275.27,Completed
9228,406,2024-06-25,479.62,Cancelled
9229,79,2024-06-25,300.43,Cancelled
9230,412,2024-06-25,20.36,Cancelled
9231,391,2024-06-25,43.96,Shipped
9232,643,2024-06-25,496.54,Pending
9233,753,2024-06-25,49.89,Shipped
9234,43,2024-06-25,37.33,Completed
9235,703,2024-06-25,186.22,Shipped
9236,601,2024-06-25,485.12,Shipped
9237,386,2024-06-25,169.56,Shipped
9238,826,2024-06-25,213.79,Shipped
9239,99,2024-06-25,322.53,Cancelled
9240,175,2024-06-25,26.69,Pending
9241,727,2024-06-25,450.42,Completed
9242,911,2024-06-25,266.93,Completed
9243,687,2024-06-25,241.4,Completed
9244,892,2024-06-25,432.45,Shipped
9245,537,2024-06-25,477.24,Completed
9246,536,2024-06-25,220.36,Cancelled
9247,201,2024-06-25,98.63,Pending
9248,320,2024-06-25,410.62,Shipped
9249,319,2024-06-26,210.58,Shipped
9250,910,2024-06-26,468.74,Cancelled
9251,620,2024-06-26,475.7,Completed
9252,586,2024-06-26,70.69,Shipped
9253,743,2024-06-26,478.93,Shipped
9254,126,2024-06-26,193.61,Cancelled
9255,630,2024-06-26,328.43,Cancelled
9256,859,2024-06-26,31.85,Completed
9257,154,2024-06-26,446.11,Pending
9258,171,2024-06-26,326.17,Pending
9259,686,2024-06-26,327.12,Completed
9260,397,2024-06-26,452.56,Pending
9261,602,2024-06-26,261.55,Cancelled
9262,164,2024-06-26,214.1,Cancelled
9263,237,2024-06-26,435.07,Cancelled
9264,7,2024-06-26,375.07,Pending
9265,11,2024-06-26,475.25,Pending
9266,802,2024-06-26,470.96,Shipped
9267,761,2024-06-26,200.43,Shipped
9268,509,2024-06-26,231.79,Shipped
9269,152,2024-06-26,139.15,Pending
9270,855,2024-06-26,335.41,Shipped
9271,581,2024-06-26,191.8,Cancelled
9272,925,2024-06-26,396.26,Pending
9273,376,2024-06-27,73.95,Completed
9274,582,2024-06-27,71.46,Pending
9275,546,2024-06-27,114.16,Shipped
9276,524,2024-06-27,55.88,Pending
9277,725,2024-06-27,315.72,Shipped
9278,129,2024-06-27,86.47,Shipped
9279,474,2024-06-27,92.58,Completed
9280,109,2024-06-27,21.9,Completed
9281,43,2024-06-27,394.31,Cancelled
9282,844,2024-06-27,408.96,Shipped
9283,318,2024-06-27,93.58,Pending
9284,478,2024-06-27,373.67,Completed
9285,629,2024-06-27,225.27,Completed
9286,911,2024-06-27,131.2,Shipped
9287,367,2024-06-27,316.37,Pending
9288,318,2024-06-27,101.56,Completed
9289,117,2024-06-27,382.09,Completed
9290,130,2024-06-27,38.09,Pending
9291,676,2024-06-27,480.18,Completed
9292,712,2024-06-27,49.86,Pending
9293,183,2024-06-27,296.03,Shipped
9294,678,2024-06-27,452.56,Completed
9295,631,2024-06-27,20.77,Shipped
9296,46,2024-06-27,256.78,Pending
9297,918,2024-06-28,184.75,Shipped
9298,418,2024-06-28,296.46,Shipped
9299,185,2024-06-28,124.35,Shipped
9300,676,2024-06-28,46.48,Cancelled
9301,206,2024-06-28,318.58,Pending
9302,270,2024-06-28,217.17,Pending
9303,394,2024-06-28,316.91,Pending
9304,713,2024-06-28,117.11,Pending
9305,231,2024-06-28,179.29,Pending
9306,867,2024-06-28,287.42,Completed
9307,946,2024-06-28,302.66,Completed
9308,904,2024-06-28,195.57,Completed
9309,640,2024-06-28,150.83,Shipped
9310,1010,2024-06-28,147.74,Shipped
9311,768,2024-06-28,99.73,Pending
9312,369,2024-06-28,172.82,Cancelled
9313,482,2024-06-28,111.73,Pending
9314,436,2024-06-28,322.4,Completed
9315,424,2024-06-28,291.0,Pending
9316,227,2024-06-28,200.56,Shipped
9317,336,2024-06-28,173.03,Pending
9318,650,2024-06-28,130.24,Completed
9319,118,2024-06-28,274.7,Pending
9320,142,2024-06-28,460.67,Shipped
9321,831,2024-06-29,347.57,Cancelled
9322,665,2024-06-29,376.04,Completed
9323,13,2024-06-29,419.67,Pending
9324,916,2024-06-29,185.54,Shipped
9325,710,2024-06-29,45.49,Completed
9326,813,2024-06-29,316.94,Completed
9327,511,2024-06-29,106.51,Shipped
9328,548,2024-06-29,290.99,Pending
9329,872,2024-06-29,373.66,Pending
9330,451,2024-06-29,395.06,Pending
9331,358,2024-06-29,161.39,Completed
9332,426,2024-06-29,263.53,Cancelled
9333,392,2024-06-29,316.17,Completed
9334,659,2024-06-29,412.45,Pending
9335,554,2024-06-29,384.27,Completed
9336,219,2024-06-29,494.17,Cancelled
9337,837,2024-06-29,18.92,Completed
9338,1023,2024-06-29,227.18,Shipped
9339,682,2024-06-29,139.18,Pending
9340,78,2024-06-29,73.15,Pending
9341,674,2024-06-29,457.08,Pending
9342,374,2024-06-29,499.01,Completed
9343,198,2024-06-29,102.59,Completed
9344,382,2024-06-29,33.64,Completed
9345,813,2024-06-30,148.4,Pending
9346,666,2024-06-30,419.91,Completed
9347,238,2024-06-30,157.54,Pending
9348,507,2024-06-30,42.6,Completed
9349,526,2024-06-30,40.46,Pending
9350,849,2024-06-30,222.3,Shipped
9351,420,2024-06-30,466.94,Completed
9352,508,2024-06-30,153.67,Pending
9353,304,2024-06-30,222.17,Shipped
9354,905,2024-06-30,64.44,Shipped
9355,10,2024-06-30,254.38,Cancelled
9356,444,2024-06-30,352.83,Completed
9357,354,2024-06-30,146.51,Pending
9358,189,2024-06-30,158.9,Cancelled
9359,177,2024-06-30,423.36,Completed
9360,125,2024-06-30,20.03,Shipped
9361,595,2024-06-30,323.69,Completed
9362,837,2024-06-30,206.03,Pending
9363,691,2024-06-30,159.71,Shipped
9364,918,2024-06-30,333.93,Cancelled
9365,447,2024-06-30,419.81,Completed
9366,149,2024-06-30,285.82,Completed
9367,294,2024-06-30,30.08,Cancelled
9368,122,2024-06-30,238.78,Completed
9369,870,2024-07-01,239.44,Completed
9370,773,2024-07-01,278.74,Completed
9371,680,2024-07-01,340.42,Shipped
9372,93,2024-07-01,24.37,Shipped
9373,216,2024-07-01,258.48,Pending
9374,812,2024-07-01,300.33,Completed
9375,463,2024-07-01,181.53,Pending
9376,602,2024-07-01,339.16,Shipped
9377,254,2024-07-01,125.67,Completed
9378,29,2024-07-01,168.93,Pending
9379,619,2024-07-01,481.94,Completed
9380,442,2024-07-01,183.81,Completed
9381,102,2024-07-01,183.05,Cancelled
9382,285,2024-07-01,303.91,Pending
9383,214,2024-07-01,485.92,Shipped
9384,662,2024-07-01,491.79,Pending
9385,366,2024-07-01,296.13,Pending
9386,705,2024-07-01,15.53,Pending
9387,550,2024-07-01,451.82,Cancelled
9388,492,2024-07-01,291.57,Completed
9389,64,2024-07-01,192.51,Shipped
9390,520,2024-07-01,417.16,Cancelled
9391,51,2024-07-01,208.92,Shipped
9392,192,2024-07-01,31.51,Cancelled
9393,274,2024-07-02,413.22,Completed
9394,618,2024-07-02,279.74,Shipped
9395,68,2024-07-02,179.0,Pending
9396,235,2024-07-02,136.68,Cancelled
9397,598,2024-07-02,302.99,Shipped
9398,740,2024-07-02,115.9,Completed
9399,936,2024-07-02,172.07,Shipped
9400,438,2024-07-02,323.72,Cancelled
9401,673,2024-07-02,442.55,Completed
9402,153,2024-07-02,273.45,Pending
9403,309,2024-07-02,383.17,Cancelled
9404,408,2024-07-02,385.08,Cancelled
9405,224,2024-07-02,337.21,Completed
9406,222,2024-07-02,134.23,Cancelled
9407,153,2024-07-02,435.39,Shipped
9408,563,2024-07-02,226.59,Pending
9409,749,2024-07-02,36.44,Shipped
9410,911,2024-07-02,133.64,Completed
9411,432,2024-07-02,386.29,Cancelled
9412,474,2024-07-02,48.53,Pending
9413,109,2024-07-02,86.47,Completed
9414,695,2024-07-02,351.7,Shipped
9415,938,2024-07-02,447.91,Cancelled
9416,17,2024-07-02,322.36,Cancelled
9417,670,2024-07-03,122.81,Completed
9418,501,2024-07-03,40.91,Shipped
9419,728,2024-07-03,313.34,Cancelled
9420,477,2024-07-03,37.99,Shipped
9421,145,2024-07-03,312.17,Pending
9422,209,2024-07-03,124.41,Cancelled
9423,102,2024-07-03,453.76,Pending
9424,202,2024-07-03,245.42,Cancelled
9425,266,2024-07-03,123.61,Completed
9426,660,2024-07-03,428.78,Cancelled
9427,370,2024-07-03,138.21,Cancelled
9428,65,2024-07-03,163.7,Shipped
9429,934,2024-07-03,419.62,Shipped
9430,917,2024-07-03,164.76,Pending
9431,611,2024-07-03,213.93,Pending
9432,419,2024-07-03,183.62,Pending
9433,222,2024-07-03,71.45,Cancelled
9434,1010,2024-07-03,33.86,Cancelled
9435,313,2024-07-03,366.4,Pending
9436,254,2024-07-03,327.89,Completed
9437,752,2024-07-03,151.95,Completed
9438,7,2024-07-03,158.37,Cancelled
9439,832,2024-07-03,473.33,Completed
9440,729,2024-07-03,494.02,Completed
9441,588,2024-07-04,244.62,Pending
9442,910,2024-07-04,404.19,Completed
9443,491,2024-07-04,372.29,Completed
9444,573,2024-07-04,159.2,Cancelled
9445,519,2024-07-04,43.4,Cancelled
9446,146,2024-07-04,84.14,Cancelled
9447,420,2024-07-04,421.57,Completed
9448,148,2024-07-04,369.64,Pending
9449,558,2024-07-04,337.2,Shipped
9450,892,2024-07-04,78.36,Cancelled
9451,162,2024-07-04,325.37,Cancelled
9452,12,2024-07-04,389.49,Cancelled
9453,891,2024-07-04,432.39,Pending
9454,283,2024-07-04,21.42,Shipped
9455,757,2024-07-04,346.97,Shipped
9456,909,2024-07-04,24.26,Cancelled
9457,605,2024-07-04,357.83,Completed
9458,716,2024-07-04,323.28,Cancelled
9459,69,2024-07-04,86.95,Cancelled
9460,380,2024-07-04,386.57,Completed
9461,760,2024-07-04,48.15,Completed
9462,61,2024-07-04,415.8,Cancelled
9463,660,2024-07-04,142.04,Pending
9464,308,2024-07-04,349.09,Pending
9465,771,2024-07-05,462.99,Completed
9466,427,2024-07-05,179.82,Cancelled
9467,149,2024-07-05,258.9,Pending
9468,408,2024-07-05,239.61,Cancelled
9469,182,2024-07-05,91.44,Cancelled
9470,138,2024-07-05,301.3,Cancelled
9471,269,2024-07-05,375.36,Pending
9472,1013,2024-07-05,459.68,Shipped
9473,283,2024-07-05,427.64,Cancelled
9474,667,2024-07-05,262.36,Pending
9475,891,2024-07-05,363.72,Shipped
9476,654,2024-07-05,403.38,Completed
9477,517,2024-07-05,254.34,Pending
9478,591,2024-07-05,70.98,Shipped
9479,98,2024-07-05,227.4,Pending
9480,453,2024-07-05,423.6,Shipped
9481,172,2024-07-05,304.37,Shipped
9482,78,2024-07-05,366.36,Pending
9483,581,2024-07-05,104.85,Completed
9484,124,2024-07-05,482.7,Cancelled
9485,491,2024-07-05,210.98,Shipped
9486,620,2024-07-05,332.01,Cancelled
9487,341,2024-07-05,24.15,Completed
9488,126,2024-07-05,76.75,Cancelled
9489,307,2024-07-06,394.29,Cancelled
9490,926,2024-07-06,484.47,Pending
9491,910,2024-07-06,170.23,Pending
9492,869,2024-07-06,33.03,Completed
9493,516,2024-07-06,190.02,Pending
9494,65,2024-07-06,23.47,Shipped
9495,543,2024-07-06,108.3,Completed
9496,257,2024-07-06,379.95,Pending
9497,235,2024-07-06,469.49,Pending
9498,856,2024-07-06,57.41,Completed
9499,531,2024-07-06,285.58,Shipped
9500,229,2024-07-06,138.13,Completed
9501,210,2024-07-06,82.44,Pending
9502,1014,2024-07-06,121.21,Pending
9503,590,2024-07-06,295.22,Completed
9504,732,2024-07-06,46.59,Shipped
9505,205,2024-07-06,225.6,Shipped
9506,104,2024-07-06,80.59,Cancelled
9507,25,2024-07-06,147.25,Shipped
9508,260,2024-07-06,107.52,Completed
9509,871,2024-07-06,443.24,Shipped
9510,933,2024-07-06,358.39,Shipped
9511,154,2024-07-06,436.2,Cancelled
9512,500,2024-07-06,200.98,Shipped
9513,933,2024-07-07,167.01,Cancelled
9514,425,2024-07-07,199.58,Cancelled
9515,350,2024-07-07,24.0,Shipped
9516,437,2024-07-07,366.48,Pending
9517,819,2024-07-07,184.64,Completed
9518,194,2024-07-07,166.96,Completed
9519,874,2024-07-07,305.1,Shipped
9520,391,2024-07-07,226.58,Completed
9521,310,2024-07-07,490.71,Completed
9522,875,2024-07-07,187.78,Cancelled
9523,365,2024-07-07,312.74,Pending
9524,578,2024-07-07,166.15,Completed
9525,295,2024-07-07,495.44,Pending
9526,453,2024-07-07,230.88,Completed
9527,457,2024-07-07,322.55,Pending
9528,52,2024-07-07,76.46,Pending
9529,817,2024-07-07,370.52,Completed
9530,96,2024-07-07,145.57,Cancelled
9531,672,2024-07-07,232.58,Pending
9532,719,2024-07-07,443.32,Pending
9533,53,2024-07-07,485.72,Completed
9534,405,2024-07-07,220.92,Pending
9535,737,2024-07-07,419.88,Pending
9536,929,2024-07-07,40.87,Cancelled
9537,345,2024-07-08,426.07,Pending
9538,194,2024-07-08,320.31,Cancelled
9539,216,2024-07-08,252.02,Pending
9540,381,2024-07-08,446.63,Pending
9541,755,2024-07-08,424.99,Cancelled
9542,469,2024-07-08,159.02,Cancelled
9543,897,2024-07-08,398.87,Shipped
9544,303,2024-07-08,63.25,Pending
9545,126,2024-07-08,414.04,Cancelled
9546,420,2024-07-08,342.6,Pending
9547,831,2024-07-08,57.62,Pending
9548,381,2024-07-08,346.29,Pending
9549,130,2024-07-08,296.55,Completed
9550,920,2024-07-08,303.36,Shipped
9551,637,2024-07-08,156.07,Completed
9552,111,2024-07-08,144.25,Shipped
9553,383,2024-07-08,384.83,Pending
9554,5,2024-07-08,139.55,Pending
9555,45,2024-07-08,231.44,Cancelled
9556,221,2024-07-08,351.97,Shipped
9557,520,2024-07-08,53.61,Shipped
9558,693,2024-07-08,303.36,Completed
9559,253,2024-07-08,300.85,Shipped
9560,113,2024-07-08,346.85,Pending
9561,443,2024-07-09,194.42,Cancelled
9562,691,2024-07-09,232.76,Completed
9563,402,2024-07-09,175.04,Cancelled
9564,702,2024-07-09,406.96,Shipped
9565,508,2024-07-09,78.35,Shipped
9566,833,2024-07-09,482.03,Completed
9567,160,2024-07-09,322.9,Shipped
9568,115,2024-07-09,445.15,Cancelled
9569,26,2024-07-09,221.72,Pending
9570,549,2024-07-09,176.16,Completed
9571,646,2024-07-09,451.85,Shipped
9572,701,2024-07-09,62.95,Cancelled
9573,658,2024-07-09,71.8,Pending
9574,283,2024-07-09,160.18,Shipped
9575,800,2024-07-09,480.49,Completed
9576,598,2024-07-09,322.04,Shipped
9577,364,2024-07-09,283.78,Shipped
9578,867,2024-07-09,357.1,Shipped
9579,578,2024-07-09,217.48,Pending
9580,757,2024-07-09,382.67,Pending
9581,70,2024-07-09,205.72,Shipped
9582,1019,2024-07-09,415.79,Shipped
9583,83,2024-07-09,144.64,Completed
9584,35,2024-07-09,149.61,Shipped
9585,637,2024-07-10,268.36,Cancelled
9586,664,2024-07-10,223.92,Cancelled
9587,779,2024-07-10,329.34,Completed
9588,116,2024-07-10,191.68,Pending
9589,460,2024-07-10,126.82,Shipped
9590,728,2024-07-10,242.86,Completed
9591,797,2024-07-10,287.06,Pending
9592,134,2024-07-10,84.16,Completed
9593,639,2024-07-10,285.01,Pending
9594,648,2024-07-10,169.84,Shipped
9595,412,2024-07-10,205.34,Completed
9596,278,2024-07-10,150.47,Shipped
9597,683,2024-07-10,466.73,Completed
9598,455,2024-07-10,346.42,Pending
9599,144,2024-07-10,142.29,Completed
9600,778,2024-07-10,327.84,Cancelled
9601,606,2024-07-10,426.56,Cancelled
9602,517,2024-07-10,209.79,Completed
9603,533,2024-07-10,417.53,Cancelled
9604,120,2024-07-10,89.89,Shipped
9605,850,2024-07-10,414.05,Cancelled
9606,526,2024-07-10,277.04,Cancelled
9607,492,2024-07-10,123.14,Shipped
9608,748,2024-07-10,212.46,Shipped
9609,849,2024-07-11,494.18,Pending
9610,153,2024-07-11,395.02,Shipped
9611,441,2024-07-11,293.92,Completed
9612,644,2024-07-11,70.85,Cancelled
9613,772,2024-07-11,217.64,Pending
9614,11,2024-07-11,142.58,Shipped
9615,616,2024-07-11,49.44,Cancelled
9616,534,2024-07-11,277.97,Completed
9617,229,2024-07-11,446.26,Completed
9618,420,2024-07-11,342.67,Pending
9619,50,2024-07-11,136.09,Completed
9620,662,2024-07-11,293.19,Cancelled
9621,116,2024-07-11,472.47,Shipped
9622,1,2024-07-11,365.61,Completed
9623,770,2024-07-11,349.39,Shipped
9624,397,2024-07-11,484.56,Cancelled
9625,943,2024-07-11,402.45,Cancelled
9626,875,2024-07-11,81.26,Shipped
9627,360,2024-07-11,183.6,Cancelled
9628,422,2024-07-11,483.09,Pending
9629,532,2024-07-11,252.51,Completed
9630,516,2024-07-11,69.14,Pending
9631,768,2024-07-11,237.42,Pending
9632,330,2024-07-11,353.04,Pending
9633,159,2024-07-12,498.81,Shipped
9634,339,2024-07-12,172.09,Shipped
9635,569,2024-07-12,264.33,Cancelled
9636,944,2024-07-12,441.65,Shipped
9637,205,2024-07-12,187.3,Cancelled
9638,451,2024-07-12,67.99,Shipped
9639,739,2024-07-12,475.23,Cancelled
9640,432,2024-07-12,251.89,Completed
9641,650,2024-07-12,258.85,Cancelled
9642,653,2024-07-12,316.28,Completed
9643,821,2024-07-12,16.72,Cancelled
9644,37,2024-07-12,466.6,Shipped
9645,924,2024-07-12,190.3,Shipped
9646,628,2024-07-12,207.51,Completed
9647,137,2024-07-12,99.44,Pending
9648,935,2024-07-12,198.4,Pending
9649,447,2024-07-12,404.91,Cancelled
9650,89,2024-07-12,403.0,Shipped
9651,484,2024-07-12,468.86,Pending
9652,923,2024-07-12,210.57,Shipped
9653,223,2024-07-12,358.73,Shipped
9654,393,2024-07-12,261.01,Shipped
9655,537,2024-07-12,404.95,Cancelled
9656,651,2024-07-12,360.58,Completed
9657,553,2024-07-13,193.43,Cancelled
9658,8,2024-07-13,178.29,Pending
9659,209,2024-07-13,137.43,Completed
9660,8,2024-07-13,294.61,Pending
9661,504,2024-07-13,482.46,Completed
9662,241,2024-07-13,112.03,Completed
9663,472,2024-07-13,61.2,Cancelled
9664,268,2024-07-13,72.91,Shipped
9665,29,2024-07-13,394.8,Shipped
9666,793,2024-07-13,184.8,Completed
9667,943,2024-07-13,123.82,Cancelled
9668,79,2024-07-13,186.13,Pending
9669,250,2024-07-13,327.99,Pending
9670,579,2024-07-13,280.19,Shipped
9671,837,2024-07-13,375.64,Shipped
9672,464,2024-07-13,179.45,Pending
9673,541,2024-07-13,234.23,Pending
9674,687,2024-07-13,64.45,Cancelled
9675,73,2024-07-13,50.43,Pending
9676,894,2024-07-13,239.19,Cancelled
9677,438,2024-07-13,161.27,Shipped
9678,357,2024-07-13,312.21,Pending
9679,407,2024-07-13,35.86,Shipped
9680,440,2024-07-13,74.06,Completed
9681,628,2024-07-14,434.62,Completed
9682,233,2024-07-14,289.66,Completed
9683,621,2024-07-14,360.35,Pending
9684,53,2024-07-14,423.36,Shipped
9685,840,2024-07-14,239.96,Pending
9686,785,2024-07-14,384.11,Shipped
9687,922,2024-07-14,269.42,Cancelled
9688,797,2024-07-14,123.03,Pending
9689,669,2024-07-14,178.76,Completed
9690,524,2024-07-14,252.82,Cancelled
9691,326,2024-07-14,168.69,Shipped
9692,44,2024-07-14,177.73,Pending
9693,297,2024-07-14,178.64,Shipped
9694,666,2024-07-14,74.58,Shipped
9695,387,2024-07-14,56.05,Pending
9696,906,2024-07-14,37.55,Pending
9697,710,2024-07-14,68.81,Shipped
9698,554,2024-07-14,181.7,Shipped
9699,218,2024-07-14,303.03,Cancelled
9700,332,2024-07-14,106.25,Completed
9701,928,2024-07-14,445.68,Shipped
9702,459,2024-07-14,407.07,Completed
9703,874,2024-07-14,267.46,Cancelled
9704,239,2024-07-14,366.24,Completed
9705,485,2024-07-15,192.67,Completed
9706,345,2024-07-15,32.84,Cancelled
9707,289,2024-07-15,453.6,Shipped
9708,661,2024-07-15,76.98,Completed
9709,507,2024-07-15,474.75,Shipped
9710,769,2024-07-15,292.36,Shipped
9711,824,2024-07-15,163.2,Pending
9712,736,2024-07-15,255.33,Shipped
9713,254,2024-07-15,258.29,Shipped
9714,485,2024-07-15,26.29,Completed
9715,779,2024-07-15,187.4,Shipped
9716,75,2024-07-15,373.83,Shipped
9717,792,2024-07-15,262.38,Pending
9718,140,2024-07-15,133.45,Pending
9719,528,2024-07-15,177.53,Completed
9720,526,2024-07-15,433.58,Completed
9721,83,2024-07-15,269.89,Pending
9722,755,2024-07-15,271.25,Pending
9723,549,2024-07-15,481.31,Cancelled
9724,670,2024-07-15,170.63,Shipped
9725,261,2024-07-15,247.58,Completed
9726,61,2024-07-15,408.68,Completed
9727,278,2024-07-15,383.07,Shipped
9728,413,2024-07-15,143.91,Shipped
9729,805,2024-07-16,88.28,Completed
9730,688,2024-07-16,354.84,Pending
9731,75,2024-07-16,139.96,Pending
9732,613,2024-07-16,462.5,Shipped
9733,562,2024-07-16,77.69,Completed
9734,787,2024-07-16,169.38,Shipped
9735,95,2024-07-16,41.57,Pending
9736,719,2024-07-16,356.1,Cancelled
9737,555,2024-07-16,447.26,Cancelled
9738,877,2024-07-16,323.4,Pending
9739,390,2024-07-16,469.81,Shipped
9740,619,2024-07-16,77.32,Cancelled
9741,358,2024-07-16,57.55,Pending
9742,463,2024-07-16,421.63,Completed
9743,112,2024-07-16,429.92,Shipped
9744,593,2024-07-16,418.05,Shipped
9745,111,2024-07-16,402.5,Cancelled
9746,696,2024-07-16,190.68,Shipped
9747,212,2024-07-16,120.47,Cancelled
9748,826,2024-07-16,465.47,Cancelled
9749,716,2024-07-16,163.9,Pending
9750,213,2024-07-16,208.23,Cancelled
9751,890,2024-07-16,354.29,Completed
9752,401,2024-07-16,157.28,Shipped
9753,282,2024-07-17,412.28,Cancelled
9754,293,2024-07-17,48.97,Shipped
9755,456,2024-07-17,398.72,Cancelled
9756,182,2024-07-17,306.9,Pending
9757,456,2024-07-17,292.9,Completed
9758,422,2024-07-17,237.31,Shipped
9759,17,2024-07-17,149.37,Pending
9760,603,2024-07-17,240.07,Shipped
9761,248,2024-07-17,233.26,Pending
9762,518,2024-07-17,298.12,Completed
9763,561,2024-07-17,151.56,Cancelled
9764,338,2024-07-17,52.63,Pending
9765,113,2024-07-17,85.37,Shipped
9766,663,2024-07-17,354.1,Shipped
9767,877,2024-07-17,25.91,Pending
9768,547,2024-07-17,430.37,Completed
9769,458,2024-07-17,351.78,Completed
9770,300,2024-07-17,387.52,Cancelled
9771,16,2024-07-17,420.45,Cancelled
9772,532,2024-07-17,74.51,Shipped
9773,353,2024-07-17,413.89,Shipped
9774,386,2024-07-17,259.75,Cancelled
9775,505,2024-07-17,444.48,Cancelled
9776,366,2024-07-17,444.99,Cancelled
9777,850,2024-07-18,26.73,Pending
9778,549,2024-07-18,200.69,Cancelled
9779,905,2024-07-18,270.3,Pending
9780,799,2024-07-18,344.0,Pending
9781,111,2024-07-18,153.8,Cancelled
9782,730,2024-07-18,137.29,Completed
9783,431,2024-07-18,199.91,Completed
9784,27,2024-07-18,257.96,Shipped
9785,559,2024-07-18,476.31,Cancelled
9786,102,2024-07-18,384.62,Shipped
9787,488,2024-07-18,223.22,Cancelled
9788,224,2024-07-18,41.37,Shipped
9789,594,2024-07-18,96.73,Pending
9790,279,2024-07-18,236.12,Cancelled
9791,259,2024-07-18,409.71,Completed
9792,427,2024-07-18,199.64,Cancelled
9793,17,2024-07-18,276.17,Shipped
9794,776,2024-07-18,447.53,Shipped
9795,450,2024-07-18,458.19,Shipped
9796,689,2024-07-18,119.65,Shipped
9797,780,2024-07-18,36.14,Shipped
9798,638,2024-07-18,163.12,Shipped
9799,456,2024-07-18,352.46,Completed
9800,91,2024-07-18,476.29,Shipped
9801,866,2024-07-19,52.36,Completed
9802,154,2024-07-19,28.81,Cancelled
9803,445,2024-07-19,443.81,Pending
9804,59,2024-07-19,377.85,Completed
9805,29,2024-07-19,496.24,Cancelled
9806,654,2024-07-19,207.44,Pending
9807,348,2024-07-19,216.78,Completed
9808,923,2024-07-19,98.57,Completed
9809,927,2024-07-19,71.19,Cancelled
9810,319,2024-07-19,295.68,Shipped
9811,380,2024-07-19,191.68,Completed
9812,32,2024-07-19,53.95,Completed
9813,715,2024-07-19,445.19,Cancelled
9814,769,2024-07-19,111.2,Shipped
9815,519,2024-07-19,378.06,Pending
9816,919,2024-07-19,151.88,Shipped
9817,652,2024-07-19,409.26,Shipped
9818,16,2024-07-19,72.42,Cancelled
9819,939,2024-07-19,381.69,Shipped
9820,836,2024-07-19,62.59,Cancelled
9821,209,2024-07-19,231.75,Pending
9822,823,2024-07-19,370.99,Completed
9823,557,2024-07-19,99.01,Completed
9824,926,2024-07-19,153.55,Cancelled
9825,184,2024-07-20,434.41,Cancelled
9826,923,2024-07-20,444.28,Shipped
9827,207,2024-07-20,36.79,Shipped
9828,410,2024-07-20,96.52,Completed
9829,431,2024-07-20,71.97,Completed
9830,97,2024-07-20,102.15,Completed
9831,442,2024-07-20,485.54,Cancelled
9832,291,2024-07-20,282.55,Pending
9833,775,2024-07-20,242.03,Pending
9834,131,2024-07-20,492.47,Cancelled
9835,250,2024-07-20,285.12,Shipped
9836,929,2024-07-20,335.64,Pending
9837,522,2024-07-20,176.39,Shipped
9838,877,2024-07-20,200.33,Completed
9839,341,2024-07-20,303.29,Completed
9840,905,2024-07-20,48.85,Shipped
9841,337,2024-07-20,139.1,Completed
9842,1017,2024-07-20,110.45,Cancelled
9843,381,2024-07-20,22.71,Shipped
9844,465,2024-07-20,275.4,Shipped
9845,792,2024-07-20,287.11,Shipped
9846,221,2024-07-20,201.21,Pending
9847,762,2024-07-20,145.33,Shipped
9848,795,2024-07-20,331.25,Shipped
9849,813,2024-07-21,80.31,Shipped
9850,656,2024-07-21,266.53,Pending
9851,854,2024-07-21,387.52,Completed
9852,378,2024-07-21,94.68,Pending
9853,524,2024-07-21,380.33,Cancelled
9854,98,2024-07-21,383.99,Shipped
9855,815,2024-07-21,44.06,Cancelled
9856,277,2024-07-21,24.11,Pending
9857,263,2024-07-21,487.36,Completed
9858,750,2024-07-21,108.79,Completed
9859,581,2024-07-21,413.74,Shipped
9860,605,2024-07-21,287.5,Completed
9861,947,2024-07-21,143.27,Pending
9862,537,2024-07-21,78.04,Pending
9863,371,2024-07-21,255.89,Completed
9864,270,2024-07-21,212.57,Shipped
9865,584,2024-07-21,353.96,Shipped
9866,296,2024-07-21,453.52,Pending
9867,807,2024-07-21,405.55,Completed
9868,763,2024-07-21,148.11,Pending
9869,62,2024-07-21,441.28,Pending
9870,782,2024-07-21,419.19,Cancelled
9871,918,2024-07-21,465.63,Pending
9872,728,2024-07-21,237.45,Shipped
9873,26,2024-07-22,387.76,Completed
9874,923,2024-07-22,301.95,Completed
9875,201,2024-07-22,165.59,Cancelled
9876,87,2024-07-22,497.3,Cancelled
9877,295,2024-07-22,33.58,Shipped
9878,688,2024-07-22,93.7,Cancelled
9879,469,2024-07-22,447.88,Pending
9880,753,2024-07-22,44.37,Pending
9881,660,2024-07-22,445.11,Shipped
9882,232,2024-07-22,361.88,Completed
9883,871,2024-07-22,32.79,Shipped
9884,923,2024-07-22,223.22,Cancelled
9885,68,2024-07-22,380.92,Completed
9886,547,2024-07-22,297.8,Completed
9887,32,2024-07-22,468.9,Completed
9888,469,2024-07-22,435.81,Cancelled
9889,771,2024-07-22,176.33,Pending
9890,29,2024-07-22,56.04,Pending
9891,896,2024-07-22,472.96,Cancelled
9892,729,2024-07-22,265.88,Cancelled
9893,13,2024-07-22,51.08,Shipped
9894,20,2024-07-22,411.04,Shipped
9895,126,2024-07-22,436.23,Pending
9896,215,2024-07-22,325.12,Cancelled
9897,838,2024-07-23,232.04,Shipped
9898,860,2024-07-23,336.15,Cancelled
9899,10,2024-07-23,357.74,Cancelled
9900,661,2024-07-23,448.12,Pending
9901,335,2024-07-23,478.59,Pending
9902,114,2024-07-23,264.45,Cancelled
9903,140,2024-07-23,402.27,Completed
9904,735,2024-07-23,482.79,Completed
9905,265,2024-07-23,88.35,Cancelled
9906,311,2024-07-23,23.86,Pending
9907,96,2024-07-23,436.45,Completed
9908,313,2024-07-23,109.71,Pending
9909,670,2024-07-23,35.6,Completed
9910,700,2024-07-23,92.65,Cancelled
9911,559,2024-07-23,201.3,Shipped
9912,418,2024-07-23,121.34,Shipped
9913,807,2024-07-23,163.05,Pending
9914,837,2024-07-23,488.02,Pending
9915,521,2024-07-23,356.64,Completed
9916,900,2024-07-23,360.41,Cancelled
9917,222,2024-07-23,60.92,Completed
9918,163,2024-07-23,370.07,Cancelled
9919,159,2024-07-23,373.58,Cancelled
9920,452,2024-07-23,334.98,Pending
9921,891,2024-07-24,125.79,Shipped
9922,47,2024-07-24,220.17,Shipped
9923,226,2024-07-24,425.44,Pending
9924,157,2024-07-24,340.05,Shipped
9925,796,2024-07-24,370.39,Pending
9926,172,2024-07-24,299.88,Completed
9927,443,2024-07-24,233.05,Cancelled
9928,279,2024-07-24,383.14,Shipped
9929,363,2024-07-24,47.94,Shipped
9930,179,2024-07-24,341.48,Completed
9931,582,2024-07-24,498.64,Completed
9932,324,2024-07-24,393.39,Shipped
9933,405,2024-07-24,155.92,Shipped
9934,677,2024-07-24,149.74,Pending
9935,41,2024-07-24,338.6,Pending
9936,475,2024-07-24,449.49,Shipped
9937,792,2024-07-24,295.31,Pending
9938,882,2024-07-24,270.79,Completed
9939,137,2024-07-24,92.79,Cancelled
9940,904,2024-07-24,362.0,Pending
9941,524,2024-07-24,355.61,Cancelled
9942,41,2024-07-24,483.97,Pending
9943,822,2024-07-24,160.59,Shipped
9944,154,2024-07-24,381.88,Pending
9945,38,2024-07-25,225.52,Cancelled
9946,813,2024-07-25,285.86,Cancelled
9947,386,2024-07-25,410.98,Shipped
9948,815,2024-07-25,122.67,Cancelled
9949,574,2024-07-25,181.29,Shipped
9950,129,2024-07-25,390.05,Shipped
9951,918,2024-07-25,291.67,Cancelled
9952,886,2024-07-25,59.83,Completed
9953,655,2024-07-25,223.64,Cancelled
9954,202,2024-07-25,299.52,Cancelled
9955,840,2024-07-25,456.12,Pending
9956,772,2024-07-25,106.42,Cancelled
9957,815,2024-07-25,405.89,Pending
9958,369,2024-07-25,78.35,Pending
9959,227,2024-07-25,132.48,Cancelled
9960,859,2024-07-25,133.02,Shipped
9961,106,2024-07-25,440.58,Completed
9962,648,2024-07-25,111.52,Cancelled
9963,635,2024-07-25,396.68,Cancelled
9964,866,2024-07-25,238.98,Shipped
9965,855,2024-07-25,499.56,Pending
9966,785,2024-07-25,421.96,Shipped
9967,685,2024-07-25,373.76,Shipped
9968,693,2024-07-25,437.3,Pending
9969,124,2024-07-26,322.5,Cancelled
9970,664,2024-07-26,424.17,Shipped
9971,311,2024-07-26,141.65,Shipped
9972,891,2024-07-26,62.39,Cancelled
9973,109,2024-07-26,313.73,Cancelled
9974,435,2024-07-26,225.82,Completed
9975,156,2024-07-26,221.82,Shipped
9976,642,2024-07-26,270.47,Completed
9977,148,2024-07-26,190.27,Pending
9978,635,2024-07-26,318.64,Cancelled
9979,483,2024-07-26,29.83,Cancelled
9980,88,2024-07-26,485.4,Completed
9981,84,2024-07-26,463.48,Shipped
9982,331,2024-07-26,468.61,Pending
9983,452,2024-07-26,192.03,Shipped
9984,313,2024-07-26,272.97,Shipped
9985,701,2024-07-26,477.75,Completed
9986,923,2024-07-26,452.64,Shipped
9987,308,2024-07-26,398.27,Completed
9988,313,2024-07-26,212.56,Cancelled
9989,840,2024-07-26,288.7,Cancelled
9990,344,2024-07-26,399.56,Cancelled
9991,683,2024-07-26,147.41,Pending
9992,193,2024-07-26,318.83,Pending
9993,822,2024-07-27,416.55,Shipped
9994,254,2024-07-27,358.12,Completed
9995,754,2024-07-27,247.55,Shipped
9996,306,2024-07-27,298.54,Cancelled
9997,704,2024-07-27,494.51,Shipped
9998,541,2024-07-27,306.96,Shipped
9999,850,2024-07-27,396.02,Shipped
10000,468,2024-07-27,367.4,Cancelled
