transaction_id,customer_id,transaction_date,amount,product_category,region,payment_method,discount_pct,is_returned
1,2127,2025-01-10,116.38,Books,South,Wallet,15,0
2,2460,2025-05-11,16.3,Sports,South,Credit Card,0,0
3,1861,2025-08-11,110.24,Food & Beverage,West,Debit Card,10,0
4,2295,2026-06-28,476.54,Health,West,UPI,10,0
5,2131,2025-04-12,494.63,Apparel,South,Net Banking,0,0
6,2096,2023-05-20,1029.2,Apparel,South,Debit Card,15,0
7,2725,2025-03-02,295.01,Travel,East,Credit Card,0,0
8,2045,2024-06-29,159.32,Software,East,Wallet,5,0
9,2639,2025-10-13,257.15,Books,Central,UPI,5,0
10,1122,2023-02-26,203.71,Health,West,Wallet,20,0
11,1467,2023-04-22,34.17,Software,South,Credit Card,5,0
12,2239,2023-01-05,14.61,Electronics,West,Credit Card,10,0
13,1331,2026-04-20,259.64,Travel,Central,Debit Card,5,0
14,2483,2025-11-02,1109.89,Software,East,UPI,10,0
15,1088,2023-03-31,272.81,Software,Central,Credit Card,0,0
16,2397,2024-09-07,9.33,Health,North,Debit Card,0,0
17,2124,2025-06-09,48.27,Home & Garden,East,Credit Card,15,0
18,1872,2024-11-28,71.09,Books,West,Debit Card,0,0
19,2688,2026-06-27,9.71,Apparel,East,Wallet,0,0
20,1131,2025-06-16,17.25,Home & Garden,Central,Debit Card,25,0
21,2686,2025-08-28,86.1,Health,South,Wallet,0,0
22,2333,2026-02-05,123.22,Electronics,Central,Net Banking,0,0
23,1770,2024-10-29,27.57,Home & Garden,Central,Credit Card,10,0
24,1344,2024-08-16,16.32,Books,South,Net Banking,5,0
25,2516,2024-08-11,376.9,Sports,West,UPI,10,0
26,2438,2024-04-29,56.88,Home & Garden,West,Net Banking,0,0
27,1806,2025-09-08,67.54,Food & Beverage,East,Debit Card,10,0
28,1386,2025-08-29,46.71,Food & Beverage,Central,Debit Card,0,0
29,2216,2024-09-30,35.68,Sports,East,UPI,15,0
30,1956,2025-09-23,429.81,Software,South,UPI,5,0
31,1277,2023-10-09,31.32,Food & Beverage,North,Credit Card,20,0
32,2185,2025-09-12,111.68,Software,West,Debit Card,0,1
33,1460,2026-01-16,,Apparel,South,UPI,0,0
34,2338,2026-05-12,8.69,Food & Beverage,West,Net Banking,20,0
35,1022,2023-01-16,120.2,Sports,East,Debit Card,15,0
36,1253,2026-03-20,14.11,Apparel,North,UPI,30,0
37,1748,2025-07-24,192.97,Books,Central,Credit Card,0,0
38,1857,2023-09-11,21.68,Home & Garden,West,Wallet,5,0
39,2585,2026-04-26,168.41,Food & Beverage,Central,Debit Card,0,0
40,1475,2023-11-25,53.76,Travel,East,Debit Card,30,0
41,2083,2024-06-27,40.08,Sports,West,Debit Card,0,0
42,1511,2025-02-21,115.89,Sports,East,Debit Card,25,0
43,2706,2025-09-23,15.39,Books,Central,Wallet,10,0
44,2500,2025-04-24,82.84,Food & Beverage,East,Wallet,25,0
45,1700,2026-04-07,230.14,Health,East,Credit Card,0,0
46,1976,2024-01-01,314.54,Food & Beverage,East,Debit Card,0,0
47,2807,2026-04-16,51.67,Health,South,UPI,0,0
48,1190,2024-10-16,61.56,Software,South,Net Banking,5,1
49,1958,2025-01-29,15.03,Sports,West,Debit Card,25,1
50,1687,2024-09-30,36.57,Electronics,East,Wallet,10,0
51,1958,2025-11-29,13.84,Software,East,Credit Card,5,0
52,1563,2025-07-12,152.64,Health,East,Debit Card,0,0
53,2900,2024-02-20,247.3,Sports,South,Credit Card,10,0
54,2591,2023-09-12,52.19,Travel,Central,UPI,15,0
55,2268,2026-03-12,25.28,Health,East,UPI,5,0
56,1832,2024-12-10,130.3,Apparel,North,UPI,0,0
57,2529,2024-07-30,31.77,Electronics,West,UPI,10,1
58,2155,2025-06-18,201.61,Software,South,Net Banking,0,1
59,2509,2023-01-11,918.29,Health,Central,Credit Card,30,0
60,2843,2023-01-26,31.15,Electronics,North,Debit Card,5,0
61,1647,2025-08-14,36.97,Sports,East,Net Banking,5,0
62,1021,2024-02-25,15.62,Books,South,Debit Card,20,0
63,1841,2026-05-29,107.27,Books,East,Wallet,0,0
64,1167,2024-05-10,98.86,Books,West,Net Banking,0,0
65,2298,2026-06-14,65.06,Home & Garden,South,Net Banking,20,0
66,1388,2023-08-25,91.78,Books,North,Wallet,10,0
67,1601,2025-10-05,25.73,Sports,Central,Net Banking,0,0
68,1316,2023-08-07,12.23,Books,Central,Credit Card,0,0
69,1014,2024-04-05,36.2,Health,West,UPI,5,0
70,1242,2024-10-24,9.04,Books,Central,Debit Card,10,0
71,1777,2024-09-26,31.14,Travel,Central,Wallet,5,0
72,2370,2026-03-13,130.54,Travel,West,UPI,0,0
73,1565,2025-09-16,96.7,Home & Garden,North,Net Banking,15,0
74,1898,2023-07-08,10.71,Books,South,Credit Card,0,0
75,2364,2023-09-12,317.1,Sports,South,Net Banking,10,0
76,1092,2023-03-09,71.27,Books,West,Wallet,5,0
77,2391,2024-09-07,18.93,Travel,East,Net Banking,0,0
78,1956,2023-12-02,58.14,Sports,West,Credit Card,25,0
79,2479,2024-11-01,44.72,Books,West,Net Banking,15,0
80,2452,2025-03-31,31.78,Health,West,Net Banking,0,0
81,1509,2025-05-23,238.68,Home & Garden,West,Net Banking,10,0
82,1776,2023-10-27,23.86,Food & Beverage,Central,Net Banking,20,0
83,2967,2023-12-23,112.35,Software,Central,Credit Card,30,0
84,1035,2023-09-13,18.0,Sports,North,Debit Card,10,0
85,1206,2025-10-04,86.12,Sports,West,UPI,10,0
86,2105,2023-12-19,123.78,Food & Beverage,South,Wallet,10,0
87,2956,2024-06-07,124.07,Food & Beverage,East,Debit Card,0,0
88,2586,2025-08-07,99.18,Home & Garden,Central,Credit Card,10,0
89,2896,2025-01-25,67.57,Electronics,South,Wallet,20,0
90,2412,2023-10-11,25.11,Home & Garden,Central,Wallet,0,0
91,2026,2023-04-09,25.46,Travel,North,Net Banking,10,0
92,2022,2023-07-16,128.84,Travel,East,UPI,25,0
93,2414,2024-04-26,19.81,Food & Beverage,Central,UPI,0,0
94,1566,2025-05-27,15.05,Health,East,Credit Card,0,0
95,2130,2026-06-03,,Apparel,East,Debit Card,0,0
96,2796,2024-09-06,65.91,Software,South,Net Banking,5,0
97,2846,2024-09-09,192.87,Home & Garden,Central,UPI,20,0
98,2501,2024-01-03,256.77,Apparel,East,Net Banking,5,0
99,1703,2024-07-23,95.71,Books,West,Debit Card,0,0
100,1402,2024-08-12,57.28,Electronics,East,Wallet,0,0
101,1730,2026-01-03,58.46,Books,East,Debit Card,20,0
102,2580,2025-12-01,619.95,Sports,Central,Wallet,10,0
103,1162,2024-02-26,46.04,Food & Beverage,West,Debit Card,25,0
104,1202,2025-04-15,111.24,Books,East,Net Banking,20,0
105,2982,2026-04-19,202.91,Software,Central,Debit Card,5,0
106,1996,2024-06-28,121.61,Books,Central,UPI,10,0
107,1270,2023-03-12,330.72,Travel,East,UPI,10,0
108,2887,2026-02-02,56.6,Apparel,North,Credit Card,15,1
109,1816,2026-05-08,201.95,Home & Garden,North,UPI,0,0
110,2295,2026-01-29,10.45,Home & Garden,South,UPI,0,0
111,1456,2025-02-06,453.18,Home & Garden,North,Wallet,10,0
112,2486,2023-11-03,346.46,Food & Beverage,North,Net Banking,20,0
113,2751,2024-01-12,62.47,Health,Central,Net Banking,5,0
114,2276,2024-10-16,152.41,Health,Central,Wallet,0,0
115,2017,2024-11-08,262.24,Health,East,UPI,20,0
116,2726,2024-02-03,25.91,Home & Garden,East,Debit Card,10,0
117,1296,2023-08-09,75.68,Electronics,Central,Wallet,0,0
118,2749,2023-07-01,18.79,Food & Beverage,East,Net Banking,5,1
119,1720,2023-11-03,352.87,Home & Garden,Central,Credit Card,30,0
120,2773,2024-06-05,241.61,Home & Garden,North,Net Banking,15,0
121,1338,2025-10-10,64.26,Home & Garden,East,Debit Card,0,0
122,1879,2023-01-04,55.91,Software,North,Net Banking,0,0
123,2077,2025-05-12,,Sports,South,Wallet,0,0
124,1792,2025-04-27,30.67,Books,East,Credit Card,20,0
125,2946,2025-03-14,73.05,Home & Garden,Central,Net Banking,10,0
126,1217,2023-08-03,25.91,Electronics,Central,Wallet,25,0
127,1764,2025-08-29,264.54,Sports,South,Wallet,0,0
128,1188,2023-04-11,352.24,Electronics,Central,Wallet,0,0
129,1380,2025-08-20,279.84,Health,North,Credit Card,10,1
130,1493,2024-07-26,21.48,Health,Central,Wallet,0,0
131,2065,2024-10-19,70.1,Sports,South,Credit Card,10,0
132,2181,2025-07-27,181.58,Books,West,Debit Card,15,0
133,1015,2025-12-22,226.45,Health,West,Debit Card,0,0
134,2837,2023-08-14,9.91,Food & Beverage,North,Debit Card,30,0
135,1065,2023-04-15,218.89,Sports,West,Wallet,15,1
136,2881,2025-02-10,20.25,Sports,Central,Credit Card,0,0
137,2863,2024-03-04,74.83,Apparel,South,Debit Card,5,0
138,1521,2024-03-09,407.07,Apparel,North,UPI,15,0
139,2368,2026-05-15,346.02,Sports,West,Debit Card,0,0
140,2153,2025-11-17,442.02,Books,Central,Wallet,0,0
141,1648,2024-11-12,25.04,Sports,Central,UPI,10,0
142,2496,2024-08-10,33.68,Home & Garden,East,Net Banking,0,0
143,2087,2025-12-28,45.82,Apparel,East,UPI,30,0
144,2163,2025-05-15,75.51,Sports,South,Net Banking,0,0
145,2523,2025-01-15,116.75,Books,North,UPI,0,0
146,1593,2026-04-05,416.84,Electronics,West,Credit Card,0,0
147,1392,2025-05-13,29.54,Electronics,West,UPI,10,0
148,2699,2024-01-03,42.32,Food & Beverage,Central,Debit Card,0,0
149,1419,2023-09-08,496.89,Books,West,Net Banking,25,1
150,1289,2025-05-08,22.4,Sports,South,Net Banking,0,0
151,1379,2025-05-05,215.34,Electronics,East,Debit Card,25,0
152,2797,2026-04-08,80.93,Health,Central,Credit Card,0,0
153,2514,2026-01-18,143.41,Sports,North,UPI,5,1
154,1231,2024-07-14,34.0,Home & Garden,Central,Credit Card,10,0
155,2018,2023-10-21,210.32,Health,West,Debit Card,10,0
156,1041,2025-07-07,41.06,Apparel,South,UPI,5,0
157,2052,2026-03-19,16.39,Electronics,North,Debit Card,15,0
158,1135,2026-03-01,160.14,Sports,Central,Net Banking,5,0
159,1201,2024-03-08,4.47,Travel,West,Net Banking,0,0
160,2864,2023-02-28,45.53,Food & Beverage,Central,Net Banking,15,0
161,1780,2025-08-26,127.66,Software,North,Wallet,25,0
162,1930,2025-04-15,223.48,Electronics,West,Wallet,10,0
163,2057,2023-07-18,392.22,Electronics,East,Net Banking,0,0
164,2072,2023-08-03,759.8,Books,North,Wallet,15,0
165,1503,2025-06-16,526.42,Food & Beverage,East,Wallet,15,0
166,1407,2024-04-16,113.28,Travel,East,Debit Card,0,0
167,2598,2023-09-04,347.49,Home & Garden,West,UPI,0,0
168,2752,2024-01-17,,Food & Beverage,Central,Net Banking,0,0
169,1805,2025-09-17,205.02,Home & Garden,Central,Wallet,0,0
170,1099,2026-06-16,43.85,Travel,South,Debit Card,20,0
171,1684,2025-07-15,156.72,Sports,North,Debit Card,0,0
172,2896,2026-04-06,51.01,Apparel,North,UPI,0,0
173,1726,2024-07-13,73.09,Software,West,Debit Card,0,0
174,2571,2025-12-10,157.32,Travel,West,Credit Card,0,0
175,1961,2024-11-19,1107.27,Food & Beverage,South,Credit Card,30,0
176,2763,2024-01-15,144.56,Home & Garden,South,Net Banking,0,0
177,1613,2024-04-18,88.76,Apparel,East,UPI,0,0
178,2967,2026-01-08,33.18,Sports,South,Credit Card,20,0
179,2486,2024-11-27,263.87,Sports,Central,UPI,15,0
180,1643,2025-06-29,60.19,Electronics,East,Net Banking,10,0
181,2793,2025-08-17,141.03,Software,South,Debit Card,0,0
182,2029,2024-04-22,209.0,Travel,Central,Debit Card,5,0
183,2242,2025-09-30,410.32,Health,Central,Debit Card,20,0
184,1503,2025-07-14,247.36,Food & Beverage,East,Credit Card,10,0
185,1767,2024-12-07,20.74,Home & Garden,East,UPI,0,0
186,1398,2026-05-22,11.47,Sports,Central,Credit Card,0,0
187,1871,2025-05-03,,Apparel,West,Wallet,25,0
188,1795,2026-02-11,99.8,Health,East,UPI,30,0
189,1393,2025-10-13,143.99,Apparel,North,Net Banking,15,0
190,1207,2025-01-23,708.9,Electronics,West,Credit Card,10,0
191,2039,2024-05-17,42.95,Food & Beverage,North,Debit Card,5,0
192,2882,2025-03-27,423.98,Sports,South,Debit Card,30,0
193,2578,2024-08-10,43.47,Travel,East,Debit Card,10,0
194,1892,2024-12-08,588.94,Electronics,East,Credit Card,0,0
195,2485,2025-12-03,221.54,Software,Central,Credit Card,0,0
196,2715,2026-06-23,14.75,Food & Beverage,East,Debit Card,30,0
197,2599,2026-01-12,54.56,Apparel,North,Debit Card,25,0
198,1864,2023-07-26,896.77,Travel,West,Debit Card,10,0
199,1743,2023-05-31,,Books,South,Wallet,0,0
200,2265,2024-10-29,185.87,Books,West,Credit Card,10,0
201,1564,2024-06-11,137.7,Books,North,Debit Card,15,0
202,2021,2023-06-14,120.02,Health,South,Net Banking,0,0
203,1096,2025-07-05,152.08,Health,Central,Debit Card,20,0
204,2924,2026-03-14,76.02,Health,East,Credit Card,5,0
205,2758,2025-10-06,384.99,Apparel,East,Net Banking,5,0
206,1485,2023-02-06,180.08,Travel,Central,Credit Card,5,0
207,2431,2023-11-29,28.26,Electronics,North,Credit Card,10,0
208,1231,2024-02-07,197.55,Apparel,Central,Credit Card,0,0
209,1749,2024-02-18,109.73,Health,North,UPI,10,0
210,2679,2023-02-14,61.87,Sports,South,Net Banking,0,0
211,2195,2023-07-25,878.51,Software,West,Wallet,20,0
212,1541,2023-03-03,101.95,Software,West,Wallet,20,0
213,2060,2024-02-24,8.6,Home & Garden,Central,UPI,0,0
214,1525,2025-05-17,67.38,Home & Garden,East,Credit Card,0,0
215,2184,2025-03-30,296.54,Software,Central,Wallet,15,0
216,2863,2023-01-19,29.61,Travel,East,Net Banking,5,0
217,2723,2023-12-31,284.69,Electronics,Central,Debit Card,25,0
218,2267,2025-10-27,27.19,Food & Beverage,Central,Net Banking,0,0
219,2110,2024-03-03,447.65,Health,West,Credit Card,20,0
220,2820,2026-02-14,45.28,Travel,East,Net Banking,0,0
221,1578,2024-08-02,59.02,Apparel,West,Credit Card,15,0
222,1682,2024-06-29,53.99,Electronics,East,Net Banking,10,0
223,1557,2023-11-21,184.37,Sports,South,UPI,5,0
224,2598,2023-02-24,822.99,Electronics,South,Net Banking,25,0
225,2977,2025-02-16,91.63,Apparel,South,Wallet,25,0
226,2013,2025-09-18,88.85,Home & Garden,North,Debit Card,25,0
227,1646,2023-02-11,45.24,Sports,West,UPI,10,0
228,1796,2023-08-19,12.77,Food & Beverage,West,Net Banking,5,1
229,2052,2024-03-28,51.0,Travel,South,Credit Card,0,0
230,2644,2024-01-29,19.87,Software,Central,UPI,0,0
231,2580,2026-02-25,9.35,Sports,West,Wallet,10,0
232,2364,2024-11-21,82.07,Electronics,East,Debit Card,0,0
233,2822,2024-01-27,46.94,Books,West,Debit Card,0,1
234,2982,2026-05-01,469.6,Books,West,Net Banking,0,0
235,2355,2024-08-26,,Software,East,Wallet,0,0
236,2664,2025-05-30,201.23,Food & Beverage,South,Wallet,5,0
237,2530,2026-01-06,196.56,Books,South,Debit Card,10,0
238,2372,2023-03-26,447.9,Books,East,Debit Card,10,0
239,2497,2025-11-19,72.16,Travel,West,Wallet,5,0
240,2255,2023-02-18,438.28,Electronics,West,Debit Card,5,1
241,1190,2026-03-14,176.47,Books,South,Credit Card,5,0
242,2249,2023-03-10,353.24,Electronics,North,Debit Card,0,0
243,2409,2025-12-17,1592.38,Health,South,Credit Card,10,0
244,2401,2024-11-27,77.64,Health,East,Debit Card,10,0
245,2307,2024-04-23,110.5,Travel,North,UPI,0,0
246,2982,2025-03-30,58.31,Health,North,UPI,15,0
247,1633,2026-04-09,572.93,Software,East,UPI,20,0
248,1628,2023-05-27,2049.98,Travel,Central,Credit Card,10,0
249,1973,2025-10-12,217.24,Travel,South,Credit Card,0,0
250,2769,2024-08-31,13.04,Home & Garden,West,Net Banking,0,0
251,2283,2024-03-21,31.2,Sports,South,Net Banking,0,0
252,2383,2023-08-09,361.95,Sports,East,Debit Card,0,0
253,1710,2023-04-05,22.8,Electronics,West,Credit Card,0,0
254,2480,2023-09-19,43.79,Food & Beverage,Central,UPI,10,0
255,2435,2025-06-15,41.98,Apparel,East,UPI,5,0
256,1649,2025-12-30,82.06,Software,South,UPI,15,0
257,1318,2023-08-07,122.49,Electronics,North,Debit Card,0,0
258,2701,2023-04-02,9.32,Electronics,East,Credit Card,0,0
259,2249,2023-05-07,14.4,Food & Beverage,East,Debit Card,0,0
260,2843,2023-03-21,14.82,Electronics,South,Wallet,5,0
261,2258,2026-06-15,17.1,Home & Garden,Central,Wallet,5,0
262,1684,2025-09-09,91.76,Apparel,South,Net Banking,0,0
263,1664,2025-07-04,113.69,Software,South,Credit Card,0,0
264,2999,2024-04-30,303.63,Books,Central,UPI,0,0
265,2851,2024-11-24,175.2,Food & Beverage,Central,Credit Card,15,0
266,2398,2023-01-25,44.76,Apparel,East,Net Banking,15,0
267,2696,2023-06-05,118.62,Travel,North,UPI,10,0
268,2632,2024-09-23,318.96,Food & Beverage,South,Debit Card,20,0
269,2496,2025-12-16,68.52,Travel,North,UPI,20,0
270,2257,2023-01-19,62.02,Travel,Central,Wallet,0,0
271,2716,2026-05-01,28.96,Electronics,Central,Debit Card,5,0
272,2137,2023-08-25,34.27,Health,South,UPI,0,0
273,2854,2023-10-04,204.93,Apparel,East,Debit Card,0,0
274,2521,2026-06-04,89.6,Travel,South,Wallet,10,0
275,1442,2025-01-14,943.95,Apparel,East,Wallet,10,0
276,1564,2024-07-05,39.96,Sports,West,Credit Card,0,0
277,2292,2026-03-22,,Apparel,East,Wallet,15,0
278,2534,2024-09-30,143.12,Health,South,Wallet,15,1
279,2831,2023-08-25,80.86,Books,South,Wallet,0,0
280,2410,2025-09-24,53.38,Software,East,Net Banking,10,0
281,2411,2023-02-24,184.96,Books,North,Wallet,25,0
282,2137,2024-11-14,172.64,Travel,East,Credit Card,0,0
283,2637,2023-04-19,114.71,Apparel,West,Debit Card,0,1
284,2649,2026-04-22,150.02,Home & Garden,West,Net Banking,15,0
285,1952,2026-05-06,94.05,Food & Beverage,North,Debit Card,0,0
286,2105,2024-01-08,12.56,Health,West,Debit Card,30,0
287,1699,2025-08-30,99.61,Travel,South,Credit Card,10,0
288,1113,2023-07-20,65.22,Home & Garden,North,Net Banking,5,0
289,1002,2025-04-28,930.29,Health,North,UPI,0,0
290,1642,2024-05-23,192.49,Travel,North,Wallet,0,0
291,1220,2023-10-02,114.64,Food & Beverage,East,Debit Card,10,0
292,2590,2023-07-30,,Sports,East,Debit Card,10,0
293,1855,2024-05-18,26.37,Food & Beverage,North,Credit Card,0,0
294,2760,2026-02-15,43.31,Software,West,Credit Card,25,0
295,2249,2024-12-03,60.23,Home & Garden,South,Credit Card,15,0
296,1385,2023-02-11,143.47,Apparel,South,Net Banking,0,0
297,2427,2023-11-11,53.43,Books,East,Wallet,25,1
298,2662,2025-02-26,49.32,Health,Central,Net Banking,15,0
299,2154,2023-11-25,24.99,Home & Garden,North,Credit Card,20,0
300,2077,2025-11-06,92.77,Books,Central,Credit Card,0,0
301,2708,2023-10-10,109.8,Sports,South,Debit Card,0,0
302,1730,2025-07-31,150.54,Health,East,Net Banking,5,0
303,2696,2023-09-15,-88.645,Apparel,East,Net Banking,5,0
304,2734,2024-07-28,140.46,Health,East,Wallet,20,0
305,2440,2024-07-27,25.83,Apparel,East,Net Banking,0,0
306,1247,2024-09-03,69.21,Home & Garden,East,Wallet,0,1
307,1836,2025-11-08,129.27,Books,North,UPI,5,1
308,2463,2025-04-16,65.99,Health,Central,Wallet,0,0
309,1203,2024-02-27,13.82,Food & Beverage,South,Credit Card,0,0
310,2208,2025-01-27,15.94,Health,South,UPI,0,0
311,1123,2025-02-01,117.34,Food & Beverage,East,Debit Card,0,0
312,1401,2026-01-09,180.47,Electronics,East,Debit Card,0,0
313,1767,2024-02-28,135.26,Books,East,Debit Card,20,0
314,1294,2024-03-04,185.77,Electronics,West,Credit Card,15,1
315,1280,2023-07-23,64.29,Health,South,Debit Card,5,0
316,2861,2023-07-15,218.36,Sports,East,Wallet,5,0
317,1884,2024-12-28,134.73,Books,Central,Credit Card,5,0
318,2634,2023-10-12,41.79,Electronics,West,Net Banking,20,0
319,1198,2023-07-15,,Travel,North,Credit Card,15,1
320,1982,2023-11-03,128.41,Sports,West,Credit Card,0,0
321,2931,2023-01-14,669.81,Home & Garden,West,Net Banking,25,0
322,2535,2026-03-15,471.15,Electronics,West,Wallet,15,0
323,1752,2025-12-16,80.58,Sports,Central,UPI,0,0
324,1144,2024-12-23,54.53,Home & Garden,South,Net Banking,5,0
325,1609,2025-02-18,584.6,Travel,East,Credit Card,10,0
326,2225,2026-05-18,,Software,Central,Debit Card,0,0
327,2148,2024-06-12,73.04,Books,Central,Net Banking,0,0
328,1187,2025-03-08,8.27,Software,East,Net Banking,10,0
329,2350,2023-12-10,36.36,Electronics,West,UPI,20,0
330,1464,2023-07-28,33.45,Health,North,Credit Card,30,0
331,2373,2024-10-02,75.52,Health,West,Debit Card,0,0
332,2795,2023-09-09,189.09,Food & Beverage,West,Debit Card,10,0
333,1660,2023-09-28,227.13,Sports,South,UPI,20,0
334,1764,2025-07-08,544.6,Software,West,Debit Card,15,0
335,1955,2024-02-23,275.25,Home & Garden,North,Wallet,10,0
336,2956,2025-03-05,18.91,Electronics,Central,Net Banking,0,0
337,1403,2026-05-19,309.83,Apparel,West,Net Banking,20,0
338,2370,2026-01-04,720.53,Home & Garden,Central,Debit Card,10,0
339,2987,2024-12-25,678.97,Apparel,South,Debit Card,0,0
340,2535,2024-03-08,21.0,Food & Beverage,North,Debit Card,25,0
341,1147,2023-04-19,71.57,Health,East,Net Banking,30,0
342,2172,2024-10-02,285.19,Books,East,Debit Card,5,0
343,1864,2025-12-06,22.42,Books,South,Wallet,15,0
344,2735,2024-01-14,11.36,Health,North,Wallet,10,0
345,2844,2026-01-24,131.2,Food & Beverage,Central,Net Banking,5,0
346,1489,2025-08-15,40.02,Travel,South,Credit Card,5,0
347,1929,2023-04-13,12.71,Software,West,Credit Card,30,0
348,2960,2025-06-10,393.64,Apparel,Central,Credit Card,0,0
349,2664,2025-05-03,109.64,Apparel,West,Wallet,5,0
350,1551,2026-03-15,48.19,Electronics,West,UPI,0,0
351,1338,2025-11-16,28.32,Health,Central,Credit Card,0,1
352,1872,2024-06-13,110.99,Sports,West,UPI,0,0
353,1641,2024-11-09,167.08,Software,East,Net Banking,25,0
354,2803,2025-09-15,133.1,Food & Beverage,Central,Wallet,0,0
355,2977,2026-01-10,14.55,Health,South,Credit Card,10,0
356,1473,2024-03-03,159.53,Health,East,Wallet,5,0
357,2970,2025-04-01,207.13,Travel,South,Net Banking,10,0
358,1151,2026-03-31,59.62,Sports,North,Wallet,20,0
359,2439,2025-07-20,313.42,Home & Garden,South,Debit Card,25,0
360,2322,2025-11-27,32.39,Home & Garden,Central,Credit Card,0,0
361,2635,2024-05-25,423.56,Travel,South,Wallet,20,0
362,1263,2024-01-28,105.51,Home & Garden,North,Wallet,5,0
363,2788,2024-12-13,49.63,Travel,West,Wallet,25,0
364,1144,2024-05-08,61.43,Apparel,Central,Net Banking,25,0
365,1346,2026-05-08,298.61,Books,East,Credit Card,0,0
366,1624,2026-04-17,119.66,Books,East,Credit Card,10,0
367,2017,2024-06-30,195.21,Health,South,Debit Card,20,0
368,2596,2024-08-16,326.88,Books,East,Debit Card,0,1
369,1881,2024-01-24,47.89,Software,North,Wallet,0,0
370,1002,2023-06-07,104.87,Home & Garden,East,Credit Card,0,0
371,1897,2025-10-24,68.76,Software,South,Credit Card,0,0
372,2328,2023-06-16,305.05,Electronics,East,Wallet,20,1
373,1254,2025-08-17,56.89,Home & Garden,West,UPI,0,0
374,2676,2024-02-13,95.34,Sports,West,Credit Card,20,0
375,1453,2026-05-12,1414.98,Food & Beverage,East,Wallet,5,0
376,2061,2023-07-13,420.79,Travel,Central,Wallet,10,0
377,2184,2023-08-23,25.99,Health,East,UPI,20,1
378,2015,2024-12-18,265.7,Travel,West,Debit Card,0,0
379,1009,2026-03-19,205.72,Food & Beverage,West,Wallet,0,0
380,2257,2026-03-28,24.03,Food & Beverage,North,Credit Card,0,0
381,2123,2025-03-26,78.88,Food & Beverage,South,Debit Card,0,0
382,2683,2024-02-08,28.87,Home & Garden,North,Debit Card,10,0
383,1816,2025-06-11,5.1,Sports,Central,Debit Card,0,1
384,1208,2024-11-08,75.55,Food & Beverage,South,Wallet,20,0
385,2155,2023-03-09,49.04,Health,East,Credit Card,20,0
386,1404,2023-03-29,24.02,Home & Garden,East,UPI,0,0
387,1152,2023-08-05,88.99,Sports,Central,Net Banking,0,0
388,1054,2023-01-01,7.07,Food & Beverage,West,Net Banking,5,0
389,2144,2026-03-04,94.59,Electronics,East,Debit Card,20,0
390,2697,2023-05-20,91.7,Health,North,Net Banking,10,0
391,2944,2024-09-09,203.26,Electronics,West,Net Banking,0,0
392,1628,2023-05-13,13.15,Software,East,Wallet,0,1
393,1587,2023-06-27,1172.99,Software,West,UPI,0,0
394,2649,2025-03-20,740.23,Software,South,Net Banking,0,0
395,2992,2024-01-15,35.59,Sports,East,UPI,5,0
396,2444,2025-06-26,518.89,Apparel,East,Net Banking,20,0
397,2446,2024-10-19,251.76,Health,West,Debit Card,0,0
398,1104,2024-03-25,53.13,Sports,South,Debit Card,0,0
399,2876,2024-08-08,-88.645,Books,North,UPI,20,0
400,1254,2024-04-07,47.59,Electronics,South,UPI,25,0
401,2251,2025-09-16,2674.83,Food & Beverage,North,UPI,10,1
402,2136,2026-02-05,460.42,Health,Central,UPI,15,0
403,1510,2023-05-02,70.57,Home & Garden,South,Credit Card,0,0
404,2497,2023-01-17,78.28,Apparel,North,Debit Card,25,1
405,1099,2026-05-04,248.87,Health,West,Net Banking,25,0
406,1153,2023-11-23,236.13,Electronics,North,Credit Card,20,0
407,2885,2023-11-14,28.55,Apparel,Central,UPI,0,0
408,1914,2025-03-19,128.64,Home & Garden,North,Net Banking,5,0
409,2920,2026-06-29,46.38,Sports,South,Debit Card,0,0
410,1878,2024-05-17,108.05,Books,North,UPI,10,0
411,1338,2023-04-29,84.98,Sports,South,Wallet,0,0
412,2730,2024-12-10,305.26,Home & Garden,Central,UPI,10,0
413,1822,2023-02-14,65.24,Electronics,North,Net Banking,0,0
414,2187,2023-11-10,103.75,Health,North,Debit Card,15,0
415,2744,2026-04-17,9.45,Food & Beverage,Central,UPI,15,0
416,1957,2024-02-22,132.74,Apparel,North,Debit Card,0,0
417,2705,2024-07-09,35.37,Apparel,South,Credit Card,15,0
418,1161,2026-01-06,14.58,Home & Garden,East,Wallet,0,0
419,2604,2023-11-22,348.95,Travel,East,Credit Card,0,0
420,1801,2024-05-29,85.62,Travel,South,Wallet,5,0
421,1398,2023-08-02,7.44,Travel,North,Credit Card,10,0
422,2301,2023-03-15,35.15,Health,South,Debit Card,0,0
423,1816,2024-05-23,90.56,Apparel,Central,Debit Card,0,0
424,2940,2023-11-28,93.85,Electronics,South,Credit Card,5,0
425,2528,2026-01-21,49.44,Food & Beverage,East,Net Banking,25,0
426,2920,2024-11-18,1.59,Travel,West,Credit Card,0,0
427,2416,2024-10-18,46.42,Electronics,Central,UPI,0,0
428,2159,2025-10-24,325.46,Home & Garden,North,Net Banking,10,0
429,2219,2026-03-07,484.38,Electronics,South,Debit Card,15,0
430,1401,2026-06-08,43.42,Software,Central,Credit Card,0,0
431,1640,2024-08-22,862.64,Health,East,Net Banking,0,0
432,2057,2025-12-11,12.93,Travel,North,UPI,0,0
433,1688,2023-11-21,34.05,Software,South,Wallet,10,1
434,1460,2025-09-18,262.38,Home & Garden,South,Debit Card,0,0
435,1955,2024-12-17,217.21,Apparel,North,Net Banking,0,0
436,2907,2024-12-23,88.98,Food & Beverage,West,Net Banking,0,0
437,1470,2023-10-04,23.5,Books,West,Net Banking,10,0
438,2399,2024-06-19,23.43,Sports,Central,Credit Card,5,0
439,2046,2023-06-01,-88.645,Food & Beverage,South,Debit Card,15,0
440,1750,2025-08-12,24.68,Food & Beverage,Central,Debit Card,10,0
441,2694,2023-09-16,105.3,Home & Garden,North,Credit Card,10,0
442,1038,2023-11-20,80.58,Apparel,Central,Credit Card,10,0
443,1230,2025-10-13,22.34,Software,South,Credit Card,10,0
444,2389,2025-05-18,58.8,Travel,West,UPI,0,0
445,1563,2026-04-06,3.75,Sports,West,Net Banking,20,0
446,1438,2024-11-18,135.24,Food & Beverage,North,UPI,25,0
447,2800,2023-11-06,-88.645,Home & Garden,East,Debit Card,5,0
448,2307,2025-03-13,30.14,Travel,Central,Credit Card,0,0
449,1027,2025-12-15,35.04,Home & Garden,North,Net Banking,10,0
450,1226,2024-09-11,122.67,Apparel,West,Wallet,0,0
451,2301,2024-04-17,102.26,Health,South,Net Banking,0,0
452,1798,2024-04-05,227.63,Home & Garden,South,Wallet,20,0
453,2633,2025-03-24,35.45,Software,East,Net Banking,15,0
454,1284,2025-04-25,40.74,Home & Garden,East,Credit Card,20,0
455,1879,2026-03-10,69.07,Travel,West,Wallet,15,0
456,1960,2024-10-28,25.04,Apparel,East,Wallet,0,0
457,2505,2023-09-19,67.29,Software,East,Debit Card,5,0
458,1453,2026-06-18,25.54,Electronics,South,Net Banking,0,1
459,2020,2023-12-21,148.57,Home & Garden,Central,UPI,15,0
460,2853,2025-02-08,29.3,Apparel,South,UPI,5,0
461,1816,2023-06-29,121.93,Health,South,Debit Card,10,0
462,1659,2023-03-07,516.95,Books,West,Debit Card,0,0
463,2540,2025-03-30,150.49,Travel,West,Debit Card,10,0
464,1547,2023-06-20,111.17,Apparel,Central,Credit Card,10,0
465,2216,2024-04-18,17.53,Travel,North,Credit Card,15,0
466,2073,2024-06-17,476.68,Health,East,Credit Card,0,0
467,2536,2026-02-04,343.39,Books,East,Credit Card,10,0
468,1017,2024-03-14,74.62,Apparel,South,Debit Card,20,0
469,2196,2025-04-14,56.77,Health,South,Debit Card,0,0
470,2244,2023-08-15,33.89,Sports,Central,Credit Card,30,0
471,1158,2024-03-17,770.66,Sports,East,Credit Card,0,0
472,1477,2024-01-31,230.62,Travel,South,Wallet,25,0
473,2070,2024-12-28,36.23,Food & Beverage,South,Net Banking,20,1
474,2397,2023-03-25,336.68,Software,West,Wallet,15,0
475,1518,2025-11-02,448.98,Apparel,North,Net Banking,0,0
476,1099,2024-11-23,87.75,Books,Central,Credit Card,0,0
477,2916,2024-05-07,59.55,Food & Beverage,North,Credit Card,0,0
478,2769,2026-02-17,27.34,Travel,North,Credit Card,20,0
479,2061,2025-08-27,210.38,Sports,Central,Wallet,0,0
480,1280,2023-12-19,53.92,Health,East,Debit Card,10,0
481,2373,2025-12-16,51.31,Health,South,Net Banking,15,0
482,1497,2023-02-09,88.78,Sports,Central,Wallet,5,1
483,1302,2024-10-01,33.73,Electronics,South,Credit Card,20,0
484,1181,2023-06-22,563.47,Home & Garden,West,Debit Card,10,1
485,1607,2023-09-16,287.58,Apparel,North,Wallet,10,0
486,2123,2024-05-31,98.68,Home & Garden,West,Net Banking,10,0
487,1700,2024-12-30,32.41,Books,North,Credit Card,20,0
488,1993,2024-06-06,34.58,Electronics,East,Net Banking,0,0
489,2140,2025-04-18,,Books,Central,Credit Card,0,0
490,1191,2023-04-27,20.56,Apparel,East,Credit Card,30,0
491,1253,2023-07-03,132.58,Sports,North,UPI,0,0
492,1981,2026-02-13,41.64,Food & Beverage,West,Net Banking,0,0
493,1928,2023-06-11,38.88,Software,North,Debit Card,10,1
494,2185,2024-06-26,33.9,Food & Beverage,East,Credit Card,20,0
495,2280,2026-06-14,300.15,Apparel,East,Debit Card,0,0
496,2347,2025-04-18,36.22,Travel,West,Wallet,0,0
497,1128,2025-12-25,412.75,Books,West,Credit Card,10,0
498,1018,2025-12-29,63.74,Software,East,Credit Card,10,0
499,2817,2024-03-22,20.2,Software,North,Credit Card,0,0
500,2759,2024-02-20,158.08,Sports,North,Debit Card,30,1
501,1566,2024-06-15,261.06,Electronics,Central,UPI,10,0
502,1570,2024-03-16,32.15,Software,East,Net Banking,10,0
503,2347,2025-01-07,97.11,Software,Central,Credit Card,0,0
504,2896,2024-04-08,131.91,Travel,East,Net Banking,25,0
505,1686,2024-01-31,100.96,Books,Central,Net Banking,0,0
506,2816,2024-12-11,51.95,Books,South,Net Banking,15,0
507,1626,2024-01-30,259.29,Food & Beverage,North,Debit Card,0,1
508,2312,2023-11-22,66.6,Electronics,North,Net Banking,5,0
509,2967,2026-01-19,43.52,Software,South,Wallet,10,0
510,1854,2025-01-19,10.83,Books,West,Debit Card,0,0
511,2687,2025-12-29,,Health,South,Debit Card,0,0
512,1962,2026-04-04,116.64,Travel,North,Wallet,0,0
513,2663,2024-10-03,82.07,Books,East,UPI,20,0
514,1155,2023-08-02,261.11,Home & Garden,Central,UPI,10,0
515,1490,2024-01-04,349.44,Food & Beverage,North,Credit Card,5,0
516,2410,2023-02-18,67.08,Health,South,UPI,10,0
517,1785,2025-12-11,281.01,Sports,East,Credit Card,0,0
518,2128,2026-06-16,45.87,Software,North,Net Banking,5,1
519,2953,2023-05-13,75.2,Sports,South,Credit Card,10,0
520,2417,2025-09-25,72.66,Apparel,North,UPI,0,0
521,2835,2025-02-24,598.77,Software,South,Credit Card,0,0
522,1246,2026-04-04,19.41,Sports,South,Debit Card,25,0
523,2200,2024-01-08,96.64,Sports,North,UPI,0,0
524,2063,2024-04-23,39.05,Electronics,East,Credit Card,5,0
525,2501,2025-04-11,62.88,Apparel,North,UPI,15,0
526,2706,2024-10-11,59.73,Home & Garden,North,Wallet,10,0
527,1759,2024-11-12,98.15,Health,East,UPI,10,0
528,1538,2024-11-18,453.19,Software,North,Wallet,0,0
529,2891,2023-03-23,882.18,Books,Central,Credit Card,0,0
530,2842,2023-03-28,197.92,Sports,Central,Wallet,10,0
531,1921,2023-08-13,27.8,Apparel,Central,UPI,0,0
532,1408,2023-01-16,73.0,Health,South,Debit Card,5,0
533,1525,2025-04-01,123.07,Food & Beverage,West,Wallet,10,0
534,1828,2023-06-12,55.24,Health,North,UPI,15,0
535,2530,2024-05-28,64.55,Travel,West,Debit Card,0,1
536,1903,2023-12-16,82.65,Software,Central,Net Banking,30,0
537,2849,2024-11-11,227.39,Books,East,Wallet,30,0
538,1036,2026-01-20,170.07,Books,Central,Wallet,0,0
539,1685,2023-06-30,43.28,Sports,North,Credit Card,0,0
540,1020,2025-01-12,183.35,Home & Garden,West,Net Banking,0,0
541,1321,2024-10-21,712.82,Health,West,Credit Card,0,0
542,2800,2026-04-27,14.65,Books,South,Credit Card,10,0
543,1512,2024-05-07,53.26,Health,East,UPI,10,0
544,1400,2025-07-11,48.62,Apparel,Central,Credit Card,0,0
545,1654,2023-05-08,99.08,Software,East,Wallet,10,0
546,1972,2024-07-18,10.09,Software,North,Credit Card,20,1
547,2907,2026-04-25,460.96,Software,South,Debit Card,10,0
548,1471,2024-07-03,95.22,Books,Central,Wallet,0,0
549,2167,2024-03-28,128.74,Software,North,UPI,0,0
550,2116,2024-04-15,112.03,Electronics,East,Credit Card,10,0
551,2378,2025-09-14,48.43,Apparel,South,Debit Card,10,0
552,1834,2025-01-07,208.18,Books,Central,Debit Card,15,0
553,2824,2023-08-12,90.58,Books,East,Wallet,0,0
554,1727,2023-06-03,7.38,Food & Beverage,Central,Credit Card,5,0
555,2983,2024-07-13,79.06,Travel,South,Debit Card,5,1
556,1854,2023-12-17,64.52,Electronics,South,Credit Card,15,0
557,1051,2026-03-16,207.7,Software,East,Wallet,15,0
558,2689,2023-12-15,2302.37,Sports,Central,Net Banking,30,0
559,2722,2023-07-01,,Travel,West,Debit Card,20,0
560,1575,2024-09-28,1145.69,Books,North,UPI,10,0
561,2214,2025-10-14,39.51,Electronics,South,Credit Card,30,0
562,2149,2023-06-28,42.67,Software,Central,Wallet,0,0
563,1150,2025-11-28,66.97,Travel,East,Wallet,0,0
564,1314,2025-02-10,149.94,Books,East,UPI,0,0
565,1570,2025-06-12,41.73,Sports,South,Net Banking,0,0
566,2366,2025-10-23,13.01,Travel,South,Credit Card,15,0
567,1305,2025-10-12,92.54,Software,West,Net Banking,0,0
568,2716,2023-03-05,22.84,Health,East,Wallet,15,0
569,1682,2023-01-29,343.43,Sports,Central,Debit Card,15,0
570,1838,2024-01-07,194.93,Health,North,Net Banking,15,0
571,2807,2023-04-07,36.18,Food & Beverage,North,Debit Card,0,1
572,2078,2026-05-11,155.55,Home & Garden,West,UPI,5,0
573,2003,2025-09-19,46.63,Home & Garden,Central,Wallet,15,0
574,1444,2023-01-21,84.55,Electronics,North,Debit Card,0,1
575,1613,2025-01-04,85.63,Books,North,Credit Card,20,0
576,1993,2026-01-30,60.17,Travel,Central,Wallet,15,1
577,1264,2025-12-05,243.91,Food & Beverage,Central,UPI,0,0
578,2077,2023-03-07,23.5,Travel,South,Credit Card,0,0
579,2596,2024-08-25,171.46,Health,North,Wallet,0,0
580,2004,2026-04-02,129.73,Apparel,North,Net Banking,20,0
581,2644,2026-02-08,16.69,Travel,West,Wallet,0,0
582,1005,2023-12-04,34.7,Sports,South,Credit Card,10,0
583,2127,2023-05-03,24.22,Books,South,Debit Card,0,0
584,2220,2024-03-22,57.99,Travel,North,Debit Card,10,0
585,1774,2024-09-02,95.4,Books,East,Wallet,0,0
586,1877,2024-11-01,29.55,Books,East,Wallet,10,0
587,1992,2024-09-06,288.0,Food & Beverage,Central,UPI,0,0
588,1884,2025-06-15,320.33,Health,South,Net Banking,10,0
589,2374,2023-10-08,395.96,Software,North,UPI,0,0
590,1047,2025-12-02,3.45,Health,North,UPI,20,0
591,1867,2024-08-18,932.44,Food & Beverage,North,Debit Card,15,0
592,1823,2024-12-03,109.87,Sports,West,Debit Card,20,0
593,1936,2025-12-10,95.27,Apparel,East,Credit Card,0,0
594,2844,2023-07-29,79.66,Software,West,UPI,0,0
595,1656,2023-05-06,18.44,Books,North,Credit Card,10,0
596,1269,2024-05-06,138.62,Books,North,Wallet,20,0
597,1370,2025-08-17,622.87,Home & Garden,South,Credit Card,0,0
598,1636,2025-08-27,108.29,Home & Garden,South,Debit Card,0,0
599,2130,2024-08-03,23.62,Electronics,East,UPI,15,0
600,2694,2025-02-15,14.43,Books,Central,Debit Card,5,0
601,2683,2023-09-15,63.25,Home & Garden,North,Wallet,10,0
602,1657,2026-04-26,36.86,Apparel,South,Net Banking,10,0
603,1120,2023-08-18,209.16,Software,East,UPI,5,0
604,1831,2023-07-08,466.15,Food & Beverage,West,Debit Card,15,0
605,2811,2023-01-10,158.16,Home & Garden,North,Net Banking,20,0
606,2628,2026-02-11,81.28,Health,Central,Wallet,25,0
607,2082,2026-01-04,76.78,Software,East,Net Banking,0,0
608,2975,2024-11-06,98.03,Software,Central,Debit Card,10,0
609,2370,2024-05-16,22.38,Electronics,North,Debit Card,0,0
610,1741,2023-03-26,185.44,Apparel,East,Wallet,25,0
611,2498,2023-02-18,24.61,Travel,South,Wallet,5,0
612,1117,2025-04-17,343.57,Electronics,Central,Net Banking,25,0
613,2854,2025-10-04,58.21,Home & Garden,West,Net Banking,0,0
614,1791,2024-11-19,243.95,Health,West,Debit Card,0,0
615,2151,2024-01-22,15.36,Travel,Central,Wallet,25,0
616,2417,2025-08-27,241.9,Books,North,Credit Card,25,0
617,2932,2025-10-02,461.75,Apparel,North,Wallet,15,0
618,2013,2023-08-06,19.34,Home & Garden,North,UPI,0,0
619,2665,2025-10-01,78.55,Software,West,UPI,0,0
620,2082,2026-06-07,134.54,Health,West,Wallet,15,0
621,1634,2023-09-12,142.69,Electronics,South,Net Banking,10,0
622,1513,2023-08-24,59.89,Home & Garden,North,UPI,20,0
623,2775,2025-11-15,48.47,Software,West,Debit Card,0,0
624,1802,2023-09-28,121.99,Health,West,Debit Card,0,1
625,2120,2023-05-03,137.42,Apparel,North,Debit Card,15,0
626,2662,2024-10-17,,Food & Beverage,North,Wallet,0,0
627,2142,2023-09-16,33.45,Software,West,UPI,5,0
628,1560,2025-08-05,385.16,Sports,Central,Net Banking,5,0
629,2625,2023-02-16,102.43,Apparel,West,Debit Card,10,0
630,1488,2025-05-12,5.89,Home & Garden,South,Net Banking,0,0
631,2261,2024-06-08,388.0,Health,East,Debit Card,20,0
632,2909,2025-06-06,43.97,Sports,North,Wallet,5,0
633,1897,2023-07-27,97.52,Health,South,Debit Card,0,0
634,2296,2025-01-16,141.15,Books,Central,Wallet,0,0
635,2213,2023-05-29,,Travel,East,UPI,30,0
636,1704,2024-03-13,63.65,Travel,West,UPI,10,0
637,2471,2023-06-04,437.51,Books,North,Net Banking,5,0
638,1581,2026-01-18,332.7,Health,West,Debit Card,20,0
639,1790,2023-12-24,63.53,Food & Beverage,South,UPI,15,0
640,1861,2026-04-12,212.51,Travel,North,Credit Card,0,0
641,1247,2026-05-25,248.89,Software,West,Credit Card,0,1
642,2987,2024-03-31,234.11,Books,North,Net Banking,30,0
643,2100,2025-02-14,22.75,Health,South,UPI,10,0
644,1154,2024-09-20,645.08,Electronics,West,Wallet,5,0
645,2680,2026-05-07,51.59,Travel,East,Credit Card,25,0
646,2459,2025-04-11,102.64,Home & Garden,Central,UPI,0,0
647,1997,2024-04-30,59.05,Electronics,West,Wallet,15,0
648,2110,2024-06-16,118.59,Food & Beverage,North,Debit Card,10,0
649,1697,2023-07-19,31.91,Travel,West,UPI,10,1
650,2309,2024-01-06,68.71,Home & Garden,North,Debit Card,10,0
651,2998,2025-10-10,112.09,Electronics,South,Credit Card,0,0
652,2244,2025-05-02,391.34,Home & Garden,Central,Debit Card,20,1
653,2093,2023-09-05,338.56,Books,North,Credit Card,25,0
654,2071,2025-02-26,359.77,Travel,West,Net Banking,5,0
655,2009,2023-09-21,255.29,Software,South,Net Banking,10,0
656,1094,2025-12-17,825.52,Software,East,Credit Card,0,0
657,2774,2023-01-31,63.55,Sports,West,Wallet,15,0
658,1958,2026-06-26,74.49,Travel,Central,Net Banking,15,0
659,2012,2024-08-27,70.9,Books,South,Wallet,15,0
660,1453,2024-05-16,83.65,Home & Garden,West,Wallet,15,0
661,2228,2026-01-12,16.06,Books,North,Wallet,0,0
662,1912,2025-06-04,123.68,Apparel,North,UPI,0,0
663,1218,2024-07-02,163.25,Food & Beverage,North,UPI,0,0
664,1474,2025-04-18,66.1,Electronics,West,Wallet,10,0
665,1432,2026-01-21,10.93,Food & Beverage,Central,Credit Card,0,0
666,1341,2025-04-27,92.36,Books,North,Net Banking,0,0
667,1551,2024-09-05,19.04,Software,West,Debit Card,0,0
668,2636,2024-02-16,150.32,Health,West,UPI,0,0
669,2313,2024-03-07,103.87,Food & Beverage,Central,UPI,0,0
670,2278,2024-11-08,116.84,Health,South,Debit Card,30,0
671,2758,2023-06-08,25.2,Books,South,Wallet,15,0
672,1357,2023-01-14,409.08,Electronics,West,Debit Card,0,0
673,1023,2024-01-08,110.42,Software,South,Wallet,5,0
674,2786,2023-08-13,30.05,Books,East,UPI,10,0
675,1522,2026-01-01,180.47,Sports,Central,Debit Card,30,0
676,2782,2026-06-26,101.22,Food & Beverage,West,Credit Card,0,0
677,2861,2024-05-25,815.91,Books,South,Net Banking,0,0
678,2124,2024-08-25,46.37,Electronics,South,Net Banking,10,0
679,1802,2023-08-04,20.15,Apparel,Central,Net Banking,20,0
680,2204,2025-09-14,127.39,Sports,North,Debit Card,0,1
681,2247,2026-05-28,303.28,Travel,South,Wallet,0,0
682,2930,2025-04-19,1462.0,Books,Central,UPI,0,0
683,1762,2024-12-27,5444.36,Health,North,Net Banking,5,0
684,2683,2026-05-29,13.98,Apparel,West,Debit Card,0,0
685,1442,2024-07-07,76.53,Travel,North,Net Banking,20,0
686,2632,2025-12-01,20.23,Books,South,Wallet,25,0
687,1769,2024-11-06,66.9,Sports,West,Credit Card,0,0
688,2016,2025-05-22,1759.34,Software,West,Credit Card,20,0
689,2349,2023-10-10,33.66,Food & Beverage,North,UPI,0,0
690,1516,2025-12-17,87.68,Sports,West,Credit Card,10,0
691,2040,2025-04-13,44.83,Travel,North,Credit Card,20,0
692,1792,2024-06-20,27.01,Home & Garden,North,Debit Card,5,0
693,1336,2026-01-01,773.83,Apparel,North,Debit Card,0,0
694,2783,2025-07-11,14.2,Health,Central,UPI,0,0
695,1258,2026-02-26,81.53,Sports,South,UPI,5,0
696,1497,2025-04-21,100.04,Sports,West,Debit Card,20,0
697,1896,2025-08-05,86.52,Software,East,Credit Card,15,0
698,1160,2024-10-26,61.63,Apparel,South,Wallet,0,1
699,2499,2026-02-22,624.66,Electronics,East,Credit Card,5,0
700,1852,2023-03-08,7.14,Health,North,Credit Card,20,0
701,2688,2023-01-06,151.98,Travel,West,Wallet,10,0
702,2932,2024-09-28,160.32,Home & Garden,South,UPI,0,0
703,1690,2023-11-10,127.03,Apparel,East,Debit Card,20,0
704,2699,2024-07-18,33.21,Sports,East,UPI,25,0
705,1380,2025-04-05,382.24,Apparel,East,UPI,0,0
706,2569,2024-05-20,359.95,Apparel,South,UPI,0,0
707,2953,2026-01-10,31.84,Books,Central,Debit Card,5,0
708,1957,2025-10-22,21.38,Books,North,UPI,30,0
709,1691,2023-07-23,16.96,Travel,West,UPI,20,0
710,2451,2024-10-23,117.98,Software,East,Net Banking,20,0
711,2637,2025-03-15,95.22,Apparel,South,Credit Card,0,0
712,2292,2024-02-08,58.36,Electronics,East,Net Banking,20,0
713,2859,2026-01-31,1093.98,Home & Garden,South,Debit Card,10,0
714,2601,2024-06-19,51.76,Food & Beverage,Central,Wallet,25,0
715,2441,2026-05-20,112.73,Books,East,Wallet,10,0
716,2192,2024-07-30,71.3,Travel,East,Net Banking,20,0
717,2866,2026-05-17,949.32,Travel,West,Net Banking,0,0
718,2067,2025-02-01,-88.645,Apparel,South,Net Banking,15,0
719,2580,2023-04-27,62.06,Software,South,Credit Card,0,0
720,1285,2024-09-19,188.12,Sports,Central,Debit Card,0,0
721,1397,2025-01-18,68.93,Electronics,East,UPI,10,0
722,1012,2023-04-15,18.82,Apparel,West,Net Banking,10,0
723,2631,2024-05-09,111.27,Food & Beverage,North,Credit Card,5,0
724,2326,2023-02-15,12.86,Books,West,Wallet,0,0
725,2922,2025-04-02,201.2,Health,West,Wallet,0,0
726,2277,2026-05-24,54.82,Software,West,Wallet,0,0
727,1499,2025-09-08,44.8,Food & Beverage,West,Net Banking,0,0
728,1754,2025-08-17,315.89,Food & Beverage,East,Wallet,10,0
729,1035,2025-04-24,27.01,Apparel,West,Wallet,5,0
730,1727,2024-03-24,14.14,Health,South,Wallet,30,0
731,1849,2024-06-19,30.19,Apparel,South,UPI,0,0
732,1090,2024-05-25,1049.85,Health,West,Wallet,0,0
733,1776,2024-06-23,26.99,Travel,South,Credit Card,10,0
734,1605,2023-01-16,139.58,Electronics,East,Net Banking,20,0
735,2946,2023-08-31,247.65,Software,North,UPI,0,0
736,1970,2026-05-15,29.15,Travel,West,UPI,20,0
737,2626,2025-06-30,29.19,Software,South,Net Banking,5,0
738,2022,2025-01-30,111.74,Books,South,Wallet,15,0
739,1418,2024-12-05,117.96,Sports,East,Wallet,25,0
740,1115,2023-04-25,453.57,Electronics,East,Debit Card,0,0
741,1617,2024-02-01,35.76,Software,North,Wallet,10,0
742,2927,2024-01-29,57.24,Sports,Central,Credit Card,20,0
743,2220,2026-01-03,2713.72,Sports,Central,Wallet,20,0
744,1826,2025-09-04,10.47,Sports,Central,Net Banking,5,0
745,2525,2026-01-31,8.19,Apparel,North,Wallet,25,0
746,2650,2023-10-24,17.12,Sports,West,Net Banking,15,0
747,2517,2025-09-28,337.62,Apparel,Central,UPI,5,0
748,2099,2023-06-27,53.2,Travel,Central,Debit Card,0,1
749,1413,2026-05-23,53.18,Health,South,UPI,5,1
750,2400,2025-08-24,28.27,Apparel,South,Net Banking,5,0
751,2444,2023-11-11,271.0,Apparel,West,Debit Card,0,0
752,1729,2025-11-28,17.44,Apparel,East,UPI,25,0
753,2301,2023-09-16,44.8,Electronics,North,Wallet,25,0
754,2021,2023-01-07,29.64,Food & Beverage,Central,Wallet,0,0
755,1761,2023-02-18,3.64,Food & Beverage,North,Debit Card,5,0
756,1676,2023-06-10,50.71,Electronics,South,UPI,15,0
757,2418,2023-06-25,83.85,Electronics,North,Credit Card,20,0
758,2893,2025-10-22,35.49,Food & Beverage,South,Credit Card,0,0
759,1457,2025-09-27,65.24,Food & Beverage,North,Credit Card,5,0
760,1920,2024-03-30,67.28,Sports,South,UPI,25,0
761,1192,2023-10-03,76.74,Home & Garden,North,UPI,10,0
762,1739,2024-05-12,25.41,Software,Central,UPI,5,0
763,2713,2024-11-06,23.72,Food & Beverage,Central,Net Banking,15,0
764,2123,2025-11-17,95.23,Electronics,West,Credit Card,10,0
765,2572,2025-10-21,15.31,Home & Garden,North,Credit Card,25,0
766,1978,2026-04-26,69.62,Electronics,East,Credit Card,25,0
767,2009,2023-02-25,640.72,Home & Garden,West,Net Banking,0,0
768,1096,2024-06-30,85.92,Apparel,North,Net Banking,0,0
769,2688,2026-02-09,10.06,Books,East,UPI,0,0
770,1663,2023-02-05,111.7,Home & Garden,Central,Credit Card,0,0
771,2214,2024-03-14,240.37,Health,Central,Credit Card,0,0
772,2760,2024-08-17,34.66,Travel,Central,Wallet,20,0
773,1037,2023-11-03,62.88,Health,East,Wallet,15,0
774,2804,2024-09-10,31.4,Apparel,South,Wallet,0,0
775,2393,2026-02-06,51.7,Health,North,Net Banking,25,0
776,2719,2023-12-23,40.5,Home & Garden,West,UPI,25,0
777,2549,2023-06-30,151.84,Health,West,Debit Card,25,0
778,1279,2023-03-09,658.47,Electronics,Central,Credit Card,20,0
779,1217,2023-10-19,96.41,Apparel,South,Wallet,0,0
780,1867,2024-11-22,14.15,Electronics,North,Credit Card,10,0
781,1873,2023-06-30,1873.04,Software,North,Credit Card,0,0
782,2822,2024-03-09,181.18,Apparel,West,Credit Card,15,0
783,2297,2025-07-02,231.31,Apparel,West,UPI,0,0
784,2905,2023-03-07,83.39,Food & Beverage,West,Credit Card,25,0
785,1062,2025-11-10,119.02,Health,North,UPI,25,0
786,1596,2024-01-19,59.73,Apparel,West,Debit Card,10,0
787,2904,2023-02-08,266.25,Sports,North,Debit Card,15,0
788,1729,2025-04-01,50.76,Home & Garden,Central,Net Banking,20,0
789,2366,2024-08-24,161.94,Books,South,Credit Card,0,0
790,1397,2025-02-23,288.09,Software,West,Wallet,10,1
791,1699,2026-04-26,401.47,Apparel,North,Net Banking,0,0
792,2043,2024-11-01,310.55,Books,Central,Net Banking,30,0
793,1177,2026-06-20,26.36,Travel,East,Debit Card,25,0
794,2636,2026-01-01,594.25,Food & Beverage,Central,Wallet,5,1
795,1396,2024-04-23,199.76,Sports,South,Credit Card,10,0
796,1445,2024-07-14,129.89,Travel,Central,Credit Card,5,0
797,2257,2023-04-11,149.16,Home & Garden,West,Debit Card,0,0
798,2939,2024-05-28,74.44,Sports,West,UPI,0,0
799,1076,2023-06-25,51.42,Software,East,Debit Card,0,1
800,1265,2023-08-26,,Books,North,Wallet,0,0
801,1455,2025-06-28,422.32,Food & Beverage,Central,UPI,0,0
802,2820,2025-12-18,99.21,Apparel,East,Wallet,15,0
803,1718,2026-01-27,126.22,Software,West,Credit Card,5,0
804,1735,2025-05-20,96.75,Travel,North,UPI,20,0
805,2408,2024-05-09,40.39,Health,North,Wallet,10,0
806,2588,2025-08-04,6.85,Software,South,Credit Card,10,0
807,1851,2025-01-24,226.44,Books,West,Wallet,20,0
808,2530,2023-07-30,199.4,Books,North,UPI,20,1
809,2391,2026-02-20,88.79,Software,South,Credit Card,0,0
810,1144,2026-06-06,24.33,Books,South,Wallet,10,0
811,1885,2023-05-20,800.3,Software,West,Net Banking,5,0
812,2093,2024-06-24,59.78,Electronics,North,UPI,10,0
813,2123,2023-09-27,121.26,Travel,North,UPI,20,0
814,1396,2025-11-01,38.71,Home & Garden,Central,UPI,0,0
815,2049,2024-05-20,17.82,Travel,North,Credit Card,0,0
816,1948,2026-02-03,182.65,Books,South,UPI,0,1
817,1891,2023-02-01,14.87,Apparel,East,Wallet,20,0
818,2493,2026-01-02,118.49,Software,West,Net Banking,0,1
819,2508,2026-04-09,118.91,Sports,East,Wallet,0,0
820,2589,2025-12-28,23.48,Health,North,Wallet,0,0
821,2175,2025-03-23,19.0,Travel,South,UPI,0,0
822,2168,2023-12-28,35.71,Health,East,Net Banking,0,0
823,1569,2025-07-17,42.39,Food & Beverage,West,Net Banking,25,0
824,2063,2023-04-10,14.36,Health,Central,Net Banking,0,0
825,1109,2023-01-09,23.33,Sports,East,Net Banking,20,0
826,2717,2024-11-27,98.6,Electronics,Central,Debit Card,30,0
827,2066,2025-11-18,980.0,Books,North,Net Banking,10,0
828,2210,2026-02-11,301.62,Travel,North,UPI,0,0
829,1935,2024-04-06,109.14,Food & Beverage,West,Net Banking,15,1
830,1398,2025-07-09,348.63,Books,Central,Wallet,0,0
831,2247,2026-03-12,360.16,Apparel,Central,Debit Card,25,0
832,1634,2024-01-25,62.43,Books,West,Wallet,5,0
833,2157,2024-09-23,122.67,Home & Garden,East,UPI,0,0
834,2187,2024-11-12,291.04,Apparel,West,UPI,0,0
835,2239,2023-06-06,342.88,Home & Garden,North,Net Banking,30,0
836,1733,2023-12-01,346.85,Sports,Central,UPI,20,0
837,1235,2023-09-17,26.25,Apparel,South,Debit Card,15,0
838,2867,2023-03-23,368.73,Sports,South,Wallet,25,0
839,1658,2025-01-23,836.89,Sports,North,UPI,30,0
840,1751,2026-04-10,540.29,Food & Beverage,Central,UPI,0,0
841,1588,2026-06-08,24.47,Books,Central,Debit Card,15,0
842,2033,2024-12-20,18.09,Health,West,Credit Card,15,0
843,2098,2023-03-16,157.32,Health,East,Credit Card,10,0
844,1954,2024-09-17,528.37,Home & Garden,West,Debit Card,0,0
845,1492,2023-03-03,118.08,Software,South,UPI,25,0
846,1913,2025-05-23,67.9,Health,Central,Debit Card,0,0
847,2277,2023-11-16,80.78,Health,East,Debit Card,10,1
848,2254,2023-04-12,306.31,Apparel,West,Credit Card,0,0
849,2543,2025-05-23,61.2,Home & Garden,East,Net Banking,5,0
850,2198,2025-08-11,160.32,Home & Garden,South,UPI,10,0
851,2677,2023-09-12,76.98,Food & Beverage,East,Wallet,0,0
852,2192,2024-07-23,31.0,Sports,Central,Debit Card,5,0
853,1170,2023-04-22,28.22,Sports,East,Credit Card,0,0
854,2417,2025-09-11,169.08,Electronics,East,Net Banking,0,0
855,1946,2025-09-24,3.5,Food & Beverage,West,UPI,15,0
856,1795,2024-04-05,159.99,Travel,East,Debit Card,30,0
857,1634,2024-12-08,73.35,Travel,East,Credit Card,5,1
858,2218,2025-06-05,280.14,Travel,South,Debit Card,10,0
859,2541,2026-01-20,185.26,Books,East,Wallet,30,0
860,1029,2025-12-11,94.97,Food & Beverage,West,UPI,15,0
861,2189,2024-06-03,25.01,Books,West,UPI,0,0
862,2446,2025-03-22,26.69,Sports,Central,UPI,25,0
863,1339,2026-01-26,41.51,Sports,South,UPI,20,0
864,2672,2023-08-24,255.27,Sports,North,Credit Card,0,0
865,2520,2025-07-15,751.78,Sports,Central,Wallet,0,0
866,2389,2024-07-10,133.74,Food & Beverage,East,Debit Card,20,1
867,2857,2024-10-10,44.39,Food & Beverage,South,Credit Card,10,0
868,2366,2023-08-22,50.3,Books,Central,Net Banking,0,1
869,1500,2025-11-21,53.15,Software,West,UPI,15,0
870,2681,2024-08-01,313.61,Travel,South,UPI,10,0
871,1511,2024-06-25,51.92,Food & Beverage,South,Debit Card,0,0
872,2351,2023-04-24,85.42,Software,East,UPI,10,0
873,1217,2023-07-23,452.03,Books,South,UPI,5,1
874,2325,2025-11-18,45.56,Sports,South,Debit Card,5,0
875,2156,2024-10-04,175.65,Food & Beverage,North,Wallet,5,0
876,2828,2024-04-18,265.22,Sports,East,Credit Card,0,0
877,2094,2024-11-27,97.14,Travel,South,Wallet,0,0
878,2276,2023-09-10,-88.645,Health,South,Debit Card,5,1
879,2439,2025-06-23,664.17,Books,North,UPI,0,0
880,2811,2024-01-21,123.44,Food & Beverage,North,UPI,15,0
881,1445,2023-03-03,34.31,Health,West,Wallet,20,0
882,1876,2024-05-29,36.31,Apparel,East,Net Banking,20,1
883,2206,2024-03-05,116.18,Software,North,Credit Card,5,0
884,1167,2024-08-02,24.34,Health,South,UPI,10,1
885,1091,2026-03-10,124.3,Travel,North,Debit Card,0,0
886,1714,2025-01-12,682.47,Books,Central,Wallet,0,0
887,2882,2024-11-05,97.03,Home & Garden,West,Credit Card,0,0
888,2555,2023-11-07,87.99,Apparel,West,Net Banking,30,0
889,1039,2024-04-15,250.59,Apparel,East,UPI,10,0
890,2150,2025-03-19,168.98,Home & Garden,West,Wallet,0,0
891,2475,2023-06-21,22.69,Electronics,East,UPI,15,0
892,1173,2024-07-29,,Electronics,Central,Wallet,5,0
893,1653,2023-01-31,873.71,Health,South,Net Banking,5,0
894,1754,2023-02-16,133.02,Travel,Central,Debit Card,25,0
895,2244,2023-05-10,-88.645,Food & Beverage,East,Debit Card,15,0
896,2662,2023-12-18,71.51,Health,East,Credit Card,10,0
897,2082,2025-09-04,10.6,Electronics,East,UPI,0,0
898,2684,2023-02-27,9.69,Electronics,South,UPI,0,0
899,1476,2026-02-03,292.58,Software,East,UPI,10,0
900,1456,2025-03-22,89.54,Books,Central,Debit Card,0,0
901,1829,2025-02-06,167.78,Health,South,Credit Card,5,0
902,1895,2024-11-13,361.21,Food & Beverage,Central,Debit Card,10,0
903,2385,2026-03-31,135.28,Sports,South,Wallet,0,0
904,2959,2025-09-23,216.96,Electronics,East,UPI,0,0
905,2025,2023-10-13,122.58,Sports,South,Wallet,15,0
906,1387,2025-12-30,421.44,Travel,North,Net Banking,20,0
907,2997,2025-06-04,756.07,Electronics,Central,Wallet,0,0
908,1348,2024-02-01,114.38,Apparel,North,Wallet,20,0
909,1190,2023-01-26,108.76,Travel,North,Wallet,15,1
910,1505,2023-11-09,132.18,Apparel,East,Debit Card,10,0
911,2215,2023-05-06,79.31,Software,East,Wallet,10,0
912,2532,2026-05-06,55.68,Home & Garden,North,UPI,10,0
913,2393,2025-03-21,316.72,Home & Garden,South,Credit Card,5,1
914,2433,2023-07-07,55.77,Food & Beverage,East,Net Banking,20,0
915,1824,2024-11-28,52.04,Home & Garden,Central,UPI,5,0
916,1929,2025-03-20,264.55,Software,North,Credit Card,5,0
917,1934,2024-12-16,290.07,Travel,Central,UPI,0,0
918,2141,2024-03-25,1480.55,Sports,Central,Wallet,0,1
919,1134,2024-06-06,389.01,Food & Beverage,Central,Net Banking,25,0
920,1058,2025-09-12,242.85,Travel,North,UPI,0,0
921,2580,2024-10-19,288.76,Sports,West,Net Banking,25,0
922,1685,2024-08-19,75.38,Books,East,Debit Card,10,0
923,1672,2023-04-10,176.74,Health,Central,Debit Card,25,0
924,1173,2024-09-07,187.09,Travel,North,Wallet,20,0
925,2853,2025-08-05,46.97,Health,West,Wallet,20,0
926,1815,2024-07-09,84.88,Travel,North,Debit Card,5,0
927,2173,2023-10-05,282.27,Sports,East,UPI,20,0
928,1080,2024-05-05,88.04,Electronics,North,Credit Card,5,0
929,1886,2023-09-12,187.52,Food & Beverage,South,Credit Card,0,0
930,2237,2024-01-16,264.05,Books,South,Debit Card,10,0
931,1203,2025-06-10,249.68,Sports,Central,Credit Card,15,0
932,1764,2024-06-25,718.22,Apparel,North,UPI,0,0
933,2253,2025-04-04,44.81,Electronics,North,Credit Card,20,0
934,2700,2025-05-28,646.14,Software,Central,Credit Card,0,0
935,2251,2026-02-12,159.04,Apparel,Central,Debit Card,5,0
936,2683,2023-10-08,244.9,Software,West,Net Banking,5,0
937,2556,2025-02-11,207.75,Food & Beverage,North,Net Banking,0,0
938,2465,2025-04-22,195.51,Food & Beverage,East,UPI,0,0
939,2426,2024-12-19,41.89,Apparel,East,Net Banking,5,0
940,1047,2023-11-24,234.33,Food & Beverage,East,Wallet,0,0
941,2257,2023-07-30,16.01,Home & Garden,Central,Debit Card,20,0
942,2329,2024-12-27,1112.45,Health,Central,Net Banking,5,0
943,2550,2025-07-11,142.34,Sports,Central,Credit Card,0,0
944,2167,2024-07-05,362.12,Software,East,Net Banking,0,1
945,2439,2023-01-26,204.01,Books,West,Debit Card,10,0
946,2537,2023-01-27,94.06,Home & Garden,South,Credit Card,30,0
947,2397,2024-12-02,47.04,Electronics,North,Credit Card,20,0
948,2590,2026-01-11,37.47,Electronics,South,Debit Card,0,0
949,2910,2024-11-12,229.35,Sports,North,UPI,0,0
950,2283,2024-02-17,215.38,Sports,Central,UPI,0,1
951,1656,2023-06-16,175.94,Software,East,Debit Card,10,0
952,1471,2023-06-18,78.15,Travel,South,Debit Card,5,0
953,2977,2023-08-17,147.8,Sports,Central,Debit Card,0,0
954,1971,2024-01-02,54.19,Food & Beverage,North,Credit Card,0,0
955,2036,2024-06-11,39.77,Health,South,Credit Card,30,0
956,2354,2025-03-01,64.54,Travel,South,Debit Card,30,0
957,1736,2024-06-07,68.03,Sports,South,Credit Card,0,0
958,1784,2025-12-31,521.67,Electronics,South,Wallet,0,0
959,1968,2023-04-16,17.5,Books,South,Debit Card,25,0
960,1358,2025-01-01,86.52,Electronics,Central,Credit Card,5,0
961,1972,2025-08-22,192.25,Sports,North,UPI,30,0
962,2432,2023-05-13,975.2,Health,North,Debit Card,5,0
963,1668,2024-06-17,43.43,Health,West,Debit Card,10,0
964,1373,2025-09-01,23.59,Electronics,East,Debit Card,0,0
965,2032,2023-09-26,214.35,Software,South,Net Banking,20,0
966,2146,2024-11-03,,Apparel,North,Debit Card,20,0
967,2372,2025-03-01,69.06,Books,East,UPI,0,0
968,1676,2023-01-18,152.19,Food & Beverage,East,Credit Card,10,0
969,1090,2023-04-27,253.21,Electronics,Central,Debit Card,0,1
970,2672,2025-03-08,217.99,Apparel,South,Wallet,5,0
971,1698,2026-03-13,129.29,Health,West,Credit Card,20,0
972,2340,2024-07-04,437.1,Food & Beverage,East,UPI,5,0
973,2202,2025-07-17,114.08,Food & Beverage,Central,Net Banking,20,0
974,1540,2025-01-22,94.8,Food & Beverage,South,UPI,30,0
975,1732,2024-02-26,212.02,Health,North,Net Banking,5,0
976,1869,2024-10-07,19.83,Software,West,Credit Card,20,0
977,1041,2024-07-11,188.46,Software,South,Net Banking,0,0
978,1740,2023-02-19,62.56,Apparel,Central,Credit Card,0,0
979,2728,2024-11-08,18.25,Apparel,Central,UPI,0,0
980,2947,2023-04-16,149.94,Books,Central,UPI,15,0
981,1502,2026-05-24,51.94,Health,Central,Net Banking,0,0
982,1959,2024-10-19,12.97,Home & Garden,Central,Wallet,25,0
983,2169,2025-12-31,31.65,Home & Garden,West,UPI,20,0
984,2225,2025-09-14,683.74,Sports,East,Net Banking,5,1
985,1929,2025-04-21,46.15,Home & Garden,East,Debit Card,10,1
986,2748,2024-03-21,132.63,Home & Garden,North,Credit Card,10,0
987,1461,2026-04-24,24.51,Travel,East,Debit Card,15,0
988,1732,2023-03-11,1120.03,Health,Central,Debit Card,5,0
989,1752,2023-05-30,97.83,Health,East,Debit Card,0,0
990,1925,2026-06-23,,Apparel,East,Net Banking,25,0
991,1909,2025-02-12,260.37,Software,Central,UPI,0,0
992,2582,2026-01-27,1053.89,Food & Beverage,West,Debit Card,0,0
993,2571,2025-08-01,55.15,Home & Garden,Central,Net Banking,10,0
994,2277,2024-03-30,38.67,Software,East,UPI,20,0
995,1390,2026-02-01,1414.02,Software,East,Credit Card,0,1
996,2618,2025-08-03,77.69,Food & Beverage,North,UPI,10,0
997,1883,2024-08-23,67.77,Food & Beverage,Central,UPI,5,1
998,1256,2024-10-14,6.87,Travel,North,Debit Card,10,0
999,1709,2024-12-25,86.45,Travel,North,Net Banking,0,0
1000,2839,2023-08-21,17.69,Food & Beverage,South,Wallet,15,0
1001,2945,2023-09-08,45.97,Health,North,Credit Card,0,0
1002,1450,2023-03-20,8.03,Sports,East,Net Banking,15,1
1003,1010,2025-12-11,396.3,Electronics,East,Debit Card,15,0
1004,1824,2025-06-16,15.49,Sports,South,Net Banking,25,0
1005,1798,2025-07-09,8.77,Travel,South,Wallet,0,0
1006,2266,2025-02-19,30.27,Travel,Central,Credit Card,15,0
1007,2275,2023-08-14,402.14,Apparel,South,UPI,0,0
1008,1877,2025-12-10,52.77,Health,West,Credit Card,0,0
1009,2029,2026-04-24,61.96,Electronics,East,Wallet,5,1
1010,2143,2025-11-23,159.83,Apparel,East,Credit Card,0,0
1011,2016,2025-03-13,75.04,Travel,South,Credit Card,0,0
1012,2825,2025-01-11,397.64,Sports,South,Debit Card,15,0
1013,1374,2023-05-11,67.52,Home & Garden,East,UPI,10,0
1014,2089,2025-10-19,68.86,Apparel,South,Wallet,0,0
1015,1146,2024-09-23,1362.44,Food & Beverage,Central,Debit Card,10,1
1016,1224,2025-04-17,96.18,Sports,South,Credit Card,0,0
1017,2263,2025-01-28,118.71,Home & Garden,South,Credit Card,30,0
1018,1177,2024-12-04,69.93,Home & Garden,Central,Net Banking,5,0
1019,2803,2024-05-11,4.88,Home & Garden,Central,Debit Card,0,0
1020,1853,2023-11-19,256.58,Travel,Central,Wallet,0,0
1021,2306,2026-05-18,660.26,Software,East,Wallet,0,0
1022,1063,2024-09-06,406.21,Software,South,Wallet,0,0
1023,2241,2023-11-25,46.08,Books,Central,Wallet,5,0
1024,2878,2023-05-13,73.12,Electronics,Central,Credit Card,25,0
1025,1827,2025-04-14,136.87,Books,East,Credit Card,20,0
1026,1795,2024-10-12,131.2,Electronics,West,Debit Card,10,0
1027,1689,2023-05-01,203.81,Software,South,UPI,0,0
1028,2485,2024-08-28,114.86,Travel,West,Wallet,0,0
1029,2953,2025-08-22,58.35,Health,West,Credit Card,0,0
1030,2634,2023-05-09,106.09,Apparel,Central,Debit Card,0,0
1031,1105,2026-01-19,298.43,Apparel,East,Wallet,0,0
1032,2123,2023-01-29,2979.57,Sports,South,UPI,10,0
1033,1511,2024-12-22,49.47,Software,South,Wallet,20,0
1034,1385,2023-11-29,118.09,Software,South,Net Banking,0,0
1035,1405,2026-02-27,58.21,Travel,West,Wallet,0,0
1036,1823,2026-04-11,130.2,Books,North,Net Banking,0,1
1037,1518,2025-08-01,290.26,Health,East,UPI,0,0
1038,1476,2025-11-13,70.12,Software,North,Net Banking,20,0
1039,1709,2026-01-27,7.73,Home & Garden,West,UPI,0,0
1040,2887,2023-12-22,309.29,Sports,Central,Debit Card,10,0
1041,2669,2023-05-19,105.27,Apparel,North,Net Banking,0,0
1042,2894,2026-04-12,59.71,Software,North,Wallet,5,0
1043,1771,2023-01-29,45.68,Health,East,Wallet,5,0
1044,2461,2025-07-19,130.77,Food & Beverage,West,Debit Card,5,0
1045,2047,2024-05-10,39.05,Books,East,Credit Card,10,0
1046,1997,2025-10-10,44.93,Health,Central,UPI,30,0
1047,2589,2024-10-16,20.12,Home & Garden,South,Credit Card,0,1
1048,1677,2025-04-07,39.69,Books,West,Credit Card,10,0
1049,1714,2023-12-17,191.91,Apparel,Central,Debit Card,0,0
1050,2482,2024-07-07,17.16,Books,Central,Debit Card,30,0
1051,1083,2023-10-26,358.7,Health,North,Net Banking,30,0
1052,2169,2026-04-30,21.87,Health,East,Net Banking,0,0
1053,2109,2023-03-05,107.76,Software,North,Net Banking,30,0
1054,2102,2025-01-24,,Home & Garden,North,Net Banking,15,0
1055,1457,2025-02-08,242.15,Travel,South,Net Banking,30,0
1056,2902,2026-05-23,242.23,Books,East,Wallet,15,0
1057,1001,2025-04-13,81.38,Health,South,Debit Card,0,0
1058,1051,2023-06-15,73.27,Electronics,Central,UPI,15,0
1059,1685,2026-06-09,184.17,Electronics,South,UPI,15,0
1060,1717,2026-05-03,125.67,Sports,Central,UPI,0,1
1061,2796,2024-05-20,59.44,Books,North,UPI,15,0
1062,2470,2025-03-03,140.49,Home & Garden,South,UPI,10,1
1063,1449,2025-04-12,73.66,Food & Beverage,East,Wallet,30,0
1064,1881,2025-05-07,43.79,Home & Garden,South,Debit Card,10,0
1065,1488,2025-03-16,57.17,Books,Central,Net Banking,5,0
1066,2824,2026-03-18,161.37,Electronics,West,Net Banking,30,0
1067,1034,2025-01-30,29.56,Home & Garden,East,Net Banking,10,0
1068,2372,2025-04-12,339.54,Health,Central,Debit Card,0,1
1069,1095,2023-10-10,46.12,Home & Garden,West,Debit Card,0,0
1070,2096,2024-01-14,5.98,Books,East,Wallet,15,0
1071,2575,2023-07-17,174.7,Health,West,Wallet,0,0
1072,1154,2025-10-11,3.52,Apparel,North,Net Banking,25,0
1073,1250,2025-10-20,26.73,Home & Garden,North,Debit Card,30,0
1074,1674,2024-07-09,1647.39,Sports,South,Net Banking,0,0
1075,1438,2023-12-22,321.18,Books,South,Wallet,0,0
1076,1118,2025-11-06,290.86,Software,South,Net Banking,10,1
1077,1771,2024-09-30,23.51,Software,South,Wallet,0,0
1078,2915,2024-01-14,71.96,Sports,West,Credit Card,5,0
1079,2330,2024-11-10,399.3,Software,East,UPI,5,0
1080,1268,2024-05-20,193.94,Sports,East,Credit Card,15,0
1081,2985,2025-06-17,351.79,Apparel,South,Net Banking,30,0
1082,2078,2023-03-17,763.45,Electronics,North,Net Banking,5,0
1083,1236,2023-08-19,198.77,Health,Central,Debit Card,10,0
1084,1389,2025-08-19,20.56,Sports,South,UPI,0,0
1085,1990,2026-06-25,184.58,Travel,South,Wallet,20,0
1086,2758,2023-10-29,67.85,Travel,North,Net Banking,0,0
1087,1763,2024-12-26,19.12,Travel,Central,Wallet,5,0
1088,2849,2023-08-03,263.35,Food & Beverage,West,Wallet,0,0
1089,1401,2026-03-27,,Software,West,Wallet,0,0
1090,1624,2023-03-10,80.42,Sports,Central,Credit Card,5,0
1091,1767,2024-01-28,132.23,Books,Central,Wallet,0,0
1092,2327,2026-01-13,7.48,Sports,West,Debit Card,5,0
1093,1919,2023-09-24,346.72,Books,South,Credit Card,0,0
1094,2231,2025-12-28,233.2,Apparel,South,Credit Card,5,1
1095,2253,2024-09-02,121.54,Books,North,Net Banking,0,0
1096,1853,2025-10-05,20.03,Travel,Central,UPI,20,0
1097,2934,2025-08-19,12.51,Software,South,UPI,10,0
1098,1578,2024-12-28,1024.43,Health,South,Net Banking,0,0
1099,1075,2024-11-03,27.13,Health,North,UPI,0,0
1100,1435,2024-02-27,105.74,Food & Beverage,Central,Wallet,0,1
1101,1103,2026-04-12,28.15,Apparel,North,Debit Card,5,0
1102,2446,2023-04-25,5.77,Software,North,Wallet,0,0
1103,2728,2023-08-08,154.1,Books,West,UPI,0,0
1104,1764,2023-01-31,185.79,Food & Beverage,North,UPI,10,0
1105,1738,2026-02-27,12.15,Electronics,Central,Debit Card,20,0
1106,1806,2024-09-08,340.34,Books,South,Credit Card,0,0
1107,2330,2024-06-22,47.85,Food & Beverage,South,Credit Card,0,0
1108,1098,2025-01-08,24.55,Apparel,West,Debit Card,0,0
1109,2874,2025-10-22,22.7,Health,Central,Credit Card,5,0
1110,1798,2025-05-20,256.08,Sports,South,UPI,0,0
1111,2359,2023-04-11,8.95,Books,North,Credit Card,10,0
1112,1859,2025-12-17,20.28,Home & Garden,East,UPI,0,0
1113,1435,2024-11-22,151.1,Books,East,Net Banking,5,0
1114,1447,2025-07-29,128.82,Sports,East,Wallet,20,0
1115,2332,2023-12-07,26.41,Food & Beverage,East,Credit Card,25,0
1116,1249,2025-05-10,,Apparel,North,Net Banking,10,0
1117,1166,2025-11-09,23.67,Home & Garden,South,Credit Card,0,0
1118,2505,2023-02-07,70.09,Electronics,West,Net Banking,15,0
1119,1984,2024-10-21,59.79,Health,North,Debit Card,15,0
1120,2359,2025-07-16,60.07,Software,South,Net Banking,0,0
1121,2020,2025-11-15,71.21,Apparel,Central,UPI,10,0
1122,1542,2024-03-29,68.7,Health,South,Debit Card,25,0
1123,1759,2025-01-06,67.69,Home & Garden,South,Debit Card,15,0
1124,2130,2025-03-29,72.36,Books,South,UPI,5,0
1125,2587,2025-02-11,331.1,Food & Beverage,North,Credit Card,5,0
1126,1081,2023-01-13,68.11,Travel,South,Debit Card,0,1
1127,1133,2025-07-03,206.51,Sports,South,Credit Card,5,0
1128,1797,2025-07-09,107.6,Apparel,Central,Wallet,20,0
1129,1900,2025-04-04,139.7,Home & Garden,Central,Net Banking,30,0
1130,1138,2024-01-06,228.95,Travel,East,Net Banking,0,0
1131,1184,2023-11-28,22.91,Health,North,UPI,5,0
1132,2425,2023-09-18,191.12,Food & Beverage,South,UPI,0,0
1133,2354,2026-05-13,69.78,Books,East,Net Banking,15,0
1134,1785,2024-11-27,28.41,Books,East,Wallet,15,0
1135,2532,2024-11-17,228.36,Electronics,North,UPI,5,0
1136,2876,2025-08-07,54.03,Food & Beverage,East,Wallet,15,0
1137,1984,2024-01-22,141.6,Software,East,UPI,10,0
1138,1069,2025-03-31,3.47,Travel,North,Debit Card,15,0
1139,1546,2024-04-12,215.14,Electronics,West,Credit Card,0,0
1140,2798,2023-03-10,2014.47,Food & Beverage,East,Net Banking,10,0
1141,1053,2026-02-01,89.19,Home & Garden,Central,Credit Card,10,0
1142,2474,2026-03-30,65.61,Food & Beverage,East,Net Banking,0,0
1143,1205,2023-07-19,51.75,Software,North,UPI,0,0
1144,1126,2023-08-04,175.34,Food & Beverage,North,Credit Card,20,0
1145,2771,2023-07-31,62.49,Travel,West,Wallet,0,0
1146,1043,2024-05-22,195.8,Food & Beverage,West,UPI,0,0
1147,2776,2023-01-16,711.19,Food & Beverage,Central,Debit Card,0,1
1148,2995,2025-06-02,246.97,Health,Central,Credit Card,0,0
1149,2907,2023-11-28,73.0,Sports,East,Credit Card,0,0
1150,1111,2024-12-17,23.6,Travel,West,Debit Card,0,0
1151,1761,2024-07-04,55.15,Sports,Central,Net Banking,20,1
1152,2687,2025-07-30,74.23,Health,East,UPI,30,0
1153,2207,2023-09-13,18.5,Electronics,South,Debit Card,10,0
1154,1848,2025-09-18,331.73,Software,East,Wallet,10,0
1155,1095,2024-12-28,178.2,Software,Central,UPI,15,0
1156,2995,2025-05-29,25.58,Health,East,Debit Card,10,0
1157,2398,2025-03-25,10.64,Travel,South,Debit Card,20,0
1158,2936,2026-04-10,213.03,Apparel,Central,Credit Card,20,0
1159,2544,2024-10-10,12.53,Health,East,Credit Card,10,0
1160,1900,2025-09-26,99.56,Electronics,Central,Credit Card,5,0
1161,1360,2024-04-15,55.07,Home & Garden,East,UPI,0,0
1162,1900,2024-11-20,235.09,Food & Beverage,North,Net Banking,5,0
1163,2720,2024-11-30,238.38,Books,Central,UPI,0,0
1164,1281,2024-05-21,33.6,Books,Central,Credit Card,5,0
1165,2219,2025-09-18,261.27,Software,Central,Credit Card,20,0
1166,2888,2025-10-06,63.6,Food & Beverage,Central,UPI,30,0
1167,2219,2025-03-14,92.09,Home & Garden,East,Debit Card,0,0
1168,1667,2025-04-10,94.38,Apparel,West,Debit Card,0,0
1169,1093,2023-08-02,1336.49,Software,East,Credit Card,0,0
1170,1672,2026-05-16,78.0,Sports,South,Credit Card,20,0
1171,2970,2023-06-18,12.11,Books,North,Net Banking,20,0
1172,1061,2025-09-04,38.18,Software,East,Debit Card,5,0
1173,1634,2023-05-26,218.25,Books,East,Net Banking,5,0
1174,2075,2024-05-30,64.02,Health,Central,Credit Card,15,0
1175,2427,2026-01-18,91.65,Apparel,South,Credit Card,0,0
1176,2813,2024-03-28,53.61,Apparel,Central,Net Banking,0,0
1177,2029,2023-03-01,3.07,Sports,Central,Net Banking,0,0
1178,2490,2024-06-11,35.39,Travel,West,Credit Card,0,0
1179,1604,2026-06-04,82.04,Apparel,North,Wallet,10,1
1180,1682,2025-10-20,10.77,Health,West,Credit Card,0,0
1181,2853,2024-04-18,21.88,Electronics,Central,Debit Card,20,0
1182,1534,2025-01-26,59.86,Software,North,Credit Card,0,0
1183,2429,2025-02-20,60.49,Food & Beverage,East,UPI,5,0
1184,1838,2026-01-07,144.5,Electronics,South,Credit Card,0,0
1185,2537,2024-03-08,64.57,Food & Beverage,West,Wallet,20,1
1186,1645,2026-03-22,138.26,Books,South,Debit Card,20,0
1187,1233,2024-02-05,,Books,Central,Credit Card,30,0
1188,1524,2023-02-26,116.03,Books,North,Net Banking,0,0
1189,1346,2025-09-29,526.02,Sports,East,Debit Card,15,0
1190,2070,2023-07-05,127.33,Health,North,Debit Card,0,0
1191,1546,2024-02-02,67.9,Software,South,Wallet,0,0
1192,2969,2024-08-27,29.04,Sports,South,Net Banking,0,0
1193,2102,2025-02-26,99.92,Apparel,East,UPI,5,0
1194,2754,2023-06-07,69.3,Apparel,East,Credit Card,0,0
1195,2837,2024-08-11,176.69,Apparel,North,UPI,0,0
1196,2947,2024-04-10,10.11,Health,West,Net Banking,0,0
1197,2097,2024-03-21,71.83,Sports,North,Debit Card,30,0
1198,1794,2025-03-11,148.88,Sports,South,Wallet,10,0
1199,1249,2026-01-01,105.14,Electronics,North,Wallet,5,0
1200,1047,2025-07-17,60.4,Sports,Central,Debit Card,20,0
1201,2145,2023-01-17,59.4,Food & Beverage,North,Wallet,0,0
1202,1214,2024-12-31,24.08,Apparel,North,UPI,0,0
1203,1239,2023-11-22,141.83,Sports,Central,Debit Card,5,0
1204,2080,2025-09-21,149.88,Health,South,Credit Card,0,1
1205,1350,2024-09-04,16.52,Software,East,Credit Card,0,0
1206,1107,2024-06-29,225.33,Apparel,North,Net Banking,20,0
1207,1831,2024-08-18,41.04,Travel,West,Debit Card,0,0
1208,1048,2025-07-09,57.33,Food & Beverage,East,UPI,25,0
1209,2597,2025-04-21,832.7,Travel,West,Debit Card,0,0
1210,1337,2026-05-10,615.42,Apparel,North,Debit Card,20,0
1211,2050,2023-12-10,15.86,Electronics,West,UPI,5,0
1212,1804,2025-05-08,19.4,Health,East,Wallet,10,0
1213,2281,2026-05-26,25.5,Software,West,UPI,0,1
1214,1008,2024-03-20,603.94,Software,West,Debit Card,0,0
1215,1625,2023-08-10,43.44,Apparel,East,Debit Card,5,0
1216,2891,2024-08-14,15.35,Sports,East,Debit Card,0,0
1217,2277,2025-10-27,395.02,Electronics,East,Debit Card,0,0
1218,2716,2025-10-14,183.59,Health,East,Net Banking,0,0
1219,1719,2023-01-16,1340.94,Apparel,Central,Wallet,0,0
1220,1303,2024-06-07,183.15,Sports,North,Debit Card,20,0
1221,1639,2025-03-13,86.64,Apparel,East,Net Banking,20,0
1222,1056,2023-01-21,121.9,Electronics,South,Debit Card,0,0
1223,1726,2023-08-16,52.27,Health,West,Wallet,15,0
1224,1526,2025-10-04,431.21,Food & Beverage,East,Wallet,5,0
1225,1474,2025-03-19,459.4,Apparel,East,UPI,20,0
1226,1028,2026-03-03,13.47,Sports,North,Net Banking,0,0
1227,1078,2024-02-08,278.95,Home & Garden,East,Wallet,0,0
1228,2240,2025-12-25,24.9,Home & Garden,Central,Credit Card,20,0
1229,2410,2024-03-12,1630.24,Home & Garden,South,Debit Card,20,0
1230,1365,2025-04-08,555.82,Sports,South,Wallet,20,1
1231,1666,2025-07-22,22.97,Electronics,East,Net Banking,0,0
1232,1526,2023-09-16,119.92,Electronics,North,Net Banking,0,0
1233,1699,2023-04-13,296.4,Health,East,Net Banking,0,0
1234,2336,2025-09-19,42.59,Books,West,UPI,25,0
1235,1883,2025-02-07,17.47,Home & Garden,South,Debit Card,0,0
1236,2031,2026-01-29,101.71,Software,West,Credit Card,20,0
1237,2027,2026-05-06,74.35,Books,Central,Net Banking,30,0
1238,2647,2025-03-23,30.05,Home & Garden,South,Debit Card,0,0
1239,1919,2023-08-14,396.75,Software,South,Net Banking,15,0
1240,1750,2025-07-31,19.17,Electronics,Central,Net Banking,0,0
1241,1363,2024-04-07,79.09,Software,West,Credit Card,0,0
1242,2775,2023-08-25,111.97,Books,East,Debit Card,15,0
1243,2532,2025-11-15,130.42,Food & Beverage,North,Net Banking,0,0
1244,2298,2026-02-18,349.61,Apparel,West,UPI,0,0
1245,2530,2024-05-20,67.49,Travel,Central,Net Banking,10,0
1246,1806,2026-04-20,3.96,Home & Garden,Central,Debit Card,10,0
1247,1739,2025-03-24,56.59,Electronics,Central,Wallet,0,0
1248,2907,2025-02-05,215.03,Health,South,Net Banking,0,0
1249,2039,2024-09-25,75.72,Home & Garden,East,UPI,0,0
1250,2216,2025-09-17,76.39,Sports,South,UPI,30,0
1251,2655,2024-09-09,169.26,Books,South,Net Banking,10,1
1252,1485,2023-09-30,198.27,Electronics,South,Debit Card,5,0
1253,1028,2023-08-20,10.55,Software,Central,Net Banking,0,0
1254,1714,2025-02-06,88.02,Health,West,UPI,5,0
1255,2063,2024-05-10,71.22,Apparel,North,Net Banking,5,0
1256,2977,2025-11-13,-88.645,Electronics,North,UPI,0,0
1257,2297,2026-02-06,8.47,Apparel,East,Wallet,5,1
1258,2255,2024-05-16,440.41,Home & Garden,East,Net Banking,0,0
1259,1086,2023-01-25,,Home & Garden,Central,Credit Card,15,0
1260,2498,2026-04-25,149.9,Travel,North,Net Banking,25,0
1261,1126,2023-10-15,749.33,Books,West,UPI,0,0
1262,1812,2023-12-04,151.65,Software,Central,Debit Card,10,0
1263,1537,2025-11-26,14.18,Home & Garden,East,UPI,15,0
1264,1145,2023-05-17,81.15,Food & Beverage,Central,Wallet,25,0
1265,2549,2024-05-22,202.32,Sports,East,Debit Card,0,0
1266,2236,2023-08-15,96.35,Travel,North,Credit Card,25,0
1267,1025,2023-11-16,697.98,Electronics,Central,Credit Card,20,0
1268,2604,2025-07-04,32.23,Sports,South,Wallet,5,0
1269,2418,2026-04-20,401.07,Health,East,Wallet,0,0
1270,1067,2023-03-27,246.38,Software,South,Wallet,10,0
1271,1233,2025-07-14,100.14,Electronics,East,Wallet,0,0
1272,1109,2023-02-22,133.97,Travel,South,Net Banking,0,0
1273,2170,2025-05-09,27.85,Apparel,North,UPI,5,0
1274,1111,2025-05-16,62.26,Sports,North,Net Banking,5,0
1275,1228,2026-06-12,179.93,Sports,West,Debit Card,0,0
1276,1111,2024-03-08,75.27,Travel,West,Credit Card,10,0
1277,2494,2025-09-25,96.77,Apparel,West,Credit Card,30,0
1278,1034,2023-04-10,296.17,Health,Central,Debit Card,0,0
1279,1623,2025-09-16,9.13,Home & Garden,East,Credit Card,10,0
1280,2800,2024-08-21,140.23,Software,Central,Wallet,5,1
1281,2960,2024-02-07,758.88,Books,West,Wallet,0,0
1282,2393,2024-01-31,57.27,Travel,East,Wallet,5,0
1283,1748,2024-02-19,20.22,Books,Central,Debit Card,15,0
1284,1595,2025-07-27,56.43,Electronics,North,UPI,5,0
1285,2578,2024-11-07,14.58,Software,East,Debit Card,5,0
1286,1425,2024-04-07,118.02,Health,West,UPI,5,0
1287,1613,2024-06-24,82.4,Sports,North,Credit Card,10,0
1288,2542,2026-02-27,131.96,Health,East,Credit Card,0,0
1289,1692,2023-03-25,76.9,Books,Central,Credit Card,5,0
1290,2306,2023-09-28,,Software,West,UPI,0,0
1291,2344,2023-09-01,154.56,Apparel,Central,Credit Card,15,0
1292,2762,2024-01-23,21.39,Sports,North,Debit Card,0,0
1293,2467,2023-08-02,136.36,Food & Beverage,North,UPI,15,1
1294,2976,2025-03-28,511.76,Books,North,Wallet,20,0
1295,1315,2026-04-04,28.39,Electronics,East,UPI,0,0
1296,1877,2023-02-28,130.32,Software,West,Debit Card,20,0
1297,2990,2025-06-01,425.66,Software,North,Debit Card,10,0
1298,2765,2025-04-22,22.51,Home & Garden,Central,Debit Card,0,0
1299,2401,2025-07-12,234.49,Sports,West,Credit Card,30,0
1300,2313,2023-05-03,68.96,Sports,Central,Wallet,10,0
1301,2461,2026-03-08,302.96,Travel,Central,Wallet,5,0
1302,1662,2026-06-06,33.47,Food & Beverage,North,Net Banking,20,0
1303,1277,2024-03-14,89.04,Apparel,West,Debit Card,0,0
1304,2734,2025-10-18,14.55,Sports,South,Credit Card,15,0
1305,2606,2024-07-15,152.13,Electronics,East,UPI,0,0
1306,2527,2023-04-28,154.24,Home & Garden,South,Credit Card,10,0
1307,1624,2025-06-23,172.25,Sports,East,Debit Card,0,0
1308,1516,2024-01-30,162.38,Travel,West,Credit Card,10,0
1309,2374,2025-05-25,80.7,Home & Garden,North,Debit Card,5,0
1310,1843,2025-07-23,15.28,Books,West,UPI,0,0
1311,2470,2026-01-06,296.04,Electronics,South,UPI,0,0
1312,2854,2025-08-09,85.96,Sports,Central,Wallet,15,1
1313,1350,2023-03-16,144.34,Apparel,East,Net Banking,0,0
1314,2631,2023-10-22,72.08,Sports,East,Credit Card,10,0
1315,2688,2023-01-21,944.36,Books,South,Net Banking,0,0
1316,1823,2026-04-09,45.55,Home & Garden,North,Credit Card,0,0
1317,2161,2025-11-04,43.5,Food & Beverage,West,Wallet,20,0
1318,1759,2026-05-19,13.82,Apparel,South,Wallet,20,0
1319,1899,2024-07-13,103.08,Books,West,UPI,25,1
1320,1243,2026-01-14,837.22,Sports,North,UPI,20,0
1321,1543,2026-03-18,104.59,Books,Central,UPI,0,0
1322,2064,2024-01-07,118.22,Software,West,Credit Card,0,0
1323,1229,2025-03-28,289.41,Food & Beverage,North,Net Banking,0,0
1324,1548,2026-03-20,109.35,Health,South,Net Banking,30,0
1325,1920,2026-03-10,379.61,Travel,Central,UPI,5,0
1326,2247,2025-12-28,453.63,Software,Central,Wallet,0,0
1327,1006,2025-04-25,44.19,Books,Central,Net Banking,5,0
1328,2346,2024-06-04,16.18,Travel,East,Wallet,15,0
1329,1468,2024-01-06,205.92,Apparel,North,UPI,0,1
1330,2756,2023-04-11,132.58,Software,West,Credit Card,0,0
1331,1075,2024-10-22,25.66,Apparel,South,Debit Card,0,0
1332,1004,2025-08-25,,Books,Central,Net Banking,30,0
1333,2871,2023-08-31,39.75,Food & Beverage,Central,UPI,0,0
1334,1646,2025-01-22,107.44,Sports,Central,UPI,10,0
1335,1118,2024-05-26,297.93,Travel,North,Net Banking,25,0
1336,1881,2025-04-28,318.64,Home & Garden,South,Debit Card,20,0
1337,2630,2024-07-08,232.52,Books,North,Credit Card,0,0
1338,1504,2026-01-23,63.4,Apparel,South,Net Banking,0,0
1339,1947,2023-08-14,1292.24,Home & Garden,West,Credit Card,20,0
1340,1574,2023-08-02,93.68,Travel,East,UPI,0,0
1341,2465,2024-12-18,56.45,Books,South,Net Banking,15,0
1342,1194,2023-03-08,17.47,Home & Garden,North,Credit Card,20,0
1343,1847,2024-01-31,59.32,Books,North,Wallet,20,0
1344,1715,2024-09-03,152.4,Software,North,Wallet,0,0
1345,2416,2025-11-01,13.42,Home & Garden,East,Wallet,5,0
1346,2050,2026-06-14,28.65,Health,South,Credit Card,0,0
1347,2459,2025-02-08,51.38,Travel,South,Wallet,30,0
1348,1173,2024-02-11,35.5,Books,South,UPI,5,0
1349,2324,2025-07-13,32.15,Home & Garden,South,Credit Card,5,0
1350,2669,2024-10-08,347.07,Food & Beverage,Central,UPI,0,0
1351,1326,2023-08-10,12.42,Home & Garden,Central,Debit Card,20,0
1352,2434,2026-03-25,111.1,Software,North,Credit Card,0,0
1353,2142,2024-10-15,167.82,Apparel,Central,Wallet,20,0
1354,1836,2024-03-03,50.35,Home & Garden,South,Wallet,20,0
1355,2811,2026-03-27,68.56,Health,South,Debit Card,0,0
1356,1724,2025-09-03,85.74,Travel,Central,Net Banking,5,0
1357,1225,2025-10-02,192.71,Books,West,Debit Card,5,0
1358,1532,2024-01-06,565.0,Books,North,Wallet,0,0
1359,1113,2025-04-29,19.27,Books,East,Wallet,0,0
1360,1140,2025-05-05,29.98,Sports,North,Net Banking,5,0
1361,1559,2023-08-17,31.85,Software,North,Debit Card,0,0
1362,1001,2023-10-07,88.67,Food & Beverage,North,UPI,20,0
1363,1090,2025-12-06,55.72,Travel,Central,Debit Card,10,0
1364,1654,2025-09-01,200.28,Travel,North,UPI,0,0
1365,1320,2026-05-22,40.94,Books,South,Wallet,0,0
1366,2574,2025-01-27,31.0,Software,North,Wallet,10,0
1367,2829,2025-11-13,36.03,Apparel,South,Debit Card,15,0
1368,2918,2023-11-17,103.42,Travel,Central,Wallet,5,0
1369,1139,2023-10-01,286.2,Home & Garden,Central,Net Banking,30,0
1370,2535,2024-07-09,85.34,Health,North,Credit Card,5,0
1371,2892,2025-04-23,46.07,Software,South,UPI,30,0
1372,1845,2024-10-29,26.12,Books,South,Wallet,30,0
1373,1259,2025-09-26,520.07,Travel,South,UPI,10,1
1374,2697,2024-01-15,10.88,Sports,South,Debit Card,10,0
1375,1902,2024-12-11,72.0,Electronics,East,Net Banking,0,0
1376,1690,2025-01-15,218.69,Electronics,Central,UPI,25,0
1377,1010,2024-11-05,70.82,Food & Beverage,South,Wallet,20,0
1378,1261,2023-04-26,45.62,Travel,East,Credit Card,5,0
1379,2943,2024-08-27,171.19,Apparel,East,Net Banking,0,0
1380,2674,2025-12-01,24.23,Sports,Central,Debit Card,20,0
1381,1172,2024-01-14,11.15,Home & Garden,West,Wallet,0,0
1382,1898,2026-05-14,137.52,Software,North,Net Banking,5,0
1383,1013,2024-04-10,27.27,Home & Garden,Central,Wallet,0,0
1384,2192,2023-10-07,105.43,Travel,West,Debit Card,20,0
1385,2666,2024-09-09,77.64,Health,North,Debit Card,15,0
1386,2620,2023-04-28,123.13,Electronics,North,Credit Card,0,0
1387,1321,2026-06-14,68.55,Travel,North,Net Banking,0,0
1388,2343,2023-11-05,174.48,Software,East,Credit Card,0,0
1389,2637,2023-04-10,38.7,Travel,South,Credit Card,10,0
1390,1329,2023-09-18,229.86,Electronics,North,Credit Card,0,0
1391,1785,2025-09-19,20.88,Health,South,UPI,0,0
1392,1777,2023-10-13,367.66,Software,North,Debit Card,20,0
1393,2995,2023-11-24,1055.72,Books,East,Credit Card,0,0
1394,1911,2026-01-31,102.49,Apparel,North,UPI,10,0
1395,2944,2023-03-04,591.71,Travel,Central,UPI,0,1
1396,2574,2024-11-17,807.62,Software,West,UPI,0,0
1397,2443,2025-01-07,61.24,Health,North,Credit Card,5,0
1398,2630,2025-10-27,95.34,Books,West,UPI,5,0
1399,2119,2024-09-30,33.89,Travel,West,Credit Card,0,0
1400,2841,2025-07-24,36.62,Food & Beverage,East,Net Banking,0,0
1401,2605,2026-01-20,119.04,Sports,West,Debit Card,0,0
1402,1318,2026-04-28,12.64,Electronics,East,Wallet,5,0
1403,2980,2024-04-20,245.12,Food & Beverage,North,Credit Card,0,0
1404,1236,2023-02-22,110.03,Travel,South,Debit Card,0,0
1405,2970,2025-01-23,203.89,Home & Garden,East,Credit Card,5,0
1406,1334,2024-04-30,72.35,Health,West,Net Banking,0,0
1407,2909,2026-02-09,201.75,Health,West,Debit Card,10,0
1408,1376,2024-02-13,121.17,Software,North,Debit Card,10,0
1409,2483,2025-10-27,165.45,Electronics,East,UPI,0,0
1410,2161,2024-10-29,265.62,Books,North,Credit Card,10,0
1411,2954,2026-05-05,19.73,Travel,East,Credit Card,5,0
1412,1588,2025-04-14,38.72,Home & Garden,South,Wallet,0,0
1413,2571,2025-05-25,1447.78,Books,Central,UPI,0,0
1414,1513,2024-01-02,115.44,Electronics,North,UPI,10,0
1415,2320,2025-09-28,11.47,Software,West,Wallet,10,0
1416,2344,2023-09-07,11.55,Sports,North,UPI,20,0
1417,1918,2026-06-17,82.27,Books,East,UPI,15,0
1418,2596,2024-01-15,48.06,Home & Garden,North,Net Banking,20,0
1419,2856,2025-05-21,34.2,Apparel,South,Debit Card,0,0
1420,2373,2025-04-14,774.16,Health,East,Wallet,5,0
1421,2864,2025-02-13,57.8,Books,West,Net Banking,0,0
1422,2803,2025-07-07,241.09,Home & Garden,West,Net Banking,5,0
1423,1873,2024-03-30,121.53,Apparel,East,Net Banking,0,0
1424,2253,2024-01-01,63.19,Food & Beverage,South,UPI,20,0
1425,1270,2024-02-07,22.87,Food & Beverage,North,Wallet,10,0
1426,2852,2023-02-27,226.58,Home & Garden,Central,UPI,15,0
1427,1798,2024-06-04,5.4,Software,West,UPI,10,0
1428,2315,2026-02-12,255.91,Electronics,South,Net Banking,10,0
1429,1725,2023-07-29,107.94,Home & Garden,South,Credit Card,0,0
1430,2189,2025-11-30,189.1,Electronics,South,Wallet,10,0
1431,1005,2025-03-26,90.86,Health,North,Wallet,0,0
1432,1851,2023-06-22,20.47,Apparel,South,Net Banking,0,0
1433,2403,2023-08-22,145.74,Sports,South,Net Banking,0,0
1434,1078,2025-03-03,249.31,Sports,East,Debit Card,25,0
1435,2434,2025-03-03,50.65,Travel,East,Net Banking,20,0
1436,1574,2025-11-28,198.12,Sports,South,UPI,20,0
1437,1132,2023-04-29,128.49,Home & Garden,South,Net Banking,30,0
1438,1601,2023-12-01,154.57,Home & Garden,East,Wallet,10,0
1439,2773,2026-01-02,32.09,Books,North,Credit Card,20,0
1440,2066,2026-04-29,419.3,Food & Beverage,East,Credit Card,0,0
1441,1089,2023-11-20,128.41,Health,East,UPI,0,0
1442,1402,2025-10-07,244.22,Books,East,Credit Card,5,0
1443,1296,2026-03-16,56.5,Health,East,Net Banking,0,0
1444,2864,2023-10-11,292.58,Sports,Central,Credit Card,20,0
1445,2319,2023-08-01,54.25,Books,West,Net Banking,0,0
1446,1616,2025-07-17,30.87,Food & Beverage,North,Debit Card,15,0
1447,2550,2025-01-21,754.62,Software,North,Wallet,25,0
1448,1800,2023-12-05,5.22,Food & Beverage,South,UPI,10,0
1449,2715,2025-11-11,3254.74,Electronics,Central,Debit Card,0,0
1450,2661,2023-04-15,208.95,Health,South,Credit Card,5,0
1451,1422,2025-02-08,61.7,Home & Garden,North,UPI,0,1
1452,2889,2024-12-16,133.13,Food & Beverage,North,Net Banking,0,0
1453,2047,2025-02-01,209.1,Apparel,South,Debit Card,15,0
1454,1575,2026-05-29,60.4,Health,West,Wallet,0,0
1455,1143,2024-01-14,1035.14,Electronics,South,Wallet,0,0
1456,1993,2026-05-30,528.84,Apparel,West,Debit Card,0,0
1457,1665,2024-12-13,2373.67,Software,West,Debit Card,20,0
1458,1145,2023-08-13,20.79,Software,East,Debit Card,10,0
1459,2249,2025-01-07,116.56,Health,North,Credit Card,20,0
1460,2007,2023-08-24,17.04,Apparel,East,Wallet,0,1
1461,1503,2023-07-02,24.29,Books,North,Wallet,0,0
1462,2986,2024-12-12,60.85,Sports,East,Credit Card,10,0
1463,2998,2024-03-19,62.19,Apparel,West,UPI,10,0
1464,1821,2024-09-14,140.31,Apparel,East,Wallet,0,0
1465,2640,2025-10-26,78.82,Travel,Central,UPI,25,0
1466,1104,2026-06-13,235.09,Books,East,UPI,15,0
1467,2971,2026-02-24,131.98,Travel,East,UPI,0,0
1468,2063,2026-02-01,650.04,Apparel,East,Wallet,0,0
1469,2971,2025-01-18,243.37,Apparel,Central,Net Banking,15,0
1470,1198,2023-06-04,21.87,Home & Garden,North,UPI,25,0
1471,2670,2023-09-14,75.6,Travel,East,Net Banking,0,0
1472,1579,2023-08-23,81.97,Travel,North,Credit Card,0,0
1473,1391,2024-05-14,152.61,Home & Garden,South,Net Banking,5,0
1474,2203,2023-10-16,327.12,Electronics,West,Net Banking,10,0
1475,2992,2024-05-24,126.36,Health,South,Debit Card,10,0
1476,1554,2024-12-09,180.15,Sports,Central,UPI,15,0
1477,2472,2025-02-23,23.08,Home & Garden,Central,Wallet,0,0
1478,2524,2025-06-12,51.88,Books,North,Debit Card,5,1
1479,2039,2025-02-14,9.07,Food & Beverage,North,Net Banking,5,0
1480,2647,2023-10-25,152.98,Electronics,East,Credit Card,25,0
1481,2693,2023-05-17,247.1,Software,South,Wallet,25,0
1482,2313,2024-01-11,18.49,Food & Beverage,North,Credit Card,15,0
1483,1478,2023-03-28,108.87,Home & Garden,North,Net Banking,20,0
1484,2255,2026-05-07,79.62,Electronics,North,Credit Card,15,0
1485,1923,2024-03-12,682.75,Software,West,Debit Card,15,0
1486,1420,2025-02-02,30.78,Apparel,North,Credit Card,0,0
1487,1157,2024-12-02,270.91,Food & Beverage,West,Debit Card,10,0
1488,1550,2025-07-30,354.85,Food & Beverage,Central,UPI,25,0
1489,2465,2023-06-01,71.24,Home & Garden,East,Wallet,15,0
1490,2121,2025-10-28,127.87,Food & Beverage,South,Credit Card,10,0
1491,2021,2025-03-17,327.98,Apparel,North,Debit Card,0,0
1492,1997,2023-08-23,24.06,Travel,West,Net Banking,10,0
1493,2435,2024-11-05,53.92,Electronics,North,Net Banking,0,0
1494,1951,2024-07-14,112.56,Food & Beverage,North,Debit Card,0,0
1495,1289,2023-02-07,1071.52,Electronics,West,Wallet,0,0
1496,2278,2026-03-05,55.72,Software,North,UPI,0,0
1497,1196,2025-04-01,65.21,Software,South,UPI,30,0
1498,1598,2024-02-25,576.23,Food & Beverage,Central,Wallet,15,0
1499,2858,2026-05-27,199.45,Food & Beverage,East,Credit Card,0,0
1500,2546,2023-12-14,1235.28,Software,North,Debit Card,15,0
1501,1517,2026-01-07,334.25,Books,West,UPI,0,0
1502,2659,2025-01-17,75.55,Software,South,Wallet,10,0
1503,2866,2023-09-30,63.69,Books,North,UPI,15,0
1504,1865,2026-03-30,33.46,Sports,Central,UPI,15,0
1505,2142,2023-11-04,18.8,Apparel,Central,Credit Card,0,0
1506,1806,2025-09-02,135.5,Apparel,West,UPI,20,1
1507,2933,2025-01-02,191.01,Electronics,North,Debit Card,25,0
1508,2183,2025-10-29,220.72,Home & Garden,North,Wallet,0,0
1509,1815,2024-03-19,77.62,Electronics,North,Credit Card,0,0
1510,1228,2026-02-10,912.45,Food & Beverage,Central,Credit Card,25,0
1511,2901,2026-05-13,17.63,Health,North,Wallet,30,0
1512,1216,2024-02-09,15.39,Software,North,Debit Card,5,0
1513,1948,2025-05-02,33.66,Health,North,UPI,0,0
1514,2720,2026-05-05,-88.645,Sports,North,UPI,25,0
1515,1015,2025-02-16,24.13,Sports,West,Debit Card,0,0
1516,2181,2023-04-25,453.2,Travel,Central,Net Banking,0,0
1517,2672,2026-02-18,37.09,Sports,East,Wallet,0,0
1518,2285,2023-03-06,29.93,Electronics,West,Debit Card,5,0
1519,2181,2025-04-04,319.29,Software,North,UPI,0,0
1520,1047,2023-08-27,115.46,Home & Garden,East,Wallet,0,0
1521,1324,2023-10-29,230.82,Electronics,South,Wallet,5,0
1522,1844,2025-08-26,85.02,Software,East,UPI,0,0
1523,2709,2024-01-04,124.72,Books,West,Debit Card,5,0
1524,1130,2023-08-21,16.11,Software,Central,Net Banking,0,0
1525,2435,2023-07-14,75.38,Home & Garden,West,Wallet,0,1
1526,1095,2025-06-25,25.59,Food & Beverage,Central,Wallet,25,0
1527,1627,2025-11-01,939.43,Health,Central,Wallet,10,0
1528,1755,2025-07-09,424.7,Books,Central,Debit Card,25,0
1529,2956,2024-11-19,41.07,Travel,South,Wallet,10,0
1530,2316,2023-06-26,70.17,Food & Beverage,East,UPI,25,0
1531,1794,2023-08-05,74.25,Food & Beverage,West,UPI,20,0
1532,2835,2025-10-31,1193.62,Health,West,Credit Card,30,1
1533,2307,2024-09-21,144.85,Travel,Central,Wallet,5,0
1534,1069,2023-06-13,53.87,Apparel,South,Net Banking,10,0
1535,2684,2023-02-22,107.34,Health,South,Credit Card,0,0
1536,1011,2023-08-06,14.23,Software,North,Wallet,25,0
1537,2278,2025-09-25,82.4,Electronics,South,Wallet,0,0
1538,2866,2025-04-03,24.6,Electronics,Central,Debit Card,25,0
1539,1872,2024-01-20,9.8,Health,Central,Debit Card,0,0
1540,1550,2023-02-25,976.42,Books,East,UPI,5,1
1541,2158,2023-04-28,87.15,Electronics,Central,Credit Card,0,0
1542,1712,2025-06-18,35.66,Electronics,East,Credit Card,5,0
1543,1023,2025-03-08,11.74,Apparel,South,Credit Card,0,1
1544,1815,2025-02-18,69.04,Software,North,UPI,5,0
1545,1346,2025-10-12,75.26,Home & Garden,West,Net Banking,10,0
1546,1302,2025-03-13,225.44,Software,Central,Net Banking,20,1
1547,1363,2025-04-24,28.66,Food & Beverage,South,Net Banking,0,0
1548,1396,2026-04-18,47.44,Food & Beverage,Central,Credit Card,10,0
1549,1218,2026-06-12,29.68,Health,East,Wallet,0,0
1550,1141,2025-05-04,69.29,Travel,South,Credit Card,25,0
1551,2640,2024-12-08,8.24,Home & Garden,West,Wallet,5,0
1552,1958,2026-01-08,34.29,Travel,East,Debit Card,0,0
1553,2234,2023-01-22,191.65,Food & Beverage,South,UPI,5,0
1554,1985,2025-04-22,20.69,Food & Beverage,West,Net Banking,5,0
1555,1993,2026-01-21,298.69,Home & Garden,East,Credit Card,15,0
1556,2647,2023-07-11,256.73,Food & Beverage,West,Credit Card,30,0
1557,2640,2025-10-15,283.84,Travel,South,Debit Card,0,0
1558,1828,2026-01-31,89.53,Health,East,Wallet,0,0
1559,1683,2024-01-31,80.38,Health,North,Net Banking,10,0
1560,2484,2025-10-27,132.1,Home & Garden,Central,UPI,20,0
1561,2004,2024-10-01,438.92,Home & Garden,North,Wallet,10,0
1562,1356,2025-10-15,393.52,Books,West,Wallet,0,0
1563,2008,2024-07-20,12.25,Books,South,Net Banking,5,1
1564,2348,2023-08-19,31.53,Software,Central,UPI,10,0
1565,2157,2025-05-23,-88.645,Software,South,Net Banking,0,0
1566,1888,2024-07-27,215.32,Books,West,Net Banking,20,0
1567,2829,2023-08-28,39.84,Books,South,Credit Card,0,0
1568,2864,2023-03-31,70.52,Food & Beverage,East,UPI,0,0
1569,1127,2023-08-20,698.92,Travel,East,Wallet,25,0
1570,2130,2024-04-01,345.52,Food & Beverage,West,Net Banking,10,0
1571,2009,2023-08-21,469.39,Food & Beverage,South,Debit Card,0,0
1572,1604,2023-12-20,38.08,Software,West,UPI,0,0
1573,2823,2025-10-01,3.24,Electronics,Central,Debit Card,15,0
1574,2402,2024-03-14,56.0,Sports,South,Wallet,0,0
1575,2929,2023-12-11,15.99,Apparel,East,UPI,30,0
1576,2014,2024-10-25,8.73,Software,North,Credit Card,20,0
1577,1051,2024-10-18,348.77,Home & Garden,East,UPI,0,0
1578,2053,2023-05-10,30.87,Apparel,South,Wallet,20,0
1579,2486,2023-05-21,34.2,Travel,South,Credit Card,10,0
1580,2320,2024-02-19,58.04,Sports,South,Wallet,5,0
1581,2321,2026-01-21,649.23,Apparel,South,UPI,0,0
1582,2750,2024-09-17,74.15,Sports,Central,Wallet,0,0
1583,1779,2023-10-11,282.0,Health,North,UPI,10,0
1584,2431,2023-08-11,,Health,East,Credit Card,5,0
1585,2793,2025-01-13,13.51,Electronics,Central,UPI,10,0
1586,1814,2024-04-07,21.59,Electronics,West,Wallet,0,0
1587,2637,2026-03-09,89.61,Home & Garden,South,Wallet,0,0
1588,2429,2023-12-23,102.43,Apparel,East,Wallet,20,0
1589,2370,2025-11-12,172.65,Home & Garden,West,Debit Card,25,0
1590,2646,2025-05-08,172.73,Sports,North,Debit Card,15,0
1591,1420,2024-10-26,265.12,Health,East,Debit Card,0,0
1592,2206,2025-10-11,35.77,Apparel,Central,Net Banking,0,0
1593,1983,2023-03-26,806.47,Health,West,UPI,5,0
1594,1825,2024-09-12,,Books,East,Debit Card,10,0
1595,2025,2025-11-20,48.2,Travel,Central,Wallet,10,0
1596,2855,2023-08-28,34.72,Travel,South,Wallet,25,0
1597,2974,2023-12-29,10.57,Books,East,Debit Card,10,0
1598,1567,2025-04-01,110.51,Travel,South,Debit Card,25,0
1599,1371,2024-10-29,154.92,Software,West,Wallet,0,0
1600,1936,2023-04-09,44.92,Health,West,Debit Card,15,0
1601,2935,2023-02-16,126.38,Food & Beverage,West,Net Banking,25,0
1602,1661,2025-04-18,17.02,Health,South,Net Banking,5,0
1603,2455,2024-02-26,,Health,South,Net Banking,30,0
1604,1969,2023-03-03,47.6,Home & Garden,Central,Credit Card,10,0
1605,2333,2026-02-06,127.3,Food & Beverage,East,Net Banking,25,0
1606,2161,2026-02-16,115.84,Food & Beverage,Central,Wallet,15,0
1607,1202,2025-10-06,8.56,Software,South,Credit Card,5,0
1608,2460,2024-08-20,-88.645,Electronics,East,Wallet,0,0
1609,1313,2024-01-27,35.12,Health,West,Wallet,10,0
1610,1117,2025-09-03,114.78,Electronics,Central,Debit Card,0,0
1611,2690,2025-12-11,16.58,Sports,Central,UPI,0,0
1612,1937,2024-08-25,50.64,Health,Central,Net Banking,0,0
1613,2827,2023-12-03,139.2,Food & Beverage,South,UPI,10,0
1614,1575,2025-03-20,24.65,Food & Beverage,East,UPI,0,0
1615,1244,2026-05-12,26.33,Books,West,Debit Card,30,0
1616,1537,2026-06-15,104.59,Health,South,UPI,15,1
1617,2626,2025-01-21,73.62,Software,West,Net Banking,0,0
1618,1075,2026-03-05,136.89,Food & Beverage,North,Credit Card,0,0
1619,2830,2025-05-30,57.9,Health,North,Wallet,15,0
1620,1386,2024-09-26,194.38,Software,West,Net Banking,0,0
1621,2927,2023-09-11,45.59,Health,North,Debit Card,5,1
1622,2234,2026-02-11,184.28,Food & Beverage,East,Credit Card,0,0
1623,1475,2023-01-20,30.32,Home & Garden,East,Debit Card,0,0
1624,1418,2024-06-11,43.24,Electronics,South,Net Banking,0,0
1625,1347,2026-03-14,216.33,Software,West,Wallet,5,0
1626,2553,2026-05-16,48.56,Health,South,UPI,25,0
1627,1640,2024-01-11,22.08,Home & Garden,East,UPI,0,0
1628,1939,2023-06-15,717.76,Software,East,Debit Card,5,0
1629,1955,2026-04-19,86.3,Home & Garden,East,Credit Card,0,0
1630,1876,2025-05-10,158.5,Home & Garden,Central,Wallet,0,1
1631,1763,2024-09-08,5.96,Health,North,Debit Card,15,0
1632,2203,2024-09-03,445.04,Apparel,South,Wallet,5,0
1633,2206,2024-05-17,2154.85,Health,South,Debit Card,10,0
1634,1664,2025-07-01,399.66,Health,East,Credit Card,30,0
1635,1025,2023-03-20,474.21,Electronics,Central,Net Banking,10,0
1636,2991,2024-08-07,55.12,Apparel,South,UPI,0,0
1637,2204,2024-11-18,121.78,Books,South,Wallet,0,0
1638,1710,2024-01-31,161.69,Sports,Central,Wallet,10,0
1639,2525,2026-01-31,38.97,Home & Garden,East,Credit Card,10,0
1640,2880,2024-02-06,77.57,Travel,Central,Wallet,0,1
1641,2185,2025-09-01,27.08,Health,North,Net Banking,15,0
1642,1177,2023-08-12,56.0,Software,South,Net Banking,10,0
1643,1285,2024-06-01,246.92,Home & Garden,North,Credit Card,30,0
1644,1063,2024-09-25,10.82,Electronics,South,Debit Card,25,0
1645,2003,2023-08-24,282.51,Software,North,Debit Card,20,0
1646,1662,2023-04-26,13.56,Software,South,Wallet,0,0
1647,1666,2026-04-01,95.87,Electronics,East,Wallet,0,0
1648,1156,2023-08-14,106.92,Travel,West,Credit Card,10,0
1649,2906,2023-08-18,179.0,Electronics,Central,Net Banking,5,0
1650,2493,2023-07-01,72.48,Food & Beverage,South,Credit Card,15,0
1651,2073,2026-06-26,25.7,Software,Central,Debit Card,25,0
1652,1967,2023-07-29,112.33,Home & Garden,South,Net Banking,15,0
1653,1849,2023-04-06,1220.49,Food & Beverage,West,Wallet,0,0
1654,2108,2025-06-12,88.47,Home & Garden,East,Debit Card,5,0
1655,2385,2025-01-25,31.26,Books,East,UPI,0,0
1656,1689,2026-01-14,51.39,Health,Central,Debit Card,15,0
1657,1148,2024-02-19,107.8,Sports,West,Net Banking,20,0
1658,2654,2024-01-29,65.21,Sports,Central,Net Banking,0,0
1659,1342,2024-11-26,55.2,Health,East,Credit Card,5,0
1660,1476,2025-04-23,442.71,Books,North,Net Banking,15,0
1661,2087,2024-08-26,167.46,Electronics,Central,UPI,0,0
1662,2725,2024-08-04,78.08,Apparel,South,UPI,30,0
1663,2384,2023-05-13,78.8,Food & Beverage,East,Net Banking,15,0
1664,1561,2025-03-01,,Software,South,Wallet,5,0
1665,1327,2024-10-10,176.33,Health,West,Net Banking,15,0
1666,2793,2023-08-09,419.38,Sports,East,Wallet,20,0
1667,2760,2025-09-02,54.91,Apparel,East,Net Banking,5,0
1668,2165,2025-12-05,27.29,Sports,Central,Debit Card,5,0
1669,1990,2026-04-30,46.19,Books,Central,Net Banking,20,0
1670,1215,2025-02-26,31.48,Apparel,South,Debit Card,20,0
1671,1435,2024-11-21,14.42,Electronics,Central,Wallet,0,0
1672,2915,2023-02-08,489.17,Sports,North,Net Banking,25,0
1673,1952,2024-11-20,251.01,Food & Beverage,East,Wallet,0,0
1674,1723,2023-06-11,5.81,Electronics,West,UPI,10,0
1675,2342,2026-02-01,116.93,Electronics,East,Credit Card,15,0
1676,1032,2023-06-10,57.28,Software,South,Wallet,0,0
1677,1670,2025-12-13,49.65,Books,Central,Debit Card,0,0
1678,1285,2025-11-23,4.55,Apparel,East,Credit Card,15,1
1679,2329,2023-08-30,87.33,Apparel,Central,Net Banking,0,0
1680,1429,2025-08-24,98.72,Sports,South,Debit Card,20,1
1681,2501,2025-06-08,21.93,Apparel,Central,Credit Card,0,0
1682,1286,2023-04-23,630.99,Sports,West,Credit Card,0,0
1683,2168,2025-10-10,232.67,Food & Beverage,South,Wallet,0,0
1684,2448,2023-11-14,25.04,Health,East,Net Banking,0,0
1685,2043,2023-01-23,307.25,Food & Beverage,East,Net Banking,30,0
1686,1018,2025-04-03,51.49,Sports,West,Net Banking,0,0
1687,1769,2026-02-15,319.3,Home & Garden,North,Wallet,10,0
1688,1590,2024-12-01,15.94,Sports,Central,Wallet,15,0
1689,2395,2025-10-15,110.4,Books,East,Net Banking,0,0
1690,2199,2026-05-20,20.92,Sports,West,Credit Card,20,0
1691,2010,2026-02-10,32.96,Home & Garden,Central,Net Banking,0,1
1692,1194,2025-12-03,8.86,Electronics,South,Wallet,10,0
1693,1502,2023-05-08,20.46,Home & Garden,West,Net Banking,10,0
1694,1988,2025-05-25,20.32,Books,South,Wallet,10,0
1695,2137,2023-06-07,17.49,Food & Beverage,South,Net Banking,15,0
1696,1114,2025-04-06,112.88,Sports,South,Credit Card,25,0
1697,2246,2025-05-01,10.81,Electronics,Central,Credit Card,25,0
1698,2702,2024-05-26,128.84,Health,North,Wallet,10,0
1699,1947,2023-02-14,300.99,Software,South,Wallet,0,0
1700,1831,2026-02-05,30.97,Food & Beverage,East,Debit Card,0,0
1701,2668,2023-08-07,81.29,Food & Beverage,Central,UPI,20,0
1702,2921,2024-03-18,60.17,Software,Central,Debit Card,20,0
1703,2288,2023-11-11,54.94,Sports,South,Wallet,0,0
1704,1925,2023-06-26,4.19,Books,East,Wallet,0,0
1705,1055,2023-08-16,23.29,Books,West,Net Banking,20,1
1706,2895,2023-09-24,519.94,Books,Central,Debit Card,10,0
1707,2667,2025-05-19,132.77,Travel,South,UPI,0,0
1708,1800,2025-04-17,67.38,Electronics,South,Debit Card,10,0
1709,1778,2024-05-03,7.97,Home & Garden,North,Credit Card,0,0
1710,2482,2024-12-02,183.42,Travel,North,Credit Card,0,0
1711,2902,2024-11-17,30.14,Software,West,Debit Card,5,0
1712,1162,2025-09-22,20.39,Apparel,West,Debit Card,5,1
1713,2404,2023-12-23,23.0,Sports,West,Wallet,0,0
1714,1087,2025-05-21,166.13,Travel,West,Net Banking,30,0
1715,1055,2023-07-23,82.67,Books,South,Credit Card,5,0
1716,2500,2026-05-21,254.05,Electronics,South,UPI,15,0
1717,2824,2024-07-05,347.54,Food & Beverage,South,Net Banking,0,0
1718,2202,2023-11-19,37.06,Software,East,Debit Card,5,0
1719,2415,2024-08-16,85.52,Software,West,Credit Card,20,1
1720,2373,2023-06-30,62.58,Electronics,East,Debit Card,20,0
1721,2032,2024-05-13,17.56,Sports,Central,Credit Card,0,0
1722,1833,2023-03-24,20.87,Electronics,Central,UPI,0,1
1723,1313,2023-10-30,73.92,Health,South,Net Banking,0,0
1724,1759,2023-09-19,84.06,Home & Garden,Central,UPI,20,0
1725,2859,2025-02-22,84.28,Apparel,South,UPI,15,0
1726,1443,2026-05-08,,Travel,West,Net Banking,10,0
1727,2791,2026-06-17,33.81,Software,East,Net Banking,10,0
1728,1328,2025-07-02,1147.94,Health,South,UPI,25,0
1729,2078,2024-11-22,118.89,Food & Beverage,North,Debit Card,0,1
1730,1761,2025-08-01,45.12,Food & Beverage,North,Net Banking,0,0
1731,2263,2024-11-13,145.88,Software,West,UPI,0,0
1732,2253,2024-11-19,32.41,Books,East,UPI,0,0
1733,1579,2024-01-31,92.95,Books,South,UPI,0,0
1734,2075,2026-03-07,145.6,Apparel,West,Debit Card,10,0
1735,2633,2025-04-18,174.36,Food & Beverage,East,Wallet,30,0
1736,2628,2025-05-27,19.91,Food & Beverage,North,Wallet,5,0
1737,2007,2025-04-02,3411.51,Food & Beverage,South,Net Banking,15,0
1738,2288,2026-02-26,371.73,Sports,East,Wallet,15,0
1739,2442,2023-02-18,1031.74,Health,Central,Credit Card,20,0
1740,2827,2025-02-27,66.2,Software,South,Net Banking,5,0
1741,1096,2023-10-20,121.04,Electronics,Central,Net Banking,5,1
1742,2112,2024-06-19,94.04,Home & Garden,West,UPI,0,0
1743,2102,2023-11-07,46.69,Software,East,Credit Card,10,0
1744,2312,2024-06-20,223.44,Books,East,Wallet,0,0
1745,2144,2024-09-30,31.18,Food & Beverage,East,Net Banking,0,0
1746,1814,2023-08-22,208.08,Travel,East,Credit Card,10,0
1747,1491,2026-05-17,49.52,Software,South,Debit Card,0,0
1748,2936,2024-08-27,145.3,Travel,Central,Debit Card,5,0
1749,1452,2023-04-04,520.07,Home & Garden,Central,UPI,15,0
1750,2524,2023-11-23,76.74,Electronics,West,Credit Card,20,0
1751,1165,2023-08-13,229.58,Books,West,Net Banking,5,0
1752,1182,2025-08-24,48.88,Health,East,Debit Card,5,0
1753,1469,2025-06-08,21.81,Apparel,North,Debit Card,15,0
1754,1910,2023-01-11,661.21,Electronics,North,Wallet,0,0
1755,1735,2025-11-01,220.8,Sports,East,Wallet,5,0
1756,1823,2023-02-04,76.61,Home & Garden,Central,Credit Card,20,0
1757,1944,2024-03-22,207.62,Sports,West,Wallet,20,0
1758,1007,2026-05-28,26.58,Electronics,South,Credit Card,10,0
1759,1330,2024-03-16,153.04,Apparel,North,Net Banking,0,0
1760,1775,2024-10-14,116.79,Electronics,West,Net Banking,10,0
1761,2697,2024-08-17,196.5,Home & Garden,North,Net Banking,0,0
1762,1151,2023-08-17,645.53,Sports,Central,Wallet,0,0
1763,2109,2023-12-10,511.78,Electronics,Central,Wallet,0,0
1764,1147,2026-01-08,17.0,Food & Beverage,East,UPI,0,0
1765,2648,2025-09-15,8.21,Apparel,East,Debit Card,0,0
1766,2405,2026-02-25,120.89,Books,North,Net Banking,5,0
1767,1915,2025-06-27,110.3,Travel,North,Wallet,0,0
1768,2572,2024-06-10,23.03,Sports,West,Debit Card,10,0
1769,2309,2023-03-16,28.42,Books,East,Net Banking,30,0
1770,1700,2023-07-15,35.72,Software,Central,Net Banking,5,1
1771,1082,2023-01-29,446.77,Apparel,West,Debit Card,15,0
1772,1514,2024-12-06,51.06,Apparel,West,Debit Card,0,0
1773,2921,2025-10-17,14.81,Food & Beverage,South,Wallet,30,0
1774,1815,2023-01-16,83.32,Food & Beverage,Central,Debit Card,0,0
1775,1709,2025-03-15,89.72,Home & Garden,West,Debit Card,10,0
1776,2940,2025-07-28,26.09,Software,South,Wallet,30,0
1777,2547,2025-08-24,-88.645,Electronics,East,Net Banking,20,1
1778,1746,2026-01-05,352.37,Home & Garden,Central,Debit Card,30,0
1779,2023,2023-08-17,58.77,Travel,East,UPI,0,1
1780,2410,2025-08-19,14.81,Travel,South,Credit Card,0,0
1781,1707,2024-12-15,64.81,Sports,Central,Debit Card,0,0
1782,1471,2025-09-10,129.28,Travel,North,Debit Card,30,0
1783,2143,2024-07-26,6.76,Travel,North,Credit Card,0,0
1784,1396,2024-09-06,160.42,Electronics,North,UPI,0,0
1785,2556,2023-11-22,57.4,Home & Garden,West,Net Banking,10,1
1786,1261,2025-05-24,94.87,Electronics,North,UPI,5,0
1787,1805,2023-12-25,63.59,Apparel,West,Credit Card,0,0
1788,1934,2023-11-20,36.45,Sports,West,Debit Card,5,0
1789,2280,2023-06-14,78.79,Home & Garden,South,Net Banking,10,0
1790,2758,2025-03-08,48.88,Food & Beverage,North,UPI,0,0
1791,1905,2024-03-30,58.61,Books,Central,UPI,0,0
1792,2250,2026-03-22,31.3,Books,West,Net Banking,20,0
1793,2077,2026-02-24,171.42,Health,South,UPI,10,0
1794,1940,2023-07-12,397.09,Health,West,Credit Card,0,0
1795,2891,2024-09-18,31.57,Software,Central,Net Banking,10,0
1796,2524,2024-06-13,78.24,Travel,Central,Credit Card,15,0
1797,2530,2025-10-30,24.19,Home & Garden,North,Net Banking,10,0
1798,1854,2023-04-02,143.4,Apparel,West,Credit Card,0,0
1799,2388,2023-05-19,117.81,Electronics,Central,Debit Card,0,0
1800,2304,2024-04-25,44.94,Food & Beverage,East,Debit Card,0,1
1801,1593,2024-03-24,81.51,Sports,Central,UPI,0,0
1802,1714,2025-05-18,254.25,Home & Garden,Central,Net Banking,0,0
1803,2182,2023-12-06,13.08,Apparel,West,Net Banking,20,0
1804,1632,2025-12-11,19.1,Apparel,Central,Credit Card,0,0
1805,1059,2024-04-10,180.95,Sports,South,UPI,10,0
1806,2751,2024-12-18,96.1,Electronics,Central,UPI,20,0
1807,1128,2025-03-09,82.75,Food & Beverage,East,Net Banking,20,0
1808,1736,2024-04-19,279.1,Books,Central,Debit Card,5,0
1809,1721,2024-02-05,209.63,Software,North,Net Banking,10,1
1810,2906,2024-08-27,704.95,Apparel,West,Net Banking,30,1
1811,2139,2025-07-20,263.47,Software,East,Wallet,10,1
1812,2233,2025-09-23,169.16,Software,South,Credit Card,25,0
1813,1526,2025-07-10,84.37,Software,Central,Credit Card,10,0
1814,1521,2025-03-31,75.72,Sports,Central,Wallet,0,0
1815,1552,2024-10-18,89.67,Books,South,UPI,0,0
1816,2986,2024-08-20,117.63,Travel,Central,Credit Card,25,0
1817,1237,2026-03-22,21.16,Travel,North,UPI,20,0
1818,2305,2024-05-28,123.51,Electronics,East,Debit Card,5,0
1819,2383,2025-10-26,67.22,Electronics,Central,UPI,0,1
1820,2225,2024-05-14,138.17,Food & Beverage,South,Credit Card,0,1
1821,2782,2024-12-17,45.01,Health,South,UPI,25,0
1822,2302,2026-02-15,40.8,Apparel,East,Debit Card,0,0
1823,2259,2024-08-23,118.73,Apparel,North,Wallet,0,0
1824,1494,2024-10-27,159.61,Books,East,Credit Card,25,0
1825,1004,2024-04-12,43.61,Software,Central,Debit Card,0,0
1826,1666,2023-06-10,438.36,Books,North,Net Banking,10,0
1827,1442,2023-09-27,434.77,Travel,North,Wallet,0,0
1828,1029,2025-12-15,13.48,Travel,South,Wallet,0,0
1829,2133,2023-08-16,35.43,Books,North,Credit Card,10,0
1830,1610,2025-04-28,103.49,Travel,Central,Debit Card,5,0
1831,2751,2023-05-29,140.46,Travel,Central,Net Banking,0,0
1832,1805,2025-12-05,1163.06,Books,Central,Debit Card,0,0
1833,1075,2026-03-13,106.6,Books,West,UPI,15,0
1834,1838,2024-09-23,78.28,Sports,North,Credit Card,15,0
1835,2170,2024-02-17,22.97,Electronics,North,UPI,10,0
1836,1128,2024-06-03,13.43,Software,Central,UPI,0,0
1837,2877,2024-01-22,76.68,Apparel,South,Wallet,20,0
1838,1042,2023-10-02,1063.01,Electronics,North,Wallet,0,0
1839,2380,2023-12-19,69.82,Food & Beverage,West,UPI,15,0
1840,1041,2025-12-25,35.61,Books,North,Debit Card,0,0
1841,1934,2026-01-07,154.85,Electronics,East,Credit Card,0,0
1842,1034,2024-08-20,8.11,Health,West,Credit Card,5,0
1843,2041,2026-05-10,99.0,Health,South,Debit Card,0,0
1844,2701,2024-07-11,242.08,Home & Garden,West,UPI,0,0
1845,2177,2023-04-23,28.87,Travel,West,Credit Card,0,0
1846,1998,2026-01-19,465.28,Food & Beverage,North,Wallet,30,0
1847,2402,2023-05-21,198.66,Sports,West,Net Banking,15,0
1848,1588,2024-12-30,470.36,Home & Garden,Central,Wallet,20,0
1849,2623,2024-08-11,17.26,Electronics,West,Debit Card,10,0
1850,2653,2024-02-15,72.47,Apparel,North,Net Banking,0,0
1851,2898,2024-01-12,272.2,Apparel,Central,Credit Card,15,0
1852,1342,2026-03-21,14.92,Books,South,Credit Card,10,0
1853,1027,2025-01-20,280.48,Sports,East,Net Banking,10,0
1854,2849,2024-09-18,72.54,Apparel,West,Credit Card,0,0
1855,2311,2025-09-21,277.98,Software,Central,Net Banking,0,0
1856,1646,2024-12-03,116.86,Health,Central,UPI,0,0
1857,1731,2024-04-06,489.31,Travel,South,Debit Card,0,1
1858,1168,2023-01-12,19.1,Travel,South,Wallet,0,0
1859,1610,2026-03-25,133.6,Apparel,East,Net Banking,20,0
1860,1268,2024-04-21,14.67,Books,East,Net Banking,0,0
1861,2773,2025-07-27,148.93,Home & Garden,North,UPI,15,0
1862,1821,2024-02-05,133.4,Software,East,Wallet,0,0
1863,1455,2025-03-18,63.94,Software,East,UPI,10,0
1864,1906,2023-06-26,35.14,Food & Beverage,Central,UPI,0,0
1865,2709,2023-02-26,60.92,Sports,West,Debit Card,0,0
1866,2425,2024-03-23,101.21,Travel,West,Credit Card,0,0
1867,1922,2023-07-22,126.6,Books,East,Wallet,0,0
1868,1981,2025-01-07,914.87,Home & Garden,North,UPI,0,0
1869,2500,2023-07-21,256.75,Travel,North,Credit Card,25,0
1870,1702,2023-12-29,44.51,Food & Beverage,West,Credit Card,0,0
1871,1634,2025-06-10,180.41,Books,South,Credit Card,5,0
1872,2582,2024-03-29,259.2,Electronics,Central,Credit Card,0,0
1873,2600,2023-12-22,40.97,Home & Garden,East,Debit Card,0,0
1874,1130,2023-08-04,209.05,Health,Central,Debit Card,10,0
1875,2020,2025-08-29,15.12,Home & Garden,East,UPI,30,0
1876,2846,2024-07-08,39.22,Electronics,East,Credit Card,10,0
1877,2387,2025-06-05,16.3,Travel,West,UPI,20,0
1878,2729,2023-01-23,69.88,Health,Central,Net Banking,0,0
1879,1819,2023-06-04,50.99,Books,Central,Debit Card,0,0
1880,1693,2026-04-24,55.9,Books,South,Debit Card,20,0
1881,2316,2023-09-06,239.5,Food & Beverage,South,Wallet,10,0
1882,2395,2025-01-18,100.35,Health,Central,Net Banking,15,0
1883,1794,2025-03-15,235.19,Home & Garden,South,Debit Card,0,1
1884,1029,2023-05-14,633.73,Sports,South,Credit Card,0,0
1885,1149,2023-11-17,1111.65,Electronics,East,Credit Card,0,0
1886,2803,2024-01-25,76.11,Health,West,Credit Card,20,0
1887,2320,2024-03-09,171.01,Apparel,East,UPI,30,0
1888,1011,2025-11-11,74.76,Health,South,Debit Card,20,0
1889,2536,2025-05-22,304.0,Food & Beverage,East,UPI,5,0
1890,1676,2026-02-22,240.72,Sports,East,Debit Card,0,0
1891,2137,2026-01-07,40.75,Apparel,North,Wallet,5,0
1892,1187,2025-05-07,48.62,Health,East,UPI,10,0
1893,1807,2023-02-20,474.97,Health,East,Debit Card,5,0
1894,1744,2023-06-25,46.57,Books,West,Wallet,5,0
1895,2251,2025-05-19,,Software,Central,Debit Card,5,0
1896,2334,2023-09-10,202.36,Home & Garden,North,Net Banking,15,0
1897,1098,2025-08-23,73.8,Software,North,UPI,15,0
1898,1055,2026-06-23,567.23,Books,North,Credit Card,20,0
1899,1623,2025-01-08,310.98,Apparel,North,Wallet,0,0
1900,1664,2026-02-03,31.16,Software,West,Wallet,0,0
1901,1758,2026-05-01,44.58,Electronics,Central,Credit Card,0,0
1902,1406,2023-10-29,182.19,Electronics,West,Wallet,5,0
1903,1069,2024-07-01,84.57,Health,North,Credit Card,15,0
1904,2336,2024-12-16,8.77,Home & Garden,Central,Credit Card,15,0
1905,2313,2025-02-17,28.08,Travel,West,Debit Card,30,0
1906,2786,2023-09-25,119.21,Health,Central,UPI,0,0
1907,2572,2026-04-08,262.08,Health,West,Net Banking,5,0
1908,1751,2025-10-06,266.62,Electronics,Central,Wallet,5,1
1909,2172,2024-07-04,949.0,Electronics,West,Debit Card,20,1
1910,2491,2026-03-10,39.26,Apparel,North,Net Banking,10,0
1911,2763,2026-03-15,41.58,Apparel,North,Net Banking,10,0
1912,2268,2023-11-10,87.32,Books,North,Wallet,10,0
1913,2515,2023-07-03,12.05,Software,West,Wallet,5,0
1914,2873,2024-12-13,89.69,Health,Central,Debit Card,15,0
1915,1958,2023-05-08,71.19,Apparel,Central,Wallet,0,0
1916,2531,2024-11-30,232.77,Books,South,Net Banking,5,0
1917,1365,2024-01-21,285.38,Books,East,Wallet,20,0
1918,1482,2026-06-07,138.2,Travel,North,Debit Card,0,0
1919,1201,2023-09-28,90.33,Software,North,Debit Card,20,0
1920,1154,2025-03-21,139.33,Travel,North,Debit Card,15,0
1921,2474,2024-02-19,34.76,Apparel,South,Wallet,10,0
1922,2525,2023-07-17,81.52,Sports,South,UPI,0,1
1923,1073,2025-12-15,91.85,Apparel,South,Debit Card,20,0
1924,1713,2025-04-10,82.26,Food & Beverage,North,UPI,0,0
1925,1296,2026-05-11,73.32,Sports,Central,Credit Card,10,0
1926,2041,2024-09-19,42.71,Health,North,Debit Card,15,0
1927,2665,2024-08-26,26.29,Apparel,South,UPI,5,0
1928,2241,2026-03-07,70.38,Software,South,UPI,0,0
1929,1061,2025-12-16,183.68,Books,East,Net Banking,20,0
1930,1939,2025-10-06,11.19,Electronics,West,UPI,25,0
1931,2640,2023-03-12,49.56,Home & Garden,East,Net Banking,10,0
1932,1042,2025-06-29,1078.06,Sports,East,UPI,15,0
1933,1025,2024-08-16,71.41,Home & Garden,North,UPI,10,0
1934,2063,2024-08-22,107.94,Food & Beverage,West,Credit Card,10,0
1935,2827,2024-05-28,817.68,Food & Beverage,West,UPI,0,0
1936,1131,2023-03-25,132.07,Health,North,Wallet,5,0
1937,2522,2025-09-20,135.74,Software,Central,Wallet,10,0
1938,2253,2025-12-02,30.2,Software,North,Wallet,5,0
1939,1108,2025-04-18,131.02,Health,Central,Credit Card,10,0
1940,1172,2024-08-28,88.43,Electronics,Central,UPI,20,0
1941,2459,2025-03-20,273.12,Home & Garden,West,Credit Card,0,0
1942,2502,2023-05-13,416.88,Books,North,UPI,20,0
1943,1102,2025-12-24,93.35,Food & Beverage,North,Net Banking,0,1
1944,1866,2023-10-17,-88.645,Food & Beverage,West,Credit Card,20,0
1945,1524,2024-01-11,9.32,Books,East,Wallet,0,0
1946,1275,2025-02-07,6.15,Food & Beverage,North,Wallet,0,0
1947,2637,2024-04-11,334.23,Software,South,Wallet,5,0
1948,2068,2026-05-21,4.51,Electronics,South,UPI,10,0
1949,2979,2026-03-17,133.33,Electronics,North,UPI,30,0
1950,1817,2024-04-15,73.08,Software,Central,Credit Card,0,0
1951,1957,2023-05-29,394.5,Travel,West,Debit Card,0,0
1952,2041,2023-03-29,86.3,Software,Central,UPI,5,0
1953,1330,2024-01-31,782.66,Health,South,Debit Card,0,0
1954,2593,2025-02-28,70.48,Food & Beverage,South,Debit Card,10,0
1955,2847,2026-01-10,356.24,Software,West,UPI,25,0
1956,2521,2025-05-14,14.91,Apparel,South,Credit Card,10,0
1957,2839,2023-01-24,5.68,Sports,East,Debit Card,10,0
1958,1012,2025-08-13,87.02,Apparel,South,Credit Card,0,0
1959,2342,2023-11-07,16.76,Food & Beverage,Central,Credit Card,0,0
1960,2616,2026-05-16,83.77,Electronics,Central,UPI,5,0
1961,1216,2024-10-25,54.83,Health,East,Debit Card,20,0
1962,1339,2024-03-13,186.08,Health,Central,Credit Card,10,0
1963,2800,2024-12-06,25.1,Health,Central,Debit Card,5,0
1964,1661,2024-02-26,149.84,Sports,Central,Credit Card,5,0
1965,2105,2023-11-17,253.85,Travel,North,UPI,20,0
1966,2751,2024-08-09,70.33,Books,East,Credit Card,10,0
1967,2509,2025-08-04,159.79,Apparel,East,UPI,25,0
1968,1374,2026-04-01,27.82,Books,South,UPI,10,0
1969,1976,2026-04-03,56.87,Software,East,Debit Card,0,0
1970,1710,2025-04-28,17.98,Electronics,West,Debit Card,0,0
1971,2224,2023-02-11,,Apparel,East,Debit Card,0,0
1972,2561,2025-07-27,393.29,Travel,West,Net Banking,0,0
1973,1466,2024-01-22,659.94,Books,Central,Debit Card,5,1
1974,2113,2026-03-07,386.58,Software,West,Debit Card,0,0
1975,2292,2026-04-25,40.62,Food & Beverage,North,Credit Card,5,1
1976,2679,2025-06-28,14.28,Travel,Central,Net Banking,0,0
1977,2595,2024-12-16,54.12,Electronics,West,Net Banking,0,0
1978,2946,2024-03-06,159.23,Software,Central,Credit Card,10,0
1979,1489,2024-07-07,63.54,Software,North,Debit Card,5,0
1980,2901,2025-03-10,6.16,Home & Garden,Central,Wallet,20,1
1981,2562,2024-03-01,220.63,Electronics,Central,UPI,0,0
1982,1047,2023-01-26,13.23,Travel,East,Net Banking,5,0
1983,2312,2024-01-20,54.23,Travel,South,Credit Card,15,0
1984,1778,2023-02-25,729.63,Software,West,Wallet,5,0
1985,2040,2024-09-25,95.48,Food & Beverage,South,UPI,30,0
1986,1711,2023-04-16,327.66,Software,North,Wallet,0,0
1987,1401,2026-02-27,136.48,Software,North,Debit Card,0,0
1988,2943,2025-04-28,26.82,Sports,Central,Credit Card,0,0
1989,2818,2024-10-31,215.98,Books,South,UPI,0,1
1990,1981,2024-01-11,83.44,Food & Beverage,West,UPI,10,0
1991,2110,2025-01-12,15.13,Food & Beverage,West,Debit Card,5,0
1992,1250,2025-08-24,12.37,Apparel,Central,Debit Card,0,0
1993,1391,2023-11-04,142.58,Sports,West,Debit Card,5,0
1994,2806,2023-04-01,1175.69,Software,East,Credit Card,20,0
1995,1335,2025-03-12,24.74,Health,South,Net Banking,5,0
1996,1629,2023-04-20,28.55,Software,North,Wallet,0,0
1997,2543,2024-08-07,145.09,Food & Beverage,West,Credit Card,0,0
1998,1137,2023-12-06,18.6,Health,West,Credit Card,5,0
1999,1883,2025-09-05,1517.56,Software,West,Wallet,10,0
2000,1688,2023-12-22,31.86,Sports,Central,UPI,20,0
2001,2864,2023-06-17,49.47,Software,North,Wallet,30,0
2002,2522,2024-07-10,34.28,Home & Garden,South,Debit Card,30,1
2003,1827,2025-06-23,276.36,Travel,West,UPI,10,0
2004,1727,2023-04-15,1205.56,Home & Garden,East,Credit Card,0,0
2005,2501,2023-05-30,38.71,Home & Garden,Central,Wallet,0,0
2006,1594,2023-05-26,254.65,Home & Garden,South,Credit Card,5,1
2007,2247,2024-12-16,18.78,Software,West,Credit Card,20,0
2008,1990,2025-05-23,284.61,Home & Garden,South,Wallet,0,0
2009,1372,2023-10-26,742.51,Food & Beverage,Central,Credit Card,5,0
2010,1935,2026-04-05,514.31,Sports,East,Net Banking,10,0
2011,1995,2024-10-07,105.57,Apparel,West,Net Banking,0,0
2012,1402,2024-12-23,26.07,Home & Garden,East,Credit Card,0,0
2013,2467,2025-12-07,90.1,Books,Central,UPI,0,0
2014,2514,2024-09-29,61.99,Sports,East,UPI,0,0
2015,1615,2023-08-27,52.67,Books,Central,UPI,5,0
2016,2297,2025-10-27,115.34,Electronics,East,UPI,0,0
2017,2550,2024-04-08,83.11,Sports,South,Net Banking,0,0
2018,2183,2024-03-28,210.48,Home & Garden,South,UPI,0,0
2019,2176,2025-02-22,212.13,Apparel,Central,Wallet,5,0
2020,1995,2025-06-15,83.48,Health,South,UPI,15,0
2021,1620,2024-01-06,151.22,Software,East,Wallet,5,0
2022,1188,2024-05-01,439.51,Electronics,East,Net Banking,5,0
2023,2837,2026-05-19,47.56,Health,West,Wallet,5,0
2024,2122,2023-06-14,91.75,Electronics,Central,Wallet,10,1
2025,1131,2026-02-22,26.21,Books,South,Credit Card,0,0
2026,1805,2023-07-11,160.11,Electronics,Central,Wallet,0,0
2027,2195,2024-12-30,114.23,Home & Garden,South,Credit Card,25,0
2028,1936,2023-08-02,156.5,Travel,West,UPI,5,0
2029,1986,2024-07-27,27.48,Sports,East,Wallet,20,0
2030,1183,2025-08-14,225.58,Electronics,East,Wallet,25,0
2031,1983,2024-01-16,101.74,Electronics,North,Debit Card,10,0
2032,1364,2024-11-03,309.64,Travel,Central,UPI,0,0
2033,1039,2025-03-08,53.24,Travel,South,Wallet,10,0
2034,2551,2023-08-27,204.16,Sports,North,Wallet,5,0
2035,2912,2024-11-30,153.55,Sports,Central,Debit Card,30,0
2036,1497,2026-01-10,560.92,Apparel,South,Credit Card,20,0
2037,2540,2024-05-19,78.29,Apparel,West,UPI,20,0
2038,2373,2023-07-21,46.25,Food & Beverage,Central,Debit Card,10,0
2039,1982,2025-07-08,49.77,Travel,South,UPI,0,0
2040,1921,2023-02-06,23.81,Health,East,UPI,20,0
2041,2421,2024-10-05,49.22,Health,Central,Credit Card,0,0
2042,1722,2025-02-03,5.43,Home & Garden,South,Credit Card,0,0
2043,2185,2024-12-06,465.22,Apparel,East,Net Banking,20,0
2044,1016,2026-04-14,916.77,Health,East,Debit Card,0,0
2045,1493,2024-06-28,75.41,Sports,North,Debit Card,20,0
2046,2450,2026-05-09,152.28,Electronics,South,UPI,0,0
2047,2132,2024-06-23,109.6,Electronics,North,Net Banking,15,0
2048,1894,2025-10-13,18.62,Sports,North,Net Banking,5,0
2049,2474,2024-01-29,308.44,Books,West,UPI,10,0
2050,1311,2025-04-12,368.91,Books,North,Credit Card,20,0
2051,1739,2025-12-01,25.81,Electronics,North,Net Banking,30,0
2052,2194,2024-08-19,133.74,Home & Garden,West,Debit Card,0,0
2053,1546,2024-01-28,65.67,Food & Beverage,West,Credit Card,10,1
2054,1414,2024-11-30,375.37,Health,Central,Wallet,30,0
2055,1251,2024-03-16,81.5,Electronics,North,Net Banking,0,0
2056,1759,2025-07-06,84.19,Travel,East,UPI,0,0
2057,2805,2023-11-16,800.35,Sports,West,Debit Card,10,0
2058,2165,2024-07-06,19.25,Software,South,Net Banking,5,0
2059,2298,2026-05-23,121.23,Food & Beverage,Central,UPI,0,0
2060,2440,2025-12-30,100.12,Electronics,Central,Debit Card,0,1
2061,2632,2024-07-21,43.63,Apparel,North,Net Banking,0,0
2062,2763,2025-07-07,1040.84,Home & Garden,East,Debit Card,15,0
2063,2915,2023-08-24,134.81,Apparel,West,Wallet,25,0
2064,2063,2025-09-13,201.57,Health,South,Debit Card,20,1
2065,1814,2026-03-31,239.25,Electronics,North,UPI,5,0
2066,1029,2026-04-29,61.25,Software,East,Net Banking,5,0
2067,1958,2025-10-29,399.46,Apparel,North,UPI,10,0
2068,1477,2023-03-01,313.76,Sports,North,Wallet,10,0
2069,1318,2025-06-11,77.75,Travel,Central,Credit Card,30,0
2070,1245,2023-08-13,277.53,Home & Garden,South,Debit Card,20,0
2071,1748,2024-11-30,398.59,Software,South,UPI,0,0
2072,1697,2024-08-04,233.72,Health,South,Net Banking,20,0
2073,1272,2025-09-20,33.04,Home & Garden,South,Net Banking,0,0
2074,2464,2023-06-18,80.57,Home & Garden,West,Credit Card,10,0
2075,2772,2025-12-21,159.25,Books,West,Net Banking,0,0
2076,2263,2023-01-14,121.82,Books,South,Wallet,15,0
2077,1377,2023-06-13,36.81,Books,East,Credit Card,0,0
2078,1266,2025-01-26,63.82,Software,West,Wallet,0,0
2079,1926,2025-11-17,137.31,Software,West,Debit Card,0,0
2080,1921,2024-03-21,14.72,Food & Beverage,East,Wallet,30,0
2081,2383,2026-05-16,92.13,Health,South,Debit Card,0,0
2082,1340,2024-12-16,207.67,Travel,North,Wallet,0,0
2083,1389,2025-09-02,126.41,Software,West,Credit Card,5,0
2084,1577,2025-03-29,32.17,Food & Beverage,North,Debit Card,10,0
2085,2713,2023-04-14,39.73,Travel,North,Wallet,15,0
2086,1003,2025-01-11,536.14,Apparel,East,Wallet,0,0
2087,2453,2024-03-01,29.22,Travel,South,Net Banking,0,0
2088,2166,2026-01-29,373.46,Apparel,North,Wallet,0,0
2089,1376,2024-09-30,42.71,Travel,South,Net Banking,0,0
2090,2694,2025-04-29,349.4,Apparel,Central,Wallet,15,0
2091,1324,2026-02-03,172.32,Home & Garden,South,UPI,25,0
2092,1146,2025-02-07,59.28,Health,East,Net Banking,10,0
2093,2982,2023-10-04,10.81,Software,East,Credit Card,0,0
2094,1293,2025-12-24,145.22,Home & Garden,Central,Credit Card,0,0
2095,2689,2025-06-18,111.93,Books,East,Debit Card,0,0
2096,1432,2023-07-07,147.92,Software,South,Credit Card,0,0
2097,1705,2026-03-07,171.96,Health,South,Debit Card,10,0
2098,1949,2023-04-15,18.6,Apparel,South,Credit Card,10,0
2099,2999,2024-06-29,144.3,Books,East,Net Banking,0,0
2100,1585,2024-01-15,219.43,Books,South,UPI,5,0
2101,1399,2023-04-20,216.35,Software,West,Debit Card,10,0
2102,1817,2024-06-28,20.01,Apparel,Central,UPI,0,0
2103,2913,2023-12-20,359.66,Electronics,West,Wallet,25,0
2104,2368,2025-01-12,150.57,Sports,South,Wallet,5,0
2105,1964,2023-11-13,175.33,Sports,East,UPI,0,0
2106,2164,2025-12-24,30.73,Electronics,Central,Net Banking,0,0
2107,1187,2023-11-29,223.3,Health,West,UPI,5,0
2108,2829,2026-03-02,11.37,Apparel,South,UPI,0,1
2109,1061,2024-08-14,32.53,Software,East,UPI,30,0
2110,1939,2025-02-21,411.54,Health,South,Debit Card,0,0
2111,2404,2024-06-23,210.67,Health,West,Debit Card,25,0
2112,1710,2025-01-04,127.72,Electronics,West,UPI,10,0
2113,1807,2024-09-12,279.35,Software,Central,Net Banking,0,0
2114,2464,2024-09-10,303.64,Software,East,Wallet,25,0
2115,2343,2025-06-27,223.52,Apparel,North,Wallet,0,0
2116,2326,2025-09-18,69.34,Software,South,Wallet,5,0
2117,2368,2023-04-09,31.39,Apparel,East,Credit Card,25,0
2118,1011,2023-11-13,40.61,Apparel,North,Net Banking,20,0
2119,2086,2023-05-03,489.17,Travel,East,Debit Card,5,0
2120,2869,2025-03-09,19.48,Home & Garden,South,Wallet,0,0
2121,1226,2024-04-01,162.23,Home & Garden,South,Debit Card,5,0
2122,2177,2024-06-05,162.52,Health,Central,Debit Card,5,0
2123,2735,2024-06-03,524.09,Food & Beverage,West,Debit Card,30,0
2124,1564,2025-07-05,161.98,Health,West,Debit Card,20,0
2125,1772,2024-12-17,54.17,Food & Beverage,West,UPI,20,1
2126,2595,2023-11-11,55.2,Software,Central,Debit Card,30,0
2127,2608,2024-12-09,89.39,Apparel,West,Credit Card,5,0
2128,2684,2024-12-10,350.44,Travel,East,Debit Card,10,0
2129,2885,2025-11-09,236.94,Food & Beverage,West,Wallet,5,0
2130,2599,2024-07-13,24.46,Sports,West,Debit Card,0,0
2131,2334,2025-08-26,125.76,Food & Beverage,South,Wallet,5,0
2132,1885,2026-02-27,242.33,Food & Beverage,Central,Debit Card,10,0
2133,2267,2026-03-01,67.72,Home & Garden,Central,Net Banking,0,0
2134,2517,2023-12-22,6.74,Travel,West,UPI,15,0
2135,2390,2025-12-13,71.11,Books,North,Wallet,0,0
2136,2354,2025-06-08,15.15,Sports,South,Credit Card,5,0
2137,2131,2025-03-03,12.53,Apparel,West,Debit Card,10,0
2138,1226,2023-09-22,323.18,Electronics,North,Wallet,0,0
2139,1825,2025-09-08,1854.25,Health,East,UPI,20,0
2140,1218,2026-05-23,462.73,Home & Garden,South,Debit Card,0,0
2141,1937,2025-03-12,3.92,Home & Garden,Central,UPI,15,0
2142,1753,2023-02-12,73.14,Home & Garden,North,Credit Card,0,0
2143,1506,2025-05-11,44.36,Home & Garden,West,Wallet,10,0
2144,1259,2026-02-27,15.41,Apparel,North,Credit Card,10,0
2145,2912,2023-12-16,157.25,Food & Beverage,Central,UPI,0,0
2146,2798,2026-02-03,72.11,Home & Garden,East,Net Banking,10,0
2147,2541,2025-06-30,22.27,Electronics,North,Net Banking,10,0
2148,2797,2023-01-01,7.63,Software,West,Wallet,5,0
2149,1054,2024-08-06,43.35,Food & Beverage,North,Debit Card,10,0
2150,2071,2024-03-07,90.88,Food & Beverage,East,Credit Card,20,0
2151,1727,2023-02-22,78.09,Software,North,Net Banking,10,0
2152,1689,2025-07-28,322.25,Apparel,East,Net Banking,25,0
2153,2545,2024-06-03,135.04,Software,East,Debit Card,10,0
2154,2123,2026-02-11,59.53,Home & Garden,South,Credit Card,0,0
2155,2044,2023-05-27,33.76,Home & Garden,South,UPI,0,0
2156,2914,2026-04-04,10.75,Home & Garden,West,Net Banking,0,0
2157,2777,2026-03-08,24.3,Electronics,West,Wallet,0,0
2158,2597,2024-09-20,459.43,Health,West,Wallet,5,0
2159,2915,2023-10-26,254.07,Health,East,UPI,0,0
2160,2514,2025-02-27,127.3,Apparel,East,Debit Card,5,0
2161,1419,2025-04-29,49.76,Food & Beverage,South,Debit Card,0,0
2162,1690,2023-06-27,399.1,Sports,East,Net Banking,10,0
2163,1850,2025-04-21,26.75,Health,South,Net Banking,5,0
2164,1062,2026-03-23,27.12,Health,North,Net Banking,5,0
2165,2169,2026-05-09,80.47,Sports,West,UPI,5,0
2166,1216,2025-05-27,6.56,Home & Garden,West,UPI,30,0
2167,1003,2026-02-12,25.86,Health,Central,Net Banking,10,1
2168,1160,2025-01-28,67.8,Software,South,Debit Card,15,0
2169,2763,2025-12-27,51.75,Sports,Central,Credit Card,5,0
2170,1781,2024-03-20,27.5,Food & Beverage,West,Net Banking,0,1
2171,2144,2024-12-08,1035.33,Health,Central,Debit Card,25,0
2172,1893,2024-08-24,462.16,Home & Garden,North,Debit Card,15,0
2173,2113,2023-05-25,704.52,Books,Central,Wallet,10,0
2174,1329,2023-10-02,79.93,Electronics,North,Credit Card,0,0
2175,1580,2024-05-23,50.08,Food & Beverage,West,Net Banking,0,1
2176,2934,2026-04-17,615.23,Books,East,Credit Card,0,0
2177,2381,2025-01-22,99.71,Health,South,Net Banking,5,1
2178,2634,2024-04-21,25.21,Software,Central,Credit Card,20,0
2179,2291,2026-03-22,27.41,Sports,North,Credit Card,20,0
2180,2641,2026-02-01,60.99,Software,West,Debit Card,15,0
2181,1952,2026-01-03,87.67,Food & Beverage,West,Credit Card,5,0
2182,2347,2026-02-25,99.26,Books,East,Credit Card,0,0
2183,1635,2024-10-27,72.22,Apparel,West,Net Banking,5,0
2184,1988,2024-07-21,1491.48,Electronics,West,Debit Card,10,0
2185,2565,2024-06-14,17.75,Travel,East,Credit Card,10,0
2186,2673,2023-06-08,201.8,Food & Beverage,West,Debit Card,5,1
2187,2219,2024-11-11,50.76,Health,North,Debit Card,5,0
2188,1921,2023-01-23,85.92,Food & Beverage,Central,UPI,15,0
2189,1738,2025-12-06,278.27,Health,Central,Net Banking,20,0
2190,2356,2024-06-08,10.6,Software,North,UPI,15,0
2191,1170,2024-12-29,28.93,Books,Central,Debit Card,25,0
2192,1521,2023-05-24,76.68,Electronics,West,Credit Card,15,0
2193,2487,2024-10-29,529.27,Electronics,Central,Net Banking,5,0
2194,1040,2024-11-11,525.93,Software,Central,Wallet,10,0
2195,2561,2025-08-30,416.86,Books,West,Net Banking,5,1
2196,2285,2025-03-09,6.47,Apparel,Central,UPI,5,0
2197,2419,2023-03-26,25.54,Home & Garden,West,Net Banking,20,0
2198,1955,2024-02-20,26.83,Electronics,East,Credit Card,0,0
2199,2250,2024-11-24,84.24,Food & Beverage,East,Net Banking,0,0
2200,1984,2024-04-26,9.74,Food & Beverage,Central,Wallet,10,0
2201,2148,2024-03-31,336.12,Home & Garden,East,UPI,0,0
2202,1975,2025-04-06,8.22,Home & Garden,Central,UPI,0,0
2203,1038,2023-10-24,310.76,Health,East,Debit Card,30,0
2204,1328,2026-02-09,255.96,Electronics,Central,UPI,0,0
2205,2275,2026-06-07,24.21,Books,South,Wallet,0,0
2206,2925,2026-01-24,409.26,Home & Garden,North,Wallet,0,0
2207,2200,2025-08-07,60.35,Books,East,UPI,5,0
2208,2626,2024-11-10,44.2,Sports,West,Net Banking,5,0
2209,1914,2024-01-13,54.29,Food & Beverage,North,Wallet,10,0
2210,1454,2026-03-25,60.17,Software,Central,UPI,0,0
2211,1037,2024-02-25,67.19,Apparel,North,UPI,10,0
2212,2340,2023-04-15,69.05,Travel,West,Net Banking,5,0
2213,2712,2023-11-26,30.93,Apparel,West,UPI,0,0
2214,1973,2024-03-14,40.86,Sports,Central,Credit Card,15,0
2215,1796,2026-03-01,45.33,Software,East,Debit Card,5,0
2216,2989,2024-01-17,670.0,Sports,East,Wallet,15,0
2217,1973,2023-05-18,45.36,Health,South,Net Banking,25,0
2218,1593,2025-07-31,42.0,Books,West,Net Banking,0,0
2219,2138,2025-04-22,555.35,Apparel,South,Debit Card,20,0
2220,2064,2023-09-27,61.17,Travel,West,Credit Card,0,0
2221,2325,2024-01-31,30.93,Apparel,South,Debit Card,0,0
2222,1224,2025-07-01,23.85,Home & Garden,East,UPI,10,0
2223,1318,2024-04-08,16.38,Health,West,Net Banking,0,0
2224,1349,2024-03-25,172.33,Books,East,UPI,5,0
2225,1115,2023-01-20,10.33,Home & Garden,North,Net Banking,0,0
2226,1698,2023-08-27,452.87,Apparel,East,Net Banking,10,0
2227,2347,2024-02-22,80.67,Food & Beverage,West,UPI,20,0
2228,2592,2025-11-20,53.28,Electronics,North,Debit Card,0,0
2229,2064,2026-02-01,68.44,Travel,South,Wallet,5,0
2230,2890,2023-07-05,156.91,Books,Central,Wallet,15,0
2231,1040,2026-02-25,51.22,Books,West,Debit Card,0,0
2232,2883,2026-05-18,71.51,Apparel,Central,Credit Card,0,0
2233,2997,2023-09-10,318.52,Health,Central,Debit Card,10,0
2234,2773,2023-01-19,136.49,Books,North,Debit Card,0,0
2235,2313,2024-12-12,20.09,Travel,South,Debit Card,0,0
2236,2286,2026-03-05,38.5,Books,East,Wallet,30,0
2237,1216,2023-08-11,10.62,Software,North,Net Banking,0,0
2238,2171,2023-01-03,188.35,Books,South,Credit Card,20,0
2239,1336,2026-06-13,214.09,Home & Garden,East,Credit Card,20,0
2240,2192,2025-05-03,29.33,Apparel,East,Credit Card,0,1
2241,1092,2023-08-16,1430.56,Books,South,UPI,10,1
2242,1353,2025-07-01,1678.18,Books,East,Debit Card,25,0
2243,1571,2024-05-13,92.52,Food & Beverage,West,Net Banking,10,0
2244,2595,2024-06-04,34.58,Apparel,West,Net Banking,20,0
2245,1816,2024-12-02,125.03,Books,North,UPI,5,0
2246,2705,2025-07-05,33.61,Electronics,East,Wallet,15,0
2247,1781,2026-03-08,281.47,Home & Garden,East,UPI,0,0
2248,1363,2023-10-18,109.91,Home & Garden,South,UPI,15,0
2249,1557,2025-12-12,119.81,Home & Garden,West,Debit Card,10,1
2250,2369,2026-02-07,743.23,Home & Garden,Central,Wallet,0,1
2251,2717,2024-12-15,42.83,Travel,North,UPI,5,0
2252,2194,2025-08-05,44.93,Electronics,West,Net Banking,0,0
2253,1356,2024-10-09,252.16,Food & Beverage,South,Debit Card,5,0
2254,1191,2025-10-24,54.25,Food & Beverage,North,Wallet,0,1
2255,2691,2024-11-14,616.83,Electronics,Central,Net Banking,20,0
2256,1422,2025-05-19,299.05,Electronics,North,Credit Card,5,0
2257,1700,2025-12-06,57.65,Home & Garden,West,Debit Card,0,0
2258,1007,2023-04-04,10.24,Travel,Central,Net Banking,10,0
2259,1133,2025-07-28,15.76,Food & Beverage,South,UPI,25,0
2260,2771,2024-07-13,50.5,Sports,North,UPI,0,0
2261,1557,2023-08-01,146.3,Books,West,Debit Card,0,0
2262,1826,2024-03-11,337.89,Home & Garden,South,Wallet,0,0
2263,1761,2025-05-01,69.36,Food & Beverage,Central,UPI,15,0
2264,2055,2024-05-22,30.98,Food & Beverage,North,Net Banking,10,0
2265,1535,2025-04-15,76.03,Food & Beverage,East,Credit Card,5,0
2266,1426,2024-10-12,92.24,Software,West,Wallet,30,0
2267,2418,2023-07-24,430.93,Travel,West,Debit Card,0,0
2268,1672,2024-01-16,403.15,Food & Beverage,East,UPI,20,0
2269,1363,2026-01-01,,Apparel,South,Wallet,0,0
2270,2461,2026-01-04,155.23,Sports,West,Credit Card,0,0
2271,2694,2023-03-18,32.31,Food & Beverage,South,Wallet,0,0
2272,2575,2025-03-26,33.42,Software,Central,Wallet,20,0
2273,2951,2025-02-06,313.06,Apparel,East,Debit Card,5,0
2274,1082,2024-02-14,70.87,Food & Beverage,South,Credit Card,0,0
2275,1356,2023-04-16,194.0,Health,Central,Credit Card,5,1
2276,2282,2024-07-04,171.0,Travel,North,Wallet,10,0
2277,2742,2025-04-05,81.83,Software,West,UPI,5,0
2278,1589,2023-03-29,134.23,Books,East,Wallet,30,0
2279,2548,2025-05-30,114.96,Software,North,Net Banking,0,0
2280,1295,2026-01-05,22.63,Software,North,UPI,5,0
2281,2986,2026-01-05,161.55,Health,North,Debit Card,5,0
2282,2248,2024-06-23,38.58,Apparel,South,Credit Card,10,0
2283,2549,2023-09-02,24.96,Travel,West,UPI,30,0
2284,2070,2024-07-31,251.03,Books,East,Debit Card,0,0
2285,2691,2025-09-08,44.27,Travel,West,Wallet,30,0
2286,2137,2024-12-17,341.32,Apparel,West,Debit Card,20,0
2287,2257,2023-05-22,336.31,Health,West,Net Banking,20,1
2288,1017,2025-06-11,50.8,Books,Central,Debit Card,0,0
2289,1360,2026-01-12,324.41,Sports,Central,UPI,25,1
2290,2247,2026-03-12,56.42,Food & Beverage,Central,Credit Card,20,0
2291,1866,2023-12-18,82.92,Books,Central,UPI,10,0
2292,1700,2024-06-28,162.8,Food & Beverage,West,UPI,0,0
2293,1448,2025-07-01,1040.31,Software,West,Credit Card,5,0
2294,1856,2023-06-01,278.4,Electronics,East,Net Banking,20,0
2295,1365,2026-03-27,83.99,Electronics,East,UPI,5,0
2296,1675,2024-10-14,101.9,Food & Beverage,East,Credit Card,5,0
2297,2008,2025-08-15,13.47,Apparel,East,Credit Card,0,0
2298,2350,2025-02-01,300.59,Travel,East,UPI,0,1
2299,1467,2024-09-15,264.23,Health,Central,Credit Card,5,0
2300,1414,2024-10-17,126.49,Food & Beverage,West,Wallet,15,0
2301,2479,2024-03-25,213.0,Sports,East,UPI,0,0
2302,1586,2024-12-21,7.92,Software,South,Net Banking,20,0
2303,2257,2026-06-01,24.58,Health,East,Wallet,10,0
2304,2248,2023-02-12,781.93,Health,East,Net Banking,20,0
2305,1994,2023-09-21,66.07,Books,West,UPI,10,1
2306,2855,2025-10-23,223.39,Electronics,Central,Debit Card,0,0
2307,2436,2024-08-18,36.75,Apparel,North,Credit Card,25,0
2308,1572,2025-11-05,52.95,Travel,West,Wallet,15,0
2309,1335,2025-12-18,833.49,Books,Central,UPI,0,0
2310,2246,2025-10-09,74.52,Apparel,South,Credit Card,10,0
2311,1037,2023-06-26,168.73,Books,North,Debit Card,5,0
2312,1989,2023-03-04,105.27,Travel,Central,Net Banking,20,0
2313,1278,2025-08-15,120.99,Sports,Central,UPI,0,0
2314,2220,2025-09-29,116.13,Home & Garden,West,UPI,10,0
2315,1916,2024-07-14,8.39,Books,Central,Debit Card,0,0
2316,2888,2026-06-23,159.57,Health,East,Net Banking,0,0
2317,1484,2025-08-12,47.22,Apparel,Central,UPI,0,0
2318,2266,2025-04-29,761.65,Electronics,North,Credit Card,0,0
2319,2348,2024-08-26,35.62,Books,Central,Debit Card,0,0
2320,1731,2024-08-28,51.12,Health,South,UPI,5,0
2321,1192,2025-04-09,1694.83,Travel,East,Net Banking,15,0
2322,2041,2026-05-07,214.45,Travel,North,Wallet,5,0
2323,1524,2025-01-15,27.66,Software,North,UPI,0,0
2324,1918,2024-07-11,111.24,Electronics,West,Net Banking,0,0
2325,1401,2023-03-05,20.81,Health,West,Debit Card,0,0
2326,2930,2026-06-07,122.62,Travel,East,Net Banking,30,0
2327,1886,2025-07-30,34.29,Food & Beverage,North,Net Banking,0,0
2328,1705,2023-09-06,843.72,Sports,South,Debit Card,0,0
2329,1022,2026-06-23,149.17,Health,Central,Wallet,5,0
2330,1474,2025-07-28,169.54,Home & Garden,Central,Credit Card,25,0
2331,2144,2023-06-06,281.38,Apparel,Central,Wallet,0,1
2332,1210,2025-01-04,321.81,Food & Beverage,West,Credit Card,0,0
2333,1306,2025-09-11,39.37,Apparel,North,Credit Card,30,0
2334,2294,2026-01-16,100.88,Food & Beverage,North,Credit Card,10,1
2335,1704,2025-12-25,52.74,Home & Garden,South,UPI,10,0
2336,1687,2024-10-23,1110.86,Apparel,West,Wallet,30,0
2337,1285,2025-11-09,5.8,Travel,South,Net Banking,5,0
2338,1716,2023-02-02,45.14,Sports,North,UPI,0,0
2339,2700,2024-07-11,81.78,Sports,Central,Debit Card,0,0
2340,1763,2023-03-14,106.09,Health,West,Debit Card,10,0
2341,2251,2025-04-04,103.53,Travel,West,Credit Card,0,0
2342,1948,2026-03-02,85.17,Software,West,UPI,5,0
2343,1381,2025-12-14,74.08,Travel,Central,UPI,10,1
2344,1460,2023-03-02,120.25,Sports,West,Debit Card,10,0
2345,2031,2023-09-29,156.62,Apparel,East,Net Banking,0,0
2346,1029,2023-09-03,-88.645,Books,West,Wallet,15,1
2347,1907,2026-04-14,763.74,Health,Central,Wallet,25,0
2348,2057,2024-09-19,129.18,Apparel,West,Credit Card,0,0
2349,2670,2024-12-05,49.68,Sports,East,Credit Card,0,0
2350,1879,2024-10-23,-88.645,Food & Beverage,East,Credit Card,15,0
2351,1079,2026-02-28,18.6,Travel,West,Debit Card,0,0
2352,2952,2026-01-30,282.56,Food & Beverage,North,Debit Card,5,0
2353,1947,2023-11-06,85.31,Food & Beverage,North,Wallet,10,0
2354,1459,2024-05-09,152.13,Food & Beverage,South,Credit Card,20,0
2355,1570,2023-12-04,134.36,Sports,East,UPI,0,0
2356,2562,2024-08-01,38.97,Home & Garden,North,Net Banking,5,0
2357,2506,2023-01-10,33.61,Electronics,South,Debit Card,0,0
2358,2454,2023-02-18,52.27,Apparel,North,Credit Card,0,0
2359,1738,2024-09-14,161.24,Apparel,West,Credit Card,0,0
2360,2309,2024-12-31,81.7,Health,East,Debit Card,0,0
2361,1516,2025-03-05,10.82,Food & Beverage,North,Wallet,0,0
2362,2123,2025-08-28,26.34,Travel,West,Wallet,5,0
2363,1397,2023-05-13,65.31,Software,South,Wallet,15,0
2364,2513,2023-03-24,86.79,Books,West,Wallet,5,0
2365,1039,2023-02-26,167.1,Home & Garden,South,UPI,0,0
2366,2295,2024-01-11,94.36,Sports,North,Credit Card,15,0
2367,1887,2023-12-15,58.25,Travel,Central,Wallet,5,0
2368,1797,2023-09-28,55.9,Home & Garden,West,Wallet,25,0
2369,1157,2023-04-21,114.64,Apparel,Central,Net Banking,10,0
2370,2099,2025-05-18,148.66,Health,East,Net Banking,5,0
2371,1884,2025-06-05,60.6,Sports,Central,Credit Card,0,0
2372,2824,2023-03-17,24.7,Travel,East,Debit Card,0,0
2373,2154,2026-03-27,79.97,Electronics,North,Wallet,0,1
2374,2711,2023-11-25,41.27,Travel,North,UPI,5,0
2375,1974,2023-05-02,127.12,Books,West,Net Banking,0,0
2376,2108,2023-02-10,532.14,Apparel,Central,Wallet,20,0
2377,2046,2026-04-05,17.78,Electronics,East,Debit Card,20,0
2378,2483,2025-07-10,358.11,Food & Beverage,East,UPI,15,1
2379,2563,2024-10-03,158.04,Software,Central,Net Banking,0,0
2380,2731,2025-11-12,338.12,Software,North,Debit Card,0,0
2381,1849,2023-10-06,53.36,Software,North,Debit Card,10,0
2382,2406,2025-02-01,15.88,Sports,East,UPI,15,0
2383,1748,2024-04-13,111.68,Food & Beverage,West,UPI,0,0
2384,2464,2023-01-09,482.81,Food & Beverage,North,Net Banking,0,1
2385,2628,2023-01-13,25.21,Books,South,UPI,0,0
2386,1989,2025-07-12,30.19,Apparel,East,Wallet,0,0
2387,1021,2025-07-11,182.12,Health,Central,UPI,5,0
2388,1303,2025-12-11,48.68,Electronics,Central,Debit Card,0,0
2389,3000,2026-05-17,664.68,Food & Beverage,East,UPI,0,1
2390,1869,2026-04-29,196.86,Books,East,Net Banking,10,0
2391,2979,2025-12-10,37.98,Books,North,Wallet,5,0
2392,1084,2024-10-14,45.71,Travel,East,UPI,20,0
2393,2798,2024-09-12,47.94,Software,East,Wallet,0,0
2394,2683,2023-07-15,85.5,Health,South,UPI,0,0
2395,2977,2024-02-21,129.72,Travel,Central,Wallet,25,0
2396,2477,2024-10-25,118.83,Apparel,North,UPI,15,0
2397,2411,2023-05-28,23.34,Apparel,West,UPI,10,0
2398,2531,2025-09-27,265.67,Travel,North,Credit Card,15,0
2399,2281,2023-12-30,63.55,Food & Beverage,Central,Debit Card,5,0
2400,1570,2024-02-06,29.58,Travel,West,Net Banking,25,0
2401,2916,2024-08-28,51.64,Software,East,Net Banking,10,0
2402,1934,2023-08-17,304.04,Software,South,Credit Card,10,0
2403,2551,2024-06-20,113.11,Food & Beverage,South,UPI,10,0
2404,2186,2023-09-25,125.6,Travel,Central,Debit Card,10,0
2405,2981,2025-10-31,22.11,Apparel,Central,Wallet,10,0
2406,2187,2023-05-06,105.5,Travel,South,Credit Card,0,0
2407,2856,2023-11-02,297.98,Home & Garden,West,Net Banking,10,0
2408,2009,2026-01-17,10.34,Electronics,West,Net Banking,15,0
2409,1793,2024-09-19,56.44,Health,North,Net Banking,0,0
2410,1792,2024-11-19,190.15,Electronics,East,UPI,20,0
2411,2548,2025-11-03,108.84,Electronics,West,Wallet,30,1
2412,2810,2026-05-17,26.51,Electronics,East,Wallet,0,0
2413,2295,2023-10-08,,Sports,Central,Wallet,5,0
2414,1492,2024-03-18,22.18,Sports,West,UPI,0,0
2415,1208,2025-04-16,31.78,Food & Beverage,West,Net Banking,0,1
2416,2563,2024-01-24,36.05,Home & Garden,West,Net Banking,10,0
2417,2608,2024-09-08,573.68,Food & Beverage,North,UPI,0,0
2418,2084,2023-05-27,12.14,Health,Central,Debit Card,0,0
2419,1430,2024-06-04,13.26,Electronics,South,UPI,15,0
2420,1985,2024-09-21,126.47,Food & Beverage,North,UPI,10,1
2421,2681,2024-03-09,102.08,Electronics,North,Net Banking,5,0
2422,2629,2023-05-24,51.22,Health,West,Wallet,0,0
2423,2333,2023-10-16,91.52,Books,North,Net Banking,15,0
2424,1520,2023-01-14,25.09,Sports,South,Debit Card,5,0
2425,1591,2023-09-14,100.54,Electronics,North,Credit Card,20,0
2426,2051,2026-05-15,115.76,Software,North,Credit Card,10,0
2427,2710,2025-05-07,386.7,Health,West,UPI,5,0
2428,2586,2025-07-31,887.79,Apparel,Central,Credit Card,20,1
2429,1199,2026-04-10,65.29,Sports,South,Wallet,5,0
2430,1387,2024-04-08,19.53,Sports,West,Net Banking,0,0
2431,1349,2023-09-27,142.87,Travel,North,Debit Card,0,0
2432,1960,2026-05-29,76.66,Apparel,South,Debit Card,10,0
2433,2964,2026-03-21,72.7,Books,East,Debit Card,5,0
2434,1693,2024-09-14,13.02,Travel,North,Net Banking,0,0
2435,2560,2026-04-21,101.33,Food & Beverage,Central,Wallet,0,0
2436,2852,2023-03-13,149.52,Sports,North,Debit Card,10,0
2437,1378,2023-03-15,296.51,Books,Central,Credit Card,5,0
2438,1899,2023-12-21,49.08,Apparel,East,Wallet,5,0
2439,1916,2024-05-11,33.43,Books,West,Wallet,0,0
2440,2582,2025-09-14,48.61,Home & Garden,West,Wallet,10,0
2441,1527,2024-08-02,276.0,Home & Garden,West,Debit Card,5,0
2442,2177,2025-06-28,475.01,Health,South,Wallet,15,0
2443,1734,2024-01-08,345.57,Home & Garden,Central,Debit Card,5,0
2444,1206,2023-12-28,195.83,Sports,North,Credit Card,0,0
2445,1455,2023-04-03,86.61,Health,South,Credit Card,0,0
2446,2297,2023-11-20,104.43,Home & Garden,South,Credit Card,10,1
2447,2918,2024-01-19,124.39,Apparel,North,Credit Card,0,0
2448,2260,2024-07-28,66.52,Health,East,Wallet,0,0
2449,2876,2025-01-05,261.65,Books,West,Wallet,25,0
2450,2764,2025-01-06,12.39,Electronics,East,Debit Card,0,0
2451,1521,2023-12-12,15.47,Travel,East,Credit Card,15,0
2452,2702,2026-01-31,12.36,Home & Garden,West,UPI,5,0
2453,2968,2026-05-23,34.38,Health,East,Credit Card,20,0
2454,2017,2026-04-30,452.79,Food & Beverage,South,Net Banking,0,0
2455,1956,2024-12-19,21.61,Food & Beverage,North,UPI,0,0
2456,2855,2025-02-19,22.59,Travel,South,Net Banking,5,0
2457,1726,2025-10-16,33.43,Sports,South,UPI,0,0
2458,2014,2026-05-02,340.02,Sports,Central,Debit Card,15,0
2459,1501,2024-10-25,503.88,Home & Garden,West,Wallet,10,0
2460,1117,2024-08-22,304.32,Electronics,West,Debit Card,0,0
2461,1386,2023-01-11,327.82,Home & Garden,South,UPI,10,0
2462,2368,2023-07-06,653.46,Electronics,West,Credit Card,20,0
2463,1584,2024-12-26,10.42,Food & Beverage,Central,Debit Card,0,0
2464,1395,2025-11-04,20.7,Travel,North,UPI,0,0
2465,2088,2025-02-16,38.83,Home & Garden,East,Credit Card,15,1
2466,2741,2024-02-15,101.95,Sports,West,Wallet,25,0
2467,1721,2025-08-13,101.55,Books,South,UPI,10,0
2468,1072,2024-08-07,103.47,Health,West,Net Banking,20,0
2469,2813,2025-12-11,244.95,Food & Beverage,South,Net Banking,30,0
2470,1274,2025-11-17,9.01,Apparel,East,Net Banking,5,0
2471,2344,2024-07-30,76.07,Health,West,Credit Card,25,1
2472,1338,2025-11-06,123.81,Travel,East,Credit Card,0,0
2473,2390,2026-06-06,60.91,Electronics,South,Debit Card,15,0
2474,2519,2025-09-15,112.95,Food & Beverage,Central,Credit Card,25,0
2475,1607,2026-05-18,306.94,Software,Central,UPI,5,0
2476,1166,2025-01-12,97.0,Health,North,Net Banking,10,0
2477,2568,2026-02-01,1170.68,Books,South,Wallet,30,0
2478,1011,2023-07-23,281.76,Software,South,Net Banking,0,0
2479,2325,2025-12-12,123.88,Apparel,South,UPI,0,0
2480,1729,2025-08-31,164.76,Health,Central,Wallet,15,0
2481,1801,2025-07-28,219.64,Software,Central,Debit Card,0,0
2482,1102,2025-12-13,680.28,Apparel,Central,Credit Card,5,0
2483,2449,2025-11-20,368.39,Food & Beverage,West,UPI,0,0
2484,2416,2026-03-04,166.84,Software,West,Credit Card,10,0
2485,1779,2025-12-17,37.55,Home & Garden,Central,Debit Card,10,0
2486,1214,2023-04-15,148.1,Travel,East,Wallet,0,0
2487,2715,2023-09-10,180.32,Books,West,UPI,0,0
2488,2112,2023-10-22,228.93,Health,West,Wallet,5,0
2489,2577,2024-10-29,37.31,Home & Garden,West,UPI,15,0
2490,1401,2026-03-27,218.26,Travel,West,Debit Card,0,0
2491,1588,2024-07-02,235.24,Apparel,North,Debit Card,0,0
2492,1889,2024-09-22,21.08,Travel,West,Debit Card,0,0
2493,2070,2025-12-26,21.29,Apparel,East,Credit Card,5,0
2494,2696,2023-10-26,344.34,Health,North,Net Banking,5,0
2495,2487,2023-04-11,32.26,Apparel,West,Wallet,15,0
2496,1592,2025-12-15,569.8,Health,South,UPI,0,0
2497,2334,2023-11-28,64.41,Electronics,North,Wallet,15,0
2498,2110,2025-04-15,142.86,Food & Beverage,West,Net Banking,20,0
2499,1092,2024-01-28,134.77,Health,East,Credit Card,0,1
2500,2684,2025-05-23,38.19,Sports,Central,Credit Card,0,1
2501,1673,2024-01-16,477.49,Electronics,West,Net Banking,0,1
2502,1714,2023-04-02,64.48,Food & Beverage,South,UPI,5,0
2503,1936,2024-03-22,96.6,Sports,East,Net Banking,10,0
2504,2952,2023-04-19,8.34,Home & Garden,North,Credit Card,0,0
2505,1242,2023-11-13,18.11,Sports,East,Credit Card,10,0
2506,2889,2026-04-06,348.12,Food & Beverage,West,Wallet,0,1
2507,1002,2024-03-17,89.42,Books,South,UPI,10,0
2508,1225,2023-08-06,44.58,Apparel,East,UPI,0,0
2509,1801,2026-05-30,45.45,Apparel,East,Credit Card,15,0
2510,2769,2024-11-03,173.87,Home & Garden,Central,Net Banking,5,0
2511,2997,2023-10-05,408.48,Food & Beverage,Central,Credit Card,5,0
2512,2950,2025-10-05,45.88,Electronics,West,Wallet,5,0
2513,2953,2024-07-22,335.3,Health,North,Net Banking,20,0
2514,1589,2025-10-06,74.29,Travel,North,Credit Card,10,0
2515,1116,2025-05-24,164.15,Health,South,UPI,0,0
2516,2690,2024-04-10,10.7,Home & Garden,West,Wallet,10,0
2517,1918,2025-04-18,13.14,Food & Beverage,North,Credit Card,5,0
2518,2127,2025-01-23,240.83,Sports,East,Credit Card,0,0
2519,1194,2025-04-17,125.2,Books,West,Debit Card,10,0
2520,2190,2023-01-30,146.12,Home & Garden,East,Net Banking,0,0
2521,1871,2023-12-25,24.67,Books,South,Debit Card,15,0
2522,1090,2023-03-27,54.23,Food & Beverage,West,UPI,10,0
2523,2710,2026-06-11,12.1,Travel,South,Net Banking,5,0
2524,1122,2025-01-16,32.56,Food & Beverage,Central,Wallet,15,0
2525,1143,2023-11-09,87.58,Software,South,Net Banking,0,0
2526,1994,2023-12-31,133.41,Sports,Central,Credit Card,5,0
2527,1106,2025-06-23,38.26,Apparel,West,Credit Card,0,0
2528,1887,2024-11-28,174.62,Software,East,Credit Card,30,0
2529,1428,2023-05-11,85.98,Home & Garden,East,Net Banking,0,0
2530,2329,2025-03-13,68.64,Health,East,Credit Card,0,1
2531,2896,2025-02-27,99.52,Sports,South,Credit Card,5,0
2532,2995,2023-12-17,1118.28,Electronics,West,Debit Card,0,0
2533,1317,2023-06-29,74.2,Travel,West,Credit Card,5,0
2534,2987,2026-04-01,282.22,Sports,Central,Debit Card,20,0
2535,1635,2026-01-24,173.39,Food & Beverage,West,UPI,0,0
2536,2926,2025-02-12,66.83,Health,East,Net Banking,10,0
2537,1009,2024-05-24,14.01,Travel,West,Debit Card,0,0
2538,1774,2023-12-31,42.41,Apparel,Central,Net Banking,15,0
2539,2097,2025-09-07,98.66,Software,West,Net Banking,20,0
2540,2383,2023-12-19,79.38,Home & Garden,West,Wallet,0,0
2541,1223,2025-03-10,426.65,Electronics,East,Debit Card,0,0
2542,2440,2026-01-11,37.33,Apparel,West,Credit Card,20,1
2543,1553,2026-06-02,75.48,Travel,South,Wallet,25,0
2544,2394,2024-02-16,171.34,Food & Beverage,Central,Debit Card,0,0
2545,1716,2025-01-04,64.47,Electronics,Central,Debit Card,10,0
2546,2288,2025-09-07,289.57,Software,Central,UPI,25,0
2547,2864,2023-04-28,24.41,Health,West,Credit Card,10,0
2548,2714,2024-04-26,14.53,Home & Garden,South,UPI,20,0
2549,2884,2023-07-11,63.83,Health,Central,Net Banking,0,0
2550,2342,2024-08-13,82.66,Food & Beverage,North,Credit Card,0,0
2551,2108,2024-08-12,-88.645,Home & Garden,East,UPI,0,0
2552,2342,2024-10-20,106.29,Travel,North,UPI,0,0
2553,1111,2023-04-17,55.14,Electronics,North,Credit Card,15,0
2554,1251,2024-01-17,14.74,Books,Central,Debit Card,5,0
2555,1383,2025-02-21,78.07,Travel,North,Net Banking,0,0
2556,1007,2024-01-25,25.87,Home & Garden,North,Wallet,20,0
2557,1459,2023-09-01,97.97,Food & Beverage,South,Wallet,15,0
2558,2108,2024-08-07,23.82,Apparel,East,Wallet,10,1
2559,1208,2025-05-18,141.89,Software,West,Net Banking,0,0
2560,1900,2024-04-12,666.14,Apparel,Central,Credit Card,0,0
2561,2414,2025-05-15,37.67,Books,Central,Credit Card,5,0
2562,2338,2025-07-22,19.72,Home & Garden,North,Credit Card,5,0
2563,1022,2026-05-18,355.46,Software,West,Wallet,0,0
2564,1410,2024-08-26,750.25,Software,West,Debit Card,0,0
2565,1895,2025-10-11,20.19,Health,West,UPI,0,0
2566,1515,2026-01-01,80.65,Books,Central,Wallet,5,0
2567,2151,2025-05-09,161.44,Software,Central,Net Banking,0,0
2568,1809,2026-04-24,65.87,Health,South,Credit Card,10,0
2569,2724,2023-01-13,11.0,Apparel,Central,UPI,0,0
2570,1874,2023-10-26,17.33,Electronics,Central,Credit Card,0,0
2571,1014,2026-01-04,19.66,Sports,South,Credit Card,0,0
2572,1971,2025-12-10,25.84,Travel,Central,Credit Card,10,0
2573,1978,2025-02-25,99.91,Food & Beverage,North,Debit Card,5,0
2574,2014,2023-05-29,336.06,Apparel,North,UPI,20,0
2575,2036,2023-05-02,17.66,Books,South,Wallet,0,0
2576,1087,2026-05-19,35.05,Software,South,Debit Card,0,0
2577,2548,2024-06-21,23.76,Food & Beverage,North,Net Banking,20,0
2578,1909,2026-03-25,127.24,Food & Beverage,West,Net Banking,5,0
2579,2561,2026-06-15,33.57,Health,Central,Wallet,0,0
2580,2325,2024-01-11,26.77,Books,East,UPI,5,0
2581,2267,2023-03-23,13.24,Home & Garden,East,Wallet,5,0
2582,1122,2024-05-06,460.2,Home & Garden,South,Debit Card,10,0
2583,2171,2023-12-22,1245.73,Books,East,UPI,0,1
2584,2591,2025-07-13,99.58,Sports,West,Net Banking,0,0
2585,1750,2025-12-03,535.24,Books,East,UPI,5,0
2586,2380,2025-10-01,45.59,Software,North,UPI,5,0
2587,1685,2023-05-03,89.92,Books,South,UPI,0,0
2588,2928,2024-12-08,196.67,Sports,East,Wallet,0,0
2589,2757,2023-11-26,36.52,Sports,Central,Credit Card,15,0
2590,2655,2025-09-17,74.34,Electronics,South,Debit Card,15,0
2591,1309,2023-11-19,64.11,Sports,West,UPI,0,0
2592,1695,2026-02-08,152.21,Sports,North,UPI,30,0
2593,1288,2025-02-08,96.98,Software,East,Wallet,5,0
2594,1307,2026-01-17,37.6,Sports,North,Debit Card,10,0
2595,2836,2024-03-08,62.74,Health,West,Debit Card,10,0
2596,2618,2024-12-10,342.99,Electronics,East,Net Banking,0,0
2597,2990,2025-03-04,173.93,Health,South,Debit Card,5,0
2598,1914,2024-12-12,156.68,Apparel,South,Debit Card,10,1
2599,2747,2026-01-27,1349.11,Travel,Central,UPI,15,0
2600,1662,2024-06-22,23.17,Electronics,West,Credit Card,10,0
2601,1549,2024-08-23,210.97,Home & Garden,East,UPI,5,0
2602,2376,2026-03-15,96.14,Travel,North,Wallet,0,0
2603,1312,2023-09-14,135.99,Travel,North,Debit Card,0,0
2604,1873,2026-04-27,112.03,Books,East,Credit Card,10,1
2605,2083,2026-06-17,38.79,Books,West,UPI,5,0
2606,2667,2025-05-20,26.0,Travel,West,Net Banking,30,1
2607,1924,2025-06-17,90.0,Books,North,Wallet,0,0
2608,2738,2025-03-19,35.21,Software,East,Wallet,0,0
2609,1755,2024-11-07,57.77,Electronics,East,Wallet,0,0
2610,1035,2023-09-28,234.58,Books,North,UPI,0,0
2611,1445,2024-07-03,20.65,Home & Garden,East,Credit Card,0,0
2612,1093,2026-02-11,71.52,Home & Garden,East,Credit Card,5,1
2613,2974,2024-07-21,319.07,Apparel,South,Debit Card,0,0
2614,2983,2025-09-12,48.98,Home & Garden,South,Credit Card,30,0
2615,2231,2023-12-25,524.97,Health,Central,Net Banking,30,0
2616,1353,2026-04-07,14.0,Travel,Central,Wallet,0,0
2617,1903,2025-03-08,798.92,Travel,West,UPI,15,0
2618,2356,2025-06-05,91.98,Travel,South,Wallet,0,0
2619,2841,2026-05-07,18.28,Electronics,South,Wallet,0,0
2620,1862,2023-07-30,244.65,Health,South,Net Banking,0,0
2621,2749,2023-10-14,150.96,Apparel,South,Wallet,0,0
2622,1159,2025-01-12,472.76,Sports,West,Wallet,15,1
2623,2978,2025-11-12,14.25,Books,North,Net Banking,0,0
2624,1957,2026-02-06,24.16,Electronics,West,Net Banking,20,0
2625,1024,2023-10-23,226.8,Sports,North,Credit Card,20,0
2626,1404,2023-01-06,1918.78,Sports,Central,Wallet,0,0
2627,1805,2024-07-03,179.52,Software,South,Debit Card,0,0
2628,1516,2024-11-11,216.18,Software,North,Debit Card,0,0
2629,1732,2025-03-05,36.11,Electronics,West,Debit Card,5,0
2630,2388,2023-07-22,72.37,Travel,North,Net Banking,0,0
2631,2406,2023-11-21,42.79,Sports,East,Wallet,0,1
2632,1532,2025-04-04,164.48,Sports,Central,Credit Card,15,0
2633,1956,2023-09-01,274.63,Books,Central,Wallet,20,0
2634,1152,2023-11-23,112.49,Apparel,South,Debit Card,0,0
2635,2586,2025-09-13,233.81,Electronics,South,UPI,10,0
2636,2713,2025-12-06,86.97,Books,West,Debit Card,0,0
2637,1947,2025-01-30,441.24,Health,North,Net Banking,15,0
2638,1608,2025-11-02,32.01,Software,East,Wallet,5,0
2639,2641,2025-06-25,492.32,Apparel,Central,Net Banking,20,0
2640,1420,2023-12-31,38.12,Travel,North,Credit Card,25,0
2641,2274,2026-05-29,91.8,Health,East,Wallet,10,0
2642,2141,2023-03-14,21.47,Apparel,North,Wallet,25,0
2643,1866,2025-12-05,165.2,Books,South,Wallet,0,0
2644,2536,2023-10-01,105.4,Health,Central,UPI,5,0
2645,2764,2023-07-27,218.41,Home & Garden,East,Wallet,5,0
2646,1578,2023-05-04,11.24,Apparel,South,UPI,5,1
2647,1335,2025-10-30,105.7,Food & Beverage,West,Wallet,0,0
2648,2442,2026-04-25,146.08,Food & Beverage,West,Debit Card,15,0
2649,1932,2024-06-26,27.49,Sports,South,Credit Card,10,0
2650,2798,2023-03-01,,Electronics,East,Wallet,0,0
2651,1295,2025-06-17,5.72,Books,East,Net Banking,30,1
2652,2962,2025-06-04,77.23,Electronics,Central,Debit Card,20,0
2653,1755,2025-02-20,490.29,Travel,South,Net Banking,0,0
2654,2395,2024-03-17,76.43,Apparel,West,Net Banking,0,0
2655,1186,2026-05-25,37.98,Software,South,UPI,10,0
2656,2270,2025-06-29,83.3,Software,North,Credit Card,0,0
2657,1637,2025-10-22,101.38,Home & Garden,East,Net Banking,5,0
2658,2292,2025-04-11,263.91,Food & Beverage,North,Debit Card,10,0
2659,2667,2025-10-04,105.2,Software,West,Credit Card,5,0
2660,2261,2024-09-17,224.63,Health,East,Debit Card,30,0
2661,1530,2026-04-03,100.53,Sports,West,Net Banking,15,0
2662,2576,2025-09-24,36.63,Home & Garden,West,Credit Card,25,0
2663,1021,2025-01-03,16.74,Apparel,West,Wallet,25,0
2664,1911,2023-04-01,140.61,Electronics,Central,Net Banking,0,0
2665,2761,2023-06-16,4.64,Electronics,West,Net Banking,10,0
2666,1867,2025-08-16,10.82,Sports,West,UPI,10,0
2667,1794,2023-07-26,16.82,Sports,North,Debit Card,0,0
2668,2544,2025-12-24,212.2,Software,North,Wallet,0,0
2669,1100,2024-05-30,15.06,Electronics,North,Credit Card,5,0
2670,1752,2026-03-26,158.25,Sports,East,Net Banking,5,0
2671,1478,2025-01-16,26.09,Home & Garden,Central,Net Banking,20,0
2672,2623,2023-11-02,75.51,Software,East,Wallet,10,0
2673,2322,2024-01-30,83.5,Books,Central,Net Banking,5,0
2674,1940,2026-01-02,74.16,Software,Central,Debit Card,15,0
2675,1526,2023-07-06,41.43,Food & Beverage,South,Credit Card,10,0
2676,1334,2024-09-14,13.74,Software,South,Wallet,20,0
2677,1002,2024-12-30,92.96,Electronics,South,Wallet,25,0
2678,1375,2023-08-28,175.77,Sports,Central,UPI,10,0
2679,1293,2024-06-16,203.37,Sports,Central,Credit Card,10,0
2680,1837,2023-05-21,99.3,Food & Beverage,East,Wallet,15,0
2681,2958,2023-05-19,122.62,Electronics,Central,Net Banking,15,0
2682,2005,2024-04-03,35.68,Books,West,Credit Card,15,0
2683,1553,2023-03-11,154.37,Home & Garden,West,Debit Card,10,1
2684,1318,2024-01-20,147.7,Electronics,Central,Wallet,15,1
2685,2526,2024-09-21,62.97,Food & Beverage,West,Debit Card,0,1
2686,2852,2023-07-17,95.36,Home & Garden,Central,Wallet,20,0
2687,1381,2023-07-24,87.17,Sports,South,Net Banking,0,0
2688,2647,2024-07-21,155.69,Software,Central,UPI,20,0
2689,1014,2025-09-08,14.12,Apparel,South,Net Banking,0,0
2690,1504,2025-03-15,13.78,Electronics,North,Debit Card,0,0
2691,1231,2025-05-08,14.67,Food & Beverage,West,Credit Card,0,0
2692,2108,2025-05-31,52.79,Electronics,North,Debit Card,0,0
2693,1130,2025-08-31,155.46,Electronics,West,UPI,0,0
2694,2767,2024-10-01,6.08,Health,North,Wallet,10,0
2695,1838,2023-11-21,100.77,Apparel,Central,Wallet,5,0
2696,2169,2024-03-17,377.1,Sports,North,Debit Card,10,0
2697,1891,2025-03-14,124.93,Sports,West,Credit Card,0,0
2698,2881,2023-10-15,7.98,Apparel,East,Wallet,15,0
2699,1028,2023-08-14,168.22,Food & Beverage,West,Wallet,10,0
2700,1066,2025-12-23,120.39,Apparel,East,UPI,0,1
2701,2187,2025-08-24,59.67,Travel,Central,UPI,0,1
2702,2253,2025-07-26,111.96,Sports,West,Credit Card,15,0
2703,1261,2024-07-13,16.86,Electronics,North,Wallet,10,0
2704,2473,2024-12-14,95.7,Health,Central,Net Banking,10,0
2705,2448,2024-05-12,159.86,Food & Beverage,West,Debit Card,30,0
2706,1460,2025-04-28,39.19,Food & Beverage,Central,Wallet,0,0
2707,2976,2025-07-14,51.16,Home & Garden,East,Debit Card,5,0
2708,2700,2023-03-01,45.55,Health,Central,Wallet,10,1
2709,1301,2023-09-14,50.89,Food & Beverage,North,UPI,30,0
2710,1919,2024-07-30,33.24,Software,West,Credit Card,5,0
2711,2327,2023-08-27,35.7,Home & Garden,East,Net Banking,5,0
2712,1287,2023-02-07,167.22,Home & Garden,Central,UPI,25,0
2713,2419,2023-01-25,11.12,Sports,South,Credit Card,5,0
2714,2034,2024-02-14,112.12,Home & Garden,East,UPI,25,0
2715,2731,2024-04-05,166.83,Sports,East,Debit Card,15,0
2716,1630,2025-09-14,17.76,Food & Beverage,North,Wallet,0,0
2717,1270,2023-12-23,82.12,Electronics,North,UPI,0,0
2718,1592,2024-01-18,29.97,Apparel,Central,Credit Card,0,1
2719,2994,2026-03-27,351.99,Food & Beverage,South,Wallet,0,0
2720,2629,2024-07-22,70.33,Food & Beverage,East,Debit Card,5,0
2721,2802,2025-12-07,527.29,Electronics,Central,Debit Card,20,0
2722,1844,2024-03-08,439.98,Food & Beverage,South,Net Banking,5,0
2723,1862,2023-02-25,130.16,Software,Central,Wallet,10,0
2724,2385,2024-07-30,1177.62,Travel,East,Debit Card,30,0
2725,2281,2023-09-25,13.61,Books,Central,UPI,0,0
2726,1133,2023-03-10,510.05,Sports,North,Debit Card,0,0
2727,2300,2025-06-20,65.26,Food & Beverage,North,Debit Card,0,0
2728,2800,2025-03-03,77.32,Books,West,Debit Card,0,0
2729,2707,2023-09-14,51.76,Food & Beverage,South,Net Banking,15,0
2730,1972,2024-11-02,15.8,Home & Garden,East,Credit Card,10,0
2731,1513,2024-05-04,178.31,Health,South,Debit Card,15,0
2732,1313,2025-01-15,20.31,Travel,North,Credit Card,5,0
2733,1576,2023-02-18,44.29,Books,East,Wallet,15,0
2734,1886,2023-11-12,46.71,Books,West,Credit Card,10,0
2735,2308,2024-02-17,297.29,Sports,North,Wallet,0,0
2736,2145,2024-03-09,82.4,Books,North,Net Banking,5,0
2737,2131,2025-10-22,4.79,Travel,South,Wallet,5,0
2738,2957,2026-03-14,30.6,Books,Central,Wallet,30,0
2739,1687,2024-02-24,13.81,Software,South,UPI,25,0
2740,2228,2025-04-23,164.51,Electronics,North,Net Banking,30,0
2741,1165,2025-07-04,21.77,Health,South,Debit Card,0,0
2742,1305,2024-03-09,43.51,Books,Central,Net Banking,15,0
2743,2521,2024-10-04,735.39,Sports,West,UPI,20,1
2744,2656,2023-02-26,193.28,Home & Garden,East,Wallet,15,0
2745,2580,2025-08-21,22.25,Health,North,Net Banking,5,0
2746,2848,2025-09-03,242.27,Apparel,South,UPI,15,0
2747,1156,2026-04-16,38.04,Books,North,Debit Card,5,0
2748,2391,2023-02-15,241.55,Apparel,East,Wallet,15,0
2749,2743,2026-04-08,54.88,Health,South,Net Banking,15,0
2750,2926,2024-02-21,28.44,Food & Beverage,West,Net Banking,20,0
2751,1620,2025-04-27,25.43,Health,East,Wallet,15,0
2752,2275,2023-05-19,127.12,Software,Central,Net Banking,0,0
2753,1957,2023-09-04,269.25,Apparel,Central,Wallet,25,0
2754,2940,2026-03-17,140.74,Software,North,UPI,0,0
2755,2906,2023-08-18,53.56,Health,Central,Wallet,0,0
2756,1334,2025-03-02,10.41,Apparel,South,Debit Card,5,0
2757,2666,2024-09-28,41.8,Apparel,Central,Wallet,15,0
2758,1969,2024-01-09,20.04,Sports,West,Net Banking,15,0
2759,1511,2026-01-08,465.11,Apparel,South,Wallet,30,0
2760,2317,2025-01-07,55.8,Electronics,North,Wallet,0,0
2761,2044,2025-12-24,129.08,Food & Beverage,North,Wallet,5,1
2762,1282,2023-03-29,59.6,Books,Central,Debit Card,0,0
2763,1797,2026-01-16,150.75,Home & Garden,Central,Debit Card,10,0
2764,2025,2024-12-13,213.11,Electronics,North,Net Banking,0,0
2765,1119,2026-05-12,1471.66,Software,South,Net Banking,20,0
2766,2059,2024-08-23,52.09,Travel,East,Wallet,30,0
2767,1198,2024-06-22,314.73,Food & Beverage,North,Credit Card,0,0
2768,1485,2023-08-02,125.65,Food & Beverage,West,UPI,15,0
2769,2781,2023-03-15,44.98,Sports,South,Wallet,5,0
2770,2083,2023-03-02,49.0,Apparel,East,UPI,0,0
2771,1837,2024-11-28,158.39,Sports,East,Debit Card,0,0
2772,2185,2026-05-27,63.06,Apparel,South,Net Banking,15,0
2773,2009,2023-01-12,102.1,Health,North,Credit Card,0,0
2774,1691,2025-03-24,199.85,Software,East,Net Banking,0,0
2775,2230,2023-02-01,1797.88,Apparel,West,Debit Card,25,0
2776,2036,2026-03-29,93.6,Software,South,Wallet,5,0
2777,1490,2025-09-27,23.25,Software,Central,Debit Card,20,0
2778,1276,2023-08-25,145.12,Travel,North,Credit Card,15,0
2779,1693,2026-04-19,50.36,Electronics,South,Wallet,0,0
2780,1242,2024-07-11,873.34,Books,West,Wallet,0,0
2781,2240,2026-01-08,49.57,Sports,East,Credit Card,0,0
2782,2275,2024-10-08,92.03,Health,North,Net Banking,30,1
2783,2835,2025-09-13,190.09,Travel,North,Wallet,0,0
2784,1126,2025-03-30,162.32,Travel,South,Net Banking,10,1
2785,1217,2024-04-17,477.34,Apparel,South,UPI,15,0
2786,2330,2023-04-22,200.53,Home & Garden,West,Credit Card,0,1
2787,2821,2024-01-18,1497.48,Health,Central,UPI,10,0
2788,2209,2023-01-17,154.38,Sports,South,Wallet,0,0
2789,2063,2024-05-07,427.91,Food & Beverage,South,Credit Card,5,0
2790,2247,2025-07-14,51.26,Travel,South,Wallet,0,0
2791,2208,2023-04-27,962.74,Travel,West,Credit Card,25,0
2792,1495,2025-05-29,59.31,Health,East,Net Banking,30,0
2793,1427,2023-04-25,535.52,Apparel,Central,Debit Card,0,0
2794,2202,2025-03-24,262.51,Apparel,West,Debit Card,10,0
2795,1919,2024-10-05,97.51,Home & Garden,South,Credit Card,15,1
2796,2452,2023-12-02,541.75,Sports,East,UPI,0,0
2797,2318,2025-07-10,88.73,Electronics,South,Credit Card,10,0
2798,2876,2023-05-27,465.01,Books,West,Net Banking,0,0
2799,1151,2023-05-02,141.69,Health,North,UPI,0,0
2800,1384,2023-03-22,57.24,Books,South,Credit Card,20,0
2801,2662,2024-11-15,132.2,Health,East,Credit Card,5,0
2802,2837,2024-10-23,,Books,Central,Wallet,0,1
2803,1308,2024-01-10,52.93,Travel,North,Net Banking,5,0
2804,2360,2023-03-04,119.05,Health,South,Net Banking,5,0
2805,2970,2024-05-18,,Electronics,South,Debit Card,15,0
2806,1746,2024-10-29,4.73,Electronics,East,Wallet,20,0
2807,1892,2024-03-24,164.29,Books,North,UPI,5,0
2808,1375,2025-05-17,219.06,Apparel,North,Debit Card,0,0
2809,2032,2024-11-10,513.87,Software,North,Net Banking,15,0
2810,2365,2026-04-04,20.43,Apparel,South,Credit Card,25,1
2811,1129,2024-04-05,26.55,Software,North,Wallet,0,0
2812,2015,2024-04-03,115.71,Apparel,South,Net Banking,15,0
2813,2800,2026-04-27,38.26,Sports,South,Net Banking,10,0
2814,1669,2024-04-08,21.59,Home & Garden,North,Wallet,20,0
2815,2376,2025-06-30,54.81,Food & Beverage,West,Net Banking,5,1
2816,2382,2024-01-14,58.45,Sports,Central,Debit Card,20,0
2817,1517,2025-10-22,26.61,Software,Central,Wallet,10,0
2818,2519,2023-12-30,26.4,Software,West,Net Banking,0,0
2819,1086,2023-03-13,77.82,Software,North,Net Banking,0,0
2820,2199,2024-09-29,15.83,Home & Garden,South,Wallet,10,0
2821,2826,2026-04-08,15.52,Home & Garden,East,Credit Card,10,0
2822,2217,2026-05-13,98.08,Sports,West,UPI,0,0
2823,1311,2023-12-03,548.27,Software,Central,Wallet,20,0
2824,2143,2023-07-14,216.95,Food & Beverage,Central,Credit Card,20,0
2825,2242,2025-10-08,390.39,Software,South,Net Banking,20,0
2826,1427,2024-10-14,10.32,Travel,Central,Debit Card,25,0
2827,2994,2023-01-07,16.6,Health,Central,Net Banking,5,0
2828,2438,2025-06-23,91.17,Books,South,Net Banking,15,0
2829,1114,2025-09-05,245.54,Software,North,Credit Card,25,0
2830,2169,2024-07-19,193.57,Sports,Central,Wallet,5,0
2831,2562,2024-09-07,17.94,Sports,North,UPI,10,0
2832,2672,2024-07-26,351.72,Travel,East,UPI,5,0
2833,1303,2024-08-21,81.65,Sports,North,Wallet,30,0
2834,1744,2025-02-08,,Health,South,Wallet,5,0
2835,2905,2026-04-16,43.55,Sports,South,Debit Card,0,0
2836,1588,2023-08-30,14.12,Electronics,South,Wallet,10,0
2837,1987,2026-05-11,248.39,Software,Central,Debit Card,0,0
2838,2864,2026-01-08,158.16,Sports,West,Wallet,20,0
2839,1345,2025-02-04,20.19,Home & Garden,Central,Debit Card,20,1
2840,1814,2024-01-19,40.37,Home & Garden,North,Wallet,0,0
2841,2988,2024-01-26,205.06,Software,East,Wallet,0,0
2842,1801,2025-06-14,115.27,Travel,East,UPI,0,0
2843,2025,2024-11-18,164.36,Health,East,Net Banking,0,0
2844,2171,2026-02-23,47.98,Health,East,Net Banking,0,1
2845,2311,2023-02-16,496.58,Sports,West,Debit Card,15,0
2846,3000,2024-09-10,78.78,Home & Garden,East,Credit Card,0,0
2847,2678,2024-04-08,5.25,Sports,Central,UPI,0,0
2848,2077,2023-05-03,102.34,Food & Beverage,East,Wallet,0,0
2849,2328,2023-05-14,186.03,Sports,South,UPI,0,0
2850,2093,2025-04-20,128.57,Sports,North,Credit Card,5,1
2851,1361,2025-04-28,53.95,Apparel,Central,UPI,20,0
2852,2626,2024-08-29,8.63,Health,West,Credit Card,0,0
2853,2982,2023-01-23,41.27,Food & Beverage,Central,Credit Card,15,1
2854,2244,2024-07-19,46.22,Apparel,South,Credit Card,20,0
2855,2986,2025-02-04,40.81,Books,East,Credit Card,20,0
2856,2010,2025-08-22,187.61,Food & Beverage,East,Credit Card,0,0
2857,1704,2023-08-23,60.33,Books,West,Wallet,0,0
2858,2990,2025-09-22,472.49,Sports,North,UPI,0,0
2859,1575,2025-12-18,68.67,Software,East,Net Banking,5,0
2860,2609,2026-04-02,387.25,Home & Garden,West,Net Banking,5,0
2861,2185,2025-04-05,116.44,Apparel,East,Wallet,5,0
2862,2705,2023-08-04,123.54,Software,Central,Debit Card,5,0
2863,2113,2026-04-21,39.67,Travel,West,Credit Card,15,0
2864,1688,2024-10-18,17.8,Software,West,UPI,10,0
2865,1781,2025-07-23,82.43,Home & Garden,West,Credit Card,5,0
2866,1585,2026-01-18,681.45,Electronics,East,Credit Card,0,0
2867,2781,2023-11-07,51.91,Electronics,West,Net Banking,0,0
2868,1589,2024-07-10,42.91,Home & Garden,Central,Credit Card,0,0
2869,2183,2025-08-29,73.24,Sports,North,UPI,0,0
2870,1489,2023-09-14,751.32,Apparel,North,UPI,0,0
2871,1971,2024-06-16,231.44,Travel,South,Net Banking,30,0
2872,2348,2023-02-21,386.49,Home & Garden,Central,Wallet,20,0
2873,2634,2026-04-09,8.36,Sports,Central,Net Banking,20,0
2874,2405,2025-12-26,33.46,Food & Beverage,West,Net Banking,20,0
2875,2126,2023-10-27,34.89,Food & Beverage,South,Credit Card,20,0
2876,1494,2024-11-02,351.89,Apparel,Central,Debit Card,0,0
2877,2668,2025-02-16,198.71,Food & Beverage,Central,Wallet,0,0
2878,2638,2025-04-11,319.6,Sports,Central,Wallet,0,0
2879,1019,2023-08-20,9.48,Books,East,Wallet,20,0
2880,2478,2025-09-01,341.18,Health,Central,Credit Card,15,0
2881,2506,2025-12-27,198.58,Health,East,Net Banking,0,0
2882,2618,2023-01-28,29.7,Food & Beverage,Central,Credit Card,25,0
2883,1397,2025-12-10,71.07,Food & Beverage,North,UPI,0,0
2884,2001,2024-08-13,30.81,Food & Beverage,East,Debit Card,10,0
2885,2303,2025-02-23,80.16,Sports,East,Debit Card,10,1
2886,1851,2024-09-11,154.35,Home & Garden,West,Credit Card,0,0
2887,2389,2024-08-08,485.44,Electronics,Central,Net Banking,10,0
2888,2355,2025-09-28,29.16,Home & Garden,South,Wallet,5,0
2889,2665,2023-07-03,51.26,Home & Garden,South,UPI,10,0
2890,2368,2025-11-12,23.96,Software,South,UPI,5,0
2891,1822,2023-05-09,225.85,Home & Garden,South,Debit Card,20,0
2892,1455,2023-10-18,13.59,Travel,North,Net Banking,10,0
2893,2625,2024-05-15,111.32,Travel,South,Wallet,0,0
2894,1725,2023-07-05,20.68,Home & Garden,West,Debit Card,15,0
2895,2679,2024-04-23,95.1,Food & Beverage,South,Net Banking,5,0
2896,2089,2024-05-06,360.36,Travel,West,Wallet,0,0
2897,2100,2024-05-27,48.74,Travel,East,Credit Card,0,0
2898,1711,2025-12-26,117.34,Software,Central,Net Banking,5,0
2899,1143,2024-04-11,30.82,Software,South,UPI,20,0
2900,1917,2023-10-12,78.66,Travel,West,Net Banking,0,0
2901,2939,2024-08-23,13.88,Health,West,Net Banking,5,0
2902,1828,2026-01-28,210.45,Home & Garden,Central,Net Banking,0,0
2903,1605,2023-07-08,54.68,Health,East,Wallet,20,0
2904,2497,2025-09-15,70.06,Sports,South,Wallet,5,0
2905,2441,2025-06-08,97.81,Apparel,West,Credit Card,20,0
2906,1305,2024-01-23,8.5,Travel,South,Credit Card,10,0
2907,1736,2023-08-29,39.23,Apparel,North,Wallet,0,0
2908,2521,2024-02-21,105.88,Electronics,West,Wallet,15,0
2909,1291,2023-06-25,74.3,Books,East,Debit Card,5,0
2910,2964,2024-01-22,1227.6,Software,Central,Net Banking,0,0
2911,1102,2025-05-02,407.67,Books,West,Net Banking,10,0
2912,2291,2026-06-10,106.43,Apparel,North,UPI,15,0
2913,1867,2024-10-24,26.39,Sports,Central,Wallet,10,0
2914,1968,2024-03-27,49.7,Travel,East,Wallet,5,0
2915,2646,2023-10-04,198.3,Health,South,Credit Card,0,0
2916,1974,2026-06-06,98.69,Books,South,Credit Card,20,0
2917,1842,2026-04-09,416.27,Sports,West,Net Banking,0,0
2918,1962,2023-08-01,97.75,Books,Central,Net Banking,10,0
2919,1942,2023-02-10,103.44,Health,North,Wallet,0,0
2920,2801,2026-02-19,632.1,Books,North,Net Banking,15,1
2921,2027,2026-06-04,24.15,Travel,East,Wallet,30,0
2922,1085,2023-10-21,720.99,Health,Central,UPI,5,0
2923,2818,2024-08-22,226.68,Health,Central,UPI,5,0
2924,1328,2024-06-24,4370.2,Software,South,Debit Card,20,0
2925,1816,2024-03-26,38.79,Travel,East,Credit Card,15,0
2926,2474,2025-12-20,636.05,Travel,East,Debit Card,30,0
2927,1454,2026-03-16,105.7,Food & Beverage,East,UPI,0,0
2928,2948,2025-02-28,72.05,Health,Central,Net Banking,5,0
2929,1629,2023-11-30,129.79,Travel,South,Credit Card,5,0
2930,2245,2025-06-09,104.61,Books,East,Credit Card,5,0
2931,2178,2026-03-11,35.35,Apparel,South,Debit Card,25,0
2932,1665,2023-02-13,76.86,Health,East,Credit Card,0,0
2933,1012,2023-05-24,130.13,Home & Garden,Central,UPI,20,0
2934,2157,2023-11-29,54.04,Travel,South,Net Banking,10,1
2935,1304,2025-09-24,172.18,Food & Beverage,West,Debit Card,5,0
2936,2317,2023-02-24,63.12,Sports,East,Net Banking,5,0
2937,1975,2025-05-19,156.02,Apparel,Central,Debit Card,5,0
2938,2324,2025-03-07,135.0,Health,South,Wallet,20,0
2939,2764,2023-11-21,154.72,Electronics,North,Credit Card,5,0
2940,1783,2023-03-21,17.84,Health,Central,Wallet,15,0
2941,1043,2025-11-20,335.79,Health,Central,Credit Card,5,0
2942,1944,2025-09-11,31.84,Home & Garden,North,Wallet,0,0
2943,1343,2026-02-09,72.02,Sports,North,Net Banking,5,0
2944,2350,2024-07-11,41.47,Sports,West,UPI,15,0
2945,2838,2025-05-14,98.06,Sports,West,Debit Card,20,0
2946,1498,2024-12-17,78.78,Software,West,Credit Card,15,0
2947,1364,2024-04-16,196.65,Food & Beverage,Central,Debit Card,0,0
2948,1891,2023-03-15,94.88,Software,Central,UPI,10,0
2949,1427,2024-08-11,56.26,Sports,Central,Wallet,0,0
2950,2005,2024-07-17,10.41,Health,West,Net Banking,15,0
2951,1021,2024-04-11,260.13,Software,South,Debit Card,5,0
2952,1407,2024-08-21,167.51,Home & Garden,Central,Wallet,15,1
2953,1619,2025-09-18,273.18,Home & Garden,Central,Credit Card,0,0
2954,2015,2025-01-06,72.06,Food & Beverage,Central,Debit Card,0,0
2955,1336,2025-09-20,138.15,Travel,West,Debit Card,20,0
2956,2839,2023-09-05,41.1,Electronics,East,Credit Card,0,0
2957,2141,2026-02-17,36.83,Sports,West,UPI,0,0
2958,2148,2023-03-08,64.05,Travel,East,Wallet,15,0
2959,1399,2024-07-26,272.1,Food & Beverage,West,Debit Card,0,0
2960,1793,2024-12-03,64.73,Apparel,South,Wallet,0,0
2961,2828,2024-04-14,84.36,Travel,South,Net Banking,15,0
2962,1715,2024-05-07,120.41,Electronics,Central,Wallet,30,0
2963,1051,2024-10-24,92.8,Electronics,West,Wallet,15,0
2964,2807,2023-10-13,304.05,Health,East,Credit Card,0,0
2965,1324,2023-11-08,36.68,Home & Garden,East,Wallet,20,0
2966,1789,2023-11-05,101.46,Travel,South,UPI,5,0
2967,1141,2025-02-13,159.03,Software,Central,Wallet,15,0
2968,1470,2026-01-25,12.54,Travel,East,Net Banking,0,0
2969,1787,2025-08-22,123.87,Electronics,West,Wallet,0,0
2970,2826,2026-02-10,450.53,Electronics,Central,Credit Card,25,0
2971,2358,2024-03-31,59.11,Food & Beverage,West,Net Banking,25,0
2972,2917,2023-05-12,24.48,Electronics,West,Credit Card,0,0
2973,1964,2025-07-18,157.66,Travel,South,UPI,0,0
2974,2008,2025-08-22,111.65,Food & Beverage,West,UPI,25,0
2975,1373,2025-07-17,559.44,Books,North,Credit Card,0,0
2976,2588,2023-05-01,152.2,Food & Beverage,Central,UPI,0,0
2977,1494,2026-05-05,29.01,Sports,North,Credit Card,0,0
2978,2563,2024-09-25,27.48,Electronics,West,Debit Card,0,0
2979,2693,2025-06-15,252.59,Health,West,Wallet,0,0
2980,1751,2025-02-10,138.14,Software,South,Debit Card,30,0
2981,2180,2025-11-28,83.94,Sports,South,UPI,0,0
2982,1291,2024-07-19,110.7,Sports,South,Credit Card,0,0
2983,2672,2024-05-26,152.98,Software,South,Credit Card,5,0
2984,2168,2026-03-30,140.81,Sports,East,Credit Card,5,0
2985,1106,2023-10-16,14.78,Sports,South,Credit Card,5,0
2986,2444,2023-07-19,387.62,Travel,West,Wallet,25,0
2987,1670,2024-06-11,420.03,Sports,West,Net Banking,0,0
2988,2682,2025-07-05,790.1,Software,Central,Debit Card,25,0
2989,1002,2026-06-25,608.58,Travel,North,UPI,10,0
2990,2969,2026-05-26,496.24,Books,East,Credit Card,10,0
2991,1589,2026-01-15,63.83,Software,East,Debit Card,0,0
2992,1644,2026-01-10,129.24,Travel,Central,Net Banking,0,0
2993,1090,2025-12-21,365.18,Sports,Central,Debit Card,0,0
2994,2369,2025-03-09,10.37,Sports,South,UPI,10,1
2995,1350,2025-12-01,69.24,Electronics,Central,Credit Card,0,0
2996,2483,2023-01-12,11.63,Sports,East,UPI,10,1
2997,2287,2025-04-12,126.01,Travel,North,Credit Card,15,1
2998,2375,2025-04-20,411.15,Books,North,Net Banking,10,0
2999,2132,2024-10-04,92.07,Food & Beverage,East,UPI,0,0
3000,2610,2026-02-12,45.46,Sports,South,Debit Card,0,0
3001,2063,2026-05-26,126.44,Books,North,Net Banking,20,0
3002,1909,2023-04-16,147.67,Travel,North,UPI,0,0
3003,1159,2024-11-21,160.7,Software,South,Credit Card,0,0
3004,2607,2024-06-11,20.95,Home & Garden,North,Net Banking,0,0
3005,1959,2025-04-25,120.56,Sports,West,Credit Card,10,0
3006,1312,2025-06-11,112.28,Electronics,East,Wallet,0,0
3007,2265,2024-01-22,,Books,North,Debit Card,5,0
3008,2962,2026-06-03,82.21,Sports,North,Credit Card,10,0
3009,1445,2024-04-25,962.05,Food & Beverage,South,UPI,10,0
3010,1298,2024-02-12,99.37,Food & Beverage,North,Wallet,15,0
3011,1952,2025-06-16,50.72,Food & Beverage,South,Net Banking,15,0
3012,1036,2024-12-11,27.01,Home & Garden,East,UPI,5,0
3013,2108,2024-09-30,48.59,Health,West,Net Banking,0,0
3014,2476,2025-11-10,34.51,Home & Garden,Central,Wallet,0,0
3015,2910,2025-03-25,74.65,Food & Beverage,East,UPI,15,0
3016,2799,2025-07-06,681.35,Electronics,North,Credit Card,0,0
3017,2846,2023-07-22,15.62,Travel,West,UPI,5,0
3018,2409,2024-02-21,17.0,Health,Central,Debit Card,0,0
3019,2196,2024-02-20,67.93,Software,Central,Credit Card,0,0
3020,2400,2023-03-26,17.54,Home & Garden,North,Debit Card,0,1
3021,2709,2023-06-16,27.71,Travel,Central,UPI,0,0
3022,2386,2024-01-19,135.23,Apparel,Central,UPI,0,0
3023,1559,2024-04-12,84.51,Software,East,Net Banking,10,0
3024,1891,2025-12-31,152.35,Electronics,East,UPI,15,0
3025,1141,2025-03-20,182.96,Health,Central,Credit Card,0,0
3026,1887,2025-09-23,450.84,Electronics,South,Debit Card,10,0
3027,2942,2024-04-17,141.86,Food & Beverage,North,Wallet,0,0
3028,2142,2025-09-19,382.21,Electronics,South,Debit Card,0,0
3029,2301,2023-10-02,102.36,Sports,South,Net Banking,0,0
3030,1726,2025-11-09,143.81,Health,Central,Wallet,0,0
3031,2244,2024-05-04,141.6,Apparel,North,Wallet,15,0
3032,2929,2023-11-22,126.66,Home & Garden,South,UPI,5,0
3033,2050,2024-06-12,115.22,Sports,East,Net Banking,15,0
3034,1521,2025-06-10,800.46,Food & Beverage,East,Net Banking,5,1
3035,2807,2023-03-30,208.04,Software,North,UPI,20,0
3036,1010,2024-04-30,52.62,Sports,South,Credit Card,0,0
3037,1984,2024-12-08,1498.34,Food & Beverage,West,UPI,20,0
3038,1378,2023-12-16,57.26,Health,West,Net Banking,5,0
3039,2657,2026-01-12,89.45,Sports,North,Wallet,15,0
3040,2661,2024-01-22,33.22,Food & Beverage,North,Credit Card,0,0
3041,1682,2023-03-28,212.84,Home & Garden,West,Net Banking,5,0
3042,1584,2023-11-03,684.22,Books,South,Net Banking,15,0
3043,1152,2026-03-23,15.04,Sports,South,UPI,5,0
3044,1720,2024-03-15,64.53,Health,Central,Debit Card,5,0
3045,2073,2025-01-09,343.76,Food & Beverage,North,Net Banking,20,0
3046,2178,2023-09-21,25.25,Health,South,Debit Card,0,0
3047,1859,2025-09-03,179.34,Food & Beverage,West,Credit Card,5,0
3048,2317,2025-01-04,18.88,Apparel,West,Wallet,20,0
3049,2604,2024-02-25,146.87,Health,East,Debit Card,20,0
3050,1050,2024-05-07,98.83,Travel,South,Debit Card,0,0
3051,1664,2024-09-24,4822.75,Health,Central,Debit Card,20,0
3052,1531,2025-09-19,219.94,Sports,Central,Debit Card,0,0
3053,2636,2024-02-15,6.64,Sports,North,Debit Card,20,0
3054,2084,2023-06-22,82.29,Books,East,Credit Card,0,0
3055,2191,2023-01-04,242.05,Software,West,Net Banking,10,1
3056,2226,2025-05-03,54.83,Books,West,Wallet,0,0
3057,1857,2025-09-12,52.05,Apparel,North,Net Banking,15,0
3058,1146,2026-02-07,55.19,Books,Central,Credit Card,5,0
3059,1915,2025-11-26,173.57,Home & Garden,Central,Credit Card,20,0
3060,2700,2024-08-05,19.96,Travel,West,Debit Card,10,0
3061,2994,2025-11-20,45.89,Apparel,North,Credit Card,20,0
3062,1993,2024-01-16,310.93,Sports,South,Credit Card,10,0
3063,2463,2025-10-31,50.18,Books,East,Debit Card,15,0
3064,1242,2023-12-10,46.7,Sports,Central,Credit Card,15,0
3065,1581,2023-06-15,17.26,Books,Central,Credit Card,0,1
3066,1687,2024-11-30,195.41,Sports,Central,Credit Card,10,0
3067,2585,2023-12-08,149.98,Home & Garden,South,UPI,20,0
3068,1483,2025-11-08,289.12,Electronics,South,Net Banking,20,0
3069,2132,2025-09-06,78.61,Sports,East,UPI,0,0
3070,2250,2026-04-22,131.49,Software,Central,Net Banking,0,0
3071,1673,2024-06-28,130.17,Electronics,West,Debit Card,10,0
3072,1631,2025-10-30,16.28,Health,Central,Debit Card,15,0
3073,1661,2023-07-11,1516.46,Home & Garden,East,Net Banking,0,0
3074,1662,2023-11-16,291.1,Travel,East,Net Banking,0,0
3075,2456,2024-08-02,98.97,Food & Beverage,West,Wallet,15,0
3076,1805,2024-04-19,68.78,Electronics,South,Net Banking,5,0
3077,2679,2024-09-28,440.87,Books,West,Net Banking,10,0
3078,1419,2024-03-02,101.0,Travel,East,Debit Card,20,0
3079,1988,2025-12-18,269.44,Home & Garden,West,Debit Card,15,0
3080,2479,2023-04-07,44.99,Sports,Central,Credit Card,20,0
3081,2184,2024-05-10,31.48,Health,East,Credit Card,5,0
3082,2547,2024-10-22,74.14,Food & Beverage,South,Debit Card,0,0
3083,1650,2023-01-09,91.17,Health,South,Credit Card,5,0
3084,1969,2024-04-01,149.64,Software,West,UPI,30,0
3085,1590,2023-09-30,523.36,Software,West,UPI,0,0
3086,2101,2025-07-28,341.87,Apparel,West,Credit Card,5,0
3087,1509,2025-10-28,437.73,Home & Garden,Central,Credit Card,15,0
3088,1441,2023-07-27,37.37,Sports,South,Net Banking,0,0
3089,2278,2026-02-20,63.19,Food & Beverage,East,Net Banking,15,0
3090,1921,2025-11-22,287.61,Books,East,UPI,0,0
3091,1770,2023-07-23,386.81,Food & Beverage,South,UPI,0,0
3092,2344,2024-06-01,219.25,Travel,West,Net Banking,10,0
3093,2827,2024-05-31,45.82,Apparel,North,Net Banking,0,0
3094,1263,2024-03-18,25.79,Food & Beverage,West,Net Banking,10,0
3095,2621,2024-11-19,119.05,Software,South,Credit Card,25,0
3096,2682,2025-04-29,30.87,Books,Central,Debit Card,5,0
3097,2859,2025-04-12,156.46,Electronics,West,UPI,25,0
3098,2578,2023-12-05,403.76,Travel,East,Wallet,25,0
3099,2398,2026-03-05,112.95,Sports,Central,Net Banking,0,0
3100,1637,2024-01-22,18.78,Travel,South,Credit Card,5,0
3101,2191,2025-11-14,48.85,Sports,North,UPI,30,0
3102,2961,2024-05-20,254.07,Travel,West,Net Banking,0,0
3103,2777,2024-11-10,158.97,Software,Central,Credit Card,5,1
3104,1459,2024-11-20,174.98,Books,Central,UPI,5,0
3105,1999,2025-06-03,752.01,Books,East,UPI,20,0
3106,2304,2026-01-23,136.85,Apparel,West,Wallet,0,0
3107,1700,2024-09-14,131.77,Software,North,Wallet,0,0
3108,1302,2026-03-15,251.64,Sports,Central,UPI,0,0
3109,2555,2025-06-11,22.03,Home & Garden,East,Credit Card,0,0
3110,2604,2025-08-10,52.77,Apparel,West,Net Banking,0,0
3111,2242,2026-06-08,37.11,Home & Garden,West,Net Banking,5,0
3112,2126,2025-02-22,197.53,Sports,North,UPI,15,0
3113,1554,2024-05-09,29.88,Software,East,Net Banking,0,0
3114,1288,2025-11-27,177.0,Food & Beverage,North,Wallet,5,0
3115,2191,2025-01-16,69.4,Books,Central,Net Banking,15,0
3116,1621,2024-03-12,58.71,Software,South,Debit Card,5,1
3117,2006,2023-12-11,268.86,Travel,South,Wallet,10,0
3118,1036,2026-03-29,18.2,Food & Beverage,North,Wallet,5,0
3119,1744,2024-07-03,50.08,Home & Garden,North,UPI,15,0
3120,2765,2025-03-30,3027.29,Health,South,UPI,0,0
3121,1353,2024-06-24,829.23,Food & Beverage,Central,Net Banking,30,0
3122,2700,2023-05-24,10.2,Travel,North,Net Banking,20,0
3123,2923,2024-08-10,48.96,Food & Beverage,Central,UPI,5,0
3124,1073,2024-10-18,97.06,Sports,Central,Credit Card,5,0
3125,1648,2023-12-11,16.55,Health,East,Net Banking,20,0
3126,2377,2024-11-26,1013.98,Health,Central,Credit Card,5,0
3127,2915,2023-09-25,93.27,Travel,West,Wallet,5,0
3128,2094,2023-06-18,72.02,Apparel,South,Debit Card,15,0
3129,1425,2023-02-02,142.21,Food & Beverage,South,Credit Card,0,0
3130,1999,2024-01-12,139.51,Home & Garden,North,Net Banking,5,0
3131,1708,2026-05-22,32.29,Travel,North,UPI,0,0
3132,2805,2024-01-28,436.31,Sports,East,UPI,0,0
3133,1561,2024-05-03,109.34,Sports,East,Debit Card,5,0
3134,1828,2024-12-22,432.9,Apparel,West,Debit Card,0,0
3135,2666,2025-08-03,45.12,Food & Beverage,North,Wallet,0,0
3136,1956,2025-11-18,10.43,Food & Beverage,South,Credit Card,5,0
3137,1517,2023-02-08,505.1,Electronics,West,Debit Card,0,0
3138,1428,2026-04-11,218.87,Travel,North,Wallet,0,0
3139,2563,2025-11-06,365.72,Home & Garden,West,Wallet,0,0
3140,1160,2025-12-15,393.74,Electronics,Central,Wallet,5,0
3141,1149,2023-08-14,92.12,Electronics,Central,Net Banking,0,0
3142,1776,2023-03-08,57.96,Electronics,West,Debit Card,10,0
3143,2254,2026-05-05,80.64,Books,North,UPI,5,0
3144,2736,2025-04-14,174.46,Books,Central,Wallet,0,0
3145,2586,2025-11-12,125.52,Electronics,Central,UPI,0,0
3146,1067,2025-09-25,10.02,Books,West,Net Banking,25,0
3147,2014,2023-08-25,78.09,Health,Central,Credit Card,0,0
3148,2836,2025-08-14,491.11,Books,South,Net Banking,15,0
3149,1381,2025-07-07,89.88,Software,Central,Net Banking,0,0
3150,1058,2026-03-07,1299.13,Sports,West,Debit Card,0,0
3151,2283,2024-04-17,28.41,Software,Central,Wallet,0,0
3152,1342,2024-07-06,136.76,Travel,Central,Net Banking,10,0
3153,2862,2024-11-25,27.59,Electronics,East,Wallet,5,0
3154,2154,2026-06-06,32.24,Sports,West,UPI,15,0
3155,1727,2023-11-13,32.61,Health,West,Credit Card,25,0
3156,2196,2024-08-20,1276.17,Electronics,East,Credit Card,5,0
3157,1770,2025-02-06,66.51,Travel,East,UPI,30,0
3158,1614,2025-06-04,38.74,Apparel,South,Debit Card,0,0
3159,2233,2024-07-14,89.73,Travel,Central,UPI,0,0
3160,2827,2026-05-09,68.93,Sports,North,UPI,20,0
3161,1354,2023-09-15,238.35,Travel,North,Debit Card,10,0
3162,2495,2026-04-16,7.79,Electronics,East,Debit Card,5,0
3163,2822,2025-01-26,28.63,Books,West,Net Banking,5,0
3164,1116,2023-05-03,248.59,Software,West,Wallet,0,0
3165,2288,2023-12-08,50.08,Health,South,Credit Card,0,0
3166,1662,2026-04-09,36.38,Home & Garden,North,Debit Card,0,0
3167,2836,2025-12-18,34.48,Sports,West,Debit Card,0,0
3168,2466,2023-09-17,214.51,Health,South,Net Banking,0,0
3169,2572,2023-04-05,203.56,Food & Beverage,South,Net Banking,0,0
3170,1453,2026-02-22,284.05,Sports,East,Wallet,10,0
3171,2869,2023-02-10,22.3,Home & Garden,North,Debit Card,0,0
3172,2501,2023-09-11,20.78,Apparel,South,Debit Card,5,0
3173,1287,2023-01-07,352.42,Software,South,Net Banking,0,0
3174,2327,2024-12-28,115.14,Home & Garden,South,UPI,0,0
3175,2017,2023-03-10,43.5,Health,North,Wallet,25,0
3176,1311,2026-01-09,74.55,Electronics,East,Debit Card,0,0
3177,1208,2024-06-25,20.47,Travel,Central,Credit Card,20,0
3178,1618,2023-03-30,47.68,Electronics,West,Credit Card,15,1
3179,1446,2026-05-16,108.97,Apparel,North,Net Banking,25,0
3180,1670,2023-08-01,137.74,Electronics,North,Credit Card,15,1
3181,1633,2025-04-13,81.05,Sports,North,Net Banking,20,0
3182,1055,2023-09-23,71.69,Apparel,Central,UPI,0,0
3183,1912,2025-06-30,217.0,Electronics,West,Net Banking,20,0
3184,2036,2023-10-20,79.71,Electronics,West,Debit Card,5,0
3185,1657,2026-05-15,52.64,Apparel,South,Credit Card,0,0
3186,2424,2023-11-29,36.06,Food & Beverage,South,Debit Card,0,0
3187,2932,2026-01-05,10.79,Apparel,East,Credit Card,0,0
3188,2672,2025-10-01,196.35,Apparel,North,Credit Card,10,0
3189,1980,2023-02-16,521.29,Travel,East,Net Banking,15,0
3190,1515,2024-09-13,33.39,Books,North,Wallet,0,1
3191,2680,2026-05-08,19.61,Travel,West,Credit Card,0,0
3192,2566,2024-03-02,42.64,Travel,East,Credit Card,0,0
3193,1237,2023-07-29,127.57,Apparel,West,Wallet,0,0
3194,2303,2025-06-06,49.09,Health,South,Debit Card,0,0
3195,1348,2023-06-03,48.08,Software,West,Credit Card,0,0
3196,1627,2024-02-19,81.49,Travel,Central,Net Banking,10,0
3197,2128,2026-03-26,101.59,Software,East,Wallet,5,0
3198,1630,2026-01-05,140.04,Travel,North,Wallet,0,0
3199,2541,2025-02-07,63.17,Sports,West,Credit Card,20,0
3200,2896,2025-09-09,61.83,Health,East,Debit Card,0,0
3201,2272,2026-02-28,8.97,Software,North,Debit Card,10,0
3202,1364,2024-08-01,276.67,Software,East,UPI,0,0
3203,1321,2025-01-09,121.86,Sports,East,UPI,10,0
3204,2657,2023-06-12,551.85,Health,Central,Net Banking,0,0
3205,1286,2025-11-04,166.22,Food & Beverage,West,Credit Card,10,0
3206,1149,2026-06-09,82.41,Home & Garden,Central,Debit Card,10,0
3207,2108,2023-07-14,15.13,Food & Beverage,South,UPI,5,0
3208,2990,2024-06-25,12.67,Travel,East,Credit Card,0,0
3209,1406,2023-12-25,316.72,Apparel,West,Credit Card,5,0
3210,1978,2025-04-29,176.59,Home & Garden,South,Debit Card,20,0
3211,1456,2024-03-02,522.42,Travel,South,Credit Card,0,0
3212,2767,2024-05-11,275.2,Sports,Central,Wallet,15,0
3213,1800,2025-04-07,57.66,Sports,South,UPI,0,0
3214,2185,2024-04-30,5.7,Apparel,North,Net Banking,0,0
3215,2013,2023-11-26,185.94,Electronics,North,UPI,10,0
3216,1784,2025-06-07,26.59,Health,North,Credit Card,10,0
3217,1460,2025-09-17,72.16,Sports,South,Wallet,10,0
3218,2574,2026-03-16,147.6,Food & Beverage,East,UPI,30,0
3219,2524,2023-09-16,42.23,Travel,West,Debit Card,30,0
3220,1738,2023-10-19,33.44,Health,North,Wallet,25,0
3221,1509,2023-05-23,62.26,Health,North,UPI,5,1
3222,2678,2025-01-16,7.73,Food & Beverage,North,Credit Card,0,0
3223,2828,2024-09-18,26.04,Sports,Central,Debit Card,0,1
3224,1481,2023-03-31,25.59,Sports,Central,Credit Card,10,0
3225,2687,2024-12-20,67.83,Software,North,Credit Card,5,0
3226,1114,2026-04-02,28.89,Books,North,Debit Card,30,0
3227,1749,2024-04-25,48.47,Software,Central,Wallet,5,0
3228,2602,2023-03-25,52.78,Software,West,UPI,0,0
3229,1361,2026-01-05,1156.58,Sports,East,Wallet,10,1
3230,1341,2024-11-03,226.67,Apparel,West,Debit Card,0,0
3231,1770,2024-05-31,77.91,Apparel,East,UPI,0,0
3232,1761,2024-04-29,154.3,Software,South,Debit Card,10,0
3233,1969,2025-02-20,271.74,Software,South,Net Banking,0,0
3234,1449,2023-04-14,127.14,Home & Garden,West,Net Banking,15,0
3235,2867,2023-12-05,26.03,Books,Central,Wallet,0,0
3236,1835,2024-11-17,76.37,Books,North,Debit Card,10,0
3237,2204,2025-06-18,27.91,Apparel,South,UPI,10,1
3238,2726,2024-08-29,60.65,Apparel,Central,Wallet,15,0
3239,2431,2023-08-11,74.39,Electronics,Central,Net Banking,20,0
3240,2690,2025-10-29,318.33,Apparel,East,Net Banking,0,0
3241,2220,2025-12-12,34.71,Health,South,Net Banking,15,0
3242,2490,2026-01-05,31.53,Electronics,West,Wallet,0,0
3243,1311,2024-05-17,38.08,Electronics,Central,UPI,20,0
3244,1262,2025-04-01,43.35,Software,West,Net Banking,20,0
3245,2443,2024-09-15,61.45,Apparel,West,Wallet,15,1
3246,1406,2023-06-14,133.65,Sports,South,Wallet,0,0
3247,2963,2025-11-16,35.09,Home & Garden,West,Credit Card,0,0
3248,1143,2025-12-29,103.32,Sports,West,Credit Card,5,0
3249,1342,2026-05-26,104.87,Health,North,UPI,0,0
3250,2340,2026-02-21,174.93,Apparel,West,Net Banking,5,0
3251,2125,2023-01-19,69.9,Apparel,North,Credit Card,0,0
3252,1244,2025-11-11,244.33,Software,South,UPI,0,0
3253,1490,2025-09-15,140.17,Food & Beverage,West,Credit Card,20,0
3254,1012,2024-03-25,132.82,Health,Central,Net Banking,20,0
3255,2263,2024-07-05,46.49,Books,West,Wallet,20,1
3256,1561,2025-12-07,125.15,Books,North,Net Banking,0,0
3257,1042,2024-11-25,137.38,Sports,Central,Credit Card,5,1
3258,1678,2024-08-09,43.94,Travel,South,Net Banking,0,0
3259,1594,2024-12-21,377.34,Health,East,Wallet,10,0
3260,2453,2026-04-21,2096.88,Apparel,East,Debit Card,20,0
3261,2827,2023-04-17,40.91,Apparel,North,Wallet,10,0
3262,2182,2026-04-26,51.2,Food & Beverage,South,Credit Card,5,0
3263,2240,2025-02-14,52.77,Electronics,South,Wallet,15,0
3264,2694,2026-01-14,18.7,Health,West,UPI,0,0
3265,2486,2026-03-06,31.45,Travel,East,Net Banking,0,0
3266,1134,2025-06-16,251.81,Travel,West,Debit Card,0,1
3267,2091,2023-12-02,81.58,Home & Garden,South,Debit Card,5,0
3268,2872,2024-08-29,900.38,Health,North,Net Banking,30,0
3269,2031,2025-04-17,,Electronics,North,Net Banking,20,0
3270,1948,2024-08-24,148.36,Home & Garden,Central,UPI,0,1
3271,2550,2024-02-07,30.41,Food & Beverage,North,Wallet,0,0
3272,1073,2024-06-23,78.87,Software,East,Debit Card,5,1
3273,1399,2025-12-31,100.02,Books,Central,Credit Card,30,1
3274,2429,2023-01-24,7.21,Books,East,Net Banking,0,1
3275,2699,2024-09-15,33.45,Software,West,Net Banking,30,0
3276,1578,2025-12-15,193.08,Software,West,Debit Card,0,0
3277,1859,2025-09-12,181.13,Food & Beverage,North,Net Banking,20,0
3278,1130,2023-08-11,20.12,Books,Central,Debit Card,20,0
3279,1931,2023-06-28,58.37,Apparel,East,Credit Card,20,1
3280,2490,2025-03-10,5.24,Travel,East,Credit Card,20,0
3281,2230,2024-03-09,89.65,Travel,South,Debit Card,0,0
3282,2812,2025-03-03,408.45,Health,North,Net Banking,15,0
3283,2792,2025-06-02,430.24,Travel,West,UPI,10,0
3284,1266,2024-05-06,412.27,Home & Garden,South,UPI,20,0
3285,2561,2026-04-27,,Home & Garden,West,Wallet,5,0
3286,2986,2025-03-20,361.35,Apparel,West,UPI,5,0
3287,1793,2025-08-18,71.73,Electronics,East,Net Banking,15,0
3288,1253,2024-02-24,48.12,Home & Garden,West,UPI,0,0
3289,1822,2026-06-26,353.8,Home & Garden,Central,Wallet,20,0
3290,2313,2024-10-10,127.25,Health,West,Credit Card,0,0
3291,1164,2026-04-02,10.44,Software,Central,Debit Card,0,0
3292,1095,2024-04-20,387.57,Electronics,West,UPI,10,1
3293,2806,2023-06-19,69.14,Travel,South,Debit Card,20,1
3294,1833,2023-06-23,40.43,Electronics,East,Debit Card,10,0
3295,2134,2024-04-14,291.4,Home & Garden,South,Credit Card,30,0
3296,1336,2023-12-11,247.86,Sports,East,Wallet,0,0
3297,1822,2024-03-20,28.55,Travel,South,Net Banking,0,0
3298,1238,2025-11-07,74.55,Electronics,North,Net Banking,0,0
3299,1381,2025-12-29,30.26,Apparel,West,Net Banking,0,0
3300,2460,2024-09-19,31.24,Books,West,Wallet,0,0
3301,1899,2024-08-14,2.48,Food & Beverage,North,Wallet,0,0
3302,1483,2024-06-10,26.66,Books,North,Wallet,5,0
3303,2961,2024-03-31,73.3,Home & Garden,Central,UPI,20,0
3304,1902,2025-03-21,3.0,Health,South,Debit Card,15,0
3305,2049,2023-07-07,17.35,Electronics,West,Wallet,5,0
3306,2677,2025-10-17,186.51,Apparel,Central,Wallet,0,0
3307,2141,2024-12-11,16.53,Software,West,UPI,0,0
3308,1482,2024-06-12,74.54,Sports,North,Debit Card,0,0
3309,2416,2024-03-09,12.38,Travel,Central,Net Banking,0,1
3310,1917,2023-10-15,,Software,Central,Credit Card,0,0
3311,1994,2024-05-13,60.89,Health,Central,Wallet,0,0
3312,1964,2023-10-30,29.93,Electronics,South,Wallet,30,0
3313,1537,2023-03-28,3.77,Books,Central,Credit Card,5,0
3314,2103,2025-04-09,30.8,Food & Beverage,West,Wallet,0,0
3315,2604,2024-03-13,199.87,Travel,South,Wallet,5,0
3316,2197,2024-06-24,578.29,Travel,West,Wallet,0,0
3317,2980,2025-11-11,69.19,Software,Central,Credit Card,0,0
3318,2036,2025-04-12,79.83,Software,Central,UPI,0,0
3319,2824,2025-03-07,39.93,Sports,West,UPI,0,0
3320,1128,2024-07-13,393.52,Food & Beverage,East,Credit Card,5,0
3321,2632,2025-01-31,67.44,Home & Garden,Central,UPI,5,0
3322,1092,2024-04-11,263.08,Electronics,Central,Net Banking,0,0
3323,2677,2026-01-29,121.25,Food & Beverage,South,Net Banking,20,0
3324,1543,2024-11-05,104.32,Electronics,West,Credit Card,0,0
3325,1846,2024-11-15,26.46,Software,Central,Debit Card,15,0
3326,2556,2026-03-10,764.42,Food & Beverage,West,Wallet,0,0
3327,2682,2023-05-18,522.76,Electronics,South,Debit Card,0,0
3328,1989,2024-07-31,1378.89,Home & Garden,West,Wallet,0,0
3329,2852,2024-12-10,24.06,Electronics,West,UPI,0,0
3330,1447,2023-08-16,123.57,Apparel,South,UPI,30,1
3331,1390,2023-10-08,34.74,Food & Beverage,Central,Net Banking,0,0
3332,1672,2024-11-14,153.3,Health,West,Debit Card,5,0
3333,2885,2025-04-07,127.83,Electronics,East,Credit Card,15,0
3334,1043,2024-03-06,54.77,Books,Central,Wallet,0,0
3335,1254,2025-11-29,68.42,Food & Beverage,South,UPI,0,0
3336,2154,2026-05-19,1106.46,Sports,North,Wallet,15,0
3337,2084,2023-10-29,76.53,Food & Beverage,East,Credit Card,0,0
3338,1663,2026-01-14,6.4,Books,Central,Wallet,20,0
3339,1467,2024-06-16,47.31,Health,South,Net Banking,5,0
3340,1287,2025-02-07,24.18,Sports,East,Credit Card,10,1
3341,2011,2024-03-19,29.85,Electronics,Central,Credit Card,30,0
3342,2541,2025-11-22,210.86,Apparel,North,Wallet,20,0
3343,2491,2023-09-17,262.2,Food & Beverage,Central,Wallet,15,0
3344,2954,2026-06-11,32.73,Apparel,North,UPI,5,0
3345,1778,2025-01-08,46.49,Books,North,Wallet,0,0
3346,1345,2025-03-06,38.95,Sports,West,Credit Card,20,0
3347,1642,2023-03-11,556.53,Health,South,Wallet,0,0
3348,1382,2025-09-09,271.77,Sports,West,UPI,20,0
3349,2803,2024-04-25,202.82,Health,North,Debit Card,15,0
3350,1690,2026-03-13,26.09,Travel,South,Net Banking,20,0
3351,2277,2023-01-24,11.58,Health,South,Credit Card,0,0
3352,2951,2025-08-22,394.09,Apparel,South,UPI,0,0
3353,2080,2025-01-15,900.27,Electronics,East,Net Banking,15,0
3354,2487,2025-04-24,10.94,Books,Central,Wallet,30,0
3355,1457,2026-04-13,1325.82,Health,North,Wallet,20,0
3356,1983,2023-11-21,79.26,Electronics,South,Debit Card,20,0
3357,1083,2025-03-08,110.15,Travel,East,Wallet,10,0
3358,2929,2023-01-18,18.51,Home & Garden,East,Net Banking,0,0
3359,2123,2023-02-13,10.7,Health,North,UPI,20,0
3360,1149,2023-06-04,5.95,Home & Garden,West,Debit Card,0,0
3361,2353,2025-05-16,310.13,Sports,East,Net Banking,0,0
3362,2180,2025-07-10,81.51,Travel,North,UPI,15,1
3363,1190,2025-01-12,156.48,Apparel,East,Net Banking,15,1
3364,2518,2023-08-13,350.63,Food & Beverage,North,Wallet,0,0
3365,1883,2023-08-05,80.24,Software,South,Net Banking,0,0
3366,1263,2023-01-31,683.59,Software,West,Debit Card,20,0
3367,2104,2025-12-18,33.43,Books,East,Net Banking,25,0
3368,1400,2025-06-16,54.54,Home & Garden,East,Credit Card,0,0
3369,1764,2025-07-23,30.47,Food & Beverage,East,Wallet,15,0
3370,1609,2024-03-20,245.33,Software,Central,Net Banking,5,0
3371,2284,2026-06-12,342.5,Food & Beverage,Central,UPI,0,0
3372,2796,2026-02-04,52.27,Sports,South,Wallet,20,0
3373,2639,2026-04-29,16.92,Books,East,UPI,5,0
3374,2576,2024-06-13,394.15,Health,West,Debit Card,10,0
3375,1785,2025-01-07,31.28,Home & Garden,Central,Credit Card,10,0
3376,1101,2025-05-23,55.51,Software,North,Net Banking,10,1
3377,2383,2024-07-19,24.83,Electronics,North,Wallet,5,0
3378,2404,2026-06-22,127.1,Travel,North,Net Banking,5,1
3379,1820,2023-03-17,35.73,Books,South,Net Banking,20,0
3380,2245,2024-06-30,208.87,Software,East,Wallet,0,0
3381,1820,2023-09-24,45.98,Apparel,East,Credit Card,15,0
3382,1420,2023-11-13,171.64,Electronics,Central,Credit Card,0,0
3383,1124,2026-02-18,29.68,Health,North,Debit Card,0,0
3384,1422,2023-01-25,392.1,Software,South,Wallet,25,0
3385,2255,2023-06-09,49.41,Books,West,Wallet,5,0
3386,2714,2024-08-18,100.29,Sports,East,UPI,10,0
3387,2087,2026-02-11,21.64,Sports,East,UPI,15,1
3388,2509,2025-06-18,88.3,Travel,South,UPI,15,0
3389,2652,2024-05-16,22.62,Electronics,Central,Credit Card,0,0
3390,2727,2026-04-04,85.4,Electronics,South,Debit Card,10,1
3391,2598,2025-10-09,28.39,Travel,Central,Debit Card,15,0
3392,1768,2024-12-03,74.71,Apparel,East,Net Banking,0,0
3393,1483,2026-04-13,157.45,Food & Beverage,Central,Debit Card,0,0
3394,1519,2023-01-01,17.34,Apparel,Central,UPI,0,0
3395,1155,2025-01-10,85.44,Books,Central,Wallet,0,0
3396,1092,2026-01-14,146.93,Home & Garden,Central,Net Banking,15,0
3397,1982,2023-11-16,146.19,Health,North,Credit Card,10,0
3398,2550,2024-01-17,899.7,Software,North,Debit Card,5,1
3399,1455,2026-06-27,36.84,Apparel,North,Wallet,0,0
3400,2765,2025-06-16,89.71,Health,North,UPI,0,0
3401,1598,2024-12-17,733.09,Travel,South,Credit Card,5,0
3402,2669,2023-11-03,17.32,Travel,West,Credit Card,20,0
3403,1510,2026-03-13,5.71,Health,Central,Debit Card,15,0
3404,2207,2024-01-26,171.17,Sports,South,Wallet,20,0
3405,1386,2026-04-07,314.78,Sports,North,UPI,10,0
3406,2598,2025-09-16,7.16,Software,Central,UPI,0,1
3407,2755,2023-10-25,61.33,Software,West,UPI,0,0
3408,1405,2023-08-21,26.54,Books,Central,UPI,25,0
3409,1246,2023-09-28,130.53,Health,East,Debit Card,5,0
3410,1742,2025-12-19,86.43,Health,East,Debit Card,20,0
3411,2615,2026-06-12,433.0,Software,South,Wallet,15,0
3412,1661,2024-11-07,17.92,Health,West,Net Banking,20,0
3413,1650,2024-12-06,143.06,Travel,South,Debit Card,0,0
3414,2495,2023-08-22,189.79,Health,Central,UPI,10,0
3415,2850,2025-04-24,95.62,Sports,West,Wallet,15,0
3416,2912,2026-06-09,8.1,Apparel,South,UPI,10,0
3417,2447,2024-05-05,148.21,Home & Garden,Central,Debit Card,20,1
3418,1901,2024-05-17,37.46,Health,North,Wallet,30,0
3419,1065,2025-06-08,11.11,Software,Central,UPI,0,1
3420,2037,2024-08-14,140.2,Apparel,South,Net Banking,5,0
3421,1213,2025-01-15,226.02,Health,West,Credit Card,15,0
3422,1242,2024-03-03,43.01,Sports,West,Credit Card,15,0
3423,1493,2024-11-27,244.84,Health,North,UPI,5,0
3424,2237,2024-10-07,247.81,Books,South,Credit Card,20,0
3425,2717,2025-01-01,88.15,Health,North,Net Banking,10,0
3426,1338,2025-03-10,184.12,Food & Beverage,East,Net Banking,5,0
3427,1173,2023-12-30,290.51,Apparel,Central,UPI,0,0
3428,1672,2023-07-21,169.03,Health,East,Net Banking,0,0
3429,1164,2025-05-31,5.79,Books,East,Credit Card,30,0
3430,1465,2023-05-26,4.37,Software,North,UPI,25,0
3431,1995,2025-04-15,-88.645,Electronics,North,Credit Card,10,0
3432,1497,2024-09-30,39.41,Electronics,Central,Net Banking,20,0
3433,1700,2023-05-15,49.64,Apparel,North,Net Banking,0,0
3434,1395,2024-09-17,869.56,Travel,North,Wallet,0,0
3435,1703,2023-03-05,37.32,Software,North,Debit Card,20,0
3436,2941,2024-05-05,76.24,Health,North,Debit Card,5,0
3437,1308,2023-02-10,91.37,Electronics,North,UPI,10,0
3438,2792,2025-10-23,69.72,Health,East,Credit Card,20,0
3439,1183,2025-07-01,451.65,Travel,East,Debit Card,5,0
3440,1629,2025-09-01,57.42,Health,Central,UPI,5,0
3441,2818,2026-02-07,213.41,Books,West,Net Banking,0,0
3442,1510,2026-05-29,97.94,Health,Central,Debit Card,30,1
3443,2732,2024-01-03,287.24,Apparel,South,Credit Card,30,0
3444,1546,2025-07-06,17.35,Software,Central,Wallet,0,0
3445,2588,2025-10-24,6.02,Apparel,Central,Wallet,20,0
3446,1624,2023-09-01,93.29,Apparel,North,Debit Card,15,0
3447,2788,2025-06-20,32.56,Books,North,Wallet,0,0
3448,1594,2023-06-15,522.1,Travel,North,UPI,0,0
3449,1744,2025-11-15,81.48,Food & Beverage,West,Credit Card,0,0
3450,2251,2025-11-06,117.18,Software,North,Net Banking,0,0
3451,2769,2024-12-28,62.25,Food & Beverage,South,Credit Card,10,0
3452,2757,2026-01-20,41.2,Books,East,Net Banking,5,1
3453,2460,2024-04-27,96.45,Electronics,South,Wallet,30,0
3454,2949,2024-06-26,304.2,Travel,West,UPI,0,0
3455,2446,2026-05-13,61.86,Home & Garden,North,Net Banking,15,0
3456,1554,2025-07-19,56.86,Apparel,Central,Wallet,0,0
3457,1021,2024-02-04,236.46,Health,East,Net Banking,0,0
3458,1554,2026-05-15,11.92,Apparel,West,Debit Card,20,0
3459,1397,2024-09-10,374.72,Electronics,South,Credit Card,5,1
3460,1625,2026-03-15,34.21,Apparel,North,UPI,25,0
3461,1105,2025-05-28,279.63,Food & Beverage,West,Wallet,25,0
3462,1192,2023-04-11,128.07,Apparel,West,UPI,20,0
3463,1017,2025-05-29,7.38,Electronics,Central,Credit Card,0,0
3464,2144,2025-04-09,91.31,Electronics,Central,Net Banking,30,0
3465,1393,2026-06-18,435.78,Sports,Central,Net Banking,0,0
3466,1425,2025-01-28,62.54,Travel,South,UPI,25,0
3467,1129,2023-06-12,69.82,Food & Beverage,Central,Net Banking,10,0
3468,2154,2026-04-11,35.84,Sports,West,Net Banking,0,0
3469,1572,2024-05-16,377.89,Food & Beverage,West,Net Banking,15,0
3470,2584,2024-06-30,51.65,Food & Beverage,West,Debit Card,5,0
3471,1029,2024-01-16,772.66,Software,East,Wallet,15,0
3472,2121,2025-05-19,360.11,Sports,East,Wallet,5,0
3473,2034,2025-06-23,445.11,Food & Beverage,South,Credit Card,0,0
3474,1242,2026-04-01,99.11,Electronics,Central,Net Banking,0,0
3475,2850,2025-09-28,50.22,Health,West,UPI,0,0
3476,2980,2024-08-31,159.83,Health,Central,Net Banking,5,0
3477,1232,2023-11-03,579.63,Electronics,West,Credit Card,0,0
3478,1789,2023-02-24,755.88,Travel,East,Net Banking,10,1
3479,2308,2025-09-09,9.69,Books,West,Debit Card,0,0
3480,1715,2023-11-29,2311.74,Software,South,Credit Card,10,0
3481,1759,2023-05-07,121.82,Travel,North,Wallet,5,0
3482,1802,2024-12-05,229.28,Home & Garden,West,Wallet,20,0
3483,1776,2023-08-31,30.74,Electronics,South,Debit Card,20,0
3484,2979,2024-08-22,28.3,Home & Garden,East,Wallet,30,0
3485,1726,2024-05-17,16.01,Apparel,East,Debit Card,0,0
3486,1200,2024-08-26,695.33,Apparel,North,Wallet,0,0
3487,1945,2023-10-30,39.42,Sports,Central,Wallet,5,0
3488,1079,2023-08-23,,Apparel,Central,Net Banking,20,0
3489,2937,2025-11-27,,Travel,West,Credit Card,10,0
3490,1956,2023-05-19,26.44,Books,East,Wallet,0,0
3491,2879,2023-07-14,70.9,Electronics,South,Credit Card,15,1
3492,1856,2024-10-08,100.03,Food & Beverage,North,Credit Card,15,0
3493,2197,2023-01-01,402.84,Health,Central,Wallet,15,1
3494,1467,2024-07-14,25.26,Electronics,West,Credit Card,5,0
3495,1581,2026-01-24,44.69,Home & Garden,West,Debit Card,5,0
3496,2440,2024-12-13,174.19,Software,East,UPI,10,0
3497,1940,2024-02-17,95.06,Health,South,Debit Card,10,0
3498,1449,2024-06-21,97.18,Sports,South,Wallet,0,0
3499,1087,2024-03-04,28.07,Food & Beverage,Central,Debit Card,0,1
3500,1101,2023-08-23,229.1,Food & Beverage,West,UPI,0,0
3501,2032,2023-12-15,490.95,Home & Garden,East,Debit Card,20,0
3502,1845,2024-01-31,439.4,Apparel,South,Credit Card,5,0
3503,2224,2024-02-20,71.35,Books,West,Wallet,25,0
3504,2529,2025-07-04,4.06,Travel,South,Credit Card,15,0
3505,1087,2025-12-10,119.16,Home & Garden,North,Credit Card,20,0
3506,1043,2023-03-22,101.53,Books,South,Wallet,0,0
3507,2409,2023-02-05,26.53,Home & Garden,South,Wallet,0,0
3508,2645,2025-12-26,33.58,Health,West,Net Banking,0,0
3509,2459,2024-10-02,27.26,Food & Beverage,South,UPI,10,0
3510,1408,2025-05-31,125.14,Food & Beverage,South,Credit Card,5,0
3511,2507,2025-01-26,33.55,Electronics,North,Credit Card,0,0
3512,1664,2024-09-14,109.74,Apparel,South,Wallet,15,0
3513,2041,2024-04-12,1559.08,Food & Beverage,South,Wallet,5,0
3514,2669,2026-03-11,72.02,Travel,West,Debit Card,15,0
3515,1148,2023-12-22,22.38,Books,East,Credit Card,25,0
3516,1277,2024-12-09,15.74,Apparel,North,Credit Card,25,0
3517,1232,2025-10-16,133.76,Books,South,Wallet,0,0
3518,2850,2025-06-20,995.73,Software,East,Credit Card,0,0
3519,2951,2024-11-03,30.51,Food & Beverage,West,UPI,5,0
3520,1366,2024-03-14,6.78,Books,North,Net Banking,0,0
3521,2252,2024-06-14,698.52,Food & Beverage,West,Wallet,0,0
3522,2675,2023-05-07,1843.66,Software,East,Wallet,30,0
3523,1436,2023-07-24,223.2,Health,North,Credit Card,30,0
3524,1399,2023-01-29,150.91,Home & Garden,South,Net Banking,0,0
3525,2235,2024-03-20,97.52,Books,East,Net Banking,20,0
3526,2415,2025-08-23,203.82,Sports,West,Wallet,0,0
3527,1499,2024-04-08,192.82,Books,North,Wallet,5,0
3528,1540,2023-05-31,126.42,Travel,East,Wallet,15,0
3529,1563,2023-08-28,28.71,Food & Beverage,East,UPI,10,0
3530,2515,2023-09-23,125.62,Sports,West,Credit Card,20,0
3531,1442,2026-02-02,79.99,Books,West,UPI,30,0
3532,2285,2025-07-01,34.38,Health,South,Wallet,0,0
3533,1773,2024-05-11,125.27,Travel,South,Net Banking,25,0
3534,1350,2024-11-15,50.23,Books,East,Credit Card,5,0
3535,2376,2023-06-07,97.64,Apparel,West,Credit Card,5,0
3536,1520,2023-06-21,155.68,Food & Beverage,East,Wallet,0,0
3537,2344,2024-05-08,184.52,Software,Central,Wallet,20,0
3538,1138,2025-08-27,51.73,Home & Garden,West,Wallet,15,0
3539,2574,2024-11-06,154.54,Health,Central,Wallet,20,0
3540,2647,2024-10-20,204.35,Travel,Central,Wallet,0,0
3541,1992,2025-06-21,289.65,Food & Beverage,West,Wallet,0,0
3542,1368,2024-10-27,129.78,Home & Garden,South,Credit Card,0,0
3543,2244,2024-01-02,186.12,Electronics,East,UPI,5,0
3544,2361,2024-07-03,54.29,Home & Garden,North,Net Banking,0,0
3545,2247,2024-10-04,1982.88,Food & Beverage,North,Wallet,0,0
3546,2672,2023-09-12,83.35,Sports,West,Net Banking,0,0
3547,2792,2023-07-27,345.65,Electronics,South,Credit Card,0,0
3548,1360,2024-03-25,50.19,Food & Beverage,South,Net Banking,5,1
3549,1921,2023-04-05,141.13,Electronics,South,Credit Card,5,1
3550,1329,2025-04-18,134.95,Travel,North,Debit Card,15,0
3551,1962,2024-04-22,169.59,Home & Garden,Central,UPI,20,0
3552,1463,2024-11-13,32.54,Home & Garden,North,Debit Card,15,0
3553,1946,2025-01-31,143.64,Electronics,South,Credit Card,20,0
3554,1963,2023-07-09,50.43,Home & Garden,North,Debit Card,0,0
3555,2585,2024-12-11,240.65,Health,North,Credit Card,5,1
3556,2828,2025-01-25,31.38,Travel,East,Debit Card,0,0
3557,2406,2025-04-15,129.94,Travel,West,Credit Card,0,0
3558,1836,2023-05-13,87.01,Home & Garden,Central,UPI,15,0
3559,2614,2023-02-24,833.71,Books,East,UPI,20,0
3560,2641,2024-05-24,344.24,Electronics,West,UPI,0,0
3561,1169,2024-10-31,467.31,Software,South,Credit Card,0,0
3562,1217,2024-02-14,35.66,Travel,East,Net Banking,10,0
3563,1378,2026-05-19,56.82,Apparel,West,Debit Card,0,0
3564,1119,2025-09-13,89.58,Electronics,East,Debit Card,15,0
3565,1190,2025-01-03,355.48,Sports,North,Debit Card,20,0
3566,1767,2026-02-12,141.36,Software,North,Debit Card,5,0
3567,1370,2023-09-16,36.63,Travel,East,UPI,25,0
3568,2802,2026-02-19,38.54,Home & Garden,East,Net Banking,0,0
3569,1149,2023-10-26,376.52,Food & Beverage,Central,Debit Card,0,0
3570,2700,2024-07-14,146.94,Software,South,Net Banking,15,0
3571,1652,2023-10-24,95.87,Travel,North,Credit Card,30,1
3572,2883,2023-12-28,86.79,Books,East,Credit Card,30,0
3573,2512,2024-08-11,263.61,Software,West,Debit Card,0,0
3574,1770,2023-05-07,25.4,Software,South,Wallet,10,1
3575,1374,2023-07-16,95.8,Home & Garden,West,UPI,0,0
3576,1781,2023-08-09,102.92,Travel,South,Debit Card,15,0
3577,2717,2025-09-21,20.18,Sports,West,UPI,15,0
3578,1160,2023-04-01,70.18,Health,North,Debit Card,20,0
3579,1351,2024-02-15,1399.44,Travel,East,UPI,5,0
3580,2936,2023-01-08,33.05,Health,East,Wallet,20,0
3581,2312,2024-06-27,104.72,Books,Central,Wallet,25,0
3582,2312,2024-04-12,7.44,Electronics,East,Credit Card,5,0
3583,1892,2023-11-16,76.2,Travel,North,Debit Card,5,0
3584,2250,2023-09-26,24.8,Books,South,Wallet,5,0
3585,1523,2026-04-29,59.02,Home & Garden,South,Wallet,5,0
3586,1522,2023-03-02,150.11,Apparel,East,Debit Card,15,0
3587,1783,2025-03-07,23.31,Home & Garden,West,Debit Card,0,0
3588,1273,2026-01-23,120.21,Software,East,Credit Card,5,0
3589,1936,2024-07-06,35.31,Apparel,South,Wallet,5,0
3590,2426,2025-07-14,18.13,Electronics,Central,UPI,0,0
3591,1183,2024-10-22,292.73,Apparel,South,Debit Card,5,0
3592,2993,2024-12-16,28.4,Apparel,West,Debit Card,5,0
3593,2689,2025-02-17,54.13,Books,West,Debit Card,15,0
3594,1488,2023-07-13,45.38,Electronics,Central,Debit Card,0,0
3595,2851,2024-04-26,116.78,Travel,West,Wallet,25,1
3596,1846,2026-05-04,93.57,Apparel,East,UPI,5,0
3597,1124,2025-05-04,73.83,Food & Beverage,East,Credit Card,10,0
3598,1985,2026-06-26,38.46,Books,South,Net Banking,0,0
3599,2650,2024-05-12,65.47,Apparel,North,Wallet,10,1
3600,1790,2023-07-31,128.07,Electronics,East,Wallet,5,0
3601,1414,2024-10-26,103.7,Food & Beverage,East,Net Banking,0,1
3602,2749,2024-10-31,345.89,Food & Beverage,Central,Net Banking,0,0
3603,2196,2023-08-09,224.89,Home & Garden,East,Debit Card,0,0
3604,2312,2023-09-30,339.6,Travel,South,UPI,5,0
3605,2459,2026-03-23,456.73,Software,Central,Wallet,0,0
3606,1686,2026-06-26,112.67,Home & Garden,East,Wallet,0,0
3607,1113,2023-10-06,250.72,Software,South,Credit Card,30,0
3608,1888,2025-03-26,134.67,Travel,Central,Net Banking,0,1
3609,2941,2023-10-03,442.36,Books,North,Net Banking,10,0
3610,1122,2025-10-01,10.96,Food & Beverage,South,Wallet,0,0
3611,2568,2024-05-28,61.64,Electronics,East,Net Banking,20,0
3612,2246,2026-01-16,147.24,Books,Central,Debit Card,10,0
3613,2655,2025-07-11,178.39,Health,North,Credit Card,0,0
3614,1039,2024-10-03,88.13,Electronics,South,Wallet,15,0
3615,1497,2024-05-19,12.24,Software,North,Credit Card,15,0
3616,1780,2024-08-12,72.74,Health,South,Debit Card,0,0
3617,2257,2025-02-10,239.71,Sports,East,Credit Card,10,0
3618,1943,2026-06-18,61.63,Sports,South,Net Banking,20,0
3619,2554,2025-01-09,100.58,Health,East,Wallet,0,0
3620,1149,2024-11-05,897.72,Food & Beverage,South,Credit Card,5,0
3621,2421,2026-06-13,71.93,Home & Garden,Central,UPI,20,0
3622,2022,2025-10-10,74.53,Software,South,Wallet,30,0
3623,1661,2023-05-08,113.64,Food & Beverage,South,Credit Card,10,0
3624,2662,2024-05-17,119.71,Apparel,West,Wallet,0,0
3625,2928,2026-05-08,105.8,Apparel,West,Credit Card,10,0
3626,1302,2025-06-20,144.29,Electronics,South,Credit Card,0,0
3627,2384,2024-06-26,21.58,Books,West,Net Banking,5,0
3628,1238,2024-05-06,77.83,Food & Beverage,East,Credit Card,15,0
3629,1647,2025-11-10,20.61,Home & Garden,West,UPI,0,0
3630,1663,2026-06-11,96.27,Sports,South,Net Banking,10,1
3631,1236,2024-12-14,185.95,Books,North,UPI,10,0
3632,2760,2025-03-01,76.22,Sports,North,UPI,0,0
3633,1203,2024-02-20,28.9,Software,South,Debit Card,10,0
3634,1256,2023-05-28,53.67,Home & Garden,South,UPI,5,1
3635,1598,2025-08-27,781.5,Books,North,Credit Card,5,0
3636,1662,2023-01-29,512.67,Health,Central,Wallet,0,0
3637,1235,2023-11-04,46.96,Health,West,Net Banking,20,0
3638,2369,2023-06-11,46.68,Food & Beverage,Central,Net Banking,0,0
3639,1534,2025-05-18,79.0,Software,East,Net Banking,15,0
3640,1860,2025-05-01,398.46,Health,North,Wallet,0,0
3641,2821,2023-03-02,11.01,Sports,North,UPI,0,0
3642,2805,2023-05-05,46.24,Software,Central,Debit Card,5,0
3643,2490,2025-12-30,147.46,Food & Beverage,East,Credit Card,5,0
3644,1770,2025-04-17,128.39,Electronics,Central,Net Banking,5,0
3645,1541,2024-04-10,53.88,Software,East,Credit Card,10,0
3646,1213,2023-08-31,66.5,Health,South,UPI,10,1
3647,1463,2026-05-29,133.91,Food & Beverage,South,Debit Card,5,0
3648,1436,2024-04-17,55.01,Food & Beverage,North,Net Banking,20,0
3649,1283,2025-08-16,25.13,Sports,South,UPI,0,0
3650,2586,2024-06-16,72.06,Sports,Central,Debit Card,20,0
3651,2631,2024-05-08,112.98,Home & Garden,East,Net Banking,20,0
3652,2487,2025-06-17,7.03,Travel,North,UPI,0,0
3653,2431,2023-03-23,144.12,Travel,South,Credit Card,10,0
3654,1088,2025-05-05,289.75,Apparel,North,Wallet,0,0
3655,2068,2025-05-28,58.63,Books,North,Net Banking,25,0
3656,1461,2025-07-11,59.92,Software,East,Debit Card,5,1
3657,1278,2023-01-12,37.11,Software,Central,Debit Card,0,0
3658,2707,2024-03-24,74.97,Health,Central,Wallet,10,0
3659,1421,2026-04-30,46.07,Sports,West,Wallet,15,1
3660,2725,2025-01-31,511.39,Sports,Central,UPI,10,0
3661,2377,2026-02-11,104.54,Health,South,Wallet,0,0
3662,1696,2023-01-26,6.84,Home & Garden,West,Net Banking,15,0
3663,1515,2024-05-22,178.51,Home & Garden,West,Wallet,25,0
3664,1703,2023-03-03,708.37,Books,West,Net Banking,30,0
3665,2654,2023-08-17,165.82,Food & Beverage,West,Credit Card,10,0
3666,1019,2024-08-29,375.41,Travel,Central,Wallet,20,0
3667,1023,2025-11-24,202.88,Electronics,West,Credit Card,30,0
3668,1413,2025-06-09,295.65,Health,South,Debit Card,0,0
3669,2054,2025-01-30,278.87,Travel,South,Wallet,5,0
3670,2831,2024-08-17,282.73,Books,North,Debit Card,0,0
3671,1108,2025-11-14,131.63,Apparel,South,Credit Card,5,0
3672,2391,2025-11-21,11.5,Sports,North,Debit Card,25,1
3673,2305,2025-11-01,24.36,Food & Beverage,South,Credit Card,30,1
3674,2152,2023-01-01,24.9,Software,West,UPI,25,0
3675,2253,2026-03-05,4.35,Apparel,East,Credit Card,0,0
3676,2135,2026-05-04,53.43,Sports,West,UPI,20,0
3677,1136,2023-05-13,492.04,Books,Central,Debit Card,20,0
3678,1362,2023-03-27,16.06,Travel,North,Credit Card,10,0
3679,2210,2026-04-18,215.66,Travel,East,UPI,15,0
3680,2680,2024-05-30,169.85,Apparel,South,Credit Card,25,1
3681,2608,2023-06-24,118.62,Food & Beverage,West,Net Banking,30,1
3682,1129,2025-02-01,372.08,Food & Beverage,North,Net Banking,0,0
3683,2900,2025-11-10,85.66,Books,North,Debit Card,0,0
3684,2285,2025-09-23,558.82,Travel,South,Net Banking,25,0
3685,1515,2026-02-02,70.85,Apparel,North,Wallet,0,1
3686,1449,2024-07-31,135.92,Apparel,South,UPI,0,0
3687,2924,2023-02-18,75.95,Health,South,Wallet,0,0
3688,2128,2024-06-11,29.71,Software,West,Net Banking,5,0
3689,2507,2023-05-25,17.89,Home & Garden,North,Debit Card,0,0
3690,2248,2025-01-31,179.52,Health,Central,Wallet,15,1
3691,2856,2026-01-03,453.39,Home & Garden,Central,Debit Card,10,0
3692,1874,2025-07-17,120.66,Food & Beverage,West,Credit Card,5,0
3693,2890,2025-03-04,166.79,Home & Garden,West,Wallet,30,0
3694,2515,2023-11-15,13.94,Electronics,South,Credit Card,20,0
3695,1473,2026-01-15,142.92,Food & Beverage,Central,Wallet,20,0
3696,2034,2024-11-28,7.42,Home & Garden,North,UPI,10,0
3697,2429,2025-04-26,21.44,Electronics,Central,Debit Card,15,0
3698,2920,2025-02-21,446.32,Books,West,Credit Card,0,0
3699,1302,2023-02-11,91.5,Travel,West,Net Banking,0,0
3700,1231,2026-01-21,102.21,Travel,South,Wallet,20,0
3701,2755,2024-06-12,174.96,Travel,North,Credit Card,10,0
3702,1923,2023-10-19,234.57,Home & Garden,West,Wallet,0,0
3703,2090,2025-08-26,65.04,Travel,North,Wallet,20,0
3704,1937,2023-04-07,127.93,Sports,Central,Wallet,5,0
3705,1112,2026-01-23,82.81,Travel,South,Credit Card,0,0
3706,2037,2023-03-15,14.32,Home & Garden,Central,Credit Card,0,0
3707,2417,2025-12-27,58.83,Home & Garden,West,Wallet,10,0
3708,1500,2025-01-27,147.77,Electronics,West,Net Banking,5,0
3709,1932,2026-01-05,56.71,Travel,North,Debit Card,0,0
3710,1598,2023-07-27,57.33,Travel,West,Wallet,0,0
3711,1234,2026-05-29,230.13,Software,North,Net Banking,0,0
3712,1602,2024-02-14,109.22,Food & Beverage,East,Debit Card,0,1
3713,1314,2023-11-27,137.31,Apparel,West,Wallet,20,0
3714,1566,2023-12-10,12.81,Electronics,Central,Debit Card,5,0
3715,2036,2025-09-15,154.16,Travel,Central,Wallet,10,0
3716,1209,2025-02-09,23.8,Sports,North,Credit Card,5,0
3717,2998,2023-03-15,87.41,Health,East,Wallet,5,0
3718,2038,2023-09-11,25.13,Sports,West,Wallet,20,0
3719,2657,2025-08-16,275.75,Electronics,South,Wallet,15,0
3720,2442,2025-03-30,808.78,Travel,South,Wallet,0,0
3721,2461,2025-09-12,75.41,Software,Central,Net Banking,10,0
3722,2401,2023-11-28,74.57,Software,West,UPI,10,0
3723,2044,2025-01-16,310.1,Software,South,Net Banking,5,0
3724,1587,2025-04-15,178.8,Sports,North,Net Banking,0,0
3725,2936,2024-03-30,82.64,Software,West,Credit Card,0,0
3726,2779,2026-02-12,140.03,Sports,Central,Wallet,0,0
3727,2759,2023-11-09,1028.42,Apparel,East,Net Banking,10,0
3728,2015,2025-10-14,40.2,Home & Garden,North,Debit Card,20,1
3729,2094,2023-08-16,44.56,Apparel,North,Wallet,0,0
3730,2848,2025-04-13,233.6,Electronics,West,Credit Card,10,0
3731,2235,2025-05-07,1135.61,Food & Beverage,East,Credit Card,10,0
3732,2125,2026-06-22,111.35,Sports,North,Debit Card,10,0
3733,1698,2025-03-28,11.57,Health,East,Credit Card,10,0
3734,1132,2025-10-14,143.81,Health,Central,Wallet,10,0
3735,2647,2024-06-11,47.95,Electronics,North,UPI,20,0
3736,2405,2025-08-07,159.4,Software,South,UPI,25,0
3737,2156,2024-03-02,17.62,Travel,Central,Net Banking,0,0
3738,2044,2023-02-11,15.32,Electronics,Central,Credit Card,0,0
3739,2930,2024-04-09,63.04,Travel,North,Wallet,5,0
3740,1536,2023-10-05,653.73,Books,South,Debit Card,5,0
3741,2014,2025-04-15,17.36,Electronics,East,Debit Card,5,0
3742,1227,2023-01-19,61.29,Sports,South,Wallet,5,0
3743,2178,2023-03-07,15.54,Health,Central,Wallet,20,0
3744,2829,2023-06-16,127.47,Books,North,Debit Card,10,0
3745,2766,2025-10-16,117.43,Home & Garden,South,Credit Card,5,0
3746,2493,2024-02-07,16.3,Sports,South,Net Banking,5,0
3747,1822,2024-02-13,422.11,Apparel,Central,Net Banking,20,1
3748,1871,2023-04-22,8.97,Travel,East,Net Banking,0,0
3749,1405,2024-08-19,596.9,Apparel,South,Wallet,0,0
3750,1202,2024-10-12,468.42,Food & Beverage,South,Debit Card,5,1
3751,1038,2025-11-28,129.92,Health,West,Debit Card,30,0
3752,1942,2023-04-15,263.84,Health,Central,Debit Card,20,0
3753,2796,2023-11-20,72.69,Electronics,West,Debit Card,5,0
3754,1188,2025-09-18,14.18,Travel,Central,Debit Card,0,0
3755,2081,2024-03-04,119.56,Software,Central,UPI,10,0
3756,1941,2024-09-26,13.67,Health,West,Wallet,20,0
3757,2044,2024-12-30,88.85,Travel,East,Wallet,15,0
3758,1273,2025-06-07,20.41,Sports,East,UPI,5,0
3759,2143,2025-12-20,290.18,Travel,Central,Net Banking,15,0
3760,1583,2024-01-28,142.05,Home & Garden,West,Credit Card,30,0
3761,1516,2023-07-23,203.15,Electronics,South,Wallet,10,0
3762,2245,2023-09-15,135.42,Travel,Central,Wallet,10,0
3763,1526,2024-04-30,860.04,Food & Beverage,Central,UPI,5,0
3764,2539,2024-03-21,307.01,Software,North,Wallet,10,0
3765,2752,2026-04-18,695.3,Home & Garden,East,Wallet,10,0
3766,2765,2025-10-20,30.57,Travel,West,Net Banking,0,0
3767,1336,2023-12-08,46.94,Software,South,UPI,10,0
3768,1698,2023-05-13,4.91,Software,South,Wallet,0,0
3769,2079,2024-03-18,56.21,Health,Central,Debit Card,25,0
3770,1500,2023-09-10,86.26,Home & Garden,South,UPI,0,0
3771,1900,2023-09-22,151.59,Home & Garden,South,Net Banking,30,0
3772,2912,2023-04-03,47.6,Apparel,Central,Credit Card,30,0
3773,1766,2023-05-18,217.82,Electronics,East,Wallet,5,0
3774,1536,2026-05-16,200.26,Apparel,North,Debit Card,0,0
3775,1162,2025-09-28,50.99,Books,East,Debit Card,0,0
3776,2694,2023-11-03,28.5,Electronics,East,Credit Card,0,0
3777,1594,2023-09-23,97.43,Sports,North,UPI,0,1
3778,2939,2024-10-07,101.41,Electronics,Central,Net Banking,5,0
3779,1159,2023-11-14,43.41,Travel,East,Wallet,15,0
3780,2212,2026-02-10,65.95,Books,West,Wallet,0,0
3781,1060,2025-06-19,16.42,Sports,West,Wallet,15,0
3782,1915,2024-03-29,203.21,Home & Garden,North,Debit Card,10,0
3783,2841,2023-07-10,207.2,Software,West,UPI,0,0
3784,2343,2026-04-25,95.47,Food & Beverage,Central,Credit Card,0,0
3785,2902,2025-04-10,225.56,Electronics,South,UPI,10,0
3786,1211,2026-01-17,105.36,Travel,Central,Net Banking,0,0
3787,1406,2023-07-06,626.11,Apparel,North,Net Banking,10,0
3788,1664,2025-03-29,19.0,Software,South,Credit Card,5,0
3789,2133,2025-10-17,114.68,Health,West,Debit Card,10,0
3790,2100,2023-05-12,266.14,Home & Garden,East,Credit Card,0,0
3791,1542,2025-05-21,539.43,Sports,West,Net Banking,20,0
3792,2338,2024-09-26,233.01,Home & Garden,Central,Debit Card,0,0
3793,1998,2024-11-21,25.9,Food & Beverage,Central,UPI,15,0
3794,2141,2024-11-22,12.35,Software,North,Net Banking,0,0
3795,1927,2026-01-27,73.42,Software,East,Debit Card,0,0
3796,1868,2025-11-23,138.94,Electronics,East,Debit Card,0,0
3797,2728,2024-08-04,279.69,Food & Beverage,South,Wallet,5,0
3798,1019,2023-06-20,-88.645,Electronics,South,UPI,25,0
3799,1432,2025-02-22,187.33,Sports,Central,Debit Card,0,0
3800,2709,2025-12-18,-88.645,Health,North,Credit Card,0,0
3801,1740,2023-06-30,37.06,Sports,Central,UPI,0,0
3802,2374,2023-01-19,252.73,Software,East,UPI,0,0
3803,1183,2026-06-03,21.55,Books,East,Net Banking,0,0
3804,1113,2026-01-23,23.94,Software,Central,UPI,10,0
3805,2207,2025-05-30,47.92,Electronics,East,UPI,0,0
3806,1481,2023-06-24,111.32,Sports,South,Wallet,0,1
3807,2170,2026-05-30,23.61,Health,East,UPI,10,0
3808,1831,2023-02-23,86.6,Apparel,South,Debit Card,5,0
3809,2652,2024-11-25,53.59,Software,West,Credit Card,0,0
3810,2137,2025-05-12,361.23,Home & Garden,North,Wallet,30,0
3811,1763,2023-12-15,50.37,Sports,North,Wallet,10,0
3812,1476,2024-03-18,93.13,Sports,East,Wallet,10,0
3813,1763,2025-04-12,109.9,Travel,North,Wallet,20,0
3814,2327,2024-08-02,54.4,Apparel,West,Net Banking,25,1
3815,1971,2023-10-09,226.7,Books,East,Wallet,0,1
3816,2849,2023-12-26,290.95,Apparel,South,Net Banking,0,0
3817,2020,2025-07-03,50.06,Food & Beverage,West,Net Banking,15,0
3818,2142,2025-04-02,127.96,Software,West,UPI,10,0
3819,2837,2025-06-10,29.58,Software,North,Credit Card,0,0
3820,1161,2025-08-10,177.07,Electronics,South,UPI,0,0
3821,1401,2024-10-02,119.03,Sports,Central,Net Banking,10,0
3822,1198,2025-10-28,58.16,Sports,West,UPI,15,0
3823,2284,2024-07-16,133.74,Electronics,North,Debit Card,10,0
3824,1660,2024-05-05,183.36,Apparel,West,Wallet,15,0
3825,2776,2023-12-07,394.05,Food & Beverage,South,Wallet,0,0
3826,2071,2024-04-16,145.04,Home & Garden,South,Net Banking,0,0
3827,1399,2023-09-06,261.41,Software,East,UPI,0,0
3828,2734,2023-08-23,885.21,Home & Garden,Central,Debit Card,30,0
3829,2583,2026-01-11,26.03,Home & Garden,Central,Debit Card,20,0
3830,1078,2026-01-21,367.08,Software,North,Debit Card,15,1
3831,1124,2025-04-03,31.34,Home & Garden,Central,Net Banking,0,0
3832,1075,2024-09-23,38.24,Food & Beverage,South,UPI,10,0
3833,2895,2024-06-12,88.75,Food & Beverage,Central,Debit Card,20,0
3834,1137,2023-05-02,41.46,Electronics,North,Debit Card,20,0
3835,1602,2025-06-10,,Health,West,UPI,15,0
3836,2424,2023-01-10,83.72,Software,Central,UPI,0,0
3837,1837,2025-04-17,60.35,Software,Central,Wallet,15,0
3838,2529,2026-05-18,40.51,Software,South,Credit Card,5,0
3839,1500,2025-01-22,28.7,Apparel,South,Credit Card,5,1
3840,2597,2025-06-04,497.79,Electronics,West,Debit Card,30,0
3841,1138,2024-04-08,21.32,Food & Beverage,East,UPI,0,0
3842,1050,2024-12-12,73.61,Food & Beverage,Central,Wallet,20,0
3843,2795,2024-12-28,344.3,Sports,South,Net Banking,0,0
3844,1973,2024-12-17,237.81,Travel,East,Credit Card,5,0
3845,2643,2026-05-24,119.16,Books,Central,Credit Card,0,0
3846,2649,2023-03-21,42.59,Health,Central,UPI,5,0
3847,2886,2024-04-24,88.01,Software,East,Net Banking,20,0
3848,1254,2025-06-20,23.36,Electronics,South,Credit Card,0,0
3849,2654,2025-06-09,63.93,Software,West,Wallet,15,0
3850,1710,2023-01-18,62.78,Sports,Central,Credit Card,5,0
3851,2873,2026-04-03,70.5,Health,North,UPI,25,0
3852,2901,2023-07-21,34.97,Sports,North,UPI,5,0
3853,1563,2025-01-10,11.76,Sports,North,Net Banking,0,0
3854,1757,2023-11-15,404.33,Sports,West,Credit Card,25,0
3855,2939,2023-08-05,309.74,Food & Beverage,Central,Net Banking,25,0
3856,2450,2025-11-23,257.13,Books,South,Credit Card,0,0
3857,1547,2023-09-23,-88.645,Apparel,South,Debit Card,30,0
3858,2326,2024-12-24,110.44,Software,West,Credit Card,5,0
3859,1922,2025-02-13,39.16,Food & Beverage,Central,UPI,25,0
3860,1581,2026-01-08,44.51,Food & Beverage,East,UPI,0,1
3861,2373,2024-02-17,516.17,Software,East,Debit Card,0,0
3862,2856,2026-06-29,678.23,Electronics,Central,Credit Card,15,1
3863,2957,2025-11-01,-88.645,Health,Central,Credit Card,20,0
3864,1049,2024-02-05,90.42,Home & Garden,South,UPI,0,0
3865,1917,2024-12-24,216.76,Sports,West,Debit Card,10,0
3866,2098,2023-10-09,100.7,Electronics,West,UPI,20,0
3867,1704,2026-02-09,110.26,Home & Garden,South,Debit Card,5,0
3868,1261,2024-12-23,83.78,Health,North,UPI,15,1
3869,1356,2025-01-20,29.21,Food & Beverage,East,Wallet,10,0
3870,2606,2023-09-25,57.53,Electronics,Central,Credit Card,15,0
3871,2626,2023-10-25,76.68,Software,East,Net Banking,25,0
3872,2284,2024-07-23,4.37,Sports,East,Wallet,5,1
3873,1638,2024-05-23,99.98,Health,West,UPI,15,0
3874,1743,2024-06-29,1461.3,Sports,South,Debit Card,15,0
3875,2319,2025-02-13,53.77,Health,North,Net Banking,5,0
3876,2010,2023-12-31,93.67,Books,North,Debit Card,0,0
3877,1931,2024-06-30,32.83,Electronics,South,Debit Card,20,0
3878,1641,2023-09-28,24.22,Sports,East,Credit Card,0,1
3879,1792,2025-01-08,62.05,Home & Garden,South,UPI,0,0
3880,2337,2024-06-20,191.67,Food & Beverage,South,Credit Card,30,0
3881,1612,2026-06-11,68.0,Food & Beverage,Central,Debit Card,0,0
3882,2862,2023-02-28,57.46,Electronics,Central,Credit Card,20,0
3883,1809,2026-06-28,163.16,Apparel,East,Wallet,0,0
3884,2206,2023-03-27,114.45,Apparel,West,Debit Card,10,0
3885,1686,2025-02-01,125.85,Sports,North,Debit Card,0,0
3886,2852,2024-01-25,375.54,Software,Central,Wallet,0,0
3887,2388,2026-04-18,322.97,Apparel,East,Debit Card,10,0
3888,1188,2024-12-19,541.8,Travel,South,Net Banking,30,1
3889,2593,2025-05-05,21.0,Electronics,Central,Net Banking,20,0
3890,2567,2023-05-29,251.82,Travel,South,UPI,30,0
3891,2620,2024-08-05,648.71,Home & Garden,South,UPI,10,0
3892,2688,2023-05-01,12.69,Books,Central,Credit Card,0,0
3893,1985,2025-02-03,87.87,Electronics,East,Credit Card,10,0
3894,1548,2024-08-27,46.9,Electronics,North,Wallet,10,0
3895,1725,2023-09-13,87.43,Food & Beverage,East,Wallet,0,0
3896,1926,2025-02-04,356.51,Home & Garden,West,Debit Card,20,0
3897,2432,2025-05-13,16.86,Travel,West,UPI,15,0
3898,1876,2025-03-10,120.78,Sports,North,UPI,5,0
3899,1618,2023-02-28,45.72,Food & Beverage,West,UPI,0,0
3900,1414,2025-10-18,369.88,Software,South,UPI,0,0
3901,2366,2025-12-28,149.18,Travel,West,Credit Card,30,0
3902,2244,2024-01-23,74.49,Sports,Central,Net Banking,20,0
3903,1903,2026-01-14,38.03,Travel,South,Wallet,10,0
3904,1163,2025-02-24,2185.3,Health,East,Wallet,25,0
3905,2975,2026-06-04,125.95,Books,North,UPI,0,0
3906,2244,2024-08-15,16.38,Health,Central,UPI,20,0
3907,1270,2026-04-22,34.03,Health,Central,Credit Card,10,0
3908,1632,2025-06-27,147.69,Apparel,North,Credit Card,25,0
3909,1906,2024-07-19,37.49,Health,West,Wallet,10,0
3910,2872,2024-02-03,43.45,Home & Garden,North,UPI,15,0
3911,2424,2025-06-17,293.86,Travel,North,UPI,0,0
3912,2206,2023-10-20,264.25,Travel,West,Wallet,0,0
3913,2642,2024-04-29,45.36,Software,East,Credit Card,0,0
3914,2753,2025-03-13,366.88,Sports,North,Wallet,10,0
3915,1205,2025-06-08,38.37,Home & Garden,West,Credit Card,5,1
3916,1582,2023-09-01,686.94,Software,Central,Credit Card,20,0
3917,2580,2025-08-17,171.58,Software,North,Credit Card,0,0
3918,1841,2026-03-23,127.51,Apparel,North,UPI,15,0
3919,2837,2025-03-26,,Food & Beverage,East,Wallet,20,0
3920,2252,2023-09-30,43.36,Home & Garden,East,Credit Card,10,0
3921,2720,2024-06-03,5.52,Books,Central,Net Banking,0,1
3922,2643,2026-02-25,63.25,Apparel,East,Credit Card,0,0
3923,1596,2024-07-21,88.89,Sports,Central,Credit Card,0,0
3924,2874,2024-09-29,10.06,Home & Garden,North,Credit Card,5,0
3925,1250,2023-06-08,241.79,Apparel,West,Debit Card,15,0
3926,1875,2024-10-13,74.26,Food & Beverage,East,Net Banking,0,0
3927,2465,2023-06-25,386.7,Home & Garden,Central,UPI,0,0
3928,2557,2024-09-11,39.63,Sports,East,Wallet,20,0
3929,1196,2023-07-30,396.91,Food & Beverage,East,Wallet,5,1
3930,1690,2024-03-22,52.52,Books,South,Wallet,0,0
3931,2953,2024-08-08,84.75,Sports,North,UPI,20,0
3932,2543,2023-06-16,116.6,Sports,East,Credit Card,20,0
3933,2094,2024-04-04,85.63,Apparel,West,Net Banking,15,0
3934,1639,2025-07-04,129.7,Sports,South,Wallet,0,0
3935,2423,2026-06-10,8.94,Travel,Central,Debit Card,0,0
3936,1672,2026-04-20,76.15,Books,Central,Debit Card,15,0
3937,2784,2025-11-18,81.74,Travel,West,Net Banking,0,0
3938,2227,2024-12-14,8.3,Food & Beverage,West,Wallet,0,0
3939,2172,2026-01-21,194.6,Books,North,Credit Card,15,0
3940,2496,2025-04-20,30.16,Sports,West,Wallet,10,0
3941,2679,2025-05-17,278.88,Software,Central,Credit Card,15,0
3942,1944,2024-11-18,99.8,Books,North,Wallet,10,1
3943,1199,2023-11-26,45.19,Food & Beverage,West,Debit Card,0,0
3944,2941,2026-04-22,300.55,Health,West,UPI,5,0
3945,2450,2023-04-05,661.32,Electronics,Central,Net Banking,15,0
3946,2690,2025-02-23,94.27,Software,North,Credit Card,0,0
3947,1492,2024-10-10,468.65,Travel,South,UPI,30,0
3948,2912,2023-12-19,72.87,Books,South,Credit Card,0,1
3949,1896,2025-07-18,285.66,Home & Garden,North,Net Banking,0,0
3950,1142,2025-07-29,57.92,Books,West,UPI,15,0
3951,2337,2025-09-10,805.18,Books,West,UPI,25,0
3952,1165,2025-11-08,327.92,Software,North,Net Banking,0,0
3953,1314,2024-10-07,158.29,Health,South,Net Banking,0,0
3954,1021,2024-09-17,4.3,Apparel,East,Credit Card,0,0
3955,2106,2023-05-19,154.25,Books,Central,UPI,10,0
3956,2605,2024-12-16,20.45,Software,North,Net Banking,10,0
3957,2155,2025-01-31,137.54,Apparel,East,Credit Card,10,0
3958,2623,2023-09-12,416.96,Travel,Central,Wallet,0,0
3959,2754,2026-01-13,205.78,Home & Garden,East,Net Banking,0,0
3960,2957,2024-11-06,252.26,Sports,East,UPI,0,0
3961,1984,2023-04-02,57.53,Apparel,Central,Wallet,10,0
3962,1305,2025-12-28,14.45,Software,East,Net Banking,10,0
3963,2939,2023-02-06,35.67,Food & Beverage,South,Debit Card,10,0
3964,1371,2023-05-20,60.6,Software,North,UPI,10,0
3965,2881,2025-05-16,88.51,Travel,South,UPI,15,0
3966,1853,2024-11-10,412.8,Software,South,Credit Card,25,0
3967,1384,2026-04-16,216.31,Books,Central,Debit Card,10,0
3968,2932,2023-05-17,-88.645,Food & Beverage,Central,Net Banking,15,0
3969,1445,2023-07-09,27.07,Health,Central,Debit Card,10,0
3970,1425,2023-12-08,363.86,Books,East,Net Banking,15,0
3971,1161,2025-10-25,257.35,Electronics,East,Credit Card,25,0
3972,2202,2025-08-29,78.27,Software,North,Wallet,10,0
3973,1629,2024-10-23,28.41,Apparel,East,Debit Card,0,0
3974,2732,2023-08-31,43.01,Health,North,UPI,15,0
3975,1895,2024-02-19,40.6,Travel,South,Net Banking,10,0
3976,1490,2024-12-07,701.21,Travel,North,Debit Card,25,1
3977,2017,2023-12-09,243.2,Electronics,North,Net Banking,0,0
3978,1327,2024-11-12,254.37,Health,Central,Debit Card,30,0
3979,1598,2024-10-14,100.0,Software,East,UPI,10,0
3980,2015,2023-05-26,68.4,Home & Garden,West,Net Banking,30,0
3981,1289,2023-11-19,134.94,Travel,West,Net Banking,15,0
3982,1593,2023-05-02,101.79,Travel,Central,Wallet,20,0
3983,2688,2026-06-29,80.22,Software,South,Credit Card,0,0
3984,2597,2023-11-07,139.77,Travel,South,Debit Card,0,0
3985,1573,2024-08-23,25.05,Books,South,UPI,10,0
3986,2378,2024-04-19,124.02,Books,North,Wallet,0,1
3987,1028,2024-07-23,78.81,Home & Garden,East,Wallet,30,0
3988,1954,2024-07-28,38.19,Food & Beverage,South,Credit Card,5,1
3989,1043,2023-12-13,194.17,Home & Garden,West,UPI,0,0
3990,2705,2025-03-30,776.05,Apparel,North,Debit Card,5,0
3991,1423,2024-01-17,417.25,Health,South,Net Banking,5,0
3992,2622,2023-03-13,64.13,Home & Garden,South,Credit Card,0,0
3993,1177,2024-06-04,199.79,Sports,East,Net Banking,0,0
3994,1529,2025-07-21,247.66,Travel,East,Wallet,0,0
3995,2634,2026-01-22,103.86,Electronics,North,Net Banking,10,0
3996,1966,2023-12-05,87.46,Software,West,Debit Card,0,0
3997,2518,2024-10-25,135.98,Food & Beverage,Central,Debit Card,0,0
3998,1198,2023-02-09,1835.54,Apparel,West,Net Banking,20,0
3999,1610,2024-07-27,122.58,Home & Garden,East,Net Banking,0,0
4000,2601,2025-08-23,19.67,Books,East,Credit Card,10,1
4001,1842,2024-08-03,25.65,Food & Beverage,Central,Debit Card,10,0
4002,1853,2023-06-19,73.3,Software,West,Net Banking,15,0
4003,2541,2024-12-01,20.16,Apparel,West,UPI,0,0
4004,2538,2024-05-25,76.78,Books,Central,Credit Card,20,0
4005,1022,2024-08-06,1300.17,Health,East,Credit Card,0,0
4006,2136,2025-09-10,48.73,Health,North,Credit Card,0,0
4007,2081,2024-04-03,24.42,Sports,West,Credit Card,10,0
4008,2090,2024-06-12,70.17,Home & Garden,South,Net Banking,20,0
4009,1842,2023-12-07,79.46,Travel,West,Wallet,0,0
4010,1098,2023-02-26,27.48,Apparel,West,UPI,5,0
4011,2168,2023-08-06,20.37,Books,West,Wallet,5,0
4012,2904,2024-09-10,458.29,Books,East,Wallet,0,0
4013,1435,2025-03-26,164.17,Electronics,South,Net Banking,15,0
4014,1637,2024-12-31,50.44,Health,West,Credit Card,25,0
4015,2703,2024-04-08,22.5,Sports,North,Credit Card,5,0
4016,2110,2023-09-04,48.38,Apparel,South,Net Banking,0,0
4017,1588,2024-12-30,20.67,Travel,Central,Net Banking,5,0
4018,1344,2024-01-08,44.91,Sports,North,Debit Card,25,0
4019,2960,2024-02-21,1075.23,Electronics,Central,Credit Card,10,0
4020,2318,2025-11-20,119.9,Travel,West,UPI,0,0
4021,2980,2024-01-03,42.88,Health,East,Debit Card,10,0
4022,1571,2024-07-12,203.45,Home & Garden,West,Wallet,0,0
4023,2674,2023-04-18,29.49,Home & Garden,West,Credit Card,0,0
4024,1611,2024-08-06,55.33,Health,Central,Net Banking,25,0
4025,2728,2025-04-18,9.73,Apparel,West,Net Banking,15,0
4026,1243,2024-02-22,415.25,Books,North,Net Banking,25,0
4027,2855,2025-03-31,70.66,Health,East,Credit Card,10,0
4028,1561,2024-11-13,33.7,Food & Beverage,Central,UPI,5,0
4029,1960,2026-02-13,196.25,Health,South,Net Banking,5,0
4030,1032,2023-09-13,25.6,Apparel,West,Credit Card,0,0
4031,1391,2026-01-09,27.54,Health,Central,Wallet,0,0
4032,1277,2025-02-18,57.12,Apparel,West,Debit Card,0,0
4033,1532,2026-02-25,21.39,Health,West,Credit Card,5,0
4034,2178,2025-04-17,41.09,Travel,Central,Credit Card,10,0
4035,1383,2025-07-03,70.97,Travel,North,Net Banking,0,0
4036,2092,2023-08-23,79.09,Books,South,Debit Card,25,0
4037,2902,2024-07-06,18.36,Health,West,Debit Card,10,0
4038,1884,2023-06-30,67.14,Travel,North,Net Banking,0,0
4039,1214,2023-06-06,180.69,Sports,West,UPI,0,0
4040,2679,2024-07-24,220.73,Apparel,West,Credit Card,0,0
4041,1376,2025-05-06,49.55,Health,North,Net Banking,30,0
4042,1744,2025-11-13,71.76,Electronics,West,UPI,0,0
4043,1213,2025-08-05,66.86,Apparel,South,Net Banking,0,0
4044,1079,2024-08-14,16.94,Health,Central,Wallet,0,0
4045,2750,2023-05-14,47.08,Electronics,North,UPI,0,0
4046,1628,2024-02-25,234.04,Health,East,UPI,10,0
4047,1604,2023-08-01,238.54,Books,West,Debit Card,0,0
4048,1782,2025-06-18,147.57,Home & Garden,Central,Credit Card,0,0
4049,2947,2024-04-26,3.69,Apparel,South,Net Banking,30,0
4050,2405,2023-12-14,35.24,Health,South,Net Banking,10,0
4051,2001,2023-06-15,157.77,Software,East,Credit Card,0,0
4052,1680,2025-07-25,702.66,Software,South,Credit Card,10,0
4053,1058,2023-12-14,88.46,Travel,Central,Debit Card,0,0
4054,2820,2025-04-28,100.99,Apparel,East,Credit Card,30,0
4055,2050,2024-02-02,78.59,Electronics,North,Wallet,0,0
4056,1881,2024-08-05,18.77,Travel,East,Debit Card,0,0
4057,1447,2024-12-26,137.32,Apparel,North,UPI,10,0
4058,1066,2026-05-29,14.5,Sports,South,Credit Card,0,0
4059,2945,2023-11-04,81.26,Sports,Central,UPI,5,1
4060,2784,2025-09-17,100.17,Apparel,West,Debit Card,20,0
4061,2278,2025-03-08,95.5,Sports,East,Wallet,0,0
4062,2923,2024-12-19,18.95,Health,South,Wallet,5,0
4063,2992,2024-04-10,38.44,Food & Beverage,Central,Credit Card,0,0
4064,2068,2023-04-09,205.71,Food & Beverage,West,Wallet,10,0
4065,2121,2026-06-19,98.24,Sports,East,Net Banking,0,0
4066,2578,2023-06-07,38.75,Apparel,Central,Debit Card,0,1
4067,2012,2024-09-01,24.89,Books,South,Wallet,20,0
4068,1227,2024-07-07,235.89,Home & Garden,East,Debit Card,0,0
4069,1774,2024-10-12,93.81,Home & Garden,East,Debit Card,20,0
4070,1679,2025-07-08,23.18,Sports,North,Net Banking,10,0
4071,2460,2023-08-15,71.78,Books,North,Credit Card,0,0
4072,2815,2024-02-27,34.22,Apparel,East,Debit Card,0,1
4073,1601,2025-12-31,129.24,Food & Beverage,Central,Net Banking,10,0
4074,1379,2023-08-31,405.18,Food & Beverage,South,Wallet,15,0
4075,2202,2024-06-13,24.61,Travel,West,UPI,10,0
4076,2451,2025-12-04,108.7,Apparel,North,Credit Card,15,0
4077,2939,2024-01-06,106.35,Travel,South,UPI,0,0
4078,1709,2024-10-13,6.87,Travel,East,Net Banking,0,0
4079,1307,2024-11-19,244.48,Sports,South,Debit Card,5,0
4080,1779,2025-01-03,1117.37,Health,South,Net Banking,10,1
4081,1504,2023-04-02,106.23,Health,South,Credit Card,10,0
4082,1268,2025-11-11,460.15,Electronics,East,Credit Card,0,0
4083,2610,2023-06-21,19.98,Electronics,North,Wallet,0,0
4084,1008,2026-04-30,38.0,Travel,West,Net Banking,20,0
4085,2944,2026-01-05,98.05,Electronics,Central,Credit Card,20,0
4086,1508,2023-06-28,32.32,Home & Garden,North,Net Banking,30,1
4087,1476,2023-08-26,94.23,Food & Beverage,West,Wallet,0,0
4088,2321,2026-03-04,300.08,Travel,East,Wallet,0,0
4089,1164,2025-05-26,31.2,Books,West,Net Banking,5,1
4090,1485,2025-06-20,316.41,Books,East,Credit Card,5,0
4091,2621,2023-10-07,8.95,Sports,West,Debit Card,0,0
4092,2096,2025-11-08,45.49,Sports,North,Debit Card,10,1
4093,1567,2025-01-09,71.07,Health,East,Wallet,0,0
4094,1905,2024-01-06,29.6,Food & Beverage,South,Credit Card,0,0
4095,1559,2026-02-09,46.26,Travel,East,Wallet,10,0
4096,2935,2025-05-19,480.76,Food & Beverage,East,Wallet,0,0
4097,2968,2025-10-15,398.58,Health,West,Wallet,10,0
4098,1238,2023-08-09,213.59,Books,East,Wallet,0,0
4099,2128,2025-07-08,314.02,Food & Beverage,West,Net Banking,0,0
4100,2234,2023-10-31,42.76,Electronics,North,Net Banking,20,0
4101,1554,2024-03-13,20.75,Home & Garden,East,Credit Card,10,0
4102,1828,2026-04-08,34.15,Travel,South,Credit Card,20,0
4103,1468,2024-01-10,40.82,Home & Garden,South,UPI,15,0
4104,2478,2024-01-16,43.32,Electronics,North,Debit Card,15,0
4105,2292,2025-09-12,169.65,Home & Garden,South,Net Banking,20,0
4106,1386,2023-01-14,132.66,Sports,West,Credit Card,0,0
4107,1775,2025-01-12,72.91,Travel,East,Wallet,5,0
4108,1848,2024-10-30,78.5,Software,Central,Net Banking,30,0
4109,1387,2024-05-14,334.93,Sports,East,Debit Card,0,0
4110,1877,2024-07-18,19.1,Health,East,Net Banking,10,0
4111,1259,2024-06-13,232.2,Electronics,Central,Debit Card,15,0
4112,1283,2024-05-06,7.15,Software,South,UPI,25,0
4113,2650,2026-05-04,45.65,Sports,South,Credit Card,20,0
4114,2899,2025-01-24,551.53,Software,East,Debit Card,10,0
4115,1040,2023-10-27,129.15,Home & Garden,South,UPI,15,0
4116,1486,2025-03-25,51.42,Books,West,Net Banking,0,1
4117,1929,2024-06-30,269.99,Electronics,West,Credit Card,0,0
4118,1220,2024-12-27,183.85,Home & Garden,Central,Debit Card,30,0
4119,2153,2024-12-31,175.13,Books,East,Debit Card,30,0
4120,2015,2025-04-07,70.69,Food & Beverage,West,Credit Card,5,0
4121,2024,2024-08-24,284.84,Travel,North,Net Banking,5,0
4122,2544,2026-06-29,41.57,Electronics,South,Net Banking,5,0
4123,1613,2025-10-28,39.27,Home & Garden,East,Wallet,5,0
4124,1928,2025-02-06,853.32,Electronics,West,Net Banking,20,0
4125,2916,2025-05-24,49.41,Books,Central,Credit Card,5,0
4126,1688,2026-05-16,7.86,Travel,West,UPI,20,0
4127,2643,2025-07-25,322.14,Sports,North,Credit Card,10,0
4128,1613,2023-05-11,461.08,Software,West,Debit Card,30,0
4129,1260,2024-08-30,67.84,Food & Beverage,East,Wallet,10,0
4130,1990,2023-01-26,7.29,Food & Beverage,Central,Wallet,5,0
4131,1966,2024-09-26,84.25,Books,Central,UPI,25,0
4132,1366,2026-04-24,1082.21,Books,North,Debit Card,0,1
4133,2782,2024-04-28,114.79,Health,East,Net Banking,30,0
4134,2811,2024-11-10,226.61,Travel,North,Net Banking,0,0
4135,1544,2025-12-10,242.78,Health,North,Net Banking,10,0
4136,1649,2023-01-05,288.75,Electronics,North,Credit Card,0,0
4137,2548,2024-08-11,841.37,Electronics,West,Net Banking,0,0
4138,2931,2026-03-29,329.03,Food & Beverage,South,Debit Card,5,0
4139,1814,2023-07-27,81.71,Home & Garden,West,Wallet,0,0
4140,2911,2023-09-14,23.59,Software,East,Credit Card,30,0
4141,2040,2026-05-13,150.76,Health,North,Net Banking,15,0
4142,2153,2023-01-11,71.37,Apparel,North,Debit Card,20,0
4143,1575,2025-08-06,212.76,Home & Garden,South,UPI,30,0
4144,2133,2023-01-08,31.96,Travel,Central,Debit Card,10,0
4145,2911,2025-07-24,62.76,Electronics,North,Wallet,0,1
4146,2013,2023-02-01,91.23,Books,West,Debit Card,15,0
4147,2557,2024-06-23,29.16,Electronics,North,Debit Card,10,0
4148,1670,2025-10-01,94.43,Software,East,Credit Card,0,0
4149,1269,2024-01-22,231.42,Health,South,Wallet,0,0
4150,2186,2026-06-05,890.84,Books,Central,Net Banking,10,0
4151,2284,2024-10-01,37.25,Food & Beverage,East,Wallet,0,0
4152,1924,2023-07-26,266.93,Home & Garden,West,UPI,0,0
4153,2126,2024-07-10,8.38,Home & Garden,East,Wallet,5,0
4154,2530,2023-12-14,89.21,Health,North,Credit Card,0,0
4155,2759,2025-03-03,97.98,Health,South,Net Banking,20,0
4156,2595,2023-08-22,239.13,Health,North,Wallet,10,0
4157,1247,2025-12-03,48.25,Apparel,South,Net Banking,0,0
4158,2664,2025-10-02,120.75,Apparel,West,Credit Card,25,0
4159,2819,2025-01-06,340.39,Books,East,Debit Card,0,0
4160,2861,2025-07-30,23.27,Sports,South,UPI,10,0
4161,2561,2026-03-11,8.58,Health,East,Wallet,5,0
4162,1131,2023-06-25,328.79,Home & Garden,South,Net Banking,0,0
4163,1353,2024-03-24,27.19,Books,North,Wallet,5,0
4164,1196,2024-08-14,155.76,Apparel,South,Credit Card,0,0
4165,2817,2023-03-23,934.59,Electronics,South,Debit Card,0,0
4166,2940,2023-05-15,245.59,Software,Central,Credit Card,15,0
4167,1930,2025-05-05,28.06,Sports,West,Net Banking,0,0
4168,2690,2026-04-15,15.57,Travel,North,Wallet,0,0
4169,2406,2026-06-20,35.37,Health,North,Net Banking,15,0
4170,2022,2026-03-10,110.76,Electronics,East,Credit Card,20,0
4171,1645,2024-03-15,66.69,Health,South,Wallet,10,0
4172,1227,2025-12-15,461.38,Apparel,South,Net Banking,25,0
4173,1701,2024-11-27,200.45,Home & Garden,South,Wallet,20,0
4174,2500,2024-02-23,37.46,Electronics,North,UPI,10,0
4175,2501,2023-03-29,248.46,Health,Central,Credit Card,15,0
4176,1265,2024-10-17,548.78,Home & Garden,East,Credit Card,0,0
4177,2396,2025-10-28,61.68,Food & Beverage,South,UPI,10,0
4178,2510,2023-08-03,160.05,Health,Central,Debit Card,30,0
4179,2458,2024-07-05,31.52,Home & Garden,West,Net Banking,15,0
4180,1646,2024-05-17,75.94,Apparel,North,Debit Card,0,0
4181,1211,2024-11-29,30.86,Software,West,Wallet,25,0
4182,2596,2023-09-02,398.28,Software,North,Net Banking,20,0
4183,2964,2023-11-05,49.3,Health,East,Net Banking,0,0
4184,2401,2023-08-19,152.63,Books,West,Net Banking,15,0
4185,2419,2023-06-04,192.92,Sports,East,UPI,30,0
4186,2474,2026-04-13,3755.19,Sports,East,Credit Card,0,0
4187,1943,2025-04-27,65.44,Electronics,East,UPI,0,1
4188,2388,2023-04-25,35.43,Sports,West,UPI,10,0
4189,2900,2023-11-07,,Health,West,UPI,0,0
4190,1457,2025-09-19,32.44,Books,West,Debit Card,10,0
4191,1725,2023-10-27,50.15,Software,South,UPI,0,0
4192,2752,2025-11-07,215.48,Sports,East,Credit Card,5,0
4193,2250,2025-02-22,40.2,Home & Garden,South,Net Banking,20,0
4194,1982,2023-01-12,176.68,Food & Beverage,North,Debit Card,15,0
4195,2155,2023-08-20,-88.645,Sports,West,UPI,0,0
4196,1588,2025-08-12,121.42,Apparel,Central,UPI,15,0
4197,1476,2024-12-30,201.02,Books,North,Net Banking,5,0
4198,2822,2025-10-14,63.23,Sports,East,Net Banking,30,0
4199,1986,2025-09-25,8.14,Books,East,Debit Card,0,0
4200,2301,2023-10-30,96.65,Software,South,Credit Card,5,1
4201,1156,2024-06-24,98.88,Sports,West,Debit Card,0,0
4202,2784,2024-04-14,57.73,Food & Beverage,West,Net Banking,10,0
4203,2242,2025-03-23,195.87,Sports,North,Credit Card,0,0
4204,1190,2023-03-18,225.24,Electronics,North,UPI,25,0
4205,2441,2025-10-16,116.95,Apparel,North,UPI,10,0
4206,1981,2023-01-24,101.33,Food & Beverage,Central,Wallet,25,0
4207,2699,2025-11-04,388.59,Travel,Central,Net Banking,10,0
4208,2716,2024-11-06,24.81,Software,East,Wallet,0,0
4209,1546,2024-06-08,60.48,Sports,East,Debit Card,0,0
4210,1041,2023-12-13,298.09,Food & Beverage,East,Debit Card,5,0
4211,1307,2023-06-21,171.22,Home & Garden,West,Credit Card,30,0
4212,1943,2024-12-12,67.9,Software,East,Net Banking,20,0
4213,1338,2024-05-03,143.84,Travel,South,Credit Card,20,1
4214,2338,2024-01-13,46.63,Electronics,North,Credit Card,10,0
4215,2099,2026-04-02,109.24,Apparel,West,Debit Card,0,0
4216,1953,2024-01-07,205.55,Software,Central,Debit Card,0,0
4217,1279,2025-09-26,424.22,Home & Garden,North,Net Banking,20,0
4218,2200,2025-09-03,198.96,Home & Garden,East,Debit Card,0,0
4219,1896,2025-01-26,462.37,Software,Central,Net Banking,0,0
4220,2686,2024-04-21,15.94,Home & Garden,Central,Wallet,15,0
4221,1273,2024-01-17,6.33,Books,Central,UPI,0,0
4222,1837,2023-06-04,6.56,Food & Beverage,North,Wallet,15,0
4223,1620,2023-09-14,343.53,Home & Garden,West,Debit Card,0,0
4224,2675,2024-11-04,185.75,Travel,North,UPI,0,0
4225,1862,2023-03-09,38.02,Apparel,South,UPI,0,0
4226,2807,2023-12-10,56.72,Food & Beverage,East,Credit Card,15,0
4227,2883,2024-11-03,134.8,Apparel,West,UPI,5,0
4228,1931,2024-01-26,37.79,Software,West,Net Banking,0,1
4229,1289,2023-09-16,33.76,Food & Beverage,East,Debit Card,0,0
4230,1724,2023-11-03,41.04,Software,South,Debit Card,30,0
4231,1893,2026-01-23,37.02,Sports,Central,Credit Card,15,0
4232,1272,2025-08-07,94.92,Home & Garden,East,Credit Card,10,0
4233,2954,2025-08-27,662.25,Apparel,Central,Debit Card,5,1
4234,2090,2023-09-03,26.88,Travel,East,Credit Card,5,0
4235,1483,2025-01-02,82.44,Sports,North,UPI,15,0
4236,1936,2023-07-06,156.45,Apparel,South,UPI,20,1
4237,1248,2025-07-13,171.17,Software,South,Net Banking,0,0
4238,1156,2025-02-23,49.06,Travel,East,Credit Card,20,0
4239,2071,2024-02-12,189.13,Books,South,Debit Card,15,0
4240,2959,2026-02-22,149.01,Travel,Central,Wallet,5,0
4241,1454,2023-12-07,52.38,Books,South,Debit Card,5,1
4242,1201,2024-07-16,17.76,Health,South,Wallet,20,0
4243,2684,2026-04-16,22.83,Books,South,Wallet,15,0
4244,1124,2024-10-12,220.31,Books,West,Net Banking,0,0
4245,1001,2025-08-09,498.94,Sports,East,Wallet,5,0
4246,1968,2026-04-08,90.1,Books,North,UPI,30,0
4247,2783,2025-11-28,484.1,Health,North,UPI,15,0
4248,1855,2023-03-10,84.53,Home & Garden,West,Net Banking,30,0
4249,1640,2026-06-13,22.8,Sports,West,Debit Card,15,0
4250,1191,2024-01-16,70.01,Travel,North,Debit Card,5,0
4251,2603,2023-02-26,539.28,Food & Beverage,Central,Debit Card,10,0
4252,1516,2025-04-29,43.63,Travel,North,Debit Card,15,0
4253,1442,2026-01-27,76.47,Apparel,North,UPI,15,0
4254,2945,2025-07-04,373.44,Software,East,UPI,15,0
4255,2839,2023-11-21,343.83,Health,North,Net Banking,25,0
4256,2830,2024-04-05,129.95,Books,North,Net Banking,0,0
4257,1143,2023-06-28,170.99,Health,South,Net Banking,20,0
4258,2215,2025-04-23,322.28,Apparel,West,Debit Card,10,0
4259,1533,2024-07-27,130.36,Sports,North,Debit Card,20,0
4260,1227,2023-04-29,418.47,Health,North,UPI,10,0
4261,2337,2024-07-02,201.61,Apparel,Central,UPI,25,0
4262,2653,2024-10-07,75.38,Travel,North,Credit Card,5,0
4263,1949,2023-01-26,151.63,Books,East,Credit Card,0,0
4264,2326,2025-10-28,56.68,Books,Central,Debit Card,10,0
4265,2678,2025-08-26,28.26,Travel,North,UPI,15,0
4266,1460,2024-06-16,22.88,Electronics,East,Debit Card,10,0
4267,2425,2023-05-29,70.25,Food & Beverage,West,Wallet,15,0
4268,1551,2025-11-14,131.05,Apparel,North,Credit Card,0,0
4269,1393,2024-10-16,781.54,Electronics,West,Net Banking,30,0
4270,2891,2025-08-02,148.31,Health,North,Debit Card,0,0
4271,2788,2024-07-08,113.27,Sports,Central,Wallet,5,0
4272,1845,2024-02-29,79.87,Electronics,Central,Net Banking,5,0
4273,2231,2023-10-20,58.62,Food & Beverage,East,Wallet,25,0
4274,1210,2026-04-23,105.31,Food & Beverage,South,UPI,15,0
4275,2139,2024-07-07,64.66,Home & Garden,East,UPI,10,0
4276,2761,2024-03-06,60.96,Food & Beverage,North,UPI,0,0
4277,1646,2024-08-26,241.03,Software,West,Net Banking,0,0
4278,2275,2023-11-13,30.3,Food & Beverage,West,Net Banking,5,1
4279,1219,2024-02-02,66.69,Electronics,North,UPI,0,0
4280,1407,2024-08-18,39.44,Food & Beverage,South,Net Banking,10,0
4281,2467,2024-06-29,103.66,Travel,South,UPI,0,0
4282,2627,2023-03-17,250.76,Health,South,Debit Card,20,0
4283,2378,2025-05-14,137.0,Travel,North,UPI,20,0
4284,1888,2025-07-04,69.06,Travel,Central,Credit Card,10,0
4285,1558,2024-12-09,278.23,Software,Central,Debit Card,0,0
4286,1550,2024-04-30,259.63,Home & Garden,North,UPI,0,0
4287,1142,2026-01-16,94.39,Health,Central,Credit Card,10,0
4288,1612,2025-01-16,608.86,Food & Beverage,South,UPI,15,0
4289,1501,2026-06-09,148.9,Apparel,Central,Debit Card,15,0
4290,1840,2025-10-27,144.16,Books,North,UPI,5,0
4291,1702,2024-07-03,21.26,Home & Garden,Central,Net Banking,0,1
4292,2571,2025-09-02,11.94,Books,Central,UPI,0,0
4293,2683,2025-12-11,97.14,Software,Central,Debit Card,0,0
4294,2566,2025-07-30,297.88,Travel,Central,Wallet,0,0
4295,2870,2025-07-07,133.51,Software,North,UPI,0,1
4296,2531,2026-05-29,281.76,Software,East,Net Banking,0,1
4297,1596,2026-03-12,54.8,Travel,Central,Debit Card,10,0
4298,2905,2023-12-29,99.38,Travel,East,Credit Card,0,0
4299,1281,2024-01-17,91.84,Food & Beverage,North,Wallet,10,0
4300,1424,2023-09-28,10.36,Food & Beverage,West,UPI,0,0
4301,1856,2025-11-03,770.24,Food & Beverage,East,Debit Card,15,0
4302,1270,2023-10-25,378.82,Food & Beverage,North,Net Banking,0,1
4303,1154,2025-09-30,274.27,Software,West,Net Banking,0,1
4304,1614,2023-08-22,420.7,Electronics,Central,Debit Card,0,0
4305,2751,2024-07-28,51.4,Food & Beverage,North,Net Banking,30,0
4306,1662,2023-01-27,233.91,Travel,South,Wallet,5,0
4307,2968,2023-04-03,51.26,Electronics,West,Credit Card,10,0
4308,1083,2024-09-08,107.51,Food & Beverage,South,Net Banking,30,0
4309,2646,2023-11-05,11.13,Software,Central,Net Banking,15,0
4310,1947,2023-02-21,75.3,Food & Beverage,Central,Credit Card,0,0
4311,1899,2023-11-15,14.35,Apparel,East,Wallet,5,0
4312,2450,2023-06-30,19.99,Electronics,Central,Wallet,20,0
4313,2299,2026-02-17,84.4,Sports,East,Wallet,10,0
4314,2737,2025-05-24,38.5,Food & Beverage,West,Net Banking,0,0
4315,1284,2025-12-02,135.2,Software,South,Net Banking,20,0
4316,1980,2024-10-08,671.79,Books,West,Wallet,10,1
4317,1173,2023-07-16,42.69,Health,South,Net Banking,15,0
4318,2351,2024-10-06,65.51,Food & Beverage,North,UPI,10,0
4319,2742,2025-08-28,199.82,Food & Beverage,West,Net Banking,5,0
4320,2087,2023-09-12,40.29,Software,North,Wallet,15,0
4321,2097,2025-01-01,38.15,Books,South,Debit Card,20,0
4322,1763,2023-12-02,52.81,Apparel,East,Wallet,5,0
4323,2660,2025-09-16,,Travel,West,Debit Card,0,0
4324,2399,2025-06-18,10.78,Home & Garden,West,Net Banking,10,0
4325,1633,2024-05-28,32.56,Software,East,Net Banking,0,0
4326,2532,2023-08-30,565.14,Books,East,Debit Card,0,0
4327,1787,2023-05-29,2.18,Electronics,Central,Wallet,5,0
4328,1943,2025-01-26,77.26,Sports,Central,Credit Card,0,0
4329,2012,2024-09-11,564.49,Software,South,Credit Card,0,0
4330,1398,2024-03-28,890.68,Electronics,West,Wallet,0,0
4331,2144,2023-07-31,234.92,Travel,East,Net Banking,0,0
4332,1934,2024-10-29,367.31,Travel,East,Debit Card,0,1
4333,2461,2024-08-16,28.84,Software,North,Debit Card,0,0
4334,2853,2023-05-11,31.83,Software,Central,Wallet,10,1
4335,1676,2024-09-03,704.15,Food & Beverage,North,Wallet,10,0
4336,1936,2023-09-13,65.59,Books,East,UPI,15,0
4337,1465,2024-07-14,9.46,Health,West,Debit Card,0,0
4338,1286,2023-03-04,148.72,Software,West,UPI,10,0
4339,1265,2024-02-11,71.58,Books,North,Net Banking,5,0
4340,1320,2025-03-12,99.22,Home & Garden,Central,Debit Card,0,0
4341,1673,2026-02-02,5.17,Software,South,Wallet,5,0
4342,2400,2023-01-15,3.75,Electronics,West,Wallet,5,0
4343,1820,2023-09-16,129.42,Electronics,South,Net Banking,10,1
4344,1089,2024-12-23,62.57,Sports,Central,Credit Card,10,0
4345,2678,2024-09-05,52.03,Apparel,North,UPI,10,0
4346,2227,2025-12-04,143.82,Health,Central,Wallet,30,0
4347,1821,2025-03-23,35.35,Apparel,East,Debit Card,20,0
4348,2763,2023-11-27,65.46,Health,Central,Debit Card,0,0
4349,2001,2023-06-14,52.54,Travel,North,Debit Card,5,0
4350,2979,2026-05-01,260.48,Travel,North,Net Banking,0,0
4351,1334,2025-12-24,9.44,Home & Garden,Central,Credit Card,5,0
4352,1222,2024-01-22,41.4,Software,North,UPI,15,0
4353,1041,2025-11-19,332.86,Food & Beverage,East,Debit Card,0,0
4354,2732,2023-11-24,32.96,Sports,South,Debit Card,0,0
4355,1068,2026-05-25,103.95,Travel,Central,Wallet,0,0
4356,1988,2023-11-16,667.36,Sports,North,Credit Card,0,1
4357,2800,2024-02-03,108.86,Sports,South,Wallet,15,0
4358,1514,2023-04-15,1174.51,Travel,East,Net Banking,5,0
4359,2897,2024-11-26,482.93,Sports,Central,Net Banking,10,0
4360,2661,2025-10-13,41.18,Electronics,North,UPI,10,0
4361,2646,2023-11-26,19.75,Food & Beverage,South,Net Banking,0,0
4362,2622,2024-10-21,43.61,Travel,East,UPI,0,0
4363,2961,2025-12-06,142.03,Home & Garden,West,Wallet,25,0
4364,2656,2024-08-21,136.39,Apparel,North,Debit Card,5,0
4365,2151,2025-03-31,199.82,Food & Beverage,East,Debit Card,5,0
4366,2279,2024-10-02,29.65,Electronics,South,Credit Card,15,0
4367,1695,2023-11-10,35.38,Books,Central,Net Banking,0,0
4368,2040,2026-03-16,175.96,Food & Beverage,South,Credit Card,20,0
4369,1477,2024-04-06,981.5,Travel,Central,Credit Card,10,0
4370,2086,2024-04-30,24.13,Health,East,Debit Card,0,0
4371,1881,2024-02-14,82.52,Food & Beverage,East,Net Banking,0,0
4372,1432,2023-01-27,58.45,Apparel,South,Debit Card,0,0
4373,2694,2025-11-18,107.17,Travel,South,Credit Card,0,1
4374,1268,2023-09-28,21.4,Travel,Central,Net Banking,0,0
4375,2059,2024-11-16,100.06,Books,North,Debit Card,0,0
4376,1779,2024-05-15,389.53,Home & Garden,South,UPI,0,0
4377,2600,2024-01-20,12.82,Travel,North,UPI,10,0
4378,1494,2023-03-01,297.45,Books,North,Wallet,0,0
4379,2586,2026-02-04,21.46,Home & Garden,North,Wallet,0,0
4380,2493,2023-08-08,122.7,Software,East,Net Banking,10,0
4381,2791,2025-02-09,161.83,Software,East,Wallet,15,0
4382,1661,2024-07-17,141.2,Health,North,Net Banking,25,0
4383,2349,2024-06-29,60.33,Travel,North,Credit Card,5,0
4384,2328,2023-04-06,199.34,Books,East,UPI,0,0
4385,2300,2025-09-15,19.91,Books,Central,Net Banking,10,0
4386,2893,2026-01-17,269.75,Books,West,Credit Card,30,0
4387,2987,2025-04-07,51.52,Apparel,South,UPI,20,0
4388,2708,2023-08-19,132.48,Home & Garden,North,Debit Card,15,1
4389,2953,2025-08-25,59.04,Travel,East,Credit Card,15,0
4390,2013,2023-10-02,565.96,Food & Beverage,North,Debit Card,15,1
4391,2225,2023-09-03,152.38,Software,North,Wallet,0,0
4392,2469,2023-04-21,197.01,Health,North,Net Banking,5,0
4393,2929,2023-08-22,231.61,Food & Beverage,North,UPI,10,0
4394,2348,2024-02-21,67.41,Sports,Central,Wallet,0,0
4395,2059,2024-11-08,127.37,Health,South,Credit Card,25,0
4396,1977,2026-02-25,109.76,Sports,South,Wallet,0,1
4397,1482,2026-06-14,195.17,Health,East,Debit Card,0,0
4398,1728,2025-03-13,52.73,Books,Central,Debit Card,0,0
4399,1480,2024-09-10,38.56,Apparel,Central,Net Banking,5,0
4400,2089,2026-02-25,371.73,Health,South,Wallet,5,0
4401,2032,2024-12-07,231.38,Travel,East,UPI,0,0
4402,2325,2025-04-30,32.88,Apparel,Central,Debit Card,15,1
4403,1343,2024-04-19,882.43,Food & Beverage,East,Credit Card,0,0
4404,2455,2024-10-16,45.35,Sports,South,Wallet,10,0
4405,2448,2024-01-30,103.79,Books,North,UPI,5,0
4406,1332,2023-04-21,365.92,Electronics,Central,UPI,25,0
4407,1438,2023-03-31,361.76,Food & Beverage,East,UPI,20,0
4408,2612,2025-02-01,38.61,Travel,North,UPI,0,0
4409,1174,2026-06-01,167.45,Apparel,South,Debit Card,5,0
4410,1559,2026-01-29,62.04,Electronics,West,Net Banking,30,0
4411,1527,2023-05-12,148.93,Software,Central,Wallet,0,0
4412,2897,2025-11-02,-88.645,Apparel,Central,Debit Card,0,0
4413,1659,2024-04-01,55.52,Travel,East,Net Banking,15,0
4414,1026,2023-04-08,28.36,Books,South,UPI,5,0
4415,1820,2026-02-17,373.23,Apparel,South,Credit Card,25,1
4416,1605,2023-10-20,36.87,Books,Central,UPI,10,0
4417,1406,2025-10-21,524.29,Software,Central,Net Banking,5,0
4418,1232,2024-07-25,63.27,Food & Beverage,East,Net Banking,25,0
4419,1533,2023-09-07,161.03,Home & Garden,East,Credit Card,0,0
4420,2843,2024-10-13,570.84,Travel,West,Debit Card,10,0
4421,2574,2023-05-29,53.69,Electronics,North,Credit Card,20,0
4422,2812,2023-02-13,158.57,Software,East,UPI,10,0
4423,1505,2025-12-03,162.85,Software,North,Wallet,0,0
4424,2693,2026-01-06,40.45,Sports,Central,Debit Card,10,1
4425,1179,2026-06-03,117.53,Travel,West,Wallet,5,0
4426,1132,2023-06-11,220.03,Home & Garden,West,Wallet,30,0
4427,2847,2023-09-10,693.07,Food & Beverage,West,Debit Card,0,0
4428,2479,2023-05-12,54.71,Travel,South,UPI,15,0
4429,1348,2024-04-18,136.33,Software,Central,Net Banking,0,0
4430,1540,2026-02-06,,Travel,South,UPI,10,0
4431,1772,2024-12-06,113.53,Software,South,Net Banking,5,0
4432,2430,2025-11-24,44.25,Sports,West,Net Banking,25,1
4433,1076,2023-10-02,73.49,Electronics,South,Debit Card,5,0
4434,2965,2023-07-06,556.6,Health,Central,Debit Card,20,0
4435,1579,2025-08-06,104.89,Sports,Central,Credit Card,10,0
4436,1854,2023-08-31,98.63,Electronics,South,Wallet,5,0
4437,2516,2023-09-21,32.37,Home & Garden,Central,Wallet,0,0
4438,1194,2024-06-05,333.35,Health,North,Wallet,0,0
4439,2186,2025-08-20,248.73,Home & Garden,South,Wallet,0,0
4440,1347,2025-02-21,104.87,Electronics,West,Credit Card,0,0
4441,1951,2026-01-15,881.26,Health,West,Net Banking,0,0
4442,2385,2024-06-18,47.51,Travel,Central,Credit Card,10,0
4443,2793,2023-07-29,25.77,Books,Central,Debit Card,30,0
4444,2608,2023-02-15,80.33,Food & Beverage,West,UPI,15,0
4445,2111,2023-01-26,32.57,Home & Garden,North,Net Banking,0,0
4446,2958,2023-06-24,120.16,Books,West,Net Banking,10,0
4447,2286,2023-11-18,98.28,Home & Garden,South,Credit Card,5,1
4448,1214,2026-03-04,359.06,Apparel,West,Debit Card,10,0
4449,2689,2023-02-24,,Health,East,Debit Card,10,0
4450,2746,2026-03-25,134.08,Health,North,Net Banking,0,0
4451,2937,2024-10-29,112.42,Travel,North,Credit Card,25,0
4452,1573,2023-05-27,244.46,Electronics,West,Wallet,10,0
4453,1780,2024-08-21,23.18,Apparel,East,Net Banking,15,1
4454,1262,2023-01-20,30.65,Apparel,South,Wallet,0,0
4455,1730,2023-11-29,44.94,Home & Garden,West,UPI,0,0
4456,1283,2025-06-25,24.5,Health,South,Debit Card,10,0
4457,2672,2025-08-01,187.69,Health,East,Net Banking,25,0
4458,2491,2025-06-29,189.86,Health,West,UPI,10,0
4459,2404,2024-02-05,333.78,Electronics,West,Wallet,0,0
4460,1362,2025-08-07,75.57,Apparel,South,Net Banking,10,0
4461,2473,2023-01-28,51.68,Travel,West,UPI,5,0
4462,1441,2024-04-11,28.89,Software,East,Net Banking,0,0
4463,1093,2025-09-08,430.21,Health,West,UPI,25,0
4464,2645,2023-04-11,-88.645,Electronics,Central,UPI,15,0
4465,1753,2024-07-04,37.68,Sports,East,Wallet,5,0
4466,1867,2025-03-12,221.52,Travel,North,Debit Card,5,0
4467,2448,2023-12-19,59.92,Books,South,Credit Card,0,0
4468,1142,2023-10-23,25.02,Electronics,East,UPI,0,0
4469,2315,2023-12-19,31.79,Health,North,Debit Card,5,0
4470,2456,2025-06-26,100.35,Food & Beverage,North,Credit Card,0,0
4471,1749,2026-02-27,-88.645,Software,East,Wallet,0,0
4472,2876,2025-10-15,81.23,Sports,North,Net Banking,5,0
4473,2848,2026-03-25,31.89,Sports,North,Debit Card,10,0
4474,2713,2026-01-02,28.93,Travel,Central,Net Banking,15,0
4475,1653,2026-01-18,50.12,Sports,West,Net Banking,0,0
4476,1701,2024-03-30,108.98,Home & Garden,Central,Credit Card,0,0
4477,1998,2024-12-12,132.08,Health,West,Debit Card,0,0
4478,1049,2025-09-06,272.92,Books,North,UPI,5,0
4479,2326,2025-01-08,35.17,Software,West,Credit Card,5,0
4480,1881,2025-09-03,478.1,Books,Central,Debit Card,0,0
4481,2214,2023-08-21,2356.99,Software,South,UPI,15,1
4482,2160,2025-10-20,54.38,Food & Beverage,South,Net Banking,10,0
4483,1555,2023-04-12,10.8,Food & Beverage,West,Wallet,20,0
4484,1404,2025-08-10,11.14,Food & Beverage,South,Wallet,0,0
4485,1892,2024-04-25,49.59,Health,East,Credit Card,5,0
4486,1865,2026-05-22,39.14,Sports,South,UPI,10,0
4487,1602,2023-04-18,90.57,Sports,West,UPI,0,0
4488,2831,2026-04-03,165.66,Software,North,Wallet,30,0
4489,1341,2025-08-30,19.23,Health,Central,UPI,15,0
4490,2781,2024-12-04,73.27,Food & Beverage,South,Debit Card,0,0
4491,2969,2023-12-01,49.05,Electronics,West,Debit Card,10,0
4492,1704,2023-03-27,1035.52,Health,Central,Wallet,0,0
4493,1318,2025-01-03,17.15,Food & Beverage,East,Net Banking,20,0
4494,1618,2025-05-24,36.21,Sports,North,Net Banking,0,0
4495,2387,2023-12-30,93.71,Travel,Central,Net Banking,25,0
4496,2846,2023-03-01,36.51,Health,Central,Wallet,20,0
4497,1382,2026-06-27,350.63,Travel,West,Credit Card,5,0
4498,1233,2024-07-13,26.47,Software,East,UPI,10,0
4499,2801,2023-04-27,,Electronics,South,Debit Card,0,1
4500,2368,2025-05-23,388.86,Home & Garden,East,Debit Card,0,0
4501,2573,2025-07-03,21.56,Apparel,North,Credit Card,0,0
4502,1817,2025-08-25,245.06,Home & Garden,South,UPI,5,0
4503,1553,2025-09-25,52.3,Apparel,East,Net Banking,0,0
4504,2553,2023-02-13,42.86,Food & Beverage,North,Debit Card,0,0
4505,1856,2024-05-23,48.94,Software,Central,Net Banking,5,0
4506,2813,2026-04-03,23.46,Apparel,Central,Net Banking,20,0
4507,1819,2025-04-28,267.33,Sports,Central,Wallet,5,0
4508,2595,2025-07-05,105.98,Books,Central,Wallet,20,0
4509,2959,2025-06-16,262.21,Books,South,UPI,20,0
4510,1183,2025-03-09,369.3,Electronics,Central,Debit Card,0,0
4511,2065,2025-05-25,172.3,Food & Beverage,South,Wallet,15,0
4512,2575,2023-10-13,15.75,Books,South,UPI,10,0
4513,1397,2026-05-12,28.13,Food & Beverage,East,Credit Card,5,0
4514,2728,2024-11-14,249.91,Sports,Central,Net Banking,0,0
4515,1779,2025-03-29,96.22,Food & Beverage,West,Debit Card,10,0
4516,2518,2023-05-01,196.46,Software,Central,Debit Card,0,0
4517,2683,2025-08-02,80.91,Electronics,West,UPI,20,0
4518,1907,2025-10-14,53.75,Food & Beverage,Central,Wallet,25,0
4519,2357,2026-04-26,196.76,Electronics,South,Net Banking,5,0
4520,1127,2025-06-25,11.33,Health,Central,Net Banking,5,0
4521,2582,2023-01-13,61.33,Sports,Central,Debit Card,5,0
4522,2581,2024-08-25,97.49,Food & Beverage,Central,Debit Card,0,0
4523,1001,2023-07-19,115.63,Health,Central,Net Banking,0,0
4524,2192,2024-08-08,19.04,Books,East,Credit Card,25,0
4525,2644,2024-03-23,20.01,Software,East,UPI,0,0
4526,1019,2025-04-20,56.16,Travel,South,Credit Card,10,0
4527,2356,2025-12-30,83.49,Home & Garden,South,Wallet,10,1
4528,1584,2024-08-12,581.77,Electronics,West,Credit Card,20,0
4529,1456,2026-02-27,31.39,Travel,South,Credit Card,0,0
4530,1957,2025-06-07,49.81,Sports,East,Wallet,20,0
4531,2133,2023-02-12,607.77,Health,South,UPI,0,0
4532,2292,2024-06-03,322.76,Sports,West,Net Banking,25,0
4533,1445,2025-11-02,23.65,Health,West,Credit Card,5,0
4534,2264,2024-12-25,202.46,Electronics,East,UPI,0,1
4535,2953,2024-09-14,244.42,Electronics,South,Wallet,0,0
4536,2325,2025-09-14,113.85,Apparel,West,UPI,30,0
4537,1602,2025-03-13,22.02,Books,South,Credit Card,0,0
4538,1103,2024-06-18,44.05,Food & Beverage,South,Net Banking,5,0
4539,1988,2023-10-29,42.37,Apparel,East,Wallet,5,0
4540,2274,2024-06-10,169.81,Electronics,East,Wallet,5,0
4541,2477,2026-02-12,53.77,Software,South,Credit Card,5,0
4542,1520,2024-04-04,65.51,Health,Central,UPI,5,0
4543,2177,2025-04-11,43.71,Travel,Central,Net Banking,0,0
4544,1859,2024-05-19,13.87,Food & Beverage,North,Wallet,15,0
4545,1174,2025-07-20,2026.6,Software,North,Credit Card,0,0
4546,2367,2023-11-21,,Travel,North,Credit Card,0,0
4547,2694,2024-08-01,526.59,Sports,East,Debit Card,0,0
4548,2005,2025-01-30,23.6,Books,South,Debit Card,10,0
4549,1431,2026-04-13,556.94,Apparel,West,UPI,15,0
4550,1727,2025-04-30,55.94,Electronics,South,Credit Card,0,0
4551,2713,2026-04-10,170.09,Food & Beverage,South,UPI,10,0
4552,2711,2025-08-17,295.92,Home & Garden,North,UPI,5,0
4553,2876,2024-05-16,551.77,Sports,South,Net Banking,20,0
4554,1850,2023-11-30,85.14,Electronics,North,Debit Card,25,0
4555,2682,2023-10-11,26.97,Food & Beverage,South,UPI,10,0
4556,2986,2024-04-19,88.44,Travel,West,Net Banking,10,0
4557,2348,2025-12-13,182.96,Sports,Central,Net Banking,15,0
4558,1990,2024-09-23,47.32,Travel,Central,Debit Card,5,0
4559,2697,2024-12-03,54.18,Home & Garden,East,Debit Card,0,0
4560,1639,2024-02-13,14.04,Health,West,Credit Card,15,0
4561,1420,2025-09-08,27.83,Home & Garden,South,UPI,10,0
4562,1594,2024-07-12,153.42,Food & Beverage,West,Net Banking,0,0
4563,1485,2023-08-10,259.39,Sports,South,Credit Card,0,0
4564,2683,2023-06-07,337.68,Food & Beverage,West,UPI,0,0
4565,2775,2023-12-14,1381.8,Health,West,UPI,15,0
4566,1412,2026-03-28,536.89,Travel,Central,Credit Card,5,0
4567,1936,2025-06-07,75.01,Food & Beverage,West,Net Banking,0,0
4568,2108,2025-07-10,29.29,Sports,East,Credit Card,20,0
4569,2137,2026-06-12,66.2,Software,South,UPI,10,0
4570,2761,2024-10-23,46.46,Health,North,Credit Card,15,0
4571,1332,2024-02-09,109.84,Software,West,Credit Card,25,0
4572,2402,2024-11-07,262.21,Home & Garden,North,UPI,0,0
4573,2779,2024-08-11,160.09,Books,Central,Debit Card,10,0
4574,1655,2024-07-11,596.54,Electronics,North,Net Banking,15,0
4575,1041,2025-06-23,144.7,Travel,East,UPI,5,0
4576,2959,2025-12-06,19.48,Electronics,East,Debit Card,5,0
4577,2794,2026-05-21,45.42,Electronics,Central,Credit Card,25,0
4578,1959,2024-04-23,145.92,Health,East,Debit Card,0,0
4579,2821,2024-05-01,118.44,Travel,South,UPI,10,0
4580,1105,2024-07-19,432.64,Home & Garden,East,UPI,30,0
4581,1202,2024-06-07,90.78,Apparel,West,Credit Card,0,0
4582,1450,2024-12-04,72.84,Health,East,UPI,5,0
4583,2843,2025-10-26,13.62,Books,South,Wallet,30,0
4584,2867,2025-03-31,34.19,Electronics,Central,Debit Card,0,0
4585,2997,2026-03-13,130.39,Apparel,East,Wallet,10,0
4586,2290,2025-05-07,115.77,Home & Garden,South,Wallet,5,0
4587,1910,2024-08-07,183.8,Food & Beverage,West,Debit Card,15,0
4588,1210,2024-11-16,154.58,Electronics,North,UPI,0,0
4589,1563,2023-08-20,78.57,Travel,North,Debit Card,0,0
4590,2142,2023-09-27,27.06,Apparel,Central,Credit Card,5,0
4591,1713,2025-07-28,90.08,Books,Central,Wallet,0,0
4592,2401,2025-05-23,85.36,Travel,North,Wallet,0,0
4593,2575,2026-05-30,466.93,Books,North,UPI,0,0
4594,2564,2023-02-21,443.11,Travel,Central,Debit Card,25,1
4595,1771,2023-04-26,50.68,Food & Beverage,North,Net Banking,0,0
4596,2108,2024-06-21,42.68,Health,East,UPI,20,0
4597,1454,2024-06-24,17.74,Travel,South,UPI,0,0
4598,1667,2025-11-08,73.86,Home & Garden,Central,UPI,10,0
4599,1629,2025-03-25,50.96,Books,South,Debit Card,15,1
4600,2538,2025-03-01,2056.56,Health,West,UPI,0,0
4601,2629,2024-09-09,23.61,Software,West,Credit Card,5,1
4602,2702,2024-02-23,96.57,Food & Beverage,East,Credit Card,0,0
4603,1387,2023-11-05,41.62,Electronics,West,Wallet,25,0
4604,2936,2025-05-13,92.72,Travel,Central,Wallet,5,0
4605,2374,2023-07-05,60.34,Food & Beverage,East,Debit Card,0,0
4606,1296,2023-09-18,238.36,Electronics,East,Net Banking,10,0
4607,1258,2023-06-09,152.69,Sports,Central,Wallet,20,0
4608,2105,2025-05-19,228.99,Food & Beverage,North,Wallet,15,0
4609,2961,2025-01-31,,Electronics,South,Wallet,0,0
4610,1268,2023-08-12,328.71,Books,Central,Wallet,5,0
4611,1419,2023-06-29,50.5,Home & Garden,North,UPI,15,0
4612,1235,2023-01-20,16.65,Health,North,Wallet,20,0
4613,2857,2024-09-23,72.37,Travel,West,Debit Card,0,0
4614,2335,2026-05-18,103.13,Home & Garden,East,UPI,0,0
4615,2837,2023-02-27,20.09,Home & Garden,East,UPI,20,0
4616,2999,2026-01-21,256.8,Home & Garden,West,Debit Card,0,0
4617,1986,2026-05-29,34.01,Food & Beverage,West,Net Banking,5,1
4618,2381,2024-12-23,32.31,Food & Beverage,East,Wallet,10,0
4619,2237,2026-06-09,90.01,Home & Garden,Central,Credit Card,30,0
4620,1574,2024-09-06,251.83,Food & Beverage,Central,Net Banking,5,0
4621,1049,2024-07-15,20.93,Software,Central,Wallet,5,0
4622,2151,2024-01-09,278.32,Travel,Central,Credit Card,10,0
4623,1223,2024-09-13,6.74,Health,West,UPI,0,0
4624,1921,2023-03-29,133.86,Health,South,UPI,0,1
4625,2303,2025-11-09,23.2,Travel,South,UPI,5,0
4626,2432,2025-10-10,34.53,Health,East,Wallet,0,0
4627,2529,2023-01-14,724.49,Home & Garden,South,Debit Card,0,0
4628,2318,2023-05-13,27.5,Travel,Central,UPI,0,0
4629,2820,2025-11-23,84.14,Travel,West,UPI,5,0
4630,1277,2025-06-10,25.03,Electronics,Central,UPI,30,0
4631,2462,2026-05-16,226.56,Books,North,Wallet,30,0
4632,2131,2026-05-07,147.04,Books,West,Credit Card,10,0
4633,2682,2024-08-14,174.12,Electronics,North,Net Banking,20,0
4634,1420,2024-08-05,349.69,Food & Beverage,North,UPI,25,0
4635,1611,2026-03-24,60.02,Food & Beverage,East,Net Banking,20,0
4636,2453,2026-01-06,326.82,Sports,North,Debit Card,5,1
4637,1375,2026-04-10,538.02,Food & Beverage,South,Debit Card,15,0
4638,1073,2023-10-16,126.64,Food & Beverage,South,Debit Card,0,0
4639,2973,2025-10-09,23.87,Electronics,North,UPI,10,0
4640,2658,2025-05-28,21.2,Books,East,Net Banking,5,0
4641,2054,2023-01-07,153.04,Apparel,North,Credit Card,10,0
4642,2212,2026-03-29,23.85,Health,West,Wallet,10,0
4643,2388,2023-08-28,17.96,Software,West,Net Banking,0,0
4644,2890,2024-06-19,259.95,Software,West,Wallet,20,0
4645,2824,2023-03-11,51.91,Software,West,Net Banking,0,0
4646,2475,2023-08-04,1641.36,Health,North,UPI,0,1
4647,1195,2026-02-01,40.9,Health,Central,Credit Card,5,1
4648,2180,2025-12-13,49.56,Electronics,Central,UPI,0,0
4649,2196,2025-03-16,138.53,Food & Beverage,West,Debit Card,30,0
4650,1847,2023-11-26,115.06,Books,East,Credit Card,0,0
4651,2065,2025-04-27,81.37,Travel,East,Net Banking,0,0
4652,2087,2026-05-11,79.08,Travel,North,UPI,0,1
4653,1023,2023-02-14,4408.98,Sports,Central,Wallet,0,0
4654,1360,2025-04-08,660.45,Electronics,North,UPI,0,0
4655,2099,2023-07-17,247.7,Food & Beverage,South,UPI,5,0
4656,1560,2026-05-24,20.69,Electronics,West,Net Banking,0,0
4657,1672,2025-06-14,82.38,Books,South,Net Banking,15,0
4658,2849,2023-11-28,198.87,Books,South,Debit Card,15,0
4659,2142,2024-11-26,220.93,Home & Garden,East,Credit Card,0,0
4660,2636,2023-01-27,417.02,Books,Central,UPI,30,0
4661,2404,2026-04-04,41.7,Food & Beverage,West,Wallet,15,0
4662,2953,2023-11-14,85.95,Books,North,Net Banking,0,0
4663,2944,2023-12-31,36.38,Electronics,West,Net Banking,30,0
4664,1679,2026-01-31,446.61,Health,North,Debit Card,20,0
4665,2314,2025-08-17,208.22,Home & Garden,North,Credit Card,15,0
4666,1440,2024-01-08,48.97,Health,Central,Debit Card,10,0
4667,2692,2023-09-02,117.9,Books,South,Net Banking,10,0
4668,1933,2026-04-07,95.62,Home & Garden,North,Wallet,30,0
4669,1007,2024-04-22,31.31,Food & Beverage,Central,Debit Card,5,0
4670,2220,2023-05-05,274.84,Electronics,South,UPI,0,0
4671,1421,2024-06-20,98.73,Food & Beverage,South,Net Banking,0,0
4672,2592,2024-12-06,47.69,Sports,West,Net Banking,0,0
4673,1833,2024-06-14,30.68,Sports,West,Debit Card,0,0
4674,2217,2025-02-24,251.02,Books,West,Wallet,0,0
4675,1559,2023-09-11,124.18,Software,East,Debit Card,0,0
4676,2172,2023-05-01,39.11,Electronics,South,Wallet,0,0
4677,2811,2025-11-21,49.53,Home & Garden,East,Net Banking,10,0
4678,2693,2024-10-22,90.62,Sports,West,Debit Card,10,1
4679,2226,2025-11-26,97.18,Apparel,Central,Credit Card,0,0
4680,2468,2025-11-02,113.35,Software,West,Debit Card,0,0
4681,1914,2026-04-21,10.77,Health,North,Debit Card,0,0
4682,2443,2023-03-29,104.01,Electronics,Central,Credit Card,5,0
4683,2451,2023-02-15,20.84,Software,Central,Credit Card,0,0
4684,2007,2026-02-16,494.13,Food & Beverage,South,UPI,20,0
4685,2503,2025-07-21,314.67,Apparel,East,Credit Card,20,0
4686,2499,2025-01-14,360.71,Electronics,North,Wallet,0,0
4687,1126,2025-08-24,4.71,Food & Beverage,Central,UPI,0,0
4688,1395,2025-02-01,62.86,Health,East,Wallet,20,0
4689,1817,2025-01-31,81.97,Food & Beverage,East,UPI,5,0
4690,1881,2025-03-04,179.47,Health,North,UPI,0,0
4691,2830,2025-01-13,265.35,Food & Beverage,North,Wallet,0,0
4692,1576,2025-12-05,420.54,Travel,West,Net Banking,10,1
4693,1325,2024-07-11,5.59,Apparel,West,Net Banking,0,0
4694,2416,2024-06-09,34.41,Software,Central,Debit Card,0,0
4695,1930,2024-08-19,96.48,Software,Central,Net Banking,5,0
4696,2712,2025-04-19,243.57,Software,Central,Debit Card,10,0
4697,2652,2023-01-03,235.61,Health,West,Net Banking,0,0
4698,2464,2025-11-17,159.16,Software,Central,Debit Card,10,0
4699,2228,2023-06-06,41.91,Electronics,Central,Debit Card,0,0
4700,2510,2025-05-04,48.82,Home & Garden,West,Credit Card,0,0
4701,1833,2024-05-25,42.29,Apparel,West,Debit Card,0,0
4702,2055,2024-11-17,27.74,Electronics,Central,Wallet,10,0
4703,2412,2026-02-11,27.27,Books,Central,Wallet,10,0
4704,2649,2026-06-27,24.32,Electronics,East,Debit Card,20,0
4705,2901,2024-07-24,134.71,Home & Garden,South,Wallet,0,0
4706,2458,2024-12-15,104.5,Food & Beverage,West,Net Banking,30,0
4707,1837,2023-08-27,29.6,Food & Beverage,South,Wallet,5,0
4708,1926,2026-06-11,11.54,Home & Garden,West,Credit Card,0,0
4709,2400,2023-10-30,57.79,Sports,East,Wallet,0,0
4710,2368,2024-08-29,531.69,Health,South,Net Banking,0,0
4711,1443,2025-09-17,90.67,Food & Beverage,East,Net Banking,0,0
4712,2603,2023-11-30,235.12,Apparel,North,Debit Card,20,0
4713,1075,2023-04-23,111.73,Software,South,UPI,0,0
4714,1557,2023-12-28,83.95,Food & Beverage,South,Net Banking,0,0
4715,2796,2025-03-11,15.37,Apparel,South,Debit Card,10,0
4716,2690,2023-04-07,55.26,Health,North,Debit Card,0,1
4717,2179,2023-01-16,47.38,Sports,North,Wallet,5,0
4718,2454,2024-07-09,532.44,Electronics,East,Wallet,0,0
4719,1363,2024-01-11,112.15,Software,North,Debit Card,0,0
4720,1448,2025-01-11,416.98,Travel,West,Credit Card,20,0
4721,2258,2024-01-25,348.26,Books,Central,Debit Card,0,1
4722,2587,2024-09-11,32.62,Home & Garden,South,Wallet,0,0
4723,2842,2026-05-25,90.14,Sports,East,Net Banking,0,0
4724,1262,2025-04-03,679.84,Home & Garden,East,Credit Card,0,0
4725,2851,2023-11-16,176.94,Travel,East,UPI,5,0
4726,1125,2023-07-15,164.56,Books,East,Net Banking,20,0
4727,1911,2024-02-22,269.43,Travel,South,Wallet,0,0
4728,1245,2024-08-29,160.21,Electronics,East,Net Banking,10,0
4729,1542,2024-07-21,173.4,Software,South,Net Banking,10,1
4730,2962,2024-06-27,129.35,Home & Garden,East,Wallet,15,0
4731,1485,2023-08-19,59.88,Electronics,East,Net Banking,10,0
4732,1122,2025-06-02,25.29,Home & Garden,Central,Debit Card,10,0
4733,1125,2024-06-04,9.7,Apparel,West,Credit Card,5,0
4734,2573,2024-12-03,60.63,Health,North,Wallet,5,0
4735,1170,2026-05-08,152.01,Sports,North,Credit Card,0,1
4736,1124,2025-04-25,119.86,Health,North,Debit Card,5,0
4737,2893,2024-11-03,193.08,Home & Garden,West,Wallet,5,0
4738,2059,2023-01-21,77.38,Food & Beverage,South,Debit Card,0,1
4739,2111,2024-08-10,2359.96,Health,North,UPI,0,0
4740,1646,2025-06-16,1025.27,Health,North,UPI,5,1
4741,2732,2024-01-06,14.57,Books,North,UPI,20,0
4742,1786,2023-03-19,197.91,Food & Beverage,South,Credit Card,0,0
4743,1201,2024-10-09,287.88,Home & Garden,West,UPI,20,0
4744,1369,2023-05-20,7.05,Sports,West,UPI,15,0
4745,1797,2024-07-06,109.98,Food & Beverage,South,Debit Card,0,0
4746,1077,2025-09-24,167.39,Home & Garden,Central,Net Banking,0,0
4747,1059,2023-10-09,89.41,Health,East,Net Banking,0,0
4748,1431,2024-03-15,143.05,Home & Garden,South,UPI,20,0
4749,1638,2023-09-27,98.98,Software,East,Net Banking,20,0
4750,2524,2026-03-03,209.16,Sports,West,UPI,0,0
4751,2937,2025-01-15,577.1,Apparel,East,UPI,0,0
4752,1109,2023-04-14,226.94,Food & Beverage,North,Credit Card,20,0
4753,2760,2025-02-04,368.84,Software,East,Wallet,0,0
4754,2008,2023-04-05,25.31,Apparel,East,Net Banking,30,0
4755,2302,2024-12-29,1025.47,Sports,West,UPI,5,0
4756,1068,2024-04-24,131.36,Books,Central,Net Banking,15,0
4757,2093,2025-02-18,56.34,Software,East,Credit Card,5,1
4758,2189,2026-06-18,148.18,Health,West,Credit Card,0,0
4759,2513,2023-01-13,46.83,Books,North,UPI,0,0
4760,1305,2026-03-16,106.24,Food & Beverage,East,Net Banking,30,0
4761,2933,2024-08-23,129.2,Software,East,Net Banking,5,1
4762,1674,2023-04-05,39.51,Sports,North,Net Banking,0,0
4763,1365,2023-10-20,108.52,Apparel,South,Credit Card,15,0
4764,2878,2023-01-25,38.82,Books,Central,Debit Card,20,0
4765,1821,2026-04-04,38.52,Health,North,Debit Card,0,0
4766,2403,2025-07-27,26.76,Sports,North,Net Banking,10,0
4767,1343,2025-01-31,57.49,Electronics,North,Net Banking,0,0
4768,1947,2026-01-15,46.49,Travel,South,Wallet,20,0
4769,1899,2024-10-15,158.96,Books,North,UPI,0,0
4770,2578,2025-09-11,335.48,Apparel,South,Credit Card,0,0
4771,2378,2024-09-29,199.24,Home & Garden,Central,Wallet,0,0
4772,2440,2024-05-05,289.17,Books,South,Net Banking,10,0
4773,2133,2026-03-10,261.33,Sports,Central,Debit Card,0,0
4774,2587,2026-01-31,29.61,Software,Central,Debit Card,5,0
4775,1762,2026-06-03,60.29,Software,Central,Wallet,10,0
4776,2521,2024-07-28,761.5,Travel,West,Debit Card,20,0
4777,1341,2023-10-21,46.83,Apparel,Central,Debit Card,5,0
4778,1942,2025-06-14,832.69,Books,South,UPI,0,0
4779,1383,2026-04-18,54.56,Travel,West,Net Banking,0,0
4780,2004,2023-02-09,7.71,Travel,North,Wallet,25,0
4781,2557,2025-02-14,66.9,Health,North,Credit Card,30,0
4782,1300,2024-06-03,248.61,Sports,East,Credit Card,0,0
4783,1139,2024-06-29,662.58,Home & Garden,Central,Net Banking,15,0
4784,1359,2023-08-24,15.28,Travel,East,Credit Card,0,0
4785,1836,2024-04-07,243.21,Travel,Central,Debit Card,20,1
4786,2523,2026-06-05,262.9,Books,Central,UPI,0,0
4787,2409,2024-04-27,429.1,Home & Garden,South,Wallet,5,0
4788,2628,2024-03-05,3.65,Books,South,Wallet,10,0
4789,2983,2025-11-11,657.34,Sports,North,Debit Card,20,0
4790,2304,2023-12-09,,Travel,West,Net Banking,20,0
4791,2661,2025-11-29,156.08,Apparel,North,UPI,0,0
4792,1483,2026-04-11,313.19,Travel,Central,Credit Card,30,0
4793,1909,2026-04-17,8.12,Food & Beverage,West,Wallet,10,0
4794,2135,2023-05-13,304.3,Sports,East,Wallet,10,1
4795,1866,2023-12-17,1556.04,Home & Garden,Central,Net Banking,20,1
4796,1139,2024-05-20,17.42,Books,South,UPI,0,0
4797,1996,2023-03-25,83.32,Food & Beverage,North,Credit Card,5,0
4798,1435,2025-09-19,94.16,Electronics,North,Wallet,30,0
4799,1509,2025-04-09,138.07,Electronics,East,Wallet,0,0
4800,1273,2025-05-10,150.09,Home & Garden,North,Credit Card,20,1
4801,2123,2023-12-09,40.21,Apparel,North,UPI,20,0
4802,2788,2025-05-15,94.44,Electronics,West,UPI,0,0
4803,2874,2026-04-04,729.85,Travel,Central,UPI,20,0
4804,1104,2023-10-20,146.55,Electronics,West,Wallet,0,0
4805,2238,2026-06-03,140.04,Travel,West,Debit Card,10,0
4806,2785,2026-04-08,38.19,Books,North,Wallet,5,0
4807,2688,2024-08-20,448.98,Sports,Central,Net Banking,0,0
4808,1762,2024-10-06,69.39,Travel,North,Net Banking,20,0
4809,1787,2024-03-23,7.69,Travel,North,Wallet,5,0
4810,1165,2024-11-20,149.04,Travel,West,Wallet,5,1
4811,1999,2025-09-28,210.25,Home & Garden,South,Credit Card,20,0
4812,2877,2025-05-04,62.89,Travel,South,UPI,0,0
4813,1520,2024-05-16,6.18,Electronics,West,Credit Card,10,0
4814,2308,2025-02-02,23.58,Sports,West,Net Banking,20,0
4815,1517,2025-01-04,78.4,Books,North,Net Banking,0,0
4816,1657,2026-05-09,56.34,Food & Beverage,Central,Debit Card,15,0
4817,1613,2023-09-07,152.93,Books,North,UPI,5,0
4818,1164,2024-08-23,183.1,Books,North,UPI,0,0
4819,2910,2023-05-05,53.36,Books,East,Net Banking,0,0
4820,2683,2023-04-23,16.8,Software,North,Credit Card,15,1
4821,1064,2025-09-07,514.84,Home & Garden,Central,Wallet,0,0
4822,2115,2026-03-06,176.39,Apparel,North,UPI,20,0
4823,2141,2023-05-30,201.48,Apparel,West,Wallet,0,0
4824,2890,2025-05-24,142.73,Travel,Central,Net Banking,10,1
4825,1267,2023-12-09,335.93,Books,West,Debit Card,0,0
4826,2846,2024-08-02,56.98,Books,East,Net Banking,15,0
4827,2709,2025-02-21,243.23,Food & Beverage,East,Wallet,15,0
4828,2583,2023-11-17,200.78,Software,Central,Net Banking,25,0
4829,2164,2025-04-01,192.96,Health,South,UPI,10,0
4830,1246,2024-06-15,21.47,Books,South,Wallet,0,0
4831,2685,2024-05-06,106.37,Books,Central,Wallet,20,0
4832,2782,2024-09-03,143.23,Software,Central,Debit Card,0,0
4833,1395,2023-09-09,761.11,Software,West,UPI,20,0
4834,2511,2026-01-05,101.48,Apparel,East,Credit Card,30,0
4835,1476,2023-06-22,329.76,Health,Central,Debit Card,0,0
4836,2541,2025-05-24,15.12,Electronics,North,UPI,0,0
4837,1977,2023-07-20,38.1,Sports,West,Credit Card,20,0
4838,2208,2023-08-05,152.46,Apparel,East,Wallet,20,0
4839,2044,2024-01-11,150.88,Software,West,Debit Card,10,0
4840,2961,2023-01-11,38.09,Food & Beverage,East,Wallet,20,0
4841,1558,2025-11-01,283.41,Sports,North,Wallet,25,0
4842,2018,2025-06-10,73.62,Home & Garden,East,Wallet,10,0
4843,2548,2024-03-10,71.6,Sports,West,UPI,10,1
4844,2606,2025-03-28,81.93,Apparel,East,Credit Card,10,0
4845,2553,2025-07-19,448.7,Books,West,UPI,0,0
4846,1883,2024-11-21,332.53,Software,Central,Wallet,5,0
4847,1147,2026-03-01,862.44,Food & Beverage,North,Debit Card,10,0
4848,1666,2025-05-04,174.26,Apparel,West,Wallet,10,0
4849,2328,2025-02-22,913.32,Food & Beverage,South,Credit Card,0,0
4850,1620,2023-11-15,119.79,Software,South,UPI,25,1
4851,2772,2025-04-23,77.35,Sports,East,Credit Card,15,0
4852,1820,2024-09-12,53.21,Electronics,Central,UPI,0,0
4853,1864,2025-02-23,72.86,Apparel,Central,Credit Card,0,1
4854,1582,2026-04-06,,Books,South,Credit Card,30,0
4855,2023,2024-02-01,39.54,Health,East,UPI,0,0
4856,1695,2026-04-18,44.31,Travel,Central,UPI,10,0
4857,2786,2025-12-17,186.62,Home & Garden,Central,UPI,0,0
4858,2252,2024-04-04,50.11,Software,East,Net Banking,0,0
4859,2126,2023-03-02,11.7,Apparel,West,Credit Card,20,0
4860,2611,2024-01-04,11.01,Sports,South,Net Banking,5,0
4861,2441,2026-02-18,7.27,Sports,Central,Net Banking,20,0
4862,2982,2024-12-19,16.43,Food & Beverage,West,Wallet,0,0
4863,2240,2024-06-29,21.33,Food & Beverage,West,Net Banking,10,0
4864,1407,2025-11-06,27.97,Home & Garden,West,Net Banking,0,0
4865,1399,2024-05-10,126.88,Software,West,UPI,20,0
4866,2947,2024-05-11,19.56,Books,North,UPI,25,0
4867,1715,2024-05-19,29.87,Apparel,North,Debit Card,10,0
4868,1704,2025-08-26,9.99,Food & Beverage,East,Credit Card,0,0
4869,1761,2025-12-28,40.75,Home & Garden,South,Net Banking,5,0
4870,1499,2023-06-10,214.58,Travel,East,Net Banking,5,0
4871,2778,2024-12-18,87.53,Home & Garden,North,Credit Card,20,0
4872,2489,2026-03-14,99.32,Books,East,UPI,5,0
4873,2715,2025-09-19,89.81,Sports,East,UPI,0,0
4874,2973,2023-09-26,19.26,Sports,West,Credit Card,10,0
4875,1974,2024-11-29,55.12,Apparel,Central,Credit Card,10,0
4876,2755,2025-05-14,117.35,Travel,North,UPI,20,0
4877,1082,2023-12-16,288.15,Home & Garden,North,Credit Card,25,0
4878,1604,2023-04-20,139.26,Sports,East,UPI,20,0
4879,2971,2024-02-11,258.97,Food & Beverage,Central,Credit Card,10,0
4880,2711,2024-10-11,24.45,Software,East,UPI,5,0
4881,2775,2023-02-20,14.82,Sports,South,Debit Card,20,0
4882,1772,2026-01-15,10.99,Home & Garden,North,UPI,0,0
4883,1903,2025-12-27,239.96,Books,West,UPI,15,0
4884,1365,2024-08-18,16.0,Software,West,Net Banking,5,0
4885,1163,2025-09-05,321.84,Electronics,West,UPI,0,0
4886,2072,2025-12-01,52.71,Books,North,Credit Card,15,0
4887,1511,2024-12-31,666.81,Sports,North,Wallet,10,0
4888,2353,2023-02-26,-88.645,Books,West,Credit Card,0,0
4889,2864,2025-01-07,56.12,Health,North,Net Banking,5,0
4890,1116,2023-07-15,97.55,Health,West,Credit Card,5,0
4891,1941,2025-12-21,54.73,Health,South,Debit Card,10,0
4892,2873,2023-04-22,148.66,Electronics,South,Wallet,10,0
4893,1337,2025-02-03,25.7,Software,South,Wallet,0,0
4894,1881,2024-12-11,112.57,Health,East,Net Banking,0,0
4895,1737,2026-04-16,36.56,Sports,East,Wallet,15,0
4896,2888,2025-08-05,70.34,Sports,Central,UPI,30,0
4897,1840,2023-01-26,17.28,Apparel,Central,Net Banking,25,0
4898,1147,2024-02-14,256.4,Food & Beverage,Central,Debit Card,5,0
4899,2599,2025-01-27,58.73,Home & Garden,South,Wallet,5,0
4900,2830,2024-06-14,270.23,Electronics,South,Wallet,25,0
4901,2347,2026-02-03,37.18,Books,South,Net Banking,5,0
4902,1443,2025-01-18,89.04,Food & Beverage,North,Wallet,0,0
4903,1837,2023-09-03,273.45,Books,North,Wallet,10,0
4904,2037,2026-01-09,21.96,Books,South,Debit Card,5,0
4905,1943,2024-10-23,31.22,Travel,West,Debit Card,15,1
4906,2518,2025-06-27,238.1,Electronics,Central,Net Banking,15,0
4907,2725,2024-01-31,453.47,Travel,East,Wallet,25,0
4908,1287,2024-06-05,91.79,Health,Central,Credit Card,0,0
4909,1720,2025-07-14,28.12,Electronics,West,Net Banking,5,0
4910,2138,2023-09-21,61.47,Software,North,Debit Card,15,0
4911,1480,2025-02-28,956.83,Sports,South,Credit Card,5,0
4912,1022,2023-06-21,18.17,Health,North,Wallet,10,0
4913,2373,2023-09-22,169.62,Home & Garden,North,Net Banking,20,0
4914,2750,2025-11-15,104.65,Travel,West,Net Banking,5,1
4915,1683,2024-04-20,22.47,Sports,North,Debit Card,5,0
4916,2859,2023-12-22,61.77,Apparel,North,UPI,0,0
4917,2590,2025-11-15,10.32,Apparel,Central,UPI,20,0
4918,1906,2023-02-03,127.21,Travel,Central,UPI,15,0
4919,2834,2023-09-21,151.35,Travel,West,Net Banking,15,0
4920,1320,2026-03-07,17.47,Electronics,South,Debit Card,0,0
4921,1126,2025-03-26,175.56,Food & Beverage,Central,Debit Card,10,0
4922,1277,2025-05-24,40.52,Software,North,UPI,0,0
4923,3000,2025-01-23,36.35,Software,East,Credit Card,0,0
4924,2228,2024-07-19,27.93,Apparel,Central,UPI,5,0
4925,1194,2024-04-06,199.13,Travel,East,Net Banking,0,0
4926,2705,2026-04-06,12.08,Travel,South,Credit Card,0,0
4927,2688,2024-10-16,13.37,Sports,North,Debit Card,20,0
4928,2571,2023-03-22,44.23,Sports,Central,Wallet,30,0
4929,1696,2025-01-26,46.1,Books,South,Credit Card,0,0
4930,2310,2025-05-19,190.94,Health,West,Debit Card,0,0
4931,1057,2025-12-05,80.69,Electronics,South,Credit Card,25,1
4932,2758,2024-08-21,80.86,Software,West,UPI,25,0
4933,2327,2025-03-17,12.89,Home & Garden,West,Credit Card,10,0
4934,2187,2025-12-12,68.28,Sports,Central,Credit Card,0,0
4935,1019,2025-09-10,5.01,Health,East,Credit Card,0,0
4936,2394,2024-12-04,119.7,Books,West,Net Banking,25,0
4937,1264,2024-04-20,202.91,Books,North,Net Banking,25,0
4938,1794,2024-08-14,35.32,Electronics,Central,UPI,15,0
4939,1113,2023-01-16,141.23,Apparel,West,Wallet,25,0
4940,2512,2024-05-01,53.15,Books,Central,Net Banking,0,0
4941,2351,2024-12-06,394.86,Apparel,North,Wallet,0,0
4942,1542,2026-03-10,118.35,Electronics,Central,Net Banking,0,0
4943,1647,2024-09-11,25.88,Home & Garden,Central,Debit Card,0,0
4944,1579,2025-10-15,366.93,Electronics,West,Debit Card,20,0
4945,2089,2025-02-15,242.84,Travel,South,Credit Card,25,0
4946,2316,2024-03-22,54.9,Travel,Central,Wallet,0,0
4947,1025,2023-10-17,163.14,Travel,West,Credit Card,5,0
4948,2573,2023-07-28,160.04,Health,North,Credit Card,5,0
4949,1001,2024-02-17,54.02,Health,North,Net Banking,0,0
4950,1911,2024-11-07,97.4,Apparel,South,Net Banking,20,0
4951,2573,2024-10-25,120.71,Software,North,Credit Card,5,0
4952,1141,2023-10-17,40.01,Health,West,Net Banking,10,0
4953,2768,2023-05-31,452.98,Books,South,Debit Card,0,0
4954,1648,2025-05-04,8.39,Sports,West,Debit Card,10,0
4955,2925,2024-08-30,202.82,Travel,South,Wallet,15,0
4956,1188,2024-01-05,,Books,South,Debit Card,0,0
4957,2152,2026-06-04,67.21,Food & Beverage,West,Credit Card,0,0
4958,1201,2024-12-05,13.23,Sports,South,UPI,10,0
4959,2151,2025-04-05,18.49,Apparel,West,Net Banking,10,0
4960,1257,2025-10-01,81.09,Health,North,Credit Card,0,0
4961,2700,2024-01-12,98.23,Apparel,North,Net Banking,0,0
4962,1547,2025-08-30,321.1,Health,Central,Wallet,0,0
4963,1194,2023-04-28,55.76,Health,East,Credit Card,25,0
4964,1703,2025-10-25,188.61,Electronics,East,Credit Card,0,0
4965,2128,2024-03-19,88.92,Home & Garden,North,Credit Card,0,0
4966,2559,2025-01-24,180.1,Home & Garden,Central,Wallet,20,0
4967,2289,2024-10-01,24.28,Food & Beverage,East,Credit Card,20,0
4968,1802,2023-05-04,100.14,Home & Garden,West,Net Banking,5,0
4969,1942,2024-10-19,140.87,Software,West,UPI,15,0
4970,2998,2025-04-01,49.6,Books,South,Credit Card,5,0
4971,2408,2024-10-25,142.18,Food & Beverage,East,Wallet,0,0
4972,2284,2023-12-26,159.36,Food & Beverage,West,Wallet,5,0
4973,1414,2024-09-14,48.36,Travel,East,Credit Card,5,0
4974,2382,2025-12-16,228.27,Home & Garden,South,Wallet,0,0
4975,2099,2026-06-28,5.68,Software,North,Debit Card,0,0
4976,2379,2025-07-07,9.04,Health,Central,Wallet,20,0
4977,2608,2026-03-19,26.02,Food & Beverage,South,UPI,0,0
4978,2795,2024-03-27,126.17,Electronics,South,Debit Card,0,0
4979,1910,2026-03-31,36.38,Sports,South,Net Banking,20,0
4980,1188,2023-04-30,18.08,Books,Central,Debit Card,0,0
4981,2997,2024-08-04,80.94,Apparel,West,UPI,0,0
4982,2709,2023-04-09,101.54,Electronics,East,Debit Card,20,0
4983,2314,2026-04-05,41.93,Apparel,North,Credit Card,0,0
4984,1045,2024-05-28,21.73,Travel,North,Wallet,10,0
4985,2597,2024-10-25,90.79,Food & Beverage,Central,Credit Card,15,0
4986,1083,2024-02-05,233.67,Apparel,North,Credit Card,0,0
4987,2147,2023-12-31,20.97,Software,Central,Credit Card,0,0
4988,1358,2024-08-03,600.13,Travel,Central,Debit Card,5,0
4989,2552,2024-09-12,45.61,Sports,East,Net Banking,15,0
4990,2090,2025-04-07,41.93,Health,East,Wallet,10,0
4991,1936,2023-09-04,105.76,Home & Garden,Central,Debit Card,0,0
4992,2681,2024-03-09,101.9,Food & Beverage,East,Credit Card,0,0
4993,1375,2026-01-21,6.17,Home & Garden,West,UPI,0,0
4994,1162,2024-09-06,79.06,Home & Garden,South,UPI,20,0
4995,2770,2025-07-31,180.12,Software,North,Credit Card,0,0
4996,2404,2025-08-20,309.05,Food & Beverage,North,Net Banking,25,0
4997,2680,2024-09-15,78.34,Travel,North,Wallet,0,0
4998,2382,2023-11-17,58.71,Sports,North,Debit Card,0,0
4999,2212,2025-05-05,214.78,Sports,West,Net Banking,5,0
5000,1322,2023-03-03,772.88,Travel,West,UPI,0,0
5001,1450,2023-10-27,100.71,Health,South,Credit Card,10,0
5002,2498,2024-02-07,72.32,Books,Central,Debit Card,25,0
5003,2037,2025-08-12,406.77,Apparel,East,Net Banking,25,0
5004,1184,2023-09-10,23.2,Food & Beverage,South,Net Banking,0,0
5005,1111,2024-04-22,97.05,Electronics,North,Net Banking,0,0
5006,2951,2023-06-09,1618.38,Health,East,Debit Card,25,0
5007,1508,2025-08-18,155.1,Software,South,Wallet,20,0
5008,2314,2026-04-04,225.91,Books,North,Debit Card,0,0
5009,1295,2023-07-24,60.68,Books,South,Credit Card,20,0
5010,2475,2026-03-07,181.92,Health,North,Debit Card,15,0
5011,1904,2025-05-07,387.24,Books,North,Net Banking,0,0
5012,2239,2025-01-29,14.63,Sports,West,Wallet,25,0
5013,1974,2024-12-21,80.19,Electronics,North,Wallet,0,0
5014,1632,2025-11-06,136.96,Food & Beverage,South,Credit Card,5,0
5015,2918,2023-03-09,84.13,Software,East,Credit Card,10,0
5016,2591,2023-05-13,50.17,Sports,West,UPI,0,0
5017,2051,2025-07-07,480.21,Sports,East,UPI,10,0
5018,2654,2024-03-05,114.93,Books,Central,UPI,15,0
5019,1733,2023-11-04,38.81,Food & Beverage,East,Debit Card,0,0
5020,2255,2024-10-11,293.26,Home & Garden,Central,Wallet,0,0
5021,2589,2026-04-12,477.09,Software,Central,Credit Card,10,0
5022,2831,2024-02-16,353.86,Electronics,West,UPI,25,0
5023,1321,2023-04-07,54.67,Food & Beverage,East,Credit Card,20,0
5024,1913,2026-03-23,57.58,Food & Beverage,North,UPI,0,1
5025,2257,2026-06-19,25.84,Travel,West,Debit Card,10,0
5026,2694,2025-11-16,122.09,Books,West,Debit Card,0,0
5027,1437,2025-12-19,336.39,Software,North,Net Banking,0,0
5028,1781,2023-07-21,177.15,Software,East,Credit Card,10,0
5029,2557,2025-01-31,736.92,Apparel,West,Net Banking,0,1
5030,2427,2025-05-23,8.77,Books,Central,Debit Card,20,0
5031,2077,2024-08-03,106.51,Health,North,Debit Card,20,0
5032,2811,2024-01-05,244.2,Apparel,South,Credit Card,5,0
5033,2337,2024-06-16,43.35,Health,West,Net Banking,5,0
5034,2305,2026-03-21,23.15,Software,Central,Net Banking,20,0
5035,1726,2026-01-30,21.14,Travel,East,Net Banking,0,0
5036,1031,2025-06-17,102.03,Software,East,Credit Card,0,0
5037,1337,2024-08-29,20.52,Sports,North,Credit Card,0,0
5038,1183,2025-05-22,527.24,Travel,Central,Credit Card,0,0
5039,2047,2026-06-06,166.99,Software,North,Wallet,30,0
5040,1544,2026-02-22,70.75,Apparel,West,Debit Card,0,0
5041,2470,2025-02-08,81.73,Home & Garden,North,Wallet,0,0
5042,2098,2025-04-13,329.74,Electronics,South,Wallet,20,0
5043,2034,2025-09-25,449.92,Electronics,North,Debit Card,15,0
5044,2508,2025-07-26,29.35,Food & Beverage,North,UPI,10,0
5045,2480,2023-08-24,37.35,Electronics,West,UPI,0,0
5046,2590,2023-06-11,58.63,Books,Central,UPI,0,0
5047,2588,2024-07-07,42.54,Food & Beverage,South,Credit Card,30,0
5048,1660,2025-02-26,10.32,Software,North,Credit Card,0,1
5049,1160,2025-12-27,33.86,Food & Beverage,West,Net Banking,20,0
5050,2906,2026-04-11,38.68,Sports,West,Net Banking,20,0
5051,2038,2024-07-12,21.32,Electronics,West,Wallet,5,0
5052,2202,2023-09-18,152.68,Food & Beverage,Central,Net Banking,20,0
5053,1412,2023-08-05,77.4,Health,North,Credit Card,0,0
5054,2902,2026-02-21,188.81,Books,East,Wallet,20,0
5055,2012,2025-03-15,27.61,Food & Beverage,South,Net Banking,10,1
5056,1053,2026-03-31,192.61,Travel,East,Net Banking,0,0
5057,1408,2023-07-20,107.09,Electronics,Central,UPI,15,0
5058,1847,2024-02-06,46.61,Travel,North,Credit Card,25,0
5059,2046,2023-10-02,617.17,Apparel,East,Wallet,10,0
5060,2054,2023-07-25,103.05,Apparel,East,Debit Card,15,0
5061,1703,2025-11-29,47.85,Travel,East,Net Banking,15,0
5062,1260,2025-05-16,126.12,Apparel,South,Credit Card,15,0
5063,2229,2023-04-03,28.91,Travel,North,Wallet,5,1
5064,2083,2025-12-01,,Books,West,Credit Card,15,0
5065,2495,2024-01-14,1027.52,Software,North,Credit Card,5,0
5066,1776,2026-02-04,10.77,Software,East,Wallet,5,0
5067,2490,2023-03-06,47.76,Travel,North,UPI,0,0
5068,2036,2023-12-31,75.41,Software,West,UPI,25,0
5069,2655,2025-03-31,57.99,Health,South,Net Banking,5,0
5070,2951,2025-11-13,49.36,Travel,North,UPI,0,0
5071,2998,2024-06-23,686.69,Food & Beverage,North,Net Banking,0,0
5072,2314,2025-12-21,46.26,Software,South,Net Banking,0,0
5073,1850,2024-05-05,144.92,Apparel,South,Wallet,0,1
5074,2784,2023-08-17,43.16,Home & Garden,East,Credit Card,5,0
5075,1354,2025-11-09,145.33,Apparel,East,Debit Card,20,0
5076,2663,2023-01-03,276.67,Food & Beverage,South,Debit Card,0,0
5077,2099,2025-06-29,82.33,Home & Garden,West,UPI,30,0
5078,1873,2023-11-03,45.32,Electronics,East,Wallet,0,0
5079,2740,2024-03-07,77.62,Sports,West,Debit Card,15,1
5080,2585,2023-05-16,171.07,Books,South,Credit Card,15,0
5081,2615,2024-05-29,254.62,Sports,North,Net Banking,15,1
5082,2465,2023-07-12,122.54,Food & Beverage,South,Net Banking,0,0
5083,1991,2025-05-22,81.83,Home & Garden,South,Wallet,15,0
5084,2265,2026-02-15,417.62,Food & Beverage,Central,UPI,5,0
5085,2018,2024-10-27,42.44,Electronics,South,Credit Card,0,0
5086,2885,2023-07-28,54.89,Food & Beverage,East,UPI,0,0
5087,2178,2025-08-09,774.67,Travel,North,UPI,0,0
5088,2810,2025-11-23,80.15,Travel,West,Wallet,0,0
5089,2120,2024-10-10,198.51,Electronics,Central,Net Banking,15,0
5090,2750,2023-04-30,31.05,Health,East,UPI,30,0
5091,1294,2024-09-18,299.22,Sports,North,UPI,0,0
5092,1209,2024-06-08,22.63,Food & Beverage,West,Credit Card,0,0
5093,2367,2025-02-07,20.7,Food & Beverage,North,Net Banking,0,0
5094,2112,2026-01-17,262.69,Books,East,UPI,15,0
5095,1818,2024-05-26,58.34,Software,North,Debit Card,25,0
5096,2800,2023-02-16,67.3,Travel,South,Debit Card,0,0
5097,2961,2025-02-10,150.92,Food & Beverage,North,Net Banking,25,0
5098,1390,2025-01-09,63.56,Sports,South,Net Banking,0,0
5099,1325,2024-06-05,25.6,Sports,East,Wallet,0,0
5100,1940,2023-05-14,45.54,Software,Central,UPI,0,0
5101,1889,2023-09-05,27.95,Sports,South,Debit Card,0,0
5102,2856,2024-03-11,362.72,Health,North,Debit Card,0,0
5103,2181,2026-04-14,382.55,Food & Beverage,North,Net Banking,5,0
5104,1668,2024-11-16,32.82,Apparel,North,Net Banking,10,0
5105,2675,2024-08-08,151.8,Books,East,Credit Card,0,0
5106,1633,2023-12-17,64.9,Home & Garden,West,Credit Card,0,0
5107,1577,2023-05-23,518.69,Software,North,Net Banking,0,0
5108,2643,2025-08-24,1545.84,Electronics,North,Credit Card,20,0
5109,2683,2025-03-14,,Sports,South,Net Banking,0,0
5110,1137,2024-12-18,48.6,Sports,Central,Net Banking,0,0
5111,2947,2024-10-04,22.41,Software,North,Wallet,0,0
5112,2698,2024-05-15,120.75,Electronics,East,Credit Card,0,0
5113,1428,2024-01-05,74.66,Apparel,West,UPI,5,0
5114,2476,2026-01-14,15.94,Electronics,West,UPI,0,0
5115,1612,2025-02-25,99.01,Electronics,West,Wallet,0,0
5116,2874,2025-01-08,1135.51,Electronics,East,UPI,20,0
5117,1911,2025-08-07,236.71,Home & Garden,West,UPI,30,0
5118,1819,2024-06-05,22.33,Sports,West,Wallet,20,0
5119,1141,2024-05-03,88.05,Apparel,South,Debit Card,30,0
5120,2107,2024-02-01,140.91,Electronics,West,Wallet,10,0
5121,1177,2025-06-14,162.54,Books,South,Wallet,30,0
5122,1198,2023-12-21,12.64,Food & Beverage,South,Credit Card,5,0
5123,1624,2025-08-04,78.2,Apparel,South,UPI,15,0
5124,2592,2023-10-15,123.13,Home & Garden,East,UPI,30,0
5125,2996,2025-09-24,71.96,Home & Garden,North,Debit Card,15,0
5126,1691,2024-06-19,8.89,Apparel,Central,Wallet,30,1
5127,2445,2025-04-30,75.04,Sports,West,Net Banking,0,0
5128,1401,2025-04-17,230.67,Books,Central,Debit Card,0,0
5129,2722,2023-06-17,45.31,Travel,North,Debit Card,0,0
5130,1471,2025-08-07,51.22,Food & Beverage,South,UPI,5,0
5131,1218,2024-09-12,481.73,Software,South,UPI,20,0
5132,2949,2024-03-03,70.82,Home & Garden,South,UPI,20,0
5133,1929,2024-05-04,102.95,Software,South,UPI,10,1
5134,2852,2023-12-21,9.61,Sports,West,Debit Card,0,0
5135,2753,2023-07-15,25.45,Travel,North,Wallet,0,0
5136,1632,2024-06-28,1245.9,Health,North,UPI,10,0
5137,1951,2024-12-17,656.3,Health,North,Credit Card,5,0
5138,1906,2025-04-03,158.77,Software,Central,Debit Card,0,0
5139,1175,2025-07-20,5.79,Apparel,South,Net Banking,0,0
5140,1023,2025-09-29,18.21,Books,East,Net Banking,15,0
5141,2749,2024-10-20,17.63,Home & Garden,North,Wallet,20,0
5142,2941,2025-07-27,17.33,Health,Central,Debit Card,0,0
5143,1235,2025-02-18,56.64,Home & Garden,West,Debit Card,5,0
5144,2037,2023-01-11,229.73,Books,South,Debit Card,15,0
5145,2125,2024-01-31,42.17,Books,Central,Credit Card,5,1
5146,1929,2024-12-31,62.02,Apparel,East,Credit Card,30,0
5147,2560,2024-02-13,62.26,Electronics,East,UPI,0,0
5148,2900,2023-12-28,266.1,Food & Beverage,West,Net Banking,20,0
5149,1523,2025-10-23,262.92,Electronics,North,Credit Card,0,0
5150,2809,2023-03-25,109.33,Software,North,Net Banking,10,0
5151,2476,2023-06-05,417.43,Books,Central,Debit Card,0,0
5152,1431,2026-04-14,56.86,Electronics,Central,Credit Card,30,0
5153,1793,2024-12-07,732.39,Travel,North,Net Banking,0,0
5154,2630,2024-04-16,43.5,Electronics,North,Credit Card,5,0
5155,2737,2024-09-10,8.48,Sports,Central,Debit Card,25,0
5156,1533,2023-05-14,19.78,Health,South,Debit Card,5,0
5157,2876,2025-02-26,17.78,Sports,East,Debit Card,20,0
5158,1979,2025-06-25,37.03,Books,East,UPI,25,0
5159,2747,2025-05-13,348.74,Health,West,Net Banking,0,0
5160,2676,2024-10-28,52.51,Sports,East,UPI,5,0
5161,2317,2023-10-04,17.71,Books,Central,Wallet,10,0
5162,1810,2026-06-13,,Health,South,Wallet,20,0
5163,1913,2025-05-31,84.01,Electronics,Central,Credit Card,0,0
5164,2125,2023-01-13,560.98,Home & Garden,North,Credit Card,10,0
5165,2526,2023-12-08,117.36,Electronics,North,Credit Card,0,0
5166,2328,2023-02-04,279.4,Home & Garden,East,UPI,15,0
5167,1871,2024-07-12,145.79,Apparel,South,Debit Card,0,0
5168,1540,2026-05-22,14.41,Books,West,Credit Card,0,0
5169,2024,2024-02-09,185.24,Books,Central,Credit Card,15,0
5170,2577,2024-10-19,22.95,Software,West,Wallet,20,1
5171,2379,2023-06-08,54.59,Travel,West,Debit Card,0,0
5172,2327,2025-08-13,37.82,Home & Garden,West,UPI,5,0
5173,2520,2026-02-07,79.49,Electronics,West,Debit Card,10,0
5174,2682,2024-07-02,66.8,Books,Central,Wallet,15,0
5175,2792,2025-09-11,57.01,Home & Garden,North,UPI,15,0
5176,2998,2023-10-06,64.65,Books,Central,Net Banking,0,0
5177,1227,2024-04-23,124.12,Software,North,Credit Card,5,0
5178,2260,2023-04-21,64.64,Electronics,North,UPI,0,0
5179,1873,2024-03-06,73.18,Electronics,Central,Wallet,25,1
5180,1892,2024-06-25,983.0,Software,Central,Debit Card,15,0
5181,2479,2026-02-12,313.4,Home & Garden,Central,UPI,0,0
5182,2037,2026-01-18,49.49,Books,North,Wallet,0,0
5183,1210,2026-05-20,102.31,Software,Central,UPI,0,0
5184,1741,2023-12-26,93.14,Books,South,Credit Card,5,0
5185,1397,2024-01-07,99.08,Home & Garden,East,Debit Card,10,0
5186,2124,2026-05-23,87.78,Software,East,Debit Card,30,0
5187,1031,2025-11-04,99.95,Health,South,UPI,10,0
5188,1898,2025-08-12,66.54,Health,East,Wallet,10,0
5189,2552,2023-09-16,43.06,Travel,North,Credit Card,15,0
5190,1649,2025-02-16,56.52,Books,Central,Credit Card,5,0
5191,1329,2023-04-30,11.21,Apparel,Central,UPI,0,1
5192,2190,2025-09-02,207.28,Software,Central,Net Banking,20,0
5193,2483,2025-07-01,160.54,Home & Garden,South,UPI,5,0
5194,2846,2026-02-25,1006.18,Apparel,South,Credit Card,30,0
5195,1952,2024-12-23,21.44,Books,North,Debit Card,5,0
5196,2124,2024-06-06,55.46,Travel,South,UPI,10,0
5197,1621,2023-11-21,365.18,Home & Garden,Central,UPI,5,0
5198,2879,2025-12-09,138.47,Food & Beverage,North,Debit Card,0,0
5199,2197,2023-03-10,637.69,Software,North,UPI,25,0
5200,2773,2024-01-26,529.28,Apparel,Central,Wallet,10,0
5201,1162,2024-01-18,4.87,Travel,West,Debit Card,5,0
5202,2929,2023-01-16,122.59,Health,Central,Debit Card,0,0
5203,2752,2025-04-25,123.37,Home & Garden,North,Debit Card,30,0
5204,1776,2025-05-18,87.59,Electronics,West,Credit Card,20,0
5205,2287,2024-07-21,53.44,Food & Beverage,Central,UPI,5,0
5206,2828,2023-05-12,586.69,Apparel,Central,Net Banking,0,0
5207,1274,2026-06-25,87.14,Home & Garden,West,UPI,0,0
5208,2027,2023-09-30,2.09,Books,West,UPI,0,0
5209,2052,2024-04-28,52.93,Travel,East,Credit Card,5,0
5210,1326,2024-07-03,1080.75,Apparel,West,Wallet,20,0
5211,1940,2023-12-23,23.56,Food & Beverage,South,Wallet,0,0
5212,2173,2025-12-07,388.01,Electronics,West,Credit Card,5,0
5213,1540,2025-10-30,314.49,Health,North,Credit Card,5,0
5214,1488,2023-08-21,66.22,Sports,West,Credit Card,0,0
5215,1822,2023-02-05,112.95,Electronics,Central,UPI,0,0
5216,2462,2024-02-17,82.8,Software,South,Credit Card,5,1
5217,2089,2025-10-24,47.81,Software,West,Net Banking,0,0
5218,1356,2023-02-13,40.36,Home & Garden,South,Debit Card,5,0
5219,2557,2024-07-21,495.12,Food & Beverage,East,Wallet,0,0
5220,2276,2025-01-09,73.1,Health,South,Net Banking,20,0
5221,1235,2023-04-24,35.64,Sports,Central,Wallet,15,0
5222,1227,2024-02-01,173.99,Food & Beverage,East,UPI,10,0
5223,2549,2026-04-12,150.17,Software,West,UPI,5,0
5224,2337,2024-04-10,15.02,Food & Beverage,South,Credit Card,0,0
5225,1049,2025-04-26,41.55,Health,East,Wallet,10,0
5226,1118,2024-05-16,11.72,Food & Beverage,West,UPI,15,0
5227,1054,2024-03-16,1920.14,Health,West,UPI,20,0
5228,2674,2023-03-10,58.25,Electronics,South,Wallet,0,0
5229,1565,2023-11-22,39.96,Food & Beverage,South,UPI,0,0
5230,2068,2023-03-08,49.39,Software,East,Credit Card,0,0
5231,2839,2023-10-31,36.41,Home & Garden,South,UPI,0,0
5232,1053,2025-08-29,72.27,Food & Beverage,West,Net Banking,5,0
5233,2610,2024-04-28,396.27,Sports,Central,Net Banking,0,0
5234,1558,2025-07-17,101.17,Health,East,Credit Card,15,0
5235,2549,2026-03-28,17.03,Health,Central,Net Banking,10,0
5236,2701,2023-05-29,22.7,Software,Central,UPI,0,0
5237,2126,2025-11-16,111.0,Sports,West,Net Banking,0,0
5238,2816,2025-09-13,33.15,Travel,Central,Net Banking,5,0
5239,2794,2024-08-06,71.59,Travel,North,UPI,10,0
5240,2873,2023-09-05,2153.48,Travel,East,Wallet,15,0
5241,1868,2026-01-29,26.93,Travel,West,Credit Card,30,1
5242,1398,2024-12-02,15.87,Food & Beverage,South,Wallet,15,0
5243,2162,2023-04-06,37.03,Travel,West,Wallet,5,0
5244,1675,2023-10-09,10.39,Food & Beverage,South,Net Banking,5,0
5245,2945,2023-11-18,421.29,Apparel,West,Debit Card,15,0
5246,1387,2024-06-12,22.4,Home & Garden,North,Wallet,25,0
5247,1111,2023-09-20,27.97,Food & Beverage,East,UPI,5,0
5248,1614,2024-08-02,18.17,Health,Central,UPI,10,0
5249,1017,2023-10-21,11.82,Sports,West,UPI,0,0
5250,2804,2024-01-30,84.28,Electronics,East,Debit Card,20,0
5251,2206,2024-05-27,36.55,Sports,East,Debit Card,15,0
5252,1884,2025-07-09,10.32,Food & Beverage,East,Credit Card,0,0
5253,2560,2025-03-20,57.59,Travel,East,Debit Card,20,0
5254,1541,2026-04-18,139.6,Sports,East,Credit Card,30,0
5255,1171,2025-07-08,52.96,Electronics,Central,UPI,0,0
5256,1409,2024-11-23,184.77,Books,Central,Debit Card,0,0
5257,1740,2023-08-23,691.07,Health,West,Net Banking,20,0
5258,2402,2025-08-09,239.22,Food & Beverage,South,Net Banking,10,0
5259,2212,2025-10-28,116.63,Home & Garden,West,Net Banking,20,0
5260,1858,2024-06-22,238.56,Health,East,Debit Card,0,0
5261,1230,2025-03-30,1303.14,Sports,South,Debit Card,10,0
5262,2857,2026-01-19,15.97,Books,West,Debit Card,10,0
5263,2876,2023-09-29,192.34,Health,South,Net Banking,0,0
5264,1119,2025-10-25,27.21,Apparel,Central,UPI,30,1
5265,2180,2026-05-27,120.31,Sports,East,Wallet,10,0
5266,1784,2026-02-15,18.42,Sports,South,UPI,10,0
5267,2711,2024-08-15,222.98,Food & Beverage,North,Debit Card,0,0
5268,1465,2025-09-02,125.95,Health,East,Wallet,10,0
5269,1104,2023-04-25,544.25,Sports,Central,Wallet,20,0
5270,2628,2023-09-20,65.01,Electronics,Central,UPI,20,0
5271,1698,2023-07-26,62.57,Electronics,West,Net Banking,25,0
5272,2996,2023-10-30,63.32,Books,North,Credit Card,0,0
5273,2819,2023-04-22,1725.68,Electronics,South,Net Banking,0,0
5274,2526,2023-07-04,192.52,Home & Garden,West,Net Banking,15,0
5275,2717,2025-06-19,451.97,Software,Central,Wallet,20,0
5276,2706,2023-08-09,214.7,Home & Garden,South,Debit Card,10,0
5277,2723,2026-02-14,259.39,Home & Garden,Central,Debit Card,0,0
5278,1175,2025-12-29,15.33,Software,Central,Wallet,10,0
5279,2758,2025-06-16,45.98,Books,North,Net Banking,15,0
5280,1745,2025-12-29,42.71,Travel,East,UPI,0,0
5281,2698,2024-09-13,96.63,Software,South,Credit Card,0,0
5282,2445,2024-03-02,79.5,Food & Beverage,North,Net Banking,0,0
5283,2158,2024-10-05,13.08,Health,Central,Net Banking,0,0
5284,2415,2024-07-21,94.78,Health,Central,Credit Card,0,0
5285,2760,2024-03-18,8.04,Health,North,UPI,0,0
5286,2525,2024-08-23,228.55,Sports,South,Credit Card,5,0
5287,1665,2026-03-06,101.98,Apparel,Central,Wallet,0,1
5288,1033,2024-05-18,401.19,Apparel,South,Credit Card,10,0
5289,1055,2023-05-11,116.21,Health,North,Credit Card,0,0
5290,2978,2023-08-06,51.68,Health,Central,Net Banking,0,0
5291,1519,2024-11-18,13.58,Health,West,Net Banking,30,0
5292,1756,2023-06-20,56.07,Travel,West,Debit Card,20,0
5293,2849,2024-09-03,34.98,Home & Garden,Central,Credit Card,5,0
5294,2662,2025-09-18,140.59,Books,East,Wallet,5,0
5295,1012,2026-02-26,54.31,Food & Beverage,Central,Debit Card,0,0
5296,2552,2023-02-26,186.03,Travel,Central,Credit Card,20,0
5297,1720,2026-04-19,456.96,Travel,Central,Net Banking,0,0
5298,1555,2023-09-03,16.5,Home & Garden,North,Wallet,0,0
5299,1373,2023-05-24,89.74,Sports,Central,UPI,5,0
5300,1484,2025-12-10,85.0,Food & Beverage,Central,Debit Card,0,0
5301,1973,2024-01-03,131.25,Sports,North,Net Banking,10,0
5302,2671,2023-08-06,205.2,Sports,Central,UPI,0,0
5303,2252,2024-09-07,605.05,Books,West,Credit Card,0,0
5304,1623,2026-03-25,23.77,Health,West,Wallet,15,0
5305,1307,2024-03-17,13.65,Apparel,Central,Net Banking,10,1
5306,1457,2025-04-20,112.87,Apparel,North,Net Banking,0,0
5307,1160,2025-08-13,154.38,Software,Central,Wallet,0,0
5308,1331,2024-11-29,213.66,Sports,Central,Net Banking,0,0
5309,1776,2025-05-25,36.11,Books,South,Net Banking,20,0
5310,1225,2025-02-14,13.55,Home & Garden,East,Credit Card,10,0
5311,1983,2025-01-31,388.68,Apparel,North,Debit Card,5,0
5312,1729,2025-08-02,166.5,Travel,East,UPI,0,1
5313,2528,2025-07-11,57.14,Sports,South,Wallet,10,0
5314,2480,2025-07-23,6.85,Electronics,East,UPI,0,1
5315,2069,2023-01-25,40.33,Food & Beverage,Central,Wallet,5,1
5316,2238,2025-03-16,207.36,Food & Beverage,West,Wallet,10,0
5317,2083,2025-02-02,151.68,Apparel,North,Net Banking,20,0
5318,1644,2025-12-19,17.22,Apparel,North,Credit Card,20,0
5319,1616,2024-03-09,189.23,Travel,Central,Wallet,0,0
5320,1195,2025-05-28,80.98,Health,East,UPI,25,1
5321,2949,2025-12-25,411.78,Apparel,North,Debit Card,0,1
5322,1489,2025-06-28,38.96,Electronics,South,UPI,0,0
5323,1157,2024-07-18,42.93,Travel,South,Credit Card,0,0
5324,1610,2023-04-16,103.35,Apparel,East,Debit Card,15,0
5325,2250,2023-04-06,54.53,Books,South,Net Banking,5,0
5326,1412,2023-06-17,31.56,Food & Beverage,West,UPI,0,0
5327,2229,2023-02-11,820.35,Electronics,Central,UPI,0,0
5328,2103,2023-04-14,495.3,Apparel,North,Wallet,0,1
5329,2148,2026-05-12,28.45,Sports,Central,Wallet,25,0
5330,1471,2024-06-03,117.26,Apparel,East,Debit Card,10,0
5331,2964,2023-10-09,14.32,Food & Beverage,Central,Net Banking,0,0
5332,2242,2025-12-02,693.31,Sports,North,Wallet,20,0
5333,1516,2025-08-04,224.12,Home & Garden,North,UPI,0,0
5334,2626,2026-02-07,300.18,Food & Beverage,East,Debit Card,10,0
5335,2128,2026-05-18,66.56,Software,North,Wallet,5,0
5336,1393,2025-01-18,368.57,Travel,South,Wallet,0,0
5337,1631,2025-04-10,369.75,Apparel,Central,Credit Card,0,0
5338,2669,2023-02-18,73.88,Home & Garden,West,Debit Card,5,0
5339,2848,2023-04-25,22.67,Apparel,West,Debit Card,25,0
5340,1608,2026-03-24,151.75,Health,West,Net Banking,15,0
5341,1980,2024-05-17,77.34,Software,East,Wallet,10,0
5342,1434,2025-09-12,831.36,Electronics,West,Debit Card,20,0
5343,2355,2023-03-12,95.66,Home & Garden,Central,Net Banking,10,0
5344,2167,2025-10-08,102.28,Food & Beverage,North,Wallet,0,0
5345,2824,2023-03-08,237.07,Sports,South,UPI,30,1
5346,1540,2025-08-24,90.37,Electronics,West,Credit Card,5,0
5347,1278,2026-05-21,207.11,Software,West,Net Banking,0,0
5348,1233,2023-06-30,47.14,Health,West,Credit Card,15,0
5349,2553,2024-09-04,23.52,Health,South,UPI,5,0
5350,2595,2024-11-27,30.11,Electronics,Central,Debit Card,0,0
5351,2114,2024-08-25,60.07,Software,West,Wallet,0,0
5352,2516,2023-09-05,103.79,Travel,North,Debit Card,5,0
5353,2223,2026-05-22,163.83,Books,East,Credit Card,0,0
5354,1362,2023-12-25,155.52,Sports,South,Debit Card,10,1
5355,2465,2023-09-06,91.11,Electronics,Central,Debit Card,0,0
5356,1026,2024-09-29,24.93,Software,North,Net Banking,10,0
5357,2049,2025-08-07,208.22,Travel,South,Net Banking,30,0
5358,2418,2026-01-16,14.86,Apparel,South,UPI,15,0
5359,1507,2024-10-24,22.17,Sports,East,Net Banking,10,0
5360,2325,2023-06-25,95.03,Sports,East,Net Banking,0,0
5361,2363,2024-12-23,234.1,Health,Central,Net Banking,10,0
5362,1267,2024-03-01,191.1,Home & Garden,West,Net Banking,20,0
5363,1461,2025-02-09,79.81,Travel,East,UPI,0,0
5364,2717,2024-12-03,153.5,Health,Central,Net Banking,0,0
5365,1456,2023-03-22,25.06,Sports,South,Net Banking,10,0
5366,2384,2025-07-15,45.87,Software,West,Credit Card,10,0
5367,2092,2023-05-18,46.71,Food & Beverage,North,Net Banking,20,0
5368,2007,2024-04-14,27.94,Home & Garden,South,UPI,10,0
5369,1863,2023-12-16,58.49,Health,Central,UPI,20,0
5370,2436,2026-02-23,70.06,Food & Beverage,North,Debit Card,0,1
5371,2995,2026-06-07,51.69,Travel,South,Net Banking,0,0
5372,1491,2023-11-06,66.15,Books,East,Wallet,15,0
5373,2857,2025-11-09,2.9,Food & Beverage,Central,Debit Card,0,0
5374,2073,2025-09-28,143.0,Electronics,North,UPI,0,0
5375,2711,2023-09-26,55.33,Travel,East,Debit Card,0,0
5376,1564,2025-10-23,55.26,Electronics,North,Wallet,15,0
5377,2126,2025-02-08,17.01,Home & Garden,West,Credit Card,20,0
5378,1216,2023-01-16,578.94,Apparel,West,Wallet,0,0
5379,2462,2024-08-28,,Food & Beverage,Central,Debit Card,20,0
5380,2724,2025-03-23,12.15,Travel,North,Net Banking,5,0
5381,2593,2026-03-02,67.85,Travel,West,Credit Card,30,0
5382,1559,2024-04-26,274.06,Health,South,Wallet,30,0
5383,1159,2025-06-13,58.54,Health,South,Net Banking,20,0
5384,1489,2023-09-26,43.49,Travel,West,Wallet,0,0
5385,1686,2024-02-18,40.23,Books,West,UPI,0,0
5386,2266,2023-01-25,131.01,Home & Garden,Central,Net Banking,5,0
5387,1794,2023-11-12,2076.57,Apparel,Central,UPI,0,0
5388,2777,2024-07-24,243.1,Home & Garden,South,Credit Card,20,0
5389,2906,2024-12-25,23.8,Home & Garden,East,Credit Card,25,0
5390,1005,2025-10-04,42.32,Health,North,Credit Card,30,0
5391,2620,2024-01-24,65.28,Electronics,East,Credit Card,0,0
5392,2844,2024-12-22,32.1,Health,Central,UPI,0,0
5393,1361,2024-03-19,25.67,Food & Beverage,East,UPI,0,0
5394,1459,2025-09-25,221.39,Apparel,Central,Debit Card,0,0
5395,1248,2025-12-16,49.23,Electronics,East,Debit Card,0,0
5396,2590,2024-11-27,140.64,Software,South,UPI,0,0
5397,2697,2025-08-28,764.26,Apparel,Central,Credit Card,0,0
5398,1946,2024-12-21,47.98,Sports,South,Debit Card,0,0
5399,1422,2024-01-03,125.15,Software,East,Net Banking,20,0
5400,2947,2023-12-08,26.35,Software,West,UPI,10,0
5401,2762,2023-10-31,148.21,Electronics,West,Net Banking,10,0
5402,1015,2025-02-02,428.4,Apparel,North,Credit Card,5,0
5403,1736,2025-03-26,402.68,Apparel,West,UPI,0,0
5404,2597,2023-04-22,94.71,Apparel,North,Debit Card,25,0
5405,2146,2025-05-27,48.29,Travel,East,Debit Card,0,0
5406,1277,2025-10-26,119.6,Travel,North,Net Banking,10,0
5407,2582,2025-07-18,95.71,Travel,North,UPI,0,0
5408,1453,2024-12-03,156.55,Sports,North,Credit Card,30,0
5409,2414,2025-04-25,42.04,Travel,South,Wallet,25,1
5410,2318,2025-08-01,55.69,Health,North,Wallet,0,0
5411,2598,2023-10-06,69.27,Travel,Central,Credit Card,30,0
5412,1598,2024-01-17,200.29,Electronics,East,Debit Card,10,0
5413,1446,2023-01-13,234.87,Home & Garden,South,Wallet,15,0
5414,1210,2023-10-30,53.63,Food & Beverage,Central,Credit Card,0,0
5415,2614,2023-06-09,22.62,Electronics,East,Net Banking,0,0
5416,1714,2023-06-03,,Sports,South,Debit Card,20,0
5417,1302,2025-01-23,216.65,Software,East,Credit Card,0,0
5418,2933,2023-06-30,76.63,Health,West,Net Banking,25,0
5419,2247,2026-04-18,38.23,Electronics,East,UPI,0,0
5420,2758,2024-01-12,50.73,Food & Beverage,West,Wallet,0,0
5421,1003,2025-02-14,643.68,Food & Beverage,West,Wallet,10,0
5422,1990,2026-04-06,117.46,Apparel,East,Wallet,0,0
5423,2542,2026-05-22,303.71,Food & Beverage,West,Credit Card,30,0
5424,2117,2026-03-19,34.34,Apparel,South,UPI,0,0
5425,1520,2023-01-16,384.63,Travel,West,Credit Card,0,0
5426,2452,2026-01-19,263.39,Health,North,Credit Card,10,0
5427,1493,2026-02-17,79.61,Food & Beverage,South,UPI,15,0
5428,2259,2023-09-10,186.93,Food & Beverage,South,Net Banking,30,0
5429,1620,2025-12-19,425.27,Software,South,Debit Card,0,0
5430,2185,2023-01-31,23.82,Software,North,Wallet,5,0
5431,2745,2025-11-10,47.9,Apparel,North,UPI,10,0
5432,2776,2024-12-31,168.82,Home & Garden,North,Net Banking,0,0
5433,1331,2023-10-16,92.23,Health,North,UPI,5,0
5434,1333,2024-05-12,147.46,Software,North,Debit Card,20,0
5435,1050,2024-07-01,205.57,Food & Beverage,Central,UPI,0,0
5436,2547,2025-08-18,163.75,Electronics,Central,UPI,0,1
5437,1863,2023-05-12,66.46,Health,North,Net Banking,5,0
5438,2692,2025-05-07,72.19,Electronics,South,Wallet,15,0
5439,2516,2026-03-01,581.96,Books,West,Wallet,0,1
5440,2606,2024-06-04,99.83,Software,West,Net Banking,0,0
5441,2705,2023-01-30,457.78,Software,Central,Net Banking,0,0
5442,1272,2024-09-18,497.6,Electronics,North,Credit Card,30,0
5443,1580,2023-01-04,35.26,Food & Beverage,East,Credit Card,5,0
5444,2891,2024-05-23,217.59,Home & Garden,West,Debit Card,0,1
5445,2276,2026-06-14,24.62,Software,West,Credit Card,0,0
5446,1560,2023-01-16,626.78,Home & Garden,South,Credit Card,0,0
5447,1696,2025-09-23,112.87,Apparel,West,UPI,0,0
5448,2856,2025-08-13,106.49,Travel,Central,UPI,15,0
5449,2723,2026-06-07,31.88,Home & Garden,North,Net Banking,10,0
5450,2114,2026-02-04,43.46,Books,North,Wallet,15,0
5451,1446,2023-09-20,118.09,Food & Beverage,West,Debit Card,0,0
5452,2017,2025-12-24,100.4,Electronics,East,Credit Card,0,0
5453,2356,2023-09-22,56.7,Health,Central,UPI,5,0
5454,2163,2024-01-13,258.27,Health,West,Wallet,5,0
5455,1357,2026-04-13,89.75,Books,Central,Credit Card,0,0
5456,2625,2025-08-20,26.77,Software,East,Wallet,5,0
5457,1274,2026-03-21,213.68,Apparel,Central,UPI,0,0
5458,2043,2024-04-20,22.4,Books,Central,Net Banking,0,1
5459,1311,2023-11-25,-88.645,Apparel,Central,Credit Card,10,0
5460,1870,2026-04-01,101.03,Apparel,North,Credit Card,0,0
5461,1886,2024-03-13,26.13,Software,East,Debit Card,20,0
5462,1154,2026-05-07,111.47,Health,North,Credit Card,20,0
5463,2414,2023-01-16,239.76,Sports,South,UPI,0,0
5464,2284,2025-05-17,293.36,Travel,West,Wallet,30,0
5465,1620,2024-05-25,163.56,Sports,North,Wallet,5,0
5466,1883,2025-09-10,18.33,Electronics,Central,Net Banking,30,0
5467,1797,2026-06-16,37.93,Home & Garden,South,Net Banking,30,0
5468,2595,2024-08-03,90.6,Electronics,East,UPI,20,0
5469,1125,2023-01-06,91.66,Apparel,East,Wallet,0,0
5470,2378,2026-05-28,29.07,Apparel,North,Net Banking,10,0
5471,2297,2025-10-15,51.68,Health,Central,Net Banking,15,0
5472,1619,2025-03-17,238.04,Sports,Central,Debit Card,0,1
5473,2835,2024-09-10,164.76,Software,East,Debit Card,20,0
5474,1245,2026-02-15,62.17,Apparel,Central,UPI,20,0
5475,1848,2024-02-09,309.69,Software,West,UPI,25,0
5476,1450,2025-09-23,18.32,Food & Beverage,North,UPI,5,0
5477,1930,2024-08-16,241.45,Travel,North,UPI,0,0
5478,2271,2024-07-19,204.69,Health,Central,Wallet,5,0
5479,1520,2025-01-21,220.53,Travel,East,Credit Card,15,0
5480,2165,2023-01-12,128.48,Software,West,UPI,5,0
5481,1362,2026-05-17,41.1,Travel,West,Debit Card,0,0
5482,1008,2023-06-14,183.17,Food & Beverage,West,Credit Card,0,0
5483,1478,2025-05-27,54.67,Travel,South,Credit Card,5,0
5484,2376,2023-03-19,,Travel,Central,Wallet,0,0
5485,1495,2024-09-05,37.58,Apparel,West,Net Banking,10,0
5486,2630,2025-05-18,59.51,Apparel,Central,Credit Card,5,0
5487,1833,2025-03-22,75.8,Electronics,East,Wallet,0,0
5488,2451,2026-01-05,145.43,Apparel,East,Wallet,5,0
5489,2063,2025-12-07,177.8,Health,East,Wallet,15,1
5490,1593,2025-02-05,688.72,Home & Garden,South,UPI,25,0
5491,1187,2023-03-23,107.53,Sports,East,Net Banking,0,0
5492,2620,2023-07-28,28.87,Sports,Central,UPI,5,0
5493,2624,2024-06-05,235.09,Sports,North,Debit Card,20,1
5494,1754,2025-11-18,134.98,Apparel,North,Net Banking,0,0
5495,2878,2025-09-20,71.63,Food & Beverage,Central,UPI,0,0
5496,1093,2024-04-09,55.67,Electronics,North,Net Banking,10,0
5497,1086,2024-09-19,42.87,Books,West,Debit Card,0,0
5498,2068,2025-02-19,41.19,Apparel,North,UPI,5,0
5499,1137,2024-07-12,20.81,Software,South,Net Banking,25,0
5500,1421,2025-08-17,286.75,Apparel,East,Debit Card,0,0
5501,1074,2023-04-01,151.68,Food & Beverage,North,Wallet,0,0
5502,2572,2025-12-12,100.65,Sports,North,Net Banking,0,0
5503,2637,2025-05-09,42.74,Food & Beverage,South,Debit Card,0,0
5504,2536,2026-05-12,332.7,Apparel,South,Wallet,5,0
5505,2180,2024-07-09,16.37,Apparel,North,Debit Card,0,0
5506,2962,2023-06-05,76.92,Health,West,Credit Card,20,0
5507,2279,2023-01-02,292.53,Home & Garden,North,Debit Card,15,0
5508,1171,2025-04-04,8.24,Home & Garden,West,UPI,0,0
5509,2752,2025-03-12,111.19,Health,East,UPI,0,0
5510,1170,2025-09-09,40.76,Travel,Central,UPI,0,0
5511,2788,2025-12-17,104.1,Health,East,UPI,0,0
5512,1872,2026-04-18,57.44,Home & Garden,North,Credit Card,0,0
5513,1322,2024-05-07,183.54,Home & Garden,North,Credit Card,10,0
5514,2591,2024-10-30,,Health,West,Credit Card,5,0
5515,1456,2025-11-24,1837.19,Home & Garden,South,Wallet,30,0
5516,1944,2023-03-16,78.56,Apparel,West,Net Banking,15,0
5517,2627,2025-08-01,218.23,Health,South,UPI,0,0
5518,1790,2024-01-06,135.72,Home & Garden,South,Net Banking,15,0
5519,1613,2024-08-09,148.31,Books,South,UPI,0,1
5520,2179,2023-11-25,528.98,Health,South,UPI,0,0
5521,1889,2024-08-12,39.61,Apparel,North,UPI,10,0
5522,1349,2025-02-15,58.56,Travel,Central,Credit Card,5,0
5523,2475,2023-10-31,72.93,Apparel,Central,Wallet,10,0
5524,2900,2024-08-01,27.61,Sports,East,UPI,20,0
5525,2677,2023-08-09,89.86,Sports,East,UPI,20,0
5526,2197,2025-09-05,198.26,Travel,East,UPI,0,0
5527,1010,2026-04-02,243.24,Electronics,West,Debit Card,10,0
5528,1740,2024-01-10,72.2,Software,East,UPI,30,0
5529,2289,2026-05-28,354.41,Food & Beverage,East,Credit Card,15,0
5530,2462,2023-07-07,7.47,Sports,East,Credit Card,5,0
5531,2784,2026-04-29,1466.24,Food & Beverage,North,Net Banking,30,0
5532,2271,2026-05-23,177.81,Food & Beverage,East,Credit Card,0,0
5533,1667,2026-01-14,53.7,Software,Central,Net Banking,0,1
5534,1546,2024-04-18,156.73,Sports,North,Wallet,15,0
5535,2523,2025-04-23,74.94,Travel,South,Debit Card,5,0
5536,1129,2024-06-14,7.34,Electronics,West,Credit Card,0,0
5537,2696,2025-12-06,95.23,Food & Beverage,North,UPI,0,0
5538,1601,2025-12-24,268.76,Books,North,Wallet,0,0
5539,1605,2025-08-20,286.16,Home & Garden,Central,UPI,5,0
5540,1327,2024-04-19,121.76,Sports,East,Net Banking,0,0
5541,2777,2026-03-15,284.1,Travel,South,Net Banking,0,0
5542,2859,2025-08-03,151.79,Apparel,Central,Debit Card,0,0
5543,1980,2025-12-25,117.58,Travel,Central,Wallet,0,0
5544,1404,2024-05-31,39.38,Health,North,Net Banking,0,0
5545,1629,2026-01-21,59.34,Electronics,South,UPI,0,0
5546,2630,2024-03-01,66.18,Apparel,Central,Credit Card,10,0
5547,2699,2026-01-22,126.8,Health,West,Credit Card,10,0
5548,2635,2023-05-13,235.99,Home & Garden,West,Wallet,0,0
5549,2649,2023-11-10,43.06,Apparel,Central,Wallet,5,0
5550,2383,2024-08-13,16.94,Electronics,North,Net Banking,20,0
5551,2627,2026-05-20,506.6,Health,West,Credit Card,0,0
5552,2882,2025-10-05,28.15,Home & Garden,North,Debit Card,30,0
5553,1718,2023-06-08,162.08,Food & Beverage,East,Debit Card,0,1
5554,2041,2024-10-22,121.98,Travel,East,Debit Card,0,1
5555,1274,2025-01-17,59.55,Food & Beverage,North,Debit Card,0,0
5556,1685,2025-03-11,186.6,Health,Central,Net Banking,5,0
5557,1116,2024-02-14,21.13,Food & Beverage,East,UPI,0,0
5558,1861,2024-11-10,637.07,Health,East,Debit Card,5,0
5559,1693,2026-05-01,2125.69,Books,West,Net Banking,25,0
5560,2115,2023-04-24,-88.645,Software,Central,Debit Card,0,0
5561,2106,2025-06-15,34.05,Home & Garden,North,Debit Card,20,0
5562,1324,2025-12-14,5.52,Food & Beverage,East,UPI,0,0
5563,1961,2023-03-06,159.63,Software,Central,Debit Card,20,0
5564,1114,2024-11-14,19.07,Electronics,East,Net Banking,25,0
5565,2793,2023-05-26,54.83,Books,West,Net Banking,0,0
5566,2082,2025-07-31,559.69,Sports,Central,Credit Card,5,0
5567,1154,2026-05-17,631.7,Software,South,Wallet,0,0
5568,2901,2025-10-30,719.1,Electronics,West,Debit Card,0,0
5569,2428,2025-01-08,101.3,Sports,North,Debit Card,15,0
5570,2652,2023-07-05,263.99,Electronics,Central,Net Banking,10,0
5571,2879,2026-03-03,8.25,Home & Garden,East,Debit Card,15,0
5572,2290,2025-04-14,14.89,Sports,Central,Net Banking,5,0
5573,1315,2025-03-19,63.7,Electronics,North,Credit Card,0,0
5574,2739,2023-06-20,247.04,Books,Central,Debit Card,5,0
5575,2065,2023-08-01,53.96,Food & Beverage,East,Credit Card,0,0
5576,1105,2023-01-27,235.85,Electronics,West,Credit Card,0,0
5577,2925,2025-10-10,22.55,Sports,West,Wallet,0,0
5578,2914,2025-12-27,101.74,Sports,East,Net Banking,15,0
5579,2217,2025-02-28,174.14,Electronics,South,Credit Card,0,1
5580,2425,2024-02-12,223.38,Apparel,South,Net Banking,0,0
5581,2302,2026-02-06,52.36,Books,West,Wallet,0,0
5582,1354,2023-03-15,93.17,Apparel,North,Net Banking,10,0
5583,2016,2024-07-31,14.17,Home & Garden,Central,Wallet,0,0
5584,2773,2024-11-10,79.35,Software,East,Debit Card,0,0
5585,2961,2025-02-24,329.64,Books,North,Wallet,0,0
5586,1733,2025-04-28,65.66,Electronics,Central,Wallet,5,0
5587,2604,2025-05-19,36.69,Books,West,Wallet,5,0
5588,1709,2023-08-25,229.92,Home & Garden,East,UPI,0,0
5589,2280,2024-12-27,1397.23,Electronics,North,Credit Card,0,0
5590,1651,2024-01-13,1221.61,Home & Garden,Central,Net Banking,15,0
5591,1824,2024-10-22,123.19,Food & Beverage,West,Net Banking,10,1
5592,1947,2025-04-09,226.92,Books,West,UPI,5,0
5593,1661,2025-06-24,643.14,Electronics,Central,Debit Card,5,0
5594,1099,2024-01-11,120.25,Apparel,South,Credit Card,0,0
5595,1588,2024-09-10,156.58,Books,South,Credit Card,0,0
5596,1282,2024-10-14,61.1,Software,Central,Credit Card,5,0
5597,2907,2026-01-04,1543.13,Books,Central,Credit Card,20,0
5598,1403,2025-10-29,213.26,Books,Central,UPI,5,0
5599,2133,2023-07-15,65.32,Electronics,West,Net Banking,10,0
5600,1700,2025-03-17,45.13,Books,East,Debit Card,20,0
5601,1199,2025-06-11,9.69,Travel,West,Debit Card,5,0
5602,2327,2025-12-20,13.51,Software,West,Debit Card,20,0
5603,1327,2025-07-25,37.66,Home & Garden,South,UPI,30,1
5604,1154,2025-04-26,274.24,Sports,Central,UPI,5,0
5605,1552,2025-03-28,133.13,Health,West,Wallet,5,0
5606,2669,2024-07-17,19.97,Health,West,UPI,20,0
5607,1405,2024-09-25,29.61,Electronics,Central,Credit Card,10,0
5608,1462,2024-11-09,126.21,Food & Beverage,East,Net Banking,10,0
5609,1132,2025-10-14,670.6,Software,South,Debit Card,20,0
5610,1791,2023-01-08,23.99,Books,North,UPI,10,0
5611,1874,2025-12-04,156.14,Travel,West,Net Banking,10,0
5612,1084,2023-12-10,52.75,Software,East,Credit Card,0,0
5613,2423,2025-03-06,54.61,Home & Garden,North,UPI,10,0
5614,1754,2025-11-16,22.02,Electronics,Central,UPI,25,0
5615,1628,2026-05-01,190.91,Apparel,North,Net Banking,10,0
5616,2133,2025-04-28,50.22,Books,Central,Credit Card,25,0
5617,1221,2023-03-03,59.04,Health,East,UPI,0,0
5618,2928,2025-12-21,293.3,Food & Beverage,North,Net Banking,0,0
5619,1553,2024-02-26,312.25,Sports,South,Credit Card,5,0
5620,2392,2024-09-24,37.5,Software,East,UPI,0,0
5621,2171,2025-03-02,128.55,Sports,North,UPI,0,0
5622,1112,2024-07-04,267.07,Home & Garden,West,Debit Card,0,0
5623,1615,2024-08-28,72.23,Books,North,Wallet,5,0
5624,2582,2026-02-12,201.24,Sports,North,Credit Card,25,0
5625,1924,2026-02-18,61.42,Apparel,South,Net Banking,0,0
5626,2518,2024-06-08,59.42,Home & Garden,East,Debit Card,0,0
5627,2529,2025-06-17,29.41,Health,West,UPI,30,0
5628,1475,2023-06-12,702.32,Apparel,East,Net Banking,20,0
5629,1836,2025-02-25,50.34,Electronics,East,Debit Card,20,0
5630,2914,2025-06-28,34.42,Apparel,West,Debit Card,0,0
5631,1271,2025-09-08,25.68,Travel,West,Wallet,10,0
5632,1421,2024-01-14,99.63,Travel,South,Debit Card,0,0
5633,2921,2023-06-22,26.57,Apparel,Central,Credit Card,10,0
5634,1707,2025-09-26,38.28,Food & Beverage,South,Wallet,5,0
5635,2391,2023-03-05,234.8,Health,West,Wallet,10,0
5636,2304,2026-01-29,154.23,Electronics,North,UPI,5,0
5637,2307,2025-09-01,17.91,Health,North,UPI,25,0
5638,1040,2023-03-07,214.82,Travel,East,Credit Card,0,0
5639,2983,2024-04-02,93.63,Software,East,Net Banking,0,0
5640,1189,2024-03-28,352.34,Travel,Central,Credit Card,20,0
5641,2188,2025-09-05,493.53,Home & Garden,Central,Wallet,15,0
5642,1994,2023-06-27,13.06,Travel,Central,UPI,0,0
5643,2560,2023-10-07,225.33,Home & Garden,Central,Credit Card,0,0
5644,1536,2023-12-10,640.2,Food & Beverage,North,UPI,0,0
5645,2028,2025-11-06,115.77,Sports,West,Credit Card,5,0
5646,2859,2023-10-23,205.59,Health,Central,Credit Card,0,0
5647,1290,2023-07-21,117.91,Travel,South,Debit Card,20,0
5648,2977,2025-08-19,291.58,Food & Beverage,Central,Credit Card,5,0
5649,1433,2024-11-14,142.62,Sports,North,UPI,25,0
5650,1471,2026-05-02,7.95,Travel,East,Credit Card,0,0
5651,2205,2026-03-18,77.83,Health,South,Net Banking,0,0
5652,2272,2024-01-10,72.03,Travel,Central,Debit Card,20,0
5653,1628,2023-02-04,211.99,Health,North,Credit Card,0,0
5654,1279,2023-01-29,369.52,Home & Garden,East,Net Banking,0,0
5655,1877,2025-02-13,68.5,Home & Garden,Central,UPI,5,0
5656,1581,2023-08-09,20.7,Software,North,Net Banking,5,0
5657,1863,2023-02-22,129.99,Health,North,Debit Card,0,0
5658,1254,2025-03-01,35.48,Electronics,West,UPI,5,0
5659,1181,2023-03-17,43.5,Home & Garden,North,Credit Card,0,0
5660,2854,2024-05-08,1569.5,Electronics,Central,Credit Card,0,0
5661,1681,2023-04-27,39.91,Food & Beverage,North,Net Banking,30,0
5662,1825,2023-10-07,13.77,Apparel,South,Credit Card,0,0
5663,2533,2026-04-13,185.73,Health,North,UPI,20,0
5664,2785,2025-01-15,210.28,Travel,North,UPI,5,0
5665,1700,2025-08-06,258.35,Food & Beverage,South,Credit Card,0,0
5666,1566,2025-02-02,246.61,Books,Central,Net Banking,15,0
5667,2350,2023-10-22,107.2,Sports,East,Credit Card,10,0
5668,2381,2025-10-14,108.56,Software,West,Wallet,5,0
5669,2849,2025-11-10,277.96,Travel,East,Credit Card,0,0
5670,2674,2026-01-01,620.37,Books,Central,Debit Card,0,0
5671,1680,2025-04-21,19.83,Electronics,Central,Credit Card,15,0
5672,1391,2025-11-25,43.38,Travel,South,Wallet,15,0
5673,2639,2026-06-10,191.24,Travel,East,Debit Card,20,0
5674,2958,2024-05-11,122.23,Health,North,Net Banking,0,0
5675,2109,2023-07-25,10.5,Health,South,Debit Card,0,0
5676,2341,2024-03-01,45.24,Travel,South,UPI,30,0
5677,1212,2023-02-13,129.44,Electronics,West,Wallet,0,0
5678,2539,2026-01-19,91.39,Home & Garden,South,UPI,0,0
5679,1384,2024-08-27,58.51,Sports,East,UPI,20,1
5680,2715,2024-03-29,1499.49,Food & Beverage,Central,Debit Card,0,1
5681,1342,2024-08-17,87.37,Software,West,Debit Card,0,0
5682,2839,2024-05-21,118.78,Sports,North,UPI,0,0
5683,2988,2025-03-04,105.59,Food & Beverage,East,Net Banking,0,0
5684,1844,2023-01-21,116.05,Software,North,Credit Card,0,0
5685,2062,2026-06-05,94.19,Software,South,Credit Card,5,0
5686,2535,2026-02-27,7.4,Food & Beverage,East,Wallet,0,0
5687,1420,2024-09-11,27.43,Books,West,Debit Card,0,0
5688,1751,2024-02-18,61.69,Home & Garden,West,Credit Card,25,0
5689,2193,2025-12-30,238.71,Books,North,Net Banking,20,0
5690,2989,2023-12-03,62.86,Home & Garden,Central,Wallet,20,1
5691,2933,2025-06-28,33.19,Books,West,Debit Card,15,0
5692,2367,2023-10-03,279.55,Electronics,North,Credit Card,10,0
5693,2850,2025-06-10,455.46,Food & Beverage,Central,UPI,0,0
5694,1306,2023-01-13,14.31,Health,East,Net Banking,0,0
5695,2566,2025-10-23,101.12,Apparel,West,Net Banking,0,0
5696,1702,2025-09-04,3.65,Home & Garden,West,Debit Card,30,0
5697,1869,2026-06-01,61.95,Software,North,Net Banking,10,0
5698,1537,2025-08-31,863.78,Travel,West,Debit Card,30,0
5699,2136,2023-06-24,100.52,Sports,North,Net Banking,0,0
5700,2435,2023-08-29,17.16,Travel,West,Credit Card,10,0
5701,2971,2024-06-30,17.68,Travel,North,Debit Card,15,0
5702,1206,2023-01-14,29.4,Food & Beverage,West,Net Banking,0,1
5703,2209,2026-05-03,40.2,Electronics,East,Credit Card,10,0
5704,2406,2024-12-25,9.29,Apparel,East,Credit Card,0,0
5705,1496,2023-01-03,133.64,Sports,North,Credit Card,0,0
5706,2403,2024-11-21,172.89,Sports,East,Debit Card,15,0
5707,2071,2025-01-16,59.13,Apparel,North,Debit Card,5,0
5708,2910,2025-02-07,1048.24,Software,North,Net Banking,25,1
5709,2764,2025-05-21,53.77,Apparel,South,UPI,0,0
5710,2575,2024-05-09,381.21,Food & Beverage,East,UPI,0,1
5711,2552,2024-02-21,17.03,Books,South,Wallet,0,0
5712,1504,2024-09-19,129.02,Sports,South,UPI,20,0
5713,2046,2025-12-11,154.48,Food & Beverage,West,UPI,20,0
5714,1213,2025-10-17,38.37,Sports,North,Net Banking,0,0
5715,1310,2023-05-22,110.02,Software,Central,Debit Card,20,0
5716,1661,2026-01-14,37.91,Health,South,UPI,0,0
5717,2992,2023-02-15,61.91,Home & Garden,West,Wallet,0,0
5718,1753,2025-04-23,64.1,Sports,East,Net Banking,20,1
5719,1272,2025-10-05,16.67,Electronics,Central,Credit Card,20,0
5720,2595,2026-06-15,168.59,Food & Beverage,North,Credit Card,0,0
5721,2823,2023-01-10,183.16,Apparel,West,Wallet,0,0
5722,1938,2024-10-25,57.51,Sports,Central,Debit Card,20,0
5723,2226,2024-07-26,,Books,North,Credit Card,0,0
5724,1032,2024-10-10,29.85,Travel,North,Debit Card,20,0
5725,1443,2025-07-01,20.03,Home & Garden,Central,UPI,10,0
5726,1162,2024-10-01,55.71,Food & Beverage,West,UPI,10,0
5727,1767,2024-09-07,206.28,Electronics,Central,UPI,10,0
5728,1254,2024-11-28,82.23,Software,South,Credit Card,10,0
5729,1521,2025-06-27,53.19,Electronics,North,Credit Card,0,0
5730,1977,2023-06-27,134.66,Apparel,East,Debit Card,0,0
5731,2675,2025-05-18,29.99,Electronics,Central,Debit Card,10,0
5732,2504,2025-10-26,20.67,Travel,Central,Wallet,5,1
5733,1010,2025-05-02,58.95,Sports,North,UPI,5,0
5734,1726,2023-11-03,32.46,Apparel,North,Net Banking,0,0
5735,1505,2024-07-01,21.6,Health,Central,Net Banking,5,0
5736,1785,2023-11-23,266.33,Travel,East,UPI,0,0
5737,2860,2024-01-30,1265.99,Software,North,Wallet,0,0
5738,2584,2023-10-27,13.94,Books,North,Debit Card,30,0
5739,1436,2025-01-18,54.65,Home & Garden,South,Credit Card,15,0
5740,2135,2023-10-12,110.98,Electronics,West,Wallet,5,0
5741,1153,2023-11-26,,Travel,South,Wallet,10,0
5742,2659,2023-02-19,68.9,Food & Beverage,East,UPI,5,0
5743,1917,2025-02-11,75.18,Books,West,Debit Card,20,0
5744,1869,2024-01-13,160.12,Health,Central,Net Banking,15,0
5745,2126,2025-09-26,35.61,Books,East,Net Banking,0,0
5746,1753,2025-02-12,45.72,Sports,East,Net Banking,0,0
5747,2857,2026-03-13,288.81,Books,South,Wallet,0,0
5748,2215,2025-12-19,148.9,Health,West,Credit Card,0,0
5749,2753,2025-05-17,215.63,Food & Beverage,East,Debit Card,5,0
5750,1563,2026-01-03,10.97,Software,West,Credit Card,0,1
5751,2828,2023-01-03,40.37,Apparel,Central,Net Banking,0,0
5752,2105,2025-01-17,555.31,Health,West,Credit Card,0,0
5753,1489,2023-10-02,81.39,Electronics,South,Wallet,25,0
5754,1895,2023-08-03,77.41,Travel,South,UPI,0,1
5755,2112,2023-11-25,81.56,Sports,East,Credit Card,0,0
5756,2218,2023-09-12,592.29,Travel,West,Credit Card,0,0
5757,1104,2023-05-06,36.76,Travel,South,Credit Card,0,0
5758,2807,2025-02-05,201.49,Sports,North,Net Banking,25,0
5759,2120,2026-05-12,123.56,Sports,South,Credit Card,0,0
5760,2447,2026-04-10,17.47,Books,Central,Debit Card,5,0
5761,2915,2023-08-05,62.91,Health,North,Wallet,10,1
5762,2222,2026-06-22,33.1,Food & Beverage,West,Debit Card,10,0
5763,2025,2025-04-11,19.53,Electronics,East,Debit Card,5,0
5764,2007,2023-07-01,378.3,Food & Beverage,North,Net Banking,10,0
5765,1407,2023-11-30,20.82,Home & Garden,South,Credit Card,15,0
5766,2402,2024-05-25,221.22,Software,East,Wallet,30,0
5767,1167,2024-01-18,32.01,Home & Garden,East,Wallet,10,0
5768,1509,2026-05-07,458.93,Software,East,Wallet,5,0
5769,2662,2023-11-28,54.39,Books,East,Credit Card,5,0
5770,1313,2026-04-03,134.66,Travel,West,Wallet,15,1
5771,2617,2026-06-19,45.63,Software,West,Wallet,10,0
5772,2442,2025-06-18,6.68,Software,West,UPI,5,0
5773,1763,2024-10-03,12.17,Health,South,UPI,0,0
5774,1681,2026-06-04,9.23,Electronics,West,Wallet,30,0
5775,1477,2024-09-25,122.07,Travel,East,Debit Card,15,0
5776,1073,2024-03-26,86.97,Health,North,Credit Card,0,0
5777,2165,2023-07-15,183.76,Sports,North,Debit Card,0,0
5778,1582,2026-05-12,39.84,Food & Beverage,North,Debit Card,20,0
5779,1262,2024-04-02,6.65,Apparel,North,Credit Card,10,0
5780,2364,2025-04-09,429.36,Sports,North,Credit Card,0,0
5781,2332,2023-09-14,295.29,Travel,Central,Net Banking,0,0
5782,1245,2023-01-09,140.99,Sports,North,Net Banking,0,0
5783,2539,2025-01-30,341.4,Sports,North,Net Banking,0,0
5784,2361,2025-08-06,79.69,Sports,North,Wallet,5,0
5785,2599,2026-05-09,123.74,Software,South,Wallet,15,0
5786,1561,2025-12-18,38.69,Apparel,Central,Wallet,10,0
5787,2100,2025-06-05,24.91,Health,North,Net Banking,10,0
5788,2904,2024-01-28,13.57,Home & Garden,West,Credit Card,10,0
5789,1175,2026-02-16,36.48,Sports,South,Wallet,0,0
5790,1109,2024-02-03,2195.94,Electronics,Central,Credit Card,0,0
5791,1183,2023-11-27,14.52,Home & Garden,West,Net Banking,0,0
5792,1192,2024-04-24,29.22,Apparel,West,Credit Card,20,0
5793,1065,2023-05-14,103.1,Health,South,Wallet,0,0
5794,2873,2025-07-04,1598.7,Food & Beverage,West,Credit Card,0,0
5795,1963,2025-07-23,25.54,Electronics,East,Net Banking,0,0
5796,2498,2023-12-21,42.34,Travel,South,Wallet,30,1
5797,2807,2024-08-06,201.5,Software,South,Wallet,15,1
5798,2124,2024-09-16,188.28,Electronics,East,Net Banking,15,0
5799,2568,2026-02-04,39.12,Books,South,Debit Card,0,0
5800,1864,2023-10-17,33.09,Health,West,UPI,0,0
5801,2152,2025-04-04,154.08,Apparel,West,Net Banking,0,0
5802,2476,2024-09-20,62.52,Food & Beverage,West,Credit Card,20,0
5803,2938,2025-10-15,127.1,Travel,East,Debit Card,0,0
5804,1369,2024-09-23,73.46,Travel,West,Net Banking,20,0
5805,1851,2026-03-16,137.22,Travel,East,UPI,5,0
5806,1043,2023-11-23,155.37,Food & Beverage,East,Wallet,15,1
5807,2908,2023-07-29,8.69,Food & Beverage,East,UPI,5,0
5808,2443,2026-01-31,51.64,Home & Garden,South,UPI,25,0
5809,1488,2024-09-27,134.35,Apparel,Central,Net Banking,0,0
5810,1078,2025-05-17,238.1,Books,East,Wallet,10,0
5811,1826,2026-05-17,60.44,Software,West,Wallet,0,0
5812,2825,2024-03-03,9.84,Sports,East,UPI,5,0
5813,2294,2024-01-28,403.0,Books,North,Net Banking,30,0
5814,1674,2025-04-05,251.33,Food & Beverage,South,Wallet,0,0
5815,1701,2025-07-04,102.16,Food & Beverage,West,Wallet,5,0
5816,1759,2026-02-06,51.55,Sports,South,Credit Card,10,0
5817,2924,2023-12-14,185.0,Sports,South,UPI,25,0
5818,1728,2023-02-19,52.15,Travel,North,Debit Card,0,0
5819,2339,2025-07-04,257.55,Books,East,UPI,5,0
5820,1925,2026-02-02,777.52,Books,West,Net Banking,30,0
5821,2875,2025-11-16,50.14,Software,Central,Wallet,15,0
5822,1902,2025-08-25,229.64,Sports,South,Wallet,20,0
5823,1889,2025-03-10,41.01,Health,Central,Credit Card,15,0
5824,1993,2025-10-13,308.84,Books,Central,Wallet,5,0
5825,2969,2024-10-10,,Software,East,Wallet,5,0
5826,2192,2023-10-28,511.52,Travel,Central,Debit Card,0,0
5827,1339,2023-06-15,64.51,Travel,West,UPI,5,0
5828,1193,2023-11-12,30.65,Home & Garden,East,Wallet,0,0
5829,2477,2023-01-01,60.27,Software,Central,Net Banking,0,0
5830,1283,2025-10-16,68.88,Travel,East,Debit Card,0,0
5831,2360,2023-03-04,119.54,Home & Garden,West,Debit Card,0,0
5832,1390,2024-04-27,60.66,Electronics,South,Credit Card,15,0
5833,2000,2026-05-09,120.85,Books,North,Net Banking,0,0
5834,1525,2023-08-10,123.44,Sports,East,Debit Card,15,0
5835,2264,2023-06-01,53.9,Travel,North,UPI,20,0
5836,2856,2024-10-05,133.5,Food & Beverage,South,Net Banking,10,0
5837,2982,2024-09-17,44.55,Books,West,UPI,5,0
5838,2507,2023-08-05,992.05,Software,South,Credit Card,5,0
5839,1659,2023-07-15,128.89,Food & Beverage,North,Credit Card,5,0
5840,1716,2026-05-10,187.69,Home & Garden,West,Wallet,0,0
5841,2616,2025-09-21,,Food & Beverage,Central,UPI,10,0
5842,1891,2025-10-11,37.91,Sports,Central,UPI,10,0
5843,2579,2024-10-08,245.48,Books,East,Credit Card,0,0
5844,2482,2026-06-11,133.74,Food & Beverage,Central,UPI,0,0
5845,2113,2026-03-10,3.91,Software,North,Net Banking,5,0
5846,2684,2024-12-08,907.58,Home & Garden,Central,Wallet,25,0
5847,2119,2025-12-16,218.2,Electronics,East,Wallet,30,0
5848,1452,2026-03-11,56.98,Apparel,West,Net Banking,15,0
5849,1428,2024-12-22,186.19,Travel,Central,Debit Card,15,1
5850,2175,2024-10-01,149.3,Sports,East,UPI,5,0
5851,2538,2023-04-16,163.1,Health,Central,Debit Card,10,0
5852,2400,2023-06-14,31.67,Apparel,Central,Debit Card,0,0
5853,2046,2023-08-03,,Travel,North,UPI,15,0
5854,1883,2025-12-30,129.35,Software,East,Credit Card,0,0
5855,1313,2023-03-31,394.77,Health,East,UPI,5,0
5856,1840,2025-05-23,101.81,Electronics,South,Credit Card,20,0
5857,1519,2026-06-05,151.02,Apparel,South,Net Banking,30,0
5858,2230,2026-01-07,30.19,Software,East,Credit Card,10,0
5859,2976,2024-08-30,97.59,Health,North,Debit Card,0,0
5860,1375,2023-12-15,254.8,Home & Garden,Central,Debit Card,10,0
5861,1451,2025-06-12,39.61,Books,West,Debit Card,10,0
5862,2650,2023-09-03,56.5,Electronics,Central,Credit Card,30,0
5863,2808,2023-09-29,28.31,Home & Garden,West,Debit Card,20,0
5864,2015,2024-02-07,17.7,Sports,North,Wallet,0,0
5865,1595,2026-02-13,32.04,Sports,South,UPI,0,0
5866,2203,2026-04-10,,Health,East,Debit Card,20,0
5867,2234,2025-11-05,67.0,Books,North,Credit Card,30,0
5868,1500,2025-08-18,32.17,Software,West,Debit Card,0,0
5869,1464,2025-06-16,1230.17,Health,East,Credit Card,10,0
5870,2864,2025-12-15,38.78,Apparel,West,UPI,0,0
5871,2148,2026-01-31,190.47,Travel,Central,Credit Card,0,0
5872,1113,2023-10-11,134.23,Apparel,Central,UPI,20,0
5873,2036,2024-05-31,121.25,Health,Central,Debit Card,15,0
5874,2150,2024-09-09,10.0,Books,East,Wallet,0,0
5875,2589,2024-09-03,413.3,Food & Beverage,South,Debit Card,0,0
5876,1331,2025-01-19,132.08,Sports,South,UPI,30,0
5877,2925,2024-02-04,271.17,Books,West,Net Banking,10,0
5878,2307,2023-03-27,352.98,Books,South,Net Banking,20,0
5879,1140,2023-11-16,703.74,Health,South,Net Banking,0,0
5880,2425,2025-11-21,27.17,Sports,West,Debit Card,5,0
5881,1902,2023-12-02,38.0,Books,West,Credit Card,10,0
5882,2121,2023-02-20,44.77,Sports,West,Wallet,20,0
5883,1517,2026-01-07,31.83,Sports,East,Wallet,0,0
5884,1569,2023-06-23,439.67,Travel,West,Debit Card,10,0
5885,2948,2024-05-15,27.01,Books,East,UPI,15,0
5886,1846,2023-03-17,57.11,Software,East,Debit Card,20,0
5887,2093,2023-11-12,12.71,Books,East,Net Banking,5,0
5888,1118,2026-01-09,216.68,Travel,West,UPI,5,0
5889,1888,2024-11-27,77.23,Home & Garden,South,Wallet,0,0
5890,2083,2025-10-06,259.82,Health,South,Debit Card,5,0
5891,2057,2025-01-01,208.76,Electronics,West,Credit Card,15,0
5892,2342,2025-12-30,12.56,Books,South,Credit Card,25,0
5893,1050,2025-08-26,112.38,Apparel,West,Wallet,0,0
5894,2904,2025-05-03,24.32,Travel,East,UPI,30,1
5895,2513,2024-10-27,106.63,Food & Beverage,Central,Net Banking,0,1
5896,1019,2024-10-13,44.55,Books,North,Credit Card,0,0
5897,1726,2025-12-30,812.67,Home & Garden,West,Credit Card,0,0
5898,1197,2023-02-15,2199.78,Electronics,East,Debit Card,30,0
5899,2915,2025-12-06,67.11,Travel,Central,Wallet,10,0
5900,2474,2023-05-29,101.37,Books,East,Credit Card,0,0
5901,1559,2025-06-28,5.8,Software,North,Debit Card,0,0
5902,2703,2026-02-27,12.51,Health,South,UPI,30,0
5903,1452,2024-03-31,143.09,Electronics,South,Credit Card,20,0
5904,1289,2025-05-26,86.59,Electronics,East,Wallet,0,0
5905,2165,2025-08-23,149.24,Health,North,Debit Card,0,0
5906,2108,2025-05-18,34.55,Health,East,UPI,20,0
5907,2718,2025-07-17,129.44,Software,South,Debit Card,25,0
5908,1391,2025-10-20,4.33,Apparel,East,Net Banking,20,0
5909,2615,2025-09-27,43.33,Health,Central,Wallet,25,0
5910,1215,2025-02-12,157.57,Apparel,North,Wallet,10,0
5911,2550,2023-09-01,689.44,Apparel,South,Credit Card,20,1
5912,1215,2024-04-18,78.23,Books,East,Debit Card,25,0
5913,2427,2024-01-17,182.69,Software,North,UPI,20,0
5914,1128,2026-01-31,40.32,Software,East,Credit Card,10,0
5915,2846,2024-05-03,153.29,Electronics,South,Wallet,15,0
5916,2501,2025-11-26,49.76,Health,North,Debit Card,15,0
5917,1760,2024-02-01,939.78,Home & Garden,South,UPI,20,0
5918,1404,2023-10-23,60.66,Electronics,Central,Wallet,0,0
5919,2053,2023-04-17,73.42,Apparel,Central,UPI,0,0
5920,2816,2025-05-09,227.92,Food & Beverage,West,Debit Card,5,0
5921,1338,2025-08-11,164.5,Apparel,North,UPI,15,0
5922,1831,2024-06-13,58.06,Apparel,Central,Credit Card,0,1
5923,1714,2026-01-11,147.2,Sports,West,Credit Card,5,0
5924,1361,2025-07-22,25.39,Home & Garden,North,Debit Card,0,0
5925,1569,2023-10-15,118.11,Travel,South,Wallet,20,1
5926,2416,2024-12-06,174.01,Travel,East,Net Banking,0,0
5927,1218,2023-08-03,54.21,Food & Beverage,East,Net Banking,20,0
5928,2598,2025-01-01,57.75,Sports,South,Net Banking,10,0
5929,2693,2023-12-10,42.29,Health,Central,Wallet,25,0
5930,1202,2023-07-13,16.07,Software,East,Credit Card,25,0
5931,1017,2023-06-07,148.15,Apparel,South,Credit Card,20,0
5932,1322,2024-04-09,50.89,Food & Beverage,West,Credit Card,5,0
5933,1518,2023-04-14,175.52,Health,West,Debit Card,0,0
5934,2594,2023-02-03,72.32,Electronics,South,Credit Card,0,0
5935,2349,2026-01-30,188.25,Food & Beverage,North,Credit Card,5,0
5936,2436,2024-09-30,11.52,Travel,Central,Credit Card,15,0
5937,2342,2023-11-21,22.75,Health,Central,Net Banking,5,0
5938,1681,2024-11-21,32.78,Apparel,South,UPI,5,0
5939,2989,2024-08-14,378.59,Apparel,East,Credit Card,5,0
5940,2106,2023-05-21,146.02,Sports,Central,UPI,15,0
5941,2498,2024-04-18,65.61,Books,Central,Credit Card,0,0
5942,2492,2025-11-20,50.75,Books,West,Net Banking,5,0
5943,1425,2025-06-02,184.07,Apparel,West,Net Banking,10,0
5944,2969,2023-03-04,44.39,Health,West,UPI,10,0
5945,2755,2026-01-15,217.61,Travel,Central,Net Banking,10,0
5946,2713,2023-10-31,69.6,Apparel,Central,Debit Card,0,0
5947,2228,2025-12-20,424.8,Sports,Central,Wallet,10,0
5948,2607,2024-01-31,28.98,Home & Garden,East,Wallet,10,0
5949,2019,2023-11-30,77.2,Sports,East,Credit Card,20,0
5950,1387,2025-02-24,29.88,Books,East,Net Banking,15,0
5951,1778,2024-02-15,635.14,Food & Beverage,North,Wallet,0,0
5952,1098,2023-10-11,92.3,Apparel,Central,UPI,10,0
5953,2369,2024-04-10,26.87,Food & Beverage,Central,UPI,10,0
5954,2827,2023-03-21,30.49,Software,South,UPI,10,0
5955,1208,2025-02-22,166.81,Travel,South,Credit Card,10,1
5956,2538,2026-01-05,10.15,Electronics,North,Wallet,0,0
5957,2660,2025-01-02,72.69,Software,South,Wallet,0,0
5958,2816,2023-03-18,32.37,Apparel,East,Wallet,10,0
5959,1586,2024-05-23,74.32,Electronics,North,UPI,20,0
5960,1166,2026-04-02,101.65,Food & Beverage,North,UPI,0,0
5961,1022,2025-10-29,79.99,Electronics,North,Credit Card,5,0
5962,1154,2026-04-13,65.41,Food & Beverage,West,Debit Card,30,0
5963,2963,2024-04-06,109.8,Apparel,South,Wallet,15,0
5964,2463,2023-09-02,735.01,Health,Central,Credit Card,5,0
5965,2319,2023-05-02,415.16,Health,West,UPI,0,0
5966,1219,2023-07-04,60.02,Sports,East,Debit Card,0,0
5967,1669,2023-02-01,214.87,Apparel,West,Net Banking,0,0
5968,2519,2025-09-24,202.6,Health,East,Debit Card,25,1
5969,1230,2025-01-31,57.12,Electronics,Central,Credit Card,10,0
5970,1020,2024-07-22,86.65,Apparel,Central,Debit Card,20,0
5971,1553,2023-11-06,171.57,Apparel,South,UPI,20,0
5972,1950,2025-04-09,37.47,Electronics,West,Debit Card,10,0
5973,1148,2025-09-18,67.44,Software,Central,UPI,0,0
5974,2132,2025-12-15,71.01,Food & Beverage,East,Debit Card,10,0
5975,1403,2025-03-01,65.13,Home & Garden,Central,Credit Card,20,0
5976,1596,2024-04-08,62.13,Food & Beverage,South,Net Banking,0,0
5977,2507,2024-11-08,153.03,Health,East,Wallet,25,1
5978,1367,2025-09-05,92.92,Home & Garden,North,Debit Card,30,0
5979,2858,2024-10-31,193.87,Sports,South,Net Banking,5,0
5980,2438,2026-06-26,1852.24,Electronics,South,Debit Card,5,0
5981,2333,2024-11-28,47.37,Food & Beverage,North,Net Banking,10,0
5982,1802,2025-09-20,116.89,Food & Beverage,Central,UPI,10,0
5983,1918,2023-03-19,165.72,Software,South,Net Banking,0,0
5984,2859,2024-06-17,333.73,Apparel,North,Wallet,0,1
5985,2158,2023-04-18,151.62,Books,North,Net Banking,0,0
5986,2743,2025-02-02,24.25,Books,South,Wallet,0,0
5987,2307,2023-01-15,40.65,Health,West,Wallet,0,1
5988,2802,2024-01-05,107.31,Books,South,Net Banking,30,0
5989,1073,2023-07-24,39.29,Sports,West,Wallet,10,0
5990,1481,2026-02-10,15.31,Apparel,Central,Wallet,0,0
5991,2376,2025-05-14,34.2,Travel,North,UPI,15,0
5992,1560,2024-03-16,34.43,Books,East,Credit Card,5,0
5993,2350,2026-04-24,26.81,Sports,South,UPI,0,0
5994,1745,2025-05-08,1867.03,Software,East,Credit Card,25,0
5995,2467,2023-08-15,-88.645,Apparel,Central,Credit Card,0,0
5996,1100,2024-06-11,103.41,Home & Garden,South,UPI,0,0
5997,2083,2023-12-20,271.35,Travel,East,Wallet,0,0
5998,1508,2024-09-14,778.95,Sports,Central,UPI,25,0
5999,1258,2025-10-21,143.17,Software,West,Wallet,20,0
6000,1413,2025-07-15,305.23,Software,Central,UPI,20,0
6001,2476,2026-03-30,49.28,Software,South,UPI,25,0
6002,2089,2023-06-10,30.34,Electronics,South,Debit Card,0,0
6003,1595,2025-05-20,268.01,Food & Beverage,South,Net Banking,15,0
6004,2178,2026-02-25,261.92,Food & Beverage,Central,UPI,10,1
6005,1266,2026-03-20,234.03,Travel,South,Net Banking,30,0
6006,1821,2024-03-19,104.66,Health,Central,Wallet,15,0
6007,2103,2024-04-07,35.32,Health,North,Debit Card,15,0
6008,2339,2025-11-19,50.57,Apparel,North,Debit Card,15,1
6009,1662,2024-04-17,359.99,Sports,North,Credit Card,10,1
6010,1947,2024-07-10,44.3,Electronics,East,Net Banking,10,0
6011,1560,2023-03-21,112.56,Health,North,Debit Card,30,0
6012,1917,2025-11-28,35.69,Sports,North,Wallet,25,0
6013,1891,2023-08-28,71.56,Software,Central,Credit Card,5,0
6014,2272,2024-07-10,24.61,Food & Beverage,Central,Debit Card,0,0
6015,2814,2024-08-12,82.31,Food & Beverage,South,Wallet,5,0
6016,1868,2026-02-13,50.75,Software,South,Net Banking,15,0
6017,1610,2023-09-26,11.61,Travel,South,Wallet,5,0
6018,1414,2023-12-01,197.51,Food & Beverage,Central,Wallet,5,0
6019,1025,2023-11-08,187.01,Food & Beverage,Central,Wallet,0,0
6020,1284,2025-12-12,96.29,Food & Beverage,North,UPI,5,0
6021,2473,2025-12-27,23.36,Sports,West,Debit Card,30,1
6022,1881,2024-11-24,23.75,Books,Central,Wallet,0,0
6023,1301,2023-02-03,1475.41,Home & Garden,West,Credit Card,30,0
6024,2092,2024-01-21,3.87,Software,Central,UPI,0,0
6025,2031,2023-09-06,24.32,Apparel,Central,Wallet,0,0
6026,1817,2026-02-08,1187.38,Health,East,Wallet,0,0
6027,2161,2026-01-22,1728.74,Electronics,West,Debit Card,15,0
6028,2188,2026-04-17,691.57,Health,East,UPI,0,1
6029,1083,2025-12-06,170.41,Apparel,North,Wallet,15,0
6030,2921,2025-03-04,41.94,Books,East,Wallet,10,0
6031,2674,2025-05-01,11.95,Electronics,East,Net Banking,15,0
6032,2444,2025-05-23,146.55,Books,North,Credit Card,15,0
6033,2097,2024-01-11,36.03,Sports,West,Credit Card,0,0
6034,2261,2024-12-24,513.86,Electronics,South,Debit Card,0,0
6035,1046,2023-07-21,9.74,Electronics,Central,UPI,0,0
6036,1618,2024-03-20,114.49,Health,West,Wallet,0,1
6037,1928,2023-10-24,274.37,Home & Garden,North,UPI,0,0
6038,2824,2024-05-07,303.44,Software,East,Debit Card,5,0
6039,1262,2023-12-04,244.78,Software,South,Net Banking,0,0
6040,1176,2025-07-11,135.44,Software,East,Debit Card,0,1
6041,2190,2025-12-25,104.93,Electronics,Central,Credit Card,25,0
6042,1657,2025-03-02,267.62,Sports,North,Net Banking,15,0
6043,1842,2025-08-19,135.47,Electronics,South,Wallet,10,0
6044,1370,2023-11-13,140.81,Electronics,West,Debit Card,10,0
6045,2819,2025-07-30,93.81,Software,West,UPI,10,0
6046,1054,2024-09-17,56.71,Books,North,UPI,5,0
6047,1690,2023-03-16,17.82,Electronics,North,Credit Card,20,0
6048,2443,2025-07-27,21.91,Home & Garden,East,Credit Card,0,0
6049,2780,2023-02-28,56.84,Health,South,Credit Card,0,0
6050,2531,2024-01-21,77.9,Apparel,Central,Credit Card,0,0
6051,2365,2023-01-15,28.18,Sports,North,Wallet,0,0
6052,2151,2026-06-08,25.77,Apparel,South,Net Banking,0,0
6053,2433,2023-07-18,58.12,Software,North,Credit Card,0,0
6054,2948,2023-02-04,265.73,Software,North,Debit Card,10,0
6055,1367,2023-06-11,7.07,Health,West,Wallet,0,0
6056,2295,2025-09-08,29.2,Health,South,Net Banking,0,0
6057,1644,2025-03-09,109.28,Apparel,West,Wallet,5,0
6058,2629,2025-06-13,421.59,Travel,West,UPI,0,0
6059,1379,2024-04-15,1203.51,Electronics,South,Wallet,20,0
6060,1073,2024-06-14,59.7,Travel,West,Wallet,10,0
6061,2947,2025-03-02,58.67,Books,East,UPI,0,0
6062,2946,2025-05-01,76.31,Sports,Central,UPI,0,0
6063,1915,2023-12-14,118.22,Apparel,Central,UPI,10,0
6064,2272,2024-11-24,85.3,Home & Garden,East,Wallet,0,0
6065,1860,2025-07-23,103.53,Apparel,North,UPI,0,0
6066,2809,2025-07-01,18.11,Sports,West,Credit Card,0,0
6067,1043,2023-05-27,12.25,Home & Garden,Central,Debit Card,5,0
6068,1377,2024-11-05,212.38,Books,South,Debit Card,0,0
6069,2065,2024-11-17,71.43,Health,North,UPI,0,0
6070,1170,2025-08-17,244.74,Software,Central,Net Banking,30,0
6071,2970,2024-11-16,117.75,Books,West,Wallet,25,0
6072,1212,2026-01-31,16.12,Travel,Central,Debit Card,5,0
6073,2517,2023-05-01,580.49,Apparel,West,Credit Card,15,0
6074,2704,2024-02-23,93.47,Food & Beverage,North,Net Banking,10,0
6075,1039,2023-12-16,36.72,Travel,East,Net Banking,0,0
6076,1369,2023-02-11,47.42,Software,West,Credit Card,5,0
6077,1757,2023-01-29,21.04,Sports,West,Wallet,0,0
6078,1151,2025-08-23,134.19,Sports,North,Wallet,10,0
6079,2135,2025-02-23,78.77,Health,North,UPI,0,0
6080,2504,2023-01-14,1014.69,Sports,South,Credit Card,0,1
6081,2460,2025-07-08,167.99,Books,North,Credit Card,15,0
6082,2071,2025-03-28,943.55,Apparel,Central,Credit Card,20,1
6083,2024,2025-04-04,28.4,Apparel,West,UPI,25,0
6084,2599,2026-04-27,60.52,Books,East,Debit Card,20,0
6085,1737,2025-05-21,261.95,Apparel,North,Wallet,25,0
6086,2390,2023-10-22,182.49,Food & Beverage,West,UPI,0,0
6087,1069,2026-04-21,88.34,Food & Beverage,East,UPI,10,0
6088,1299,2025-05-13,24.74,Travel,South,UPI,15,0
6089,1944,2024-07-01,6.59,Electronics,Central,Credit Card,0,0
6090,1802,2025-11-26,69.14,Health,South,UPI,30,0
6091,1296,2025-10-04,72.77,Health,North,Debit Card,0,0
6092,1203,2025-11-03,104.97,Software,Central,Net Banking,10,0
6093,1061,2024-09-26,15.88,Sports,South,UPI,20,0
6094,1946,2024-08-17,31.34,Health,West,Debit Card,0,0
6095,1963,2026-03-28,144.06,Food & Beverage,North,Credit Card,10,0
6096,2854,2024-09-05,181.64,Sports,South,Net Banking,15,0
6097,2338,2026-01-11,114.57,Travel,Central,Wallet,10,0
6098,2185,2025-11-11,59.39,Home & Garden,Central,Wallet,5,0
6099,1331,2026-03-01,21.66,Travel,East,Credit Card,25,0
6100,2552,2024-04-09,282.78,Books,Central,Credit Card,10,0
6101,1338,2025-08-12,,Sports,Central,Wallet,0,0
6102,2630,2025-07-18,45.2,Home & Garden,North,Credit Card,20,0
6103,2328,2025-03-09,244.66,Health,Central,Wallet,10,0
6104,2527,2024-01-30,82.86,Health,East,Credit Card,0,0
6105,2674,2026-02-17,39.69,Food & Beverage,Central,Wallet,0,0
6106,2362,2023-09-03,273.71,Home & Garden,East,Debit Card,0,0
6107,2574,2024-07-21,101.51,Software,West,Credit Card,0,0
6108,1639,2023-02-07,53.85,Apparel,East,Wallet,0,0
6109,1275,2023-09-02,19.32,Home & Garden,North,Credit Card,0,0
6110,2188,2023-01-21,21.59,Electronics,South,Wallet,5,0
6111,2467,2026-02-07,248.74,Health,South,Wallet,30,0
6112,1319,2024-01-29,155.01,Apparel,West,Net Banking,25,0
6113,1589,2025-09-13,22.12,Travel,North,Credit Card,15,0
6114,1504,2023-01-08,21.62,Software,West,Debit Card,10,1
6115,2710,2023-11-24,1122.19,Apparel,West,UPI,25,0
6116,1387,2023-10-17,157.2,Food & Beverage,Central,UPI,0,0
6117,2994,2024-05-25,384.31,Electronics,Central,Credit Card,0,0
6118,1870,2025-06-30,539.53,Travel,North,Wallet,10,0
6119,1833,2023-12-27,29.55,Books,South,Wallet,20,0
6120,2015,2024-12-16,728.74,Software,East,Debit Card,10,0
6121,2912,2023-08-07,24.7,Home & Garden,Central,Credit Card,20,0
6122,1603,2024-02-10,215.95,Apparel,North,UPI,0,0
6123,2774,2025-01-22,78.32,Health,North,Debit Card,0,1
6124,2800,2025-07-11,214.47,Health,South,Credit Card,15,0
6125,1691,2025-04-11,69.91,Books,North,Credit Card,0,0
6126,1494,2025-03-04,173.96,Health,North,Credit Card,5,0
6127,1490,2026-05-28,461.41,Food & Beverage,South,Net Banking,15,0
6128,1721,2024-08-17,345.01,Software,Central,Debit Card,0,0
6129,2097,2023-04-17,83.57,Home & Garden,South,Credit Card,0,0
6130,1509,2024-08-03,28.67,Sports,West,Debit Card,0,0
6131,1390,2024-08-31,62.99,Software,Central,UPI,20,0
6132,2643,2023-01-08,153.39,Travel,West,Credit Card,5,0
6133,2881,2025-03-16,196.84,Food & Beverage,North,Wallet,0,0
6134,1295,2023-07-08,325.06,Home & Garden,West,Credit Card,10,0
6135,2393,2023-03-22,37.44,Software,South,Credit Card,0,0
6136,2980,2023-04-18,29.41,Software,South,Debit Card,15,0
6137,1796,2024-11-16,26.48,Food & Beverage,East,Debit Card,10,0
6138,1865,2023-12-12,71.06,Apparel,North,Net Banking,0,0
6139,2718,2023-11-24,116.4,Health,South,Credit Card,5,1
6140,1549,2024-07-08,140.32,Software,Central,UPI,5,0
6141,1649,2023-10-29,16.49,Software,South,Debit Card,0,0
6142,2874,2023-07-19,28.67,Home & Garden,Central,Net Banking,0,0
6143,1568,2025-06-11,38.74,Apparel,North,Wallet,0,0
6144,2211,2025-11-28,741.83,Books,East,Wallet,10,0
6145,1853,2023-11-03,56.98,Health,East,Net Banking,0,0
6146,1770,2025-10-24,15.3,Home & Garden,West,Wallet,0,0
6147,1445,2026-01-05,142.28,Sports,South,Credit Card,30,0
6148,2594,2024-04-12,79.02,Apparel,North,Debit Card,0,0
6149,1363,2023-06-28,21.98,Apparel,West,UPI,10,0
6150,1123,2024-10-06,50.99,Health,North,Wallet,25,0
6151,2212,2023-10-03,59.76,Apparel,North,Credit Card,0,0
6152,1742,2026-03-21,77.65,Electronics,West,Debit Card,30,0
6153,1680,2026-04-02,274.78,Sports,North,Credit Card,5,0
6154,1420,2024-09-12,176.38,Food & Beverage,West,Credit Card,15,0
6155,2650,2024-09-29,104.59,Sports,South,Debit Card,10,1
6156,2276,2025-07-18,293.93,Electronics,West,Wallet,10,0
6157,2643,2023-07-02,55.05,Electronics,South,Wallet,15,0
6158,2573,2023-03-13,37.71,Software,East,Credit Card,0,0
6159,2359,2026-05-27,130.38,Electronics,West,Net Banking,0,0
6160,1092,2024-12-19,118.85,Health,East,Wallet,30,0
6161,2554,2026-04-11,15.32,Health,West,Credit Card,0,0
6162,2890,2024-12-26,540.17,Electronics,North,UPI,0,0
6163,1063,2023-09-26,26.51,Electronics,East,UPI,10,0
6164,2686,2025-11-09,169.93,Food & Beverage,Central,Net Banking,0,0
6165,1512,2024-07-31,,Travel,Central,Credit Card,5,0
6166,2163,2025-09-21,2.22,Health,Central,UPI,15,0
6167,2722,2025-03-25,-88.645,Food & Beverage,East,Wallet,15,0
6168,2209,2023-05-27,642.2,Home & Garden,South,Credit Card,10,0
6169,2229,2026-04-03,38.39,Health,West,Net Banking,5,0
6170,1772,2025-06-08,9.23,Food & Beverage,North,Net Banking,15,0
6171,2238,2023-11-06,78.21,Travel,North,Wallet,0,1
6172,1256,2024-06-01,157.47,Sports,East,UPI,10,0
6173,1135,2023-01-14,81.07,Software,Central,UPI,25,0
6174,2597,2023-05-12,28.78,Electronics,North,Net Banking,10,0
6175,1875,2025-01-24,26.14,Health,North,Debit Card,0,0
6176,1822,2024-03-14,12.85,Software,South,Net Banking,5,0
6177,1088,2025-01-12,9.49,Electronics,North,Net Banking,15,0
6178,2860,2025-01-09,59.64,Home & Garden,North,Credit Card,0,0
6179,1988,2025-03-05,149.73,Health,West,Wallet,15,1
6180,2231,2023-09-20,108.96,Software,North,Credit Card,0,0
6181,2153,2024-10-04,121.64,Electronics,West,Net Banking,10,0
6182,1823,2026-06-02,192.13,Food & Beverage,Central,Credit Card,30,0
6183,2027,2023-09-15,432.62,Apparel,South,UPI,30,0
6184,1974,2026-06-11,93.05,Books,North,Net Banking,10,0
6185,1934,2024-02-13,136.14,Health,South,UPI,5,0
6186,2778,2025-09-01,137.23,Health,South,UPI,0,0
6187,1121,2025-11-13,107.42,Health,South,Wallet,0,0
6188,2409,2023-09-28,92.12,Sports,East,UPI,5,0
6189,2638,2026-01-23,101.53,Food & Beverage,West,Credit Card,15,0
6190,2062,2023-05-22,586.3,Food & Beverage,South,Credit Card,15,0
6191,2365,2025-06-20,502.17,Health,Central,Debit Card,0,0
6192,2008,2025-08-31,11.61,Software,North,Wallet,5,0
6193,1925,2026-01-09,117.02,Food & Beverage,South,Debit Card,10,0
6194,1645,2023-10-01,90.78,Electronics,South,UPI,20,0
6195,1714,2023-10-03,408.38,Travel,North,Net Banking,20,0
6196,1860,2024-04-09,86.23,Apparel,Central,Credit Card,20,0
6197,1021,2026-05-16,121.73,Home & Garden,South,Net Banking,5,1
6198,1242,2025-11-28,41.27,Books,South,Debit Card,0,0
6199,1455,2023-10-15,238.92,Food & Beverage,Central,Debit Card,0,0
6200,1963,2026-02-21,20.23,Health,South,Credit Card,10,0
6201,1621,2025-05-25,62.4,Sports,Central,Debit Card,10,0
6202,1303,2025-05-27,25.4,Home & Garden,South,Net Banking,20,0
6203,2620,2023-06-29,62.73,Software,North,Debit Card,0,0
6204,2619,2026-01-25,46.58,Sports,Central,Net Banking,25,0
6205,1803,2026-04-29,245.74,Software,North,UPI,0,0
6206,1964,2026-01-02,69.22,Software,North,Wallet,0,0
6207,1069,2024-03-22,539.25,Home & Garden,South,Credit Card,0,0
6208,2153,2025-02-23,67.42,Home & Garden,Central,Debit Card,5,0
6209,1196,2024-07-14,24.55,Travel,East,Credit Card,20,0
6210,1140,2024-04-28,67.27,Electronics,North,Debit Card,0,0
6211,2468,2025-04-28,159.52,Food & Beverage,North,UPI,5,0
6212,1283,2024-12-22,681.2,Food & Beverage,North,Net Banking,15,0
6213,1312,2023-04-26,,Software,South,Credit Card,0,0
6214,1746,2024-06-18,658.81,Apparel,South,UPI,0,0
6215,2559,2026-01-26,71.67,Travel,North,UPI,5,0
6216,2689,2024-02-11,52.76,Health,South,Wallet,0,0
6217,1277,2024-11-24,228.33,Apparel,South,UPI,5,0
6218,1061,2026-03-17,496.72,Electronics,South,Wallet,0,0
6219,2343,2024-05-09,175.66,Sports,West,UPI,30,0
6220,2914,2025-08-05,16.48,Apparel,Central,Net Banking,10,0
6221,1052,2023-01-23,134.24,Home & Garden,South,UPI,10,0
6222,2880,2026-02-02,1223.65,Apparel,West,Net Banking,5,0
6223,1153,2024-07-11,5.85,Software,West,Debit Card,20,0
6224,2773,2025-07-29,140.91,Sports,South,UPI,20,0
6225,2335,2026-05-30,63.98,Electronics,West,UPI,0,0
6226,2838,2025-05-04,29.28,Travel,East,Debit Card,15,0
6227,1544,2025-11-04,311.08,Sports,West,Wallet,10,0
6228,1567,2025-06-09,11.19,Travel,Central,Net Banking,15,0
6229,2888,2023-03-19,59.13,Travel,West,Debit Card,25,0
6230,2413,2025-03-17,299.27,Software,South,Debit Card,0,0
6231,2572,2026-06-18,260.91,Health,North,Credit Card,10,0
6232,1622,2025-11-07,184.15,Sports,East,Debit Card,15,0
6233,2201,2025-02-06,110.76,Apparel,West,Wallet,30,0
6234,2386,2024-03-29,77.57,Food & Beverage,East,Wallet,10,0
6235,1314,2025-07-16,51.2,Sports,Central,Wallet,15,0
6236,1807,2023-10-04,28.06,Food & Beverage,West,Net Banking,20,0
6237,1848,2025-11-16,238.87,Travel,West,Net Banking,15,1
6238,1097,2024-05-28,115.95,Home & Garden,East,UPI,25,0
6239,1881,2024-04-08,247.52,Electronics,West,Debit Card,0,0
6240,2237,2025-03-17,35.25,Books,West,Wallet,25,0
6241,1829,2025-04-03,34.34,Home & Garden,North,Debit Card,0,0
6242,1137,2023-12-29,163.36,Food & Beverage,East,UPI,10,0
6243,2030,2025-01-20,5.85,Home & Garden,South,UPI,5,0
6244,2011,2024-06-08,4.33,Electronics,South,Wallet,20,1
6245,1109,2026-04-22,303.62,Software,Central,Debit Card,0,0
6246,1547,2026-05-02,38.53,Books,North,UPI,0,0
6247,2063,2023-02-25,113.48,Apparel,East,Credit Card,15,0
6248,1662,2026-06-07,141.96,Apparel,East,Net Banking,10,0
6249,1425,2024-05-03,311.74,Software,North,Debit Card,20,0
6250,1630,2025-11-17,53.09,Electronics,North,Wallet,15,0
6251,1261,2024-12-22,56.69,Home & Garden,Central,UPI,20,0
6252,2450,2026-04-22,43.01,Health,South,UPI,20,0
6253,1087,2023-02-10,189.68,Electronics,East,UPI,10,0
6254,1465,2025-09-30,200.06,Apparel,North,Net Banking,5,0
6255,1076,2023-09-17,417.33,Food & Beverage,East,Debit Card,0,0
6256,1471,2024-03-16,20.17,Software,South,UPI,0,0
6257,3000,2025-07-14,1313.58,Software,East,Net Banking,15,0
6258,2987,2025-05-05,61.87,Travel,East,Credit Card,0,0
6259,1414,2023-03-25,84.94,Home & Garden,North,Debit Card,15,0
6260,1825,2023-02-15,109.52,Apparel,North,Wallet,5,0
6261,1895,2024-03-15,30.18,Electronics,North,Debit Card,20,0
6262,1726,2025-09-12,54.93,Software,South,UPI,10,0
6263,1457,2023-05-16,519.42,Books,West,Wallet,15,0
6264,2309,2026-04-21,529.23,Home & Garden,South,Debit Card,0,0
6265,2263,2026-04-10,115.14,Books,North,Wallet,0,0
6266,2701,2025-06-27,314.99,Home & Garden,Central,Debit Card,0,0
6267,2623,2025-05-10,147.38,Software,East,Credit Card,0,0
6268,1653,2025-02-26,84.05,Electronics,East,Credit Card,25,0
6269,1672,2024-08-12,36.43,Electronics,East,Credit Card,15,0
6270,2582,2025-08-13,32.02,Home & Garden,East,Debit Card,0,0
6271,2396,2024-11-20,36.26,Food & Beverage,Central,Wallet,25,0
6272,1495,2024-06-22,625.05,Apparel,North,Credit Card,15,0
6273,2648,2026-02-17,256.69,Electronics,West,Net Banking,10,0
6274,2943,2024-12-08,507.34,Travel,East,Net Banking,5,0
6275,2069,2023-10-22,145.42,Software,West,Credit Card,10,0
6276,2425,2023-02-22,31.29,Electronics,South,Credit Card,10,0
6277,2271,2025-03-16,185.67,Home & Garden,South,UPI,15,0
6278,2640,2023-02-21,413.1,Books,East,Net Banking,0,0
6279,1597,2024-12-28,193.97,Health,North,Net Banking,20,0
6280,1450,2023-03-13,18.54,Sports,Central,Credit Card,10,0
6281,1485,2023-01-28,15.35,Food & Beverage,East,UPI,20,0
6282,1646,2024-04-13,193.19,Electronics,South,Wallet,0,0
6283,1620,2025-02-02,61.87,Sports,South,UPI,0,0
6284,2042,2025-06-04,130.96,Travel,West,UPI,25,0
6285,2630,2025-06-30,37.78,Books,Central,Net Banking,10,0
6286,1662,2024-06-30,104.8,Travel,East,Credit Card,0,0
6287,1758,2023-07-20,24.04,Electronics,North,Credit Card,0,0
6288,1289,2025-03-30,121.09,Software,West,Credit Card,5,0
6289,2438,2024-07-13,215.73,Sports,Central,UPI,20,1
6290,1721,2024-01-14,230.56,Software,West,UPI,0,0
6291,1638,2026-04-15,18.76,Travel,North,Debit Card,20,0
6292,1235,2025-12-11,158.02,Travel,South,Wallet,0,0
6293,1416,2023-03-20,44.47,Apparel,East,Debit Card,0,0
6294,1938,2025-04-13,562.5,Home & Garden,East,Wallet,10,0
6295,1499,2025-10-28,283.53,Software,North,Debit Card,20,0
6296,1974,2026-05-22,92.85,Home & Garden,East,Debit Card,15,0
6297,1634,2023-01-25,1234.51,Travel,East,Debit Card,5,0
6298,2674,2024-03-25,37.59,Books,West,Debit Card,10,0
6299,2020,2025-02-06,84.07,Health,North,UPI,0,0
6300,1115,2025-01-24,172.36,Sports,West,Wallet,10,0
6301,1932,2023-07-17,1034.2,Travel,East,Debit Card,0,0
6302,1674,2026-01-22,521.3,Sports,Central,Debit Card,25,0
6303,2737,2024-03-12,235.59,Books,Central,Credit Card,10,0
6304,2258,2024-11-20,31.41,Electronics,West,UPI,10,1
6305,2564,2024-08-09,31.35,Travel,South,Net Banking,0,0
6306,2035,2023-04-14,207.36,Health,South,Credit Card,5,0
6307,1206,2024-09-18,20.03,Books,North,Net Banking,15,0
6308,2703,2025-11-28,132.22,Food & Beverage,Central,Debit Card,0,0
6309,1247,2024-04-02,236.29,Electronics,Central,Wallet,0,0
6310,2583,2023-12-30,15.28,Travel,West,Net Banking,0,0
6311,1758,2023-05-15,195.87,Software,East,Net Banking,15,0
6312,2151,2024-01-09,263.77,Books,North,Net Banking,20,0
6313,1147,2026-06-09,58.21,Health,West,Wallet,5,0
6314,1118,2023-02-08,74.59,Sports,South,Credit Card,15,0
6315,2935,2025-03-29,10.54,Food & Beverage,East,UPI,0,0
6316,2406,2023-02-16,78.92,Apparel,North,Wallet,5,0
6317,1412,2023-02-05,14.43,Sports,East,Credit Card,0,0
6318,2688,2023-04-05,39.33,Books,South,Debit Card,15,0
6319,2608,2025-09-11,55.55,Software,West,Credit Card,15,0
6320,1363,2026-03-15,22.49,Software,West,Net Banking,0,0
6321,2533,2024-01-03,20.16,Travel,Central,Credit Card,0,0
6322,1137,2023-03-06,21.38,Sports,West,Credit Card,5,0
6323,2199,2026-06-05,389.5,Food & Beverage,Central,Debit Card,15,0
6324,2313,2025-01-23,82.76,Health,West,Debit Card,20,0
6325,1958,2025-03-26,411.42,Electronics,North,Credit Card,15,0
6326,2505,2025-01-25,55.38,Electronics,South,Wallet,0,0
6327,1019,2023-06-30,56.82,Sports,East,Debit Card,0,0
6328,1195,2024-08-19,54.15,Home & Garden,South,Net Banking,0,0
6329,1330,2026-03-24,2.51,Sports,South,Wallet,10,0
6330,2960,2025-02-25,165.32,Software,Central,Credit Card,10,0
6331,1175,2024-09-18,79.18,Apparel,Central,Net Banking,0,0
6332,2002,2026-01-27,95.74,Sports,North,Net Banking,15,0
6333,1449,2024-09-07,7.32,Health,East,Wallet,0,0
6334,2949,2023-04-22,86.98,Apparel,West,Credit Card,20,0
6335,1946,2024-03-28,53.18,Travel,West,Net Banking,20,0
6336,2378,2025-01-25,104.66,Sports,South,Debit Card,15,0
6337,2523,2026-04-07,82.18,Software,North,Debit Card,5,0
6338,1141,2024-08-06,50.28,Electronics,East,Wallet,0,0
6339,1758,2023-05-19,176.93,Health,West,Debit Card,5,0
6340,2921,2023-08-19,307.86,Electronics,South,UPI,5,0
6341,1930,2026-06-16,55.18,Software,North,Credit Card,0,0
6342,1093,2025-09-10,15.83,Electronics,East,Net Banking,25,1
6343,2968,2023-09-10,17.13,Home & Garden,South,Net Banking,5,1
6344,1239,2024-07-14,149.51,Health,South,Wallet,0,0
6345,1205,2023-03-13,426.23,Electronics,North,Wallet,30,0
6346,1560,2023-08-10,10.21,Books,North,Net Banking,5,0
6347,2457,2026-01-05,26.54,Food & Beverage,North,Debit Card,25,0
6348,1245,2023-03-03,60.4,Home & Garden,North,Wallet,0,0
6349,1832,2026-03-26,7.78,Food & Beverage,East,UPI,0,0
6350,2341,2025-03-16,80.16,Sports,North,Wallet,15,0
6351,1925,2023-05-05,,Food & Beverage,North,Debit Card,5,0
6352,1295,2025-01-10,160.09,Food & Beverage,North,Credit Card,20,0
6353,1640,2023-06-10,55.72,Sports,East,UPI,5,0
6354,1856,2024-06-24,58.69,Electronics,West,Wallet,0,0
6355,2306,2024-09-17,26.43,Home & Garden,South,Credit Card,30,0
6356,1017,2023-04-16,10.75,Health,Central,Credit Card,20,0
6357,1071,2026-02-28,71.88,Apparel,South,Net Banking,0,0
6358,2293,2025-02-14,146.94,Sports,East,Debit Card,5,0
6359,2349,2023-01-02,91.76,Food & Beverage,North,Net Banking,0,0
6360,2818,2023-08-21,340.64,Books,East,Debit Card,0,0
6361,1305,2024-01-04,136.25,Food & Beverage,West,Credit Card,20,0
6362,2475,2026-06-28,198.62,Books,Central,Wallet,25,0
6363,2031,2025-08-03,110.08,Software,West,Debit Card,15,0
6364,2338,2026-02-05,837.98,Apparel,North,Debit Card,30,0
6365,1817,2023-06-29,50.01,Sports,East,Credit Card,0,0
6366,2127,2023-10-20,203.27,Electronics,East,UPI,0,0
6367,1821,2024-08-06,121.19,Health,North,Credit Card,0,0
6368,1193,2025-03-05,218.25,Electronics,North,Credit Card,15,0
6369,2777,2023-06-24,134.32,Food & Beverage,Central,Debit Card,20,0
6370,2598,2023-05-03,85.55,Software,West,Credit Card,5,0
6371,1529,2023-08-15,141.72,Apparel,North,Net Banking,20,0
6372,1171,2024-03-19,-88.645,Electronics,North,Credit Card,20,0
6373,2561,2024-03-03,192.55,Home & Garden,West,Wallet,0,0
6374,1251,2026-01-11,521.1,Food & Beverage,North,Credit Card,0,0
6375,2789,2025-02-03,113.57,Health,Central,Credit Card,0,0
6376,2411,2024-09-23,24.12,Travel,Central,Wallet,10,0
6377,2231,2023-03-06,109.67,Sports,West,UPI,0,0
6378,1541,2024-03-03,52.78,Travel,South,UPI,10,0
6379,2653,2024-09-09,51.07,Health,Central,UPI,20,0
6380,1416,2025-07-13,61.21,Travel,East,Net Banking,5,0
6381,1794,2025-03-22,30.47,Books,East,Wallet,30,0
6382,2404,2023-04-17,5.06,Health,South,Net Banking,5,0
6383,2168,2024-10-20,528.61,Sports,Central,Net Banking,0,0
6384,1025,2026-03-28,50.09,Electronics,North,Net Banking,5,0
6385,2846,2023-09-22,,Home & Garden,South,Wallet,0,0
6386,1668,2026-05-10,111.56,Software,North,Debit Card,0,0
6387,2097,2023-06-04,188.44,Sports,East,Debit Card,0,0
6388,1632,2025-11-02,72.7,Books,South,UPI,15,0
6389,2848,2025-06-14,19.18,Home & Garden,Central,Net Banking,25,0
6390,2857,2025-09-19,16.47,Food & Beverage,East,UPI,5,0
6391,2117,2023-09-02,,Sports,Central,Net Banking,0,0
6392,1505,2024-01-21,16.57,Books,North,UPI,15,0
6393,2622,2025-01-28,12.75,Health,Central,Credit Card,20,1
6394,1336,2024-02-18,62.15,Health,South,Wallet,0,0
6395,1425,2024-12-15,241.34,Software,North,Net Banking,0,0
6396,1499,2025-01-28,658.65,Apparel,South,Net Banking,0,0
6397,2388,2025-01-16,69.69,Sports,North,Net Banking,25,0
6398,1947,2024-08-15,68.54,Travel,South,Wallet,5,0
6399,1630,2025-04-18,19.28,Sports,East,Credit Card,10,0
6400,2769,2023-01-16,332.25,Home & Garden,South,Debit Card,0,0
6401,2223,2025-09-19,82.79,Food & Beverage,East,Wallet,0,0
6402,1718,2025-12-04,86.1,Home & Garden,West,Credit Card,0,0
6403,2437,2024-10-12,151.43,Apparel,Central,UPI,0,0
6404,1339,2023-05-28,129.31,Software,North,Net Banking,0,0
6405,1659,2023-12-21,76.07,Home & Garden,Central,Net Banking,5,0
6406,1962,2026-06-13,439.3,Electronics,East,Debit Card,10,0
6407,2961,2024-12-03,13.14,Software,East,UPI,0,0
6408,1429,2024-09-04,116.0,Books,East,Credit Card,5,0
6409,2807,2023-04-15,146.73,Health,South,UPI,15,0
6410,1899,2024-01-31,54.88,Apparel,Central,UPI,0,0
6411,1139,2024-08-28,188.62,Electronics,East,Debit Card,0,0
6412,2717,2026-05-28,199.48,Food & Beverage,West,Credit Card,0,0
6413,1942,2025-04-30,340.96,Books,East,Debit Card,25,0
6414,1542,2024-03-17,78.74,Food & Beverage,Central,Credit Card,0,0
6415,1057,2025-05-22,69.37,Apparel,East,Wallet,0,0
6416,2256,2024-10-28,171.92,Health,East,Wallet,0,0
6417,1658,2025-11-17,71.02,Electronics,North,Net Banking,0,0
6418,1435,2025-03-04,14.5,Travel,East,Debit Card,10,0
6419,1384,2024-04-19,253.38,Health,Central,Wallet,25,0
6420,1560,2024-09-19,9.96,Health,North,UPI,15,0
6421,1194,2024-05-16,145.77,Food & Beverage,North,UPI,0,0
6422,2760,2023-12-14,1893.52,Books,East,Wallet,10,0
6423,2672,2026-06-17,170.69,Software,East,Debit Card,10,0
6424,1534,2025-10-14,39.14,Home & Garden,West,Net Banking,0,0
6425,1518,2024-07-23,52.37,Software,Central,UPI,5,0
6426,1716,2024-11-25,140.44,Books,Central,Net Banking,0,0
6427,1751,2023-01-26,87.74,Travel,South,UPI,0,0
6428,1185,2026-01-05,223.07,Home & Garden,South,Credit Card,0,0
6429,2896,2023-08-05,512.91,Health,Central,Wallet,0,0
6430,1292,2025-04-16,435.85,Sports,East,Debit Card,20,0
6431,2359,2025-02-12,22.49,Books,North,UPI,0,0
6432,1732,2025-11-12,91.76,Sports,West,Wallet,5,0
6433,1116,2024-10-31,162.61,Software,East,Net Banking,0,0
6434,1825,2024-12-18,555.76,Health,North,Debit Card,0,0
6435,2073,2023-11-06,138.52,Food & Beverage,Central,Debit Card,0,0
6436,1685,2024-08-21,39.63,Food & Beverage,East,Wallet,0,0
6437,1082,2023-09-24,151.72,Health,West,Wallet,15,0
6438,1834,2024-10-07,798.83,Books,South,Wallet,25,0
6439,1333,2025-10-19,66.49,Home & Garden,North,Credit Card,5,0
6440,1557,2024-03-25,38.8,Home & Garden,East,Credit Card,20,0
6441,1335,2024-07-18,86.58,Health,West,Debit Card,5,0
6442,1532,2026-06-24,41.22,Electronics,East,Wallet,5,0
6443,2984,2025-11-25,242.84,Sports,Central,Credit Card,5,0
6444,1221,2023-01-28,41.58,Travel,North,Debit Card,20,0
6445,1635,2023-08-08,424.55,Sports,Central,UPI,25,0
6446,2770,2024-02-10,163.1,Electronics,Central,Wallet,15,0
6447,2757,2023-09-28,207.76,Books,South,Credit Card,20,0
6448,1323,2025-03-02,205.86,Electronics,Central,Debit Card,10,0
6449,2875,2025-08-20,250.2,Software,West,Wallet,20,0
6450,1003,2025-04-13,62.1,Travel,North,Debit Card,10,0
6451,2718,2023-11-13,27.84,Health,South,UPI,15,0
6452,1206,2023-12-04,50.84,Books,East,Debit Card,15,0
6453,2856,2023-12-17,273.59,Sports,Central,Debit Card,15,0
6454,1040,2024-05-25,10.81,Health,East,UPI,0,1
6455,1059,2024-06-08,8.17,Home & Garden,South,Net Banking,0,0
6456,1951,2024-05-06,117.86,Travel,East,Wallet,10,0
6457,1574,2023-01-09,247.92,Books,West,UPI,5,1
6458,1644,2024-07-14,291.78,Books,South,UPI,15,0
6459,2531,2024-03-15,28.76,Electronics,North,Wallet,0,0
6460,2596,2025-03-02,21.86,Travel,North,Debit Card,25,0
6461,2908,2026-02-05,39.51,Health,North,Credit Card,15,0
6462,1843,2026-06-22,56.18,Electronics,North,Wallet,0,0
6463,2146,2023-02-02,60.2,Sports,South,UPI,10,0
6464,2503,2025-11-12,104.11,Sports,South,Debit Card,0,0
6465,1619,2025-04-24,486.26,Software,South,Net Banking,0,0
6466,1096,2024-07-19,83.69,Apparel,Central,Debit Card,25,0
6467,2883,2023-02-18,277.32,Sports,South,Credit Card,20,0
6468,2438,2024-04-06,197.47,Home & Garden,South,Debit Card,0,0
6469,2259,2024-08-12,38.39,Books,South,Credit Card,0,0
6470,1898,2023-12-02,194.75,Health,North,Net Banking,15,0
6471,2086,2026-02-19,179.34,Books,West,Net Banking,20,0
6472,2280,2023-12-25,89.96,Books,North,Debit Card,15,0
6473,1561,2023-12-12,110.9,Sports,West,Wallet,5,0
6474,1905,2023-07-12,83.98,Software,West,Wallet,30,0
6475,1348,2025-01-25,24.28,Food & Beverage,West,Wallet,15,0
6476,1671,2026-03-15,1538.88,Food & Beverage,North,Net Banking,5,0
6477,2148,2024-04-22,319.45,Food & Beverage,Central,Credit Card,10,0
6478,2506,2025-04-07,169.47,Food & Beverage,East,UPI,0,1
6479,1317,2025-06-08,55.35,Electronics,Central,Debit Card,30,0
6480,2528,2024-10-14,80.63,Food & Beverage,North,Credit Card,0,0
6481,1719,2024-02-12,22.07,Sports,West,UPI,10,0
6482,2072,2023-10-13,158.21,Apparel,East,Net Banking,10,0
6483,2433,2025-04-30,134.75,Food & Beverage,Central,UPI,0,0
6484,2956,2023-04-21,70.26,Electronics,South,Net Banking,0,0
6485,2160,2024-09-11,93.31,Electronics,Central,Net Banking,10,0
6486,2225,2025-03-03,62.91,Books,North,Credit Card,25,0
6487,1250,2023-02-19,49.75,Food & Beverage,East,Wallet,15,0
6488,1314,2025-11-03,35.46,Apparel,South,Wallet,10,0
6489,2893,2026-03-03,26.44,Travel,East,Credit Card,0,1
6490,2392,2024-08-10,38.77,Sports,East,Debit Card,25,0
6491,2453,2024-08-18,42.51,Sports,Central,Net Banking,5,0
6492,2854,2024-10-31,332.63,Books,West,Debit Card,0,0
6493,1807,2023-11-10,42.85,Sports,Central,Net Banking,0,0
6494,2504,2024-08-28,7.84,Books,South,Net Banking,30,0
6495,2338,2023-10-24,127.74,Home & Garden,North,Wallet,15,0
6496,2524,2024-07-22,190.25,Travel,Central,Wallet,0,0
6497,2745,2026-04-02,287.87,Food & Beverage,West,Net Banking,0,0
6498,2379,2025-04-11,109.88,Travel,West,Wallet,30,0
6499,1485,2024-09-01,22.92,Books,Central,Wallet,0,0
6500,2235,2023-01-16,34.51,Health,South,UPI,5,0
6501,2728,2026-01-06,184.97,Health,West,UPI,10,0
6502,1044,2023-03-13,518.45,Food & Beverage,West,Net Banking,0,0
6503,2565,2023-09-27,22.84,Sports,South,Wallet,0,0
6504,1571,2023-10-14,116.08,Food & Beverage,South,UPI,25,0
6505,1583,2023-03-07,46.25,Software,South,Debit Card,15,0
6506,2116,2025-05-29,33.49,Sports,South,Net Banking,0,0
6507,2289,2023-03-09,93.88,Food & Beverage,Central,Net Banking,15,0
6508,1895,2026-05-01,,Food & Beverage,Central,Debit Card,20,0
6509,1220,2025-12-14,7.93,Home & Garden,East,Net Banking,0,0
6510,2926,2025-09-06,114.65,Sports,East,Wallet,10,0
6511,1925,2025-08-31,133.45,Home & Garden,East,UPI,0,0
6512,2466,2026-04-06,220.7,Home & Garden,West,Credit Card,5,0
6513,1401,2024-05-22,45.27,Sports,South,UPI,5,0
6514,2424,2025-04-16,13.39,Sports,Central,Debit Card,5,0
6515,1727,2026-01-30,54.29,Food & Beverage,Central,Credit Card,5,1
6516,1991,2025-06-04,210.0,Sports,South,Wallet,0,0
6517,1899,2025-03-04,82.18,Food & Beverage,East,Wallet,0,0
6518,2813,2024-02-26,249.43,Apparel,West,UPI,10,0
6519,2600,2025-02-13,18.9,Sports,Central,Net Banking,25,0
6520,1858,2024-04-22,238.54,Apparel,North,Net Banking,15,0
6521,1804,2025-07-14,121.37,Travel,West,Debit Card,0,0
6522,1490,2023-04-30,58.8,Software,West,Net Banking,0,0
6523,2509,2024-05-02,325.19,Health,East,Wallet,0,0
6524,2781,2026-03-30,120.06,Food & Beverage,South,Credit Card,15,0
6525,2494,2023-03-19,27.63,Travel,North,UPI,30,0
6526,2598,2025-11-27,292.44,Sports,East,UPI,0,0
6527,1938,2024-03-16,67.35,Apparel,South,UPI,0,0
6528,1844,2024-04-06,94.1,Sports,North,Net Banking,25,0
6529,2706,2024-09-03,31.95,Books,Central,Credit Card,15,0
6530,2469,2025-07-05,84.6,Software,North,Net Banking,20,0
6531,2293,2026-01-20,28.93,Books,East,Net Banking,0,0
6532,1267,2024-08-31,73.21,Software,North,Wallet,10,0
6533,1054,2023-01-06,93.39,Software,North,Wallet,0,0
6534,1528,2024-11-11,186.22,Travel,North,Net Banking,0,0
6535,2544,2025-06-13,16.64,Books,Central,Debit Card,0,0
6536,1616,2023-09-28,299.94,Apparel,South,Debit Card,25,0
6537,2083,2025-03-21,311.43,Books,North,Debit Card,0,0
6538,2849,2024-07-12,71.75,Electronics,West,Net Banking,10,1
6539,2064,2023-04-09,105.1,Travel,East,Credit Card,30,0
6540,2261,2024-06-09,130.04,Apparel,West,Debit Card,0,0
6541,1955,2023-07-13,99.49,Health,South,Wallet,20,0
6542,1386,2026-03-26,185.7,Apparel,East,UPI,10,1
6543,2630,2026-02-12,56.56,Books,South,UPI,0,0
6544,1734,2024-01-31,36.16,Health,East,Net Banking,0,0
6545,1716,2025-02-08,150.48,Food & Beverage,West,UPI,0,0
6546,1650,2025-10-20,14.43,Books,West,Net Banking,0,0
6547,1300,2025-05-29,189.21,Food & Beverage,Central,UPI,5,0
6548,1395,2026-05-22,214.24,Apparel,South,Credit Card,15,0
6549,2231,2025-01-14,35.21,Electronics,West,Credit Card,0,0
6550,2360,2024-11-13,495.96,Electronics,East,Credit Card,10,0
6551,1593,2023-01-15,59.06,Travel,North,Credit Card,15,0
6552,2754,2024-01-03,53.27,Home & Garden,North,Debit Card,10,0
6553,1514,2024-09-29,41.09,Home & Garden,North,Wallet,10,1
6554,2202,2025-05-02,154.12,Software,Central,Credit Card,10,1
6555,1396,2026-05-21,56.28,Food & Beverage,West,Debit Card,15,0
6556,1371,2024-11-30,16.05,Sports,South,Net Banking,0,0
6557,1858,2023-01-05,135.63,Sports,South,UPI,5,0
6558,1791,2023-08-19,63.46,Health,Central,UPI,30,0
6559,1658,2026-05-09,331.33,Food & Beverage,East,Debit Card,10,0
6560,2342,2026-03-18,130.39,Apparel,West,UPI,5,0
6561,1736,2025-10-08,123.89,Software,West,Credit Card,10,0
6562,2393,2026-06-03,,Apparel,East,UPI,0,0
6563,1384,2024-08-08,109.07,Travel,East,Credit Card,10,1
6564,1062,2023-06-18,230.13,Sports,West,Credit Card,20,0
6565,2830,2025-01-30,41.27,Electronics,West,UPI,5,0
6566,1505,2025-03-02,648.88,Electronics,North,Debit Card,0,0
6567,1239,2025-09-26,125.28,Software,South,Net Banking,5,0
6568,1195,2023-06-01,21.28,Sports,North,Debit Card,0,1
6569,1678,2025-10-12,106.21,Electronics,North,Wallet,0,0
6570,2987,2023-08-12,112.62,Home & Garden,South,Wallet,0,0
6571,2246,2024-05-18,104.56,Home & Garden,Central,Credit Card,0,0
6572,1061,2023-02-13,5.7,Health,Central,Credit Card,20,0
6573,2153,2024-11-27,46.63,Food & Beverage,Central,Debit Card,15,0
6574,1990,2024-05-18,17.13,Travel,Central,Debit Card,5,0
6575,1685,2026-06-18,17.43,Health,East,Credit Card,15,1
6576,1156,2025-07-18,109.91,Electronics,North,Net Banking,30,1
6577,2941,2025-04-22,45.92,Home & Garden,East,Net Banking,5,0
6578,2402,2023-12-17,58.18,Software,East,Wallet,30,0
6579,2646,2023-01-23,30.76,Sports,South,Net Banking,0,0
6580,2805,2024-08-20,471.15,Home & Garden,Central,UPI,30,0
6581,1923,2025-12-02,94.43,Books,West,Credit Card,20,0
6582,1868,2024-04-10,14.47,Travel,Central,Debit Card,0,0
6583,1903,2023-02-09,194.97,Electronics,North,Credit Card,0,0
6584,2814,2023-10-30,59.68,Apparel,East,UPI,15,0
6585,2610,2023-06-24,377.05,Health,North,Net Banking,0,0
6586,1999,2025-09-25,89.14,Electronics,East,Credit Card,10,0
6587,2461,2024-09-12,39.05,Books,East,UPI,5,0
6588,1975,2026-05-01,46.97,Travel,East,Net Banking,0,0
6589,2231,2023-09-01,55.54,Food & Beverage,West,Wallet,0,0
6590,1388,2025-04-15,162.02,Home & Garden,Central,Wallet,5,0
6591,2504,2023-10-07,35.09,Health,East,Wallet,0,0
6592,2815,2025-11-25,400.38,Home & Garden,South,UPI,0,0
6593,1887,2024-07-10,140.09,Books,East,UPI,15,0
6594,1838,2025-06-16,117.83,Health,Central,Debit Card,10,0
6595,2364,2026-03-23,98.26,Apparel,Central,Debit Card,5,0
6596,2893,2025-11-12,87.87,Sports,West,Wallet,0,0
6597,1340,2024-12-19,19.62,Apparel,East,Credit Card,10,0
6598,1204,2025-07-20,127.87,Health,South,Net Banking,10,1
6599,1161,2023-04-01,907.67,Home & Garden,West,Debit Card,5,0
6600,2564,2024-01-25,206.48,Software,West,Net Banking,0,0
6601,1392,2024-07-03,152.34,Food & Beverage,East,Credit Card,20,0
6602,1769,2025-07-19,14.27,Electronics,East,Wallet,15,0
6603,2701,2026-06-05,331.41,Travel,West,Net Banking,0,0
6604,1575,2026-05-10,235.8,Health,West,Wallet,10,0
6605,1534,2025-11-27,365.37,Electronics,West,Net Banking,0,0
6606,2094,2025-01-02,30.43,Home & Garden,North,Credit Card,0,1
6607,1893,2024-05-14,55.71,Home & Garden,West,Debit Card,20,0
6608,1405,2025-12-02,15.14,Home & Garden,Central,UPI,20,0
6609,1608,2025-05-20,13.68,Health,South,Wallet,10,0
6610,2699,2024-05-31,45.05,Food & Beverage,South,Debit Card,20,0
6611,2615,2023-03-09,157.8,Apparel,East,Net Banking,15,0
6612,2541,2023-05-03,54.61,Books,West,Debit Card,20,0
6613,1828,2023-12-02,40.33,Food & Beverage,South,UPI,20,0
6614,2144,2026-03-22,135.28,Apparel,South,Wallet,20,0
6615,2838,2025-08-31,1.84,Electronics,Central,Wallet,20,0
6616,1690,2025-02-17,46.95,Sports,Central,Debit Card,5,0
6617,2712,2026-03-31,,Sports,North,Credit Card,15,0
6618,1902,2026-05-22,55.47,Sports,North,Net Banking,0,0
6619,2241,2024-02-27,427.97,Electronics,South,Debit Card,20,0
6620,1056,2025-07-27,40.71,Home & Garden,East,Credit Card,20,0
6621,1366,2025-03-14,44.23,Health,South,Wallet,0,0
6622,2723,2024-09-25,27.57,Sports,East,Net Banking,0,0
6623,2528,2026-06-07,36.26,Apparel,South,Wallet,0,1
6624,2768,2025-12-18,125.51,Travel,Central,UPI,0,0
6625,2791,2023-04-06,237.4,Electronics,West,Credit Card,5,0
6626,2949,2023-12-20,1195.0,Software,South,UPI,10,0
6627,1455,2026-03-05,179.99,Books,North,UPI,0,1
6628,1104,2025-08-24,21.9,Apparel,East,UPI,0,0
6629,1077,2025-07-11,399.41,Sports,East,Credit Card,0,0
6630,1230,2024-04-17,161.51,Home & Garden,South,Net Banking,0,0
6631,2938,2024-03-05,93.17,Health,East,Wallet,5,0
6632,2282,2025-09-01,324.01,Food & Beverage,North,Net Banking,0,0
6633,2288,2024-06-20,1543.09,Software,Central,Net Banking,10,1
6634,1331,2026-03-15,71.75,Sports,West,Net Banking,0,0
6635,2206,2023-03-28,33.13,Home & Garden,West,Wallet,15,0
6636,1893,2023-04-19,442.71,Health,East,Wallet,20,0
6637,2792,2025-09-20,2181.08,Food & Beverage,South,Credit Card,10,0
6638,2574,2025-04-01,107.11,Books,East,Debit Card,0,0
6639,1688,2025-07-25,93.42,Health,North,Wallet,0,0
6640,1027,2025-10-01,110.67,Books,South,Wallet,25,0
6641,2300,2024-10-10,154.35,Software,Central,Debit Card,15,0
6642,2676,2023-07-10,16.61,Sports,North,Wallet,0,0
6643,1299,2025-07-21,129.94,Electronics,Central,Net Banking,0,0
6644,1957,2023-05-22,124.98,Books,South,Wallet,0,0
6645,1799,2026-01-01,116.64,Electronics,Central,Credit Card,0,0
6646,2115,2025-04-19,109.99,Electronics,North,Wallet,15,0
6647,1480,2026-04-05,101.04,Electronics,North,Debit Card,10,0
6648,1573,2023-06-17,7.23,Electronics,East,Net Banking,30,0
6649,1458,2024-07-19,37.89,Travel,South,Debit Card,0,1
6650,2475,2026-02-08,251.4,Apparel,West,Wallet,15,0
6651,1365,2025-01-13,333.13,Software,West,Wallet,0,0
6652,1859,2024-11-03,54.19,Health,Central,Credit Card,10,0
6653,2699,2025-05-13,28.56,Home & Garden,West,Net Banking,5,0
6654,1351,2025-04-18,212.8,Software,West,Wallet,20,1
6655,2679,2024-06-14,124.89,Sports,North,Credit Card,15,0
6656,2424,2025-08-31,77.75,Health,North,Credit Card,0,0
6657,1253,2024-07-15,253.21,Home & Garden,North,Debit Card,30,0
6658,1781,2023-06-24,21.88,Books,West,Net Banking,20,0
6659,2905,2023-10-29,362.55,Sports,Central,UPI,0,0
6660,1803,2023-07-04,14.84,Food & Beverage,South,Credit Card,20,0
6661,2012,2024-05-24,33.44,Software,East,UPI,30,0
6662,1459,2025-03-29,25.81,Books,Central,Debit Card,20,0
6663,2723,2026-01-09,44.75,Electronics,North,Credit Card,10,0
6664,1917,2023-06-05,129.97,Books,Central,Net Banking,10,0
6665,1499,2025-02-25,203.18,Books,South,UPI,0,0
6666,1950,2025-03-05,81.63,Software,North,Net Banking,0,0
6667,2995,2024-03-07,19.43,Travel,South,UPI,30,0
6668,2950,2025-01-30,8.16,Books,East,Debit Card,15,0
6669,1508,2023-05-27,248.55,Books,Central,Credit Card,0,0
6670,2328,2024-04-25,214.24,Apparel,East,Credit Card,5,0
6671,1501,2024-03-10,325.4,Software,West,Debit Card,0,0
6672,1803,2023-03-10,76.79,Sports,Central,Wallet,0,0
6673,1598,2025-05-24,200.69,Health,West,UPI,10,0
6674,1166,2023-07-05,41.79,Food & Beverage,South,UPI,0,0
6675,2439,2025-06-22,160.25,Books,West,Wallet,0,0
6676,1462,2024-11-12,50.62,Books,South,Debit Card,25,0
6677,1920,2023-07-23,33.88,Health,East,Net Banking,0,0
6678,1114,2024-07-07,118.91,Apparel,North,Net Banking,5,1
6679,2457,2023-01-13,111.69,Software,East,Debit Card,5,0
6680,1992,2024-10-27,268.79,Apparel,West,Net Banking,5,0
6681,2380,2023-02-20,19.27,Software,South,Debit Card,10,0
6682,2952,2024-05-14,273.84,Sports,West,UPI,0,0
6683,2719,2024-01-04,105.2,Food & Beverage,North,UPI,20,1
6684,1207,2024-12-24,324.26,Electronics,Central,Wallet,5,0
6685,2792,2023-12-23,320.27,Books,Central,Debit Card,10,0
6686,2259,2025-10-23,4.85,Food & Beverage,Central,Net Banking,5,0
6687,2466,2025-04-26,316.83,Software,West,Debit Card,5,0
6688,2379,2023-09-13,334.18,Software,Central,Credit Card,0,0
6689,1515,2026-03-19,19.89,Software,South,Wallet,5,0
6690,2232,2023-10-06,13.81,Home & Garden,North,Credit Card,5,0
6691,1709,2025-12-18,228.07,Sports,East,Wallet,5,0
6692,2877,2024-03-21,103.17,Travel,South,Wallet,0,0
6693,2149,2023-04-23,41.64,Travel,North,Wallet,0,0
6694,1138,2025-04-15,506.0,Apparel,East,Credit Card,15,0
6695,1339,2025-01-24,129.42,Travel,Central,Wallet,5,0
6696,1537,2024-01-02,7.37,Health,East,Debit Card,15,0
6697,1068,2025-12-19,26.55,Software,West,Debit Card,0,0
6698,2597,2023-11-25,314.44,Books,West,Credit Card,10,0
6699,2565,2024-12-28,93.97,Apparel,Central,UPI,0,0
6700,1383,2025-10-02,37.95,Books,Central,UPI,15,0
6701,1019,2024-12-20,154.93,Apparel,South,Credit Card,0,0
6702,1683,2025-12-22,43.41,Books,South,Wallet,0,0
6703,2474,2023-07-03,,Software,West,Wallet,0,0
6704,1074,2025-10-19,304.92,Health,North,Wallet,10,0
6705,1573,2023-11-07,365.42,Health,South,Credit Card,0,0
6706,1939,2023-06-26,160.35,Electronics,North,Wallet,0,0
6707,2689,2026-01-01,14.27,Software,West,Debit Card,5,0
6708,2300,2025-04-26,828.99,Food & Beverage,South,Wallet,0,0
6709,2072,2026-04-05,795.72,Health,North,Credit Card,20,0
6710,1211,2026-06-02,414.74,Apparel,North,Wallet,25,0
6711,1855,2023-01-09,129.61,Electronics,South,Debit Card,20,1
6712,2944,2023-08-24,100.41,Sports,Central,Credit Card,30,0
6713,1651,2024-12-10,152.13,Software,East,UPI,20,0
6714,2646,2025-07-12,22.88,Software,Central,Credit Card,20,0
6715,1994,2024-11-15,46.81,Home & Garden,East,Net Banking,0,0
6716,1695,2025-03-04,44.54,Electronics,North,UPI,0,0
6717,1540,2025-11-17,186.53,Apparel,South,UPI,20,0
6718,2733,2025-03-18,121.08,Software,West,Credit Card,5,0
6719,2215,2023-01-27,28.5,Software,South,Net Banking,25,0
6720,2339,2024-07-03,13.31,Electronics,Central,UPI,20,0
6721,1901,2026-05-04,137.93,Software,East,Wallet,20,0
6722,2587,2026-05-11,25.13,Electronics,South,Net Banking,0,0
6723,2685,2023-03-26,19.96,Sports,East,Net Banking,0,0
6724,1780,2025-11-19,1114.07,Books,Central,Credit Card,10,0
6725,2586,2024-04-10,1438.88,Travel,Central,Credit Card,5,0
6726,2924,2026-01-27,52.52,Books,South,Credit Card,25,0
6727,2782,2026-04-28,10.09,Books,West,Net Banking,20,1
6728,2137,2023-01-12,384.92,Sports,West,Debit Card,25,1
6729,1170,2025-10-09,134.74,Software,East,Credit Card,10,0
6730,2492,2025-11-19,226.79,Travel,South,Debit Card,5,0
6731,2702,2025-11-27,42.03,Software,North,UPI,20,0
6732,2945,2024-07-25,25.89,Health,Central,Wallet,5,0
6733,2038,2025-07-02,67.54,Health,East,Wallet,25,0
6734,2739,2023-06-29,110.96,Books,Central,Debit Card,0,0
6735,1288,2025-03-07,37.42,Electronics,East,Net Banking,0,0
6736,2931,2026-02-09,426.66,Food & Beverage,South,Wallet,20,0
6737,1189,2025-11-10,11.19,Food & Beverage,East,Debit Card,0,0
6738,1914,2026-03-14,147.1,Sports,East,Credit Card,0,0
6739,2179,2026-03-15,104.74,Apparel,North,Debit Card,0,0
6740,2591,2024-03-16,388.61,Electronics,East,UPI,0,0
6741,1694,2025-06-05,28.47,Home & Garden,West,Debit Card,0,0
6742,2746,2024-02-25,209.98,Software,East,Credit Card,15,0
6743,1888,2026-04-04,159.58,Electronics,East,Debit Card,10,0
6744,1471,2026-05-11,120.66,Books,South,Credit Card,5,0
6745,2099,2024-04-12,31.07,Food & Beverage,East,Credit Card,15,0
6746,1277,2024-12-13,35.6,Software,North,UPI,5,0
6747,1940,2024-01-20,63.08,Electronics,South,UPI,5,0
6748,2669,2023-11-10,49.25,Books,Central,Wallet,10,0
6749,2367,2025-02-09,408.35,Electronics,West,Credit Card,15,0
6750,2449,2025-08-16,105.92,Apparel,West,Credit Card,20,0
6751,1571,2025-07-05,233.62,Apparel,Central,Credit Card,15,0
6752,2535,2023-01-23,15.78,Books,East,Wallet,10,0
6753,1857,2023-12-05,9.87,Sports,North,Net Banking,10,0
6754,2001,2025-04-02,72.72,Food & Beverage,North,UPI,0,0
6755,2206,2024-01-01,19.42,Books,North,UPI,0,0
6756,1458,2025-07-03,94.43,Apparel,North,Credit Card,20,0
6757,1918,2026-05-27,32.73,Software,East,Wallet,15,0
6758,2875,2024-04-19,129.99,Travel,Central,Credit Card,10,0
6759,1833,2023-01-27,35.18,Software,Central,UPI,0,0
6760,2088,2025-07-30,176.49,Food & Beverage,West,Wallet,30,0
6761,1839,2025-03-12,31.27,Books,Central,Debit Card,0,1
6762,2284,2025-03-11,9.61,Books,North,UPI,20,0
6763,1193,2025-05-09,250.45,Apparel,East,Debit Card,0,0
6764,2679,2026-05-31,35.78,Sports,South,Net Banking,0,0
6765,1616,2025-05-13,467.32,Apparel,South,Debit Card,5,0
6766,2996,2024-11-20,41.69,Apparel,North,Wallet,10,0
6767,1406,2026-03-17,33.54,Travel,West,Debit Card,5,0
6768,2750,2025-01-08,64.02,Sports,South,Net Banking,0,0
6769,2778,2026-04-24,45.95,Sports,North,UPI,0,0
6770,1943,2024-02-19,104.73,Health,East,Net Banking,15,0
6771,1721,2025-09-08,,Sports,South,Wallet,5,0
6772,1093,2024-03-04,175.06,Software,North,Debit Card,0,0
6773,1430,2023-02-10,81.22,Software,South,Debit Card,0,0
6774,1654,2025-06-23,14.87,Home & Garden,East,Wallet,20,1
6775,2458,2025-10-08,712.04,Food & Beverage,Central,Credit Card,15,0
6776,2428,2024-12-03,57.79,Health,Central,Wallet,20,0
6777,1434,2023-03-20,54.28,Home & Garden,East,Wallet,0,0
6778,2136,2024-12-17,80.91,Sports,East,Net Banking,20,0
6779,2953,2024-06-27,65.79,Electronics,Central,Net Banking,30,0
6780,1375,2024-04-18,11.04,Software,East,Wallet,10,0
6781,2083,2026-03-11,179.46,Health,East,UPI,0,0
6782,2067,2026-06-28,33.63,Health,East,Debit Card,15,0
6783,1207,2023-10-21,61.03,Software,Central,Wallet,5,0
6784,1780,2024-09-01,743.38,Food & Beverage,Central,Credit Card,15,0
6785,2320,2023-05-16,279.61,Travel,South,Debit Card,0,1
6786,2142,2024-04-28,623.06,Books,Central,UPI,10,0
6787,1532,2025-03-24,39.95,Travel,South,Wallet,5,0
6788,2246,2024-07-08,216.17,Electronics,Central,UPI,10,0
6789,1166,2023-02-15,146.05,Home & Garden,West,Debit Card,15,0
6790,1643,2026-06-13,84.31,Sports,South,Credit Card,5,0
6791,2180,2025-12-07,36.57,Software,East,Debit Card,0,0
6792,2208,2023-07-17,,Travel,West,Debit Card,0,0
6793,1090,2023-03-25,48.57,Travel,Central,Wallet,10,1
6794,2118,2024-06-26,106.01,Apparel,Central,Debit Card,10,0
6795,1013,2026-03-30,269.28,Health,West,Wallet,5,1
6796,1973,2023-03-12,27.88,Home & Garden,North,Wallet,0,0
6797,2858,2024-06-03,24.38,Food & Beverage,East,UPI,10,0
6798,1805,2025-06-16,1843.33,Sports,South,Credit Card,0,0
6799,1945,2025-07-01,-88.645,Food & Beverage,West,Wallet,30,0
6800,1742,2025-12-11,626.46,Sports,South,Net Banking,10,0
6801,2858,2025-12-04,84.47,Home & Garden,Central,UPI,10,1
6802,2828,2023-10-20,54.0,Apparel,North,Wallet,0,0
6803,2462,2025-07-26,60.83,Sports,North,Wallet,10,0
6804,2562,2025-03-22,83.54,Apparel,South,UPI,0,0
6805,2611,2025-05-16,448.31,Health,Central,Debit Card,5,0
6806,2992,2024-01-15,223.03,Electronics,North,Wallet,5,0
6807,1876,2025-10-03,69.83,Electronics,East,Credit Card,5,0
6808,2960,2023-09-19,9.59,Books,Central,Wallet,20,0
6809,2835,2024-08-02,92.27,Health,West,UPI,0,1
6810,2174,2026-04-17,105.57,Electronics,West,Net Banking,0,0
6811,1660,2023-12-23,407.57,Sports,West,UPI,0,0
6812,2032,2024-11-28,15.42,Books,East,UPI,20,0
6813,2053,2026-05-09,49.79,Apparel,Central,Credit Card,0,0
6814,1296,2025-11-02,,Health,South,Debit Card,30,0
6815,1986,2024-03-18,84.18,Sports,South,Credit Card,30,0
6816,1926,2024-12-26,100.41,Travel,Central,Credit Card,30,0
6817,2745,2023-10-13,152.34,Electronics,East,Wallet,30,0
6818,1640,2024-07-23,9.26,Electronics,Central,Net Banking,0,0
6819,1340,2025-04-19,110.78,Electronics,South,UPI,10,0
6820,1628,2024-05-12,120.88,Sports,Central,Credit Card,0,0
6821,1439,2024-12-05,98.51,Electronics,West,Credit Card,15,0
6822,2168,2024-07-15,72.74,Books,Central,Debit Card,5,0
6823,1942,2023-02-01,1.49,Food & Beverage,North,Debit Card,0,0
6824,1830,2023-02-12,178.0,Health,Central,Net Banking,25,1
6825,2771,2024-07-12,28.0,Travel,South,UPI,5,0
6826,1519,2023-09-27,188.0,Travel,South,Credit Card,15,0
6827,1976,2025-07-31,403.5,Apparel,South,Wallet,10,0
6828,2069,2025-11-08,12.05,Sports,West,Debit Card,10,0
6829,1955,2023-02-06,181.26,Health,South,Credit Card,0,0
6830,2263,2023-04-02,20.44,Software,North,Wallet,0,0
6831,1952,2023-07-04,85.55,Software,Central,Credit Card,20,0
6832,1944,2024-12-28,77.39,Home & Garden,East,Net Banking,0,0
6833,1155,2025-11-17,223.12,Health,South,Net Banking,0,0
6834,2205,2024-01-07,186.7,Sports,Central,Wallet,0,0
6835,2239,2025-04-11,123.29,Software,West,Debit Card,25,0
6836,1088,2023-12-11,12.53,Health,Central,Net Banking,0,1
6837,2280,2026-05-04,4.4,Food & Beverage,South,Debit Card,0,0
6838,2535,2023-03-19,269.01,Software,South,Wallet,0,0
6839,2097,2023-06-16,220.47,Health,South,Wallet,0,0
6840,1931,2026-01-18,27.19,Travel,North,Credit Card,10,0
6841,1179,2023-09-21,136.57,Books,Central,Wallet,30,1
6842,1212,2026-05-16,-88.645,Sports,East,Credit Card,5,1
6843,2829,2024-12-24,331.55,Electronics,North,Debit Card,0,0
6844,2258,2024-05-26,99.51,Travel,East,Credit Card,20,0
6845,1465,2024-07-29,265.2,Food & Beverage,South,Debit Card,0,0
6846,2775,2024-12-22,43.11,Sports,East,Net Banking,0,0
6847,2247,2026-04-12,126.73,Home & Garden,East,Debit Card,15,0
6848,1631,2024-03-06,54.86,Books,North,UPI,0,0
6849,1825,2025-02-06,42.86,Sports,North,Credit Card,0,0
6850,2288,2024-04-07,5.5,Health,Central,Net Banking,10,0
6851,2231,2023-04-11,272.65,Food & Beverage,East,Debit Card,0,0
6852,1607,2025-11-05,734.82,Home & Garden,North,Wallet,0,0
6853,1885,2023-09-01,17.02,Electronics,Central,Credit Card,0,0
6854,2758,2026-06-26,206.92,Health,East,Debit Card,0,0
6855,1366,2023-04-15,196.82,Books,East,Net Banking,30,0
6856,1276,2024-11-24,48.54,Electronics,South,Wallet,10,0
6857,1380,2026-04-07,37.15,Electronics,North,Credit Card,0,0
6858,2767,2025-12-06,371.15,Food & Beverage,West,Net Banking,0,0
6859,2333,2025-12-02,327.06,Sports,North,Wallet,10,1
6860,2655,2025-03-28,154.75,Travel,South,UPI,15,0
6861,2292,2023-08-09,48.23,Apparel,Central,Wallet,0,0
6862,1945,2023-05-24,332.74,Sports,North,Credit Card,20,0
6863,2809,2025-06-08,32.99,Travel,East,UPI,25,0
6864,2088,2025-11-17,495.1,Travel,West,Debit Card,10,0
6865,1810,2025-02-28,638.2,Books,Central,UPI,10,0
6866,2374,2024-07-06,371.58,Home & Garden,North,UPI,15,0
6867,1925,2025-04-23,135.83,Sports,Central,UPI,15,0
6868,2939,2024-10-20,4.23,Home & Garden,East,Wallet,0,0
6869,1494,2025-04-16,72.12,Apparel,West,UPI,5,1
6870,2547,2025-10-15,748.34,Sports,East,UPI,5,0
6871,2122,2026-04-05,277.12,Software,West,Debit Card,25,0
6872,2970,2025-01-20,151.77,Food & Beverage,Central,UPI,0,0
6873,2095,2023-09-06,39.76,Sports,North,Wallet,25,0
6874,1364,2025-02-13,307.75,Electronics,West,Net Banking,10,0
6875,1570,2025-02-02,13.63,Health,East,Net Banking,0,0
6876,2826,2026-02-08,73.33,Apparel,West,Wallet,20,0
6877,1763,2024-11-22,726.22,Food & Beverage,Central,Wallet,0,0
6878,1276,2025-03-30,-88.645,Electronics,Central,UPI,0,0
6879,1050,2024-12-19,186.98,Health,Central,Wallet,15,0
6880,2382,2023-08-22,10.93,Sports,North,UPI,20,0
6881,1728,2023-01-24,41.16,Home & Garden,Central,Credit Card,0,0
6882,1906,2025-11-15,111.65,Health,North,Debit Card,25,0
6883,1928,2025-10-02,137.6,Home & Garden,South,Debit Card,0,0
6884,1564,2024-06-05,1075.92,Travel,West,Debit Card,5,1
6885,1783,2023-01-17,49.16,Sports,East,Credit Card,0,0
6886,1485,2023-09-02,183.7,Home & Garden,North,Debit Card,0,0
6887,2108,2024-12-18,177.62,Health,North,UPI,25,0
6888,2923,2025-02-08,44.41,Health,East,Net Banking,25,0
6889,2829,2024-12-17,283.48,Software,West,Debit Card,10,0
6890,2662,2026-05-10,200.7,Health,Central,Debit Card,30,0
6891,2832,2026-06-25,64.83,Food & Beverage,West,UPI,5,0
6892,1584,2023-04-28,113.71,Home & Garden,North,UPI,15,0
6893,2320,2023-01-09,28.46,Sports,Central,Debit Card,0,0
6894,1236,2024-08-20,31.1,Travel,South,Wallet,0,1
6895,1056,2023-01-23,87.72,Food & Beverage,East,Credit Card,5,0
6896,2943,2023-08-28,220.74,Software,West,Net Banking,15,0
6897,1360,2023-01-27,60.33,Travel,Central,Net Banking,0,0
6898,2931,2025-09-10,42.96,Travel,East,Credit Card,30,0
6899,1110,2026-01-09,68.25,Health,West,Debit Card,15,0
6900,1192,2023-07-18,243.31,Electronics,North,Debit Card,5,0
6901,1904,2025-02-13,17.78,Books,North,Debit Card,0,0
6902,2117,2023-04-02,253.06,Health,North,Debit Card,10,1
6903,1862,2025-04-30,166.4,Software,South,Debit Card,10,0
6904,1568,2026-01-12,17.67,Sports,North,Net Banking,10,0
6905,2084,2023-10-27,67.88,Travel,North,Debit Card,10,0
6906,1650,2023-10-23,193.12,Electronics,North,UPI,5,0
6907,1039,2024-10-08,9.09,Sports,Central,Wallet,20,0
6908,2564,2025-09-27,25.99,Sports,East,Debit Card,0,0
6909,2073,2025-12-18,14.48,Apparel,South,UPI,10,0
6910,2444,2025-06-27,44.99,Home & Garden,West,Net Banking,5,0
6911,1637,2025-05-20,312.71,Home & Garden,South,UPI,20,0
6912,2037,2025-01-22,234.61,Software,East,Credit Card,10,0
6913,1036,2023-12-08,49.08,Health,North,Credit Card,20,0
6914,1101,2023-03-03,-88.645,Apparel,North,UPI,30,0
6915,2818,2025-02-14,199.55,Software,West,Debit Card,0,0
6916,2110,2024-09-16,415.78,Travel,South,Debit Card,10,0
6917,2540,2023-09-13,80.94,Food & Beverage,South,Debit Card,20,0
6918,2247,2025-04-07,171.9,Food & Beverage,West,UPI,20,0
6919,2362,2025-10-10,5147.08,Apparel,South,Credit Card,0,0
6920,2984,2024-09-06,62.09,Home & Garden,South,Credit Card,5,0
6921,1166,2023-09-02,83.26,Food & Beverage,South,Net Banking,0,0
6922,1383,2025-01-26,74.39,Home & Garden,West,Credit Card,20,0
6923,2880,2025-04-03,80.75,Health,West,Credit Card,0,0
6924,2919,2025-02-18,175.87,Books,East,Wallet,0,0
6925,2400,2025-01-01,96.52,Sports,South,Credit Card,5,0
6926,2495,2025-05-27,17.5,Travel,East,UPI,0,0
6927,1790,2026-05-25,91.99,Apparel,Central,Debit Card,30,0
6928,2666,2024-05-30,47.87,Home & Garden,Central,UPI,0,0
6929,1031,2024-04-18,11.31,Sports,South,Debit Card,0,0
6930,2399,2023-02-05,355.68,Food & Beverage,North,Debit Card,0,0
6931,1011,2026-04-16,47.55,Books,Central,Net Banking,25,0
6932,2326,2025-11-06,142.6,Books,North,Credit Card,5,0
6933,1096,2025-04-09,2.04,Health,East,Net Banking,0,0
6934,2214,2025-12-07,163.81,Travel,South,Debit Card,0,0
6935,1453,2025-12-21,61.8,Food & Beverage,East,Wallet,10,0
6936,1192,2025-12-28,13.93,Home & Garden,East,Wallet,30,0
6937,1486,2024-01-01,46.42,Sports,West,Net Banking,30,0
6938,2290,2026-03-31,39.5,Electronics,South,Net Banking,30,0
6939,2448,2025-08-02,221.59,Books,West,Credit Card,0,0
6940,2152,2025-09-02,100.33,Travel,East,Net Banking,25,0
6941,1238,2024-03-06,14.48,Home & Garden,North,Net Banking,5,0
6942,2944,2025-05-08,152.35,Sports,South,UPI,5,0
6943,2379,2023-08-18,7.5,Sports,South,Net Banking,5,1
6944,2964,2024-01-05,23.33,Food & Beverage,Central,Net Banking,0,0
6945,2136,2023-06-27,91.61,Software,North,UPI,0,0
6946,2852,2024-07-21,42.56,Home & Garden,North,Debit Card,20,0
6947,2470,2026-05-14,376.17,Sports,East,Debit Card,20,0
6948,2367,2025-03-03,110.3,Food & Beverage,East,UPI,0,0
6949,2169,2025-06-18,190.79,Food & Beverage,East,Credit Card,0,0
6950,2089,2025-09-01,200.35,Health,Central,Net Banking,20,0
6951,2271,2023-03-23,52.89,Electronics,North,Credit Card,0,0
6952,1735,2025-04-25,25.07,Software,West,Wallet,20,0
6953,1991,2025-01-31,84.78,Apparel,North,Credit Card,20,0
6954,2514,2026-05-01,,Sports,West,Net Banking,20,0
6955,1825,2024-09-09,68.08,Home & Garden,South,Debit Card,20,0
6956,2463,2026-04-27,182.94,Home & Garden,West,Net Banking,20,0
6957,1106,2026-01-02,87.12,Books,South,Net Banking,25,0
6958,1181,2025-10-30,13.96,Health,East,Net Banking,20,0
6959,1184,2023-08-04,15.46,Health,North,Credit Card,10,0
6960,1226,2023-10-17,586.97,Health,East,Debit Card,0,0
6961,1777,2024-03-20,22.18,Home & Garden,North,Debit Card,10,0
6962,1790,2025-07-11,41.88,Software,West,Credit Card,25,0
6963,2933,2024-07-05,270.73,Food & Beverage,North,Credit Card,30,0
6964,2113,2023-07-12,21.52,Travel,West,Credit Card,15,1
6965,1688,2023-10-16,39.64,Electronics,North,Wallet,10,0
6966,1530,2024-08-05,69.83,Sports,South,Wallet,25,0
6967,2395,2026-03-13,59.69,Health,West,Net Banking,0,0
6968,1972,2025-05-06,28.09,Software,East,Wallet,0,0
6969,1936,2025-02-19,71.36,Home & Garden,East,Credit Card,0,0
6970,2937,2025-06-14,203.34,Food & Beverage,East,Credit Card,25,0
6971,2423,2025-07-08,77.67,Travel,East,Credit Card,0,0
6972,1106,2024-07-17,40.85,Home & Garden,South,Debit Card,0,0
6973,2295,2023-01-13,280.15,Food & Beverage,South,Debit Card,0,0
6974,2999,2025-09-13,697.67,Software,Central,Wallet,5,0
6975,1831,2023-12-06,283.2,Software,Central,UPI,15,0
6976,2527,2025-05-14,23.38,Food & Beverage,Central,UPI,0,0
6977,1679,2023-11-08,24.14,Books,Central,Credit Card,0,1
6978,2549,2025-01-02,152.08,Electronics,North,Debit Card,15,0
6979,1849,2026-02-01,110.53,Home & Garden,West,Net Banking,10,0
6980,2056,2023-12-05,20.7,Home & Garden,East,Wallet,5,0
6981,1393,2026-05-06,126.94,Sports,North,Debit Card,30,0
6982,1040,2023-10-27,101.36,Books,South,Credit Card,5,0
6983,1660,2023-12-25,530.33,Travel,East,Credit Card,15,0
6984,2242,2023-06-18,53.38,Software,West,UPI,0,0
6985,2755,2026-03-18,475.29,Health,West,Credit Card,5,0
6986,1981,2025-01-30,500.95,Food & Beverage,South,Credit Card,0,0
6987,2106,2025-02-06,40.14,Home & Garden,East,Net Banking,0,0
6988,1845,2025-09-08,137.67,Software,Central,Wallet,5,0
6989,2744,2023-02-11,69.84,Electronics,East,Net Banking,0,1
6990,1201,2023-07-21,66.49,Software,East,UPI,20,0
6991,1447,2025-08-27,120.96,Home & Garden,West,Debit Card,0,0
6992,2868,2026-06-21,34.89,Software,South,UPI,20,0
6993,2452,2024-04-08,13.27,Electronics,East,Credit Card,10,0
6994,2062,2024-03-24,47.54,Travel,North,Wallet,0,0
6995,2235,2025-07-01,371.32,Food & Beverage,North,Credit Card,10,0
6996,1444,2025-03-08,70.53,Software,South,Wallet,0,0
6997,2351,2025-03-04,87.54,Sports,Central,Wallet,20,0
6998,1761,2024-03-12,233.03,Books,East,Wallet,30,0
6999,1227,2024-06-14,13.24,Food & Beverage,East,Debit Card,10,1
7000,1048,2024-07-18,152.46,Software,West,UPI,25,0
7001,2042,2025-05-21,667.69,Food & Beverage,East,Debit Card,0,0
7002,1912,2023-08-01,100.47,Software,Central,Debit Card,5,0
7003,2463,2025-08-06,8.96,Apparel,East,Debit Card,5,0
7004,2831,2026-02-01,82.13,Sports,East,Net Banking,0,0
7005,2732,2023-07-11,187.22,Home & Garden,West,Net Banking,15,0
7006,1187,2026-01-09,102.98,Sports,North,Net Banking,5,0
7007,1345,2024-12-05,124.83,Electronics,North,Debit Card,5,0
7008,1224,2024-07-02,144.19,Apparel,Central,Credit Card,10,0
7009,1830,2023-06-03,29.41,Sports,South,Net Banking,0,0
7010,1488,2024-07-24,34.17,Sports,South,Net Banking,20,0
7011,2933,2023-08-28,57.77,Books,West,Debit Card,0,0
7012,1877,2024-01-09,144.2,Software,East,UPI,0,0
7013,1849,2025-03-15,21.61,Electronics,West,Credit Card,0,1
7014,2253,2025-03-09,1061.68,Travel,North,Wallet,0,0
7015,2414,2026-05-12,4.91,Home & Garden,Central,Wallet,0,1
7016,1979,2024-09-02,11.61,Software,South,Credit Card,0,0
7017,2613,2024-11-18,174.93,Travel,East,Debit Card,30,0
7018,2017,2025-02-12,157.76,Travel,South,UPI,5,0
7019,1188,2023-05-23,82.53,Software,North,UPI,10,0
7020,2882,2026-04-27,202.64,Sports,East,Wallet,0,0
7021,1270,2023-09-29,177.9,Books,North,UPI,0,1
7022,2631,2024-03-01,90.03,Health,South,Wallet,0,0
7023,1310,2023-02-15,124.2,Apparel,South,Net Banking,15,0
7024,2156,2023-04-05,2.08,Health,North,Debit Card,10,0
7025,2575,2023-03-05,76.72,Home & Garden,East,UPI,0,0
7026,2096,2024-02-17,85.01,Food & Beverage,North,Debit Card,15,0
7027,2817,2025-10-29,893.72,Food & Beverage,East,Net Banking,0,0
7028,1845,2024-04-03,33.42,Food & Beverage,West,Credit Card,5,0
7029,2696,2024-04-14,86.23,Apparel,West,Credit Card,30,0
7030,2211,2025-03-20,496.89,Software,East,Credit Card,0,0
7031,1486,2024-05-20,176.29,Travel,North,Wallet,20,0
7032,2215,2026-01-01,92.78,Health,East,Wallet,15,0
7033,2446,2023-03-25,285.66,Software,South,Credit Card,5,0
7034,1120,2023-02-28,34.77,Sports,North,Net Banking,30,0
7035,1220,2025-11-10,713.63,Apparel,East,Wallet,0,0
7036,1053,2025-07-06,194.61,Sports,South,Credit Card,0,0
7037,2758,2023-06-06,12.79,Home & Garden,Central,Debit Card,0,0
7038,2475,2024-07-29,43.54,Apparel,South,Credit Card,0,0
7039,2436,2025-04-16,6.76,Apparel,East,Credit Card,0,0
7040,2667,2024-11-10,233.91,Travel,North,Debit Card,10,0
7041,2261,2023-07-22,177.01,Books,North,Wallet,0,0
7042,1758,2026-02-03,51.81,Food & Beverage,West,Debit Card,0,0
7043,1738,2026-02-19,380.1,Travel,East,Wallet,0,0
7044,1720,2023-11-14,81.43,Health,South,Net Banking,0,0
7045,1406,2026-04-20,2096.58,Health,South,Wallet,20,0
7046,1608,2024-02-10,21.34,Health,East,UPI,15,0
7047,2021,2025-09-12,194.42,Health,South,Wallet,15,0
7048,1422,2025-08-06,55.88,Travel,Central,UPI,0,1
7049,1712,2025-12-29,-88.645,Electronics,West,Wallet,10,0
7050,1247,2026-03-29,73.14,Home & Garden,North,Debit Card,0,0
7051,1072,2026-06-17,139.83,Electronics,South,Wallet,0,0
7052,2854,2026-03-07,96.54,Travel,Central,Credit Card,10,0
7053,1185,2024-05-09,203.0,Apparel,East,Wallet,10,0
7054,1006,2024-11-09,186.49,Health,South,Debit Card,0,1
7055,2230,2026-06-24,513.74,Food & Beverage,East,Debit Card,10,1
7056,2568,2026-06-20,21.3,Electronics,Central,Wallet,30,1
7057,2635,2025-04-14,13.89,Food & Beverage,Central,Wallet,5,0
7058,1906,2023-07-13,82.99,Software,North,Wallet,5,0
7059,1387,2023-11-04,34.73,Home & Garden,East,Net Banking,0,0
7060,2792,2024-05-20,256.91,Health,West,UPI,0,0
7061,1699,2023-10-08,24.99,Sports,North,Wallet,5,0
7062,2100,2024-11-05,-88.645,Electronics,East,Wallet,25,0
7063,2201,2025-07-21,60.41,Health,East,UPI,0,0
7064,1827,2024-12-15,748.92,Electronics,Central,Credit Card,0,0
7065,2823,2024-08-30,1129.08,Sports,Central,Net Banking,30,0
7066,1349,2024-04-27,22.88,Software,East,Net Banking,10,0
7067,2279,2026-05-31,6.46,Books,Central,Credit Card,15,1
7068,2861,2023-04-27,45.21,Health,East,UPI,20,0
7069,2726,2025-08-25,86.11,Health,East,UPI,0,0
7070,1308,2023-07-11,85.64,Home & Garden,North,Debit Card,5,0
7071,2369,2025-02-26,81.37,Travel,North,UPI,0,0
7072,2151,2024-09-09,239.63,Electronics,West,Net Banking,10,0
7073,2961,2024-05-30,55.51,Sports,North,Debit Card,30,0
7074,1287,2023-11-03,116.28,Sports,South,Wallet,0,0
7075,1766,2024-06-15,195.12,Apparel,South,Wallet,0,1
7076,1725,2023-05-02,117.13,Food & Beverage,Central,Wallet,30,0
7077,1762,2024-10-10,202.52,Electronics,South,Debit Card,0,0
7078,2620,2024-08-14,11.59,Home & Garden,North,Net Banking,0,0
7079,2511,2026-03-23,103.27,Software,West,UPI,0,0
7080,1383,2025-05-19,118.6,Food & Beverage,East,Debit Card,15,0
7081,2430,2026-04-07,73.8,Apparel,West,Net Banking,15,1
7082,1388,2023-02-28,43.94,Software,North,UPI,15,0
7083,1525,2023-10-28,156.56,Apparel,North,Credit Card,15,0
7084,2581,2024-07-06,104.33,Health,North,Net Banking,20,0
7085,1639,2026-02-14,84.51,Electronics,Central,Credit Card,15,0
7086,1938,2026-02-24,60.7,Books,South,Wallet,5,0
7087,2650,2024-02-03,63.62,Health,North,Wallet,15,0
7088,2969,2024-05-29,35.93,Home & Garden,East,Net Banking,10,1
7089,1276,2025-03-15,50.87,Sports,South,Credit Card,0,0
7090,1500,2024-05-12,29.16,Books,South,Debit Card,20,0
7091,1717,2025-07-30,56.56,Home & Garden,Central,UPI,15,0
7092,1337,2024-06-11,139.38,Food & Beverage,West,Wallet,0,0
7093,2974,2024-02-02,240.73,Home & Garden,South,Wallet,0,0
7094,1932,2024-03-11,84.65,Travel,South,Wallet,0,0
7095,1481,2025-04-19,81.89,Health,North,Wallet,5,0
7096,2921,2023-12-26,106.99,Electronics,East,Net Banking,0,0
7097,1911,2026-02-26,292.96,Apparel,North,Net Banking,20,0
7098,2997,2025-05-13,68.72,Sports,East,Credit Card,0,0
7099,2297,2024-09-25,156.88,Books,South,Debit Card,5,0
7100,2944,2026-06-18,140.43,Sports,East,Credit Card,0,0
7101,2082,2026-05-30,42.59,Sports,North,Debit Card,5,0
7102,2352,2023-08-02,210.19,Software,North,Net Banking,5,0
7103,2755,2025-07-04,7.49,Sports,West,Wallet,15,0
7104,1109,2024-08-14,321.85,Sports,Central,Credit Card,10,0
7105,2303,2023-05-15,21.48,Sports,West,Debit Card,20,0
7106,2710,2025-01-23,76.19,Apparel,South,UPI,5,0
7107,1328,2024-01-21,243.41,Travel,East,Debit Card,20,0
7108,2800,2026-04-27,53.92,Sports,North,Credit Card,15,0
7109,1315,2024-01-24,119.22,Books,North,Net Banking,15,0
7110,2498,2025-01-13,248.19,Travel,North,Wallet,10,1
7111,2135,2024-12-04,827.05,Sports,North,UPI,15,0
7112,1699,2025-07-13,88.41,Books,South,Credit Card,5,0
7113,1781,2025-02-11,111.69,Books,Central,Net Banking,0,0
7114,2959,2026-02-10,94.5,Food & Beverage,West,Debit Card,5,0
7115,2253,2025-05-13,69.03,Health,West,Net Banking,0,0
7116,2521,2025-11-25,17.91,Home & Garden,North,Net Banking,10,0
7117,1156,2023-03-20,23.45,Home & Garden,North,Wallet,0,0
7118,2497,2024-11-04,88.49,Software,East,Credit Card,30,0
7119,2725,2023-11-08,135.55,Electronics,North,Net Banking,0,0
7120,2296,2023-07-23,409.0,Travel,West,Debit Card,0,0
7121,1887,2025-09-11,69.99,Home & Garden,East,Debit Card,20,0
7122,2026,2023-01-17,563.63,Books,East,Wallet,5,0
7123,1758,2024-04-20,21.21,Home & Garden,North,Net Banking,0,0
7124,1722,2025-10-13,115.84,Electronics,East,Debit Card,20,0
7125,2535,2023-07-29,65.32,Books,Central,Debit Card,10,0
7126,1913,2024-05-13,18.63,Travel,North,Wallet,5,0
7127,2310,2024-03-04,11.8,Books,Central,Net Banking,0,0
7128,1871,2026-01-06,53.43,Sports,North,Wallet,0,0
7129,1013,2026-01-08,58.45,Software,Central,Net Banking,10,0
7130,1608,2023-02-27,31.01,Electronics,North,Debit Card,5,0
7131,1498,2026-05-16,224.52,Books,West,Credit Card,0,0
7132,2757,2026-03-04,55.32,Electronics,North,Debit Card,0,0
7133,1238,2025-09-20,27.55,Food & Beverage,West,Credit Card,20,0
7134,2118,2024-06-05,67.81,Software,South,Net Banking,10,0
7135,2362,2024-08-03,42.2,Apparel,South,Net Banking,30,0
7136,1781,2025-06-17,649.61,Sports,North,UPI,5,0
7137,2195,2026-01-11,61.66,Travel,West,Net Banking,30,0
7138,1606,2024-09-12,29.93,Home & Garden,West,Net Banking,5,0
7139,1661,2025-12-03,648.15,Health,East,UPI,5,0
7140,2648,2025-08-23,214.87,Health,East,Credit Card,0,0
7141,2591,2025-06-28,102.27,Apparel,Central,Net Banking,0,0
7142,1849,2024-05-07,34.62,Sports,East,Wallet,25,0
7143,1936,2024-05-13,225.84,Electronics,North,Net Banking,30,0
7144,2491,2025-11-07,15.55,Travel,East,Net Banking,5,0
7145,1628,2024-08-27,206.84,Software,East,Debit Card,0,0
7146,1143,2025-08-05,121.53,Electronics,North,Net Banking,30,0
7147,2225,2023-10-21,295.32,Health,North,Net Banking,15,0
7148,2204,2026-03-17,5.3,Electronics,Central,Wallet,0,0
7149,1714,2023-06-21,29.82,Electronics,West,UPI,0,0
7150,2388,2024-06-14,27.12,Software,East,UPI,0,0
7151,1479,2026-02-17,23.53,Food & Beverage,South,UPI,10,0
7152,1565,2023-03-07,149.91,Electronics,West,Debit Card,5,0
7153,1471,2023-05-21,63.16,Health,North,Net Banking,0,0
7154,1384,2024-03-21,31.64,Home & Garden,East,Credit Card,0,0
7155,2716,2023-07-08,23.96,Sports,Central,Credit Card,25,0
7156,1926,2023-06-07,28.41,Sports,South,Wallet,10,0
7157,1417,2024-10-31,254.41,Travel,West,Debit Card,20,0
7158,2849,2023-09-03,83.09,Electronics,East,Debit Card,20,0
7159,1308,2025-05-05,244.12,Travel,North,Net Banking,25,0
7160,1649,2025-08-01,2203.07,Software,West,Credit Card,0,0
7161,2718,2025-01-17,,Health,South,Debit Card,0,0
7162,2391,2025-11-22,16.44,Electronics,North,Wallet,5,0
7163,2025,2023-11-26,76.37,Health,South,Credit Card,10,0
7164,2068,2024-05-26,858.26,Food & Beverage,East,Debit Card,10,0
7165,1739,2025-04-29,331.65,Books,West,Net Banking,0,0
7166,2867,2025-12-30,41.46,Books,Central,Net Banking,0,0
7167,2122,2023-03-20,62.5,Electronics,East,Net Banking,5,0
7168,2744,2023-06-18,228.15,Food & Beverage,East,Net Banking,0,0
7169,2289,2025-03-20,,Sports,Central,Credit Card,30,0
7170,2824,2025-09-09,231.09,Electronics,Central,Credit Card,30,1
7171,2807,2023-06-29,67.57,Travel,North,Debit Card,0,0
7172,1140,2023-09-17,143.5,Travel,South,Wallet,15,0
7173,2505,2025-10-25,62.41,Sports,East,UPI,0,0
7174,2261,2023-10-24,479.2,Health,North,UPI,15,0
7175,1974,2024-09-11,14.42,Home & Garden,North,Net Banking,15,0
7176,2017,2025-05-04,14.47,Travel,East,Debit Card,0,0
7177,1953,2023-12-26,38.18,Health,South,UPI,10,0
7178,1904,2023-04-27,39.88,Books,Central,UPI,20,0
7179,1072,2023-12-23,14.41,Books,East,UPI,0,1
7180,2691,2025-08-14,11.61,Software,South,UPI,0,0
7181,2214,2024-03-14,324.47,Food & Beverage,Central,UPI,10,0
7182,2292,2026-04-26,73.67,Food & Beverage,West,Debit Card,5,0
7183,2345,2026-02-12,67.28,Apparel,East,UPI,20,0
7184,1107,2026-06-13,96.31,Books,East,UPI,5,0
7185,2256,2024-06-05,612.64,Sports,South,Debit Card,5,0
7186,2066,2023-07-18,103.5,Home & Garden,North,Credit Card,15,0
7187,2726,2025-12-09,78.77,Software,North,Credit Card,0,0
7188,1883,2026-03-11,41.88,Health,South,Credit Card,0,0
7189,1139,2024-10-31,184.7,Sports,East,UPI,5,0
7190,1615,2025-11-19,83.33,Software,East,Debit Card,0,0
7191,2707,2026-01-10,653.63,Software,East,Credit Card,25,0
7192,1863,2023-01-31,74.22,Health,West,Net Banking,10,0
7193,1273,2025-10-04,301.62,Books,North,Net Banking,15,0
7194,2505,2023-11-29,38.35,Software,West,Debit Card,0,0
7195,1416,2024-10-21,37.9,Health,East,UPI,5,1
7196,1506,2023-06-26,10.05,Software,North,Credit Card,0,0
7197,1733,2024-01-05,233.54,Home & Garden,East,UPI,0,1
7198,2749,2024-06-30,85.98,Software,East,Credit Card,10,0
7199,2877,2024-06-18,193.93,Electronics,South,Wallet,0,0
7200,1424,2026-02-03,689.12,Books,North,Wallet,25,0
7201,2431,2023-04-07,32.59,Apparel,East,UPI,30,1
7202,2592,2023-08-18,27.18,Electronics,Central,Net Banking,0,1
7203,1390,2023-08-15,35.0,Home & Garden,Central,UPI,15,0
7204,1342,2024-01-06,7.21,Health,East,Credit Card,0,0
7205,1946,2026-01-28,71.39,Home & Garden,South,UPI,10,1
7206,1614,2023-02-24,260.09,Software,East,UPI,0,1
7207,2957,2026-05-03,95.47,Home & Garden,Central,Credit Card,30,0
7208,1493,2024-02-28,13.67,Food & Beverage,North,Net Banking,20,0
7209,1192,2023-11-11,58.66,Apparel,South,Wallet,10,0
7210,1499,2026-02-25,104.61,Travel,East,Credit Card,0,0
7211,1822,2023-02-01,285.72,Books,Central,UPI,15,0
7212,2736,2023-04-03,234.1,Apparel,North,Debit Card,5,0
7213,2257,2024-06-02,59.47,Health,Central,UPI,10,0
7214,2969,2025-05-02,59.34,Home & Garden,South,UPI,15,0
7215,1227,2026-05-28,183.64,Books,West,Debit Card,5,0
7216,2395,2025-01-21,44.17,Software,East,UPI,0,0
7217,1139,2026-02-03,251.25,Electronics,North,Debit Card,0,0
7218,1856,2024-02-20,40.82,Apparel,South,UPI,5,0
7219,1817,2024-07-10,579.04,Books,South,Net Banking,0,0
7220,2173,2024-01-01,119.38,Sports,West,Wallet,20,0
7221,2139,2024-08-21,8.57,Electronics,West,Net Banking,0,0
7222,2474,2023-11-27,194.13,Health,East,Credit Card,5,0
7223,2087,2024-11-19,122.22,Software,East,Credit Card,0,0
7224,1104,2023-01-11,161.32,Electronics,South,UPI,15,0
7225,2875,2025-03-28,1342.47,Travel,East,Credit Card,0,0
7226,1871,2024-02-23,65.79,Software,East,Credit Card,0,0
7227,1668,2026-02-19,13.97,Apparel,West,UPI,10,0
7228,1273,2025-06-29,412.01,Electronics,South,UPI,30,0
7229,2030,2026-06-12,10.64,Food & Beverage,Central,Wallet,5,0
7230,2171,2023-12-14,36.76,Health,Central,Debit Card,0,0
7231,1184,2025-08-15,94.68,Apparel,North,UPI,0,0
7232,2052,2024-02-16,30.62,Books,West,Wallet,15,0
7233,2986,2026-06-01,83.39,Books,North,Net Banking,0,0
7234,2574,2023-06-02,76.48,Health,South,Credit Card,15,0
7235,2143,2026-05-20,568.49,Electronics,Central,Debit Card,0,0
7236,1293,2023-04-02,4.92,Travel,Central,Net Banking,0,1
7237,2395,2023-11-27,99.97,Books,Central,UPI,5,0
7238,2268,2025-08-12,29.82,Home & Garden,North,Net Banking,25,0
7239,2604,2025-08-27,45.83,Software,East,Wallet,0,0
7240,2750,2024-07-07,203.59,Home & Garden,North,UPI,0,0
7241,2242,2025-07-18,167.61,Health,Central,UPI,0,0
7242,1177,2026-06-05,135.83,Health,West,Debit Card,10,0
7243,2323,2023-07-13,19.9,Travel,West,Wallet,0,0
7244,2700,2024-06-13,373.69,Travel,North,Credit Card,0,0
7245,1058,2025-04-24,31.47,Sports,North,Net Banking,0,0
7246,2293,2026-06-20,475.17,Electronics,South,Debit Card,0,0
7247,1308,2024-09-30,41.29,Sports,North,Debit Card,5,0
7248,2594,2024-04-22,310.13,Food & Beverage,North,UPI,0,0
7249,2312,2024-04-24,101.71,Food & Beverage,Central,Net Banking,5,1
7250,1977,2023-10-15,12.08,Food & Beverage,East,Debit Card,0,0
7251,2129,2024-11-28,58.76,Health,Central,UPI,25,0
7252,2252,2024-11-25,694.24,Electronics,East,UPI,5,0
7253,2271,2024-06-23,241.81,Electronics,Central,Wallet,0,0
7254,1700,2023-11-26,53.4,Health,Central,UPI,25,0
7255,2518,2024-04-14,430.26,Sports,South,Credit Card,25,0
7256,1083,2025-04-28,126.25,Food & Beverage,East,Wallet,0,0
7257,2210,2024-06-17,646.37,Food & Beverage,Central,Wallet,20,0
7258,1252,2024-04-11,81.85,Software,Central,Credit Card,20,0
7259,2379,2025-09-03,63.42,Apparel,East,Credit Card,0,0
7260,2774,2024-02-24,294.65,Sports,South,Debit Card,0,0
7261,2896,2026-02-19,121.8,Sports,East,Debit Card,15,0
7262,2720,2025-01-31,175.74,Health,South,Credit Card,0,0
7263,1796,2025-10-02,31.97,Electronics,South,Debit Card,10,0
7264,1897,2025-06-09,367.03,Books,West,Credit Card,0,0
7265,2962,2023-11-04,292.58,Sports,South,Credit Card,10,0
7266,1210,2025-07-12,455.71,Apparel,West,UPI,15,0
7267,1816,2023-11-30,17.61,Books,North,Debit Card,20,0
7268,2832,2025-08-11,22.3,Software,South,Wallet,30,0
7269,1609,2025-10-18,36.74,Travel,East,Wallet,10,0
7270,1447,2025-02-27,67.54,Software,West,Debit Card,0,0
7271,1460,2025-04-11,18.18,Health,North,Debit Card,0,1
7272,1968,2025-04-23,193.4,Health,North,Debit Card,5,0
7273,1472,2023-09-07,53.2,Apparel,South,Debit Card,20,0
7274,2744,2026-01-23,406.33,Home & Garden,East,UPI,0,0
7275,1370,2023-07-03,1117.33,Travel,South,Credit Card,10,1
7276,1900,2025-03-09,44.13,Apparel,Central,Debit Card,0,0
7277,2958,2023-07-05,35.85,Health,North,Debit Card,5,1
7278,2516,2025-12-28,220.69,Food & Beverage,Central,Credit Card,0,0
7279,1923,2025-04-17,101.13,Sports,Central,Credit Card,25,0
7280,1137,2024-09-18,140.28,Sports,West,Credit Card,15,0
7281,1367,2025-05-08,443.76,Home & Garden,Central,Net Banking,0,0
7282,1912,2023-01-08,64.97,Food & Beverage,North,Wallet,5,0
7283,1184,2025-02-21,25.06,Home & Garden,North,Debit Card,0,0
7284,2612,2025-02-13,20.56,Software,East,UPI,15,0
7285,2311,2025-10-03,72.76,Sports,South,UPI,0,0
7286,1472,2024-11-07,59.01,Sports,East,Credit Card,20,0
7287,2399,2026-01-11,254.13,Apparel,East,UPI,0,0
7288,1654,2023-07-30,478.65,Apparel,South,Wallet,10,0
7289,1749,2024-05-04,476.4,Health,North,Debit Card,10,0
7290,1537,2024-09-30,38.81,Books,West,UPI,0,0
7291,2535,2023-07-10,34.33,Home & Garden,Central,Wallet,0,0
7292,1802,2024-11-01,10.22,Food & Beverage,West,Wallet,0,0
7293,2603,2025-04-22,90.34,Food & Beverage,Central,Net Banking,5,0
7294,2274,2023-12-01,260.26,Electronics,South,Net Banking,30,1
7295,1920,2026-01-15,38.55,Home & Garden,South,UPI,5,1
7296,1510,2024-08-01,15.24,Books,East,Wallet,0,1
7297,1630,2023-03-03,865.23,Health,South,Credit Card,0,0
7298,2002,2024-01-22,38.62,Sports,Central,Net Banking,0,0
7299,2097,2026-03-15,78.66,Travel,West,Wallet,5,0
7300,2306,2023-06-02,51.43,Home & Garden,West,Net Banking,0,0
7301,1916,2024-09-10,18.17,Food & Beverage,West,Debit Card,0,0
7302,2984,2024-11-28,265.67,Food & Beverage,West,Wallet,0,0
7303,2384,2023-06-27,11.04,Software,East,Wallet,0,0
7304,2034,2025-04-26,346.97,Sports,West,Debit Card,10,0
7305,2235,2024-05-01,124.17,Health,Central,Net Banking,10,0
7306,2859,2026-06-24,65.21,Electronics,East,Debit Card,0,0
7307,1152,2024-05-14,66.53,Electronics,East,UPI,0,0
7308,2029,2024-06-24,155.26,Apparel,East,Credit Card,25,0
7309,2219,2023-01-13,41.62,Sports,South,Net Banking,0,0
7310,2978,2023-05-31,111.29,Food & Beverage,East,Wallet,0,0
7311,2307,2025-12-09,31.01,Sports,Central,UPI,0,0
7312,1464,2026-05-23,6.81,Food & Beverage,West,Net Banking,0,0
7313,2137,2025-09-17,188.74,Apparel,South,Credit Card,0,0
7314,1271,2024-10-05,1676.73,Software,West,Wallet,15,1
7315,2187,2024-01-07,177.55,Home & Garden,North,Debit Card,0,0
7316,1460,2026-02-10,85.04,Health,South,Credit Card,0,0
7317,1105,2023-09-09,55.93,Electronics,Central,Net Banking,10,0
7318,2717,2023-02-22,58.07,Travel,South,Wallet,0,1
7319,2580,2026-02-27,55.92,Sports,East,Net Banking,0,0
7320,2306,2023-07-12,114.3,Books,South,Credit Card,5,0
7321,2711,2024-08-13,5.14,Health,East,Wallet,20,0
7322,1162,2025-12-16,4.17,Home & Garden,West,Credit Card,5,0
7323,1351,2023-04-07,154.69,Software,South,Net Banking,5,0
7324,1434,2023-07-17,70.88,Software,South,Wallet,0,0
7325,1852,2023-05-27,27.58,Travel,Central,Wallet,15,0
7326,1140,2024-12-23,26.69,Electronics,North,Wallet,0,0
7327,2495,2024-11-14,46.1,Apparel,South,Net Banking,10,0
7328,2156,2025-11-01,54.49,Apparel,West,UPI,0,0
7329,1087,2023-11-29,496.71,Home & Garden,East,Net Banking,0,0
7330,2712,2026-05-28,24.93,Apparel,West,Debit Card,0,0
7331,1183,2024-05-26,225.14,Electronics,Central,UPI,10,1
7332,1368,2023-06-21,182.79,Books,South,Net Banking,15,0
7333,1129,2026-04-04,,Food & Beverage,North,Debit Card,10,0
7334,2270,2026-04-08,225.42,Health,North,Credit Card,15,0
7335,2625,2024-07-17,152.93,Health,South,Debit Card,0,0
7336,2602,2024-05-26,19.94,Apparel,North,Wallet,30,0
7337,1670,2026-04-27,44.17,Health,West,UPI,0,0
7338,2923,2026-02-17,143.36,Apparel,East,Net Banking,0,0
7339,2402,2023-04-15,43.92,Apparel,South,Net Banking,0,0
7340,1149,2024-11-04,187.33,Food & Beverage,East,Wallet,30,0
7341,1985,2025-03-17,363.23,Food & Beverage,North,UPI,0,0
7342,1852,2025-11-30,87.13,Travel,Central,UPI,15,0
7343,2457,2025-06-07,43.51,Books,East,Wallet,0,0
7344,1628,2025-05-25,37.96,Books,Central,UPI,15,0
7345,2750,2024-11-07,58.14,Electronics,West,Wallet,0,0
7346,2493,2023-11-17,53.46,Sports,Central,Debit Card,15,0
7347,1446,2023-12-01,253.87,Electronics,East,Wallet,0,0
7348,2505,2026-03-29,44.53,Books,East,Net Banking,0,0
7349,1884,2023-09-21,72.9,Travel,South,Credit Card,5,0
7350,1294,2025-05-14,229.44,Electronics,Central,Debit Card,0,0
7351,2789,2023-12-18,60.58,Home & Garden,West,Net Banking,0,0
7352,2167,2026-05-18,52.82,Electronics,South,Debit Card,0,0
7353,1250,2024-11-06,256.11,Food & Beverage,South,Net Banking,5,0
7354,1878,2025-07-07,362.13,Electronics,West,UPI,0,0
7355,1948,2023-01-05,94.26,Home & Garden,South,Wallet,30,0
7356,1975,2023-02-03,660.4,Books,West,Net Banking,20,0
7357,2326,2026-03-14,109.83,Books,North,Net Banking,0,0
7358,2049,2023-12-17,257.65,Apparel,South,UPI,0,0
7359,1789,2024-08-05,940.12,Home & Garden,East,Credit Card,25,0
7360,1984,2024-04-09,42.33,Software,North,Credit Card,0,0
7361,1889,2023-12-14,48.15,Electronics,South,Wallet,5,0
7362,1890,2023-05-05,234.93,Electronics,West,UPI,15,0
7363,2925,2023-12-23,74.24,Apparel,North,Debit Card,0,0
7364,1070,2024-06-10,29.1,Travel,North,Net Banking,25,0
7365,1625,2024-05-12,59.2,Food & Beverage,East,Wallet,10,0
7366,1875,2026-03-22,16.48,Sports,South,Credit Card,10,1
7367,2136,2023-02-22,92.72,Health,South,Debit Card,10,0
7368,2388,2023-05-29,109.48,Food & Beverage,West,UPI,0,0
7369,2327,2024-05-17,330.94,Software,North,Net Banking,15,0
7370,1471,2025-05-19,371.15,Food & Beverage,East,Net Banking,10,0
7371,2988,2023-08-07,61.52,Apparel,West,Credit Card,0,0
7372,1091,2024-03-27,1129.03,Home & Garden,West,Credit Card,20,0
7373,1530,2023-03-24,-88.645,Software,East,Wallet,15,1
7374,1661,2026-05-26,16.78,Health,South,Net Banking,0,0
7375,1739,2025-01-07,20.28,Food & Beverage,East,Net Banking,0,0
7376,1726,2024-06-10,22.08,Books,South,Net Banking,5,0
7377,1872,2024-02-08,223.56,Home & Garden,Central,Net Banking,0,0
7378,2687,2023-10-17,677.62,Sports,North,Debit Card,20,0
7379,1192,2024-02-24,711.87,Electronics,East,UPI,25,0
7380,2987,2023-12-05,9.38,Books,West,Debit Card,5,0
7381,2576,2025-02-15,251.69,Health,South,UPI,5,0
7382,2266,2024-12-11,562.55,Apparel,North,Debit Card,20,0
7383,1138,2025-09-13,298.13,Travel,North,Wallet,0,0
7384,1345,2025-08-16,42.1,Food & Beverage,East,UPI,5,0
7385,2204,2026-05-15,110.18,Home & Garden,West,Net Banking,0,0
7386,2009,2024-11-16,28.74,Apparel,East,UPI,15,0
7387,2736,2025-11-25,220.72,Travel,West,Net Banking,15,0
7388,1503,2024-01-08,15.54,Sports,Central,Wallet,0,0
7389,1203,2025-09-20,204.89,Health,East,UPI,20,0
7390,1573,2024-06-14,38.39,Health,South,Credit Card,0,0
7391,1192,2025-07-12,139.19,Software,East,Net Banking,25,0
7392,1005,2023-01-23,66.41,Travel,East,UPI,25,1
7393,2914,2023-04-14,58.42,Travel,Central,Debit Card,15,0
7394,2261,2023-08-29,280.37,Health,Central,UPI,20,0
7395,2717,2025-10-01,562.15,Books,East,Net Banking,0,0
7396,1311,2025-06-21,31.88,Software,West,Credit Card,0,0
7397,1549,2026-03-11,112.61,Health,Central,Credit Card,0,0
7398,1056,2025-03-24,24.44,Home & Garden,Central,Debit Card,0,0
7399,1443,2024-10-16,51.8,Food & Beverage,West,Wallet,10,0
7400,2261,2025-02-21,37.63,Home & Garden,North,Credit Card,20,0
7401,1870,2023-11-03,19.87,Food & Beverage,Central,Wallet,5,0
7402,2885,2023-01-08,320.89,Travel,Central,Net Banking,10,0
7403,2221,2025-12-28,101.92,Software,West,UPI,0,0
7404,1585,2024-07-28,46.71,Apparel,West,Wallet,25,0
7405,2595,2025-12-27,83.95,Food & Beverage,East,Net Banking,10,0
7406,1752,2025-06-30,378.26,Home & Garden,East,Net Banking,15,0
7407,2538,2024-06-01,308.95,Health,North,Net Banking,30,0
7408,2473,2026-02-16,175.91,Sports,North,Debit Card,20,0
7409,1360,2025-11-20,40.32,Books,North,Debit Card,5,0
7410,2724,2024-04-27,103.88,Food & Beverage,South,Wallet,20,0
7411,1819,2023-07-26,24.31,Travel,West,Net Banking,10,0
7412,1030,2024-10-30,81.07,Apparel,Central,Wallet,15,0
7413,2803,2024-08-01,291.06,Sports,West,Credit Card,10,0
7414,1108,2024-01-22,363.53,Sports,West,Wallet,0,0
7415,1844,2024-02-16,41.62,Food & Beverage,North,UPI,0,1
7416,2959,2025-06-09,244.48,Sports,West,Net Banking,10,1
7417,2626,2025-06-24,191.07,Books,South,Wallet,20,0
7418,1717,2025-08-20,67.44,Books,Central,Debit Card,5,0
7419,1891,2025-08-22,220.38,Travel,North,UPI,5,0
7420,2992,2023-05-20,392.11,Sports,East,Wallet,0,0
7421,2983,2023-10-27,249.83,Food & Beverage,Central,Wallet,0,0
7422,1960,2025-11-02,25.42,Health,East,Wallet,10,0
7423,2469,2024-10-25,64.47,Travel,East,Debit Card,10,1
7424,1893,2025-04-04,145.41,Software,West,Wallet,30,0
7425,2462,2024-02-04,34.32,Travel,Central,Credit Card,5,0
7426,1732,2025-09-18,583.79,Sports,South,Credit Card,5,0
7427,2914,2026-02-06,131.12,Sports,West,Credit Card,0,0
7428,1606,2023-05-29,52.23,Books,East,Wallet,0,0
7429,1457,2023-11-03,48.46,Home & Garden,Central,UPI,15,0
7430,1615,2025-12-19,39.09,Apparel,West,Debit Card,20,0
7431,2759,2024-03-10,209.98,Apparel,Central,Credit Card,20,0
7432,1698,2023-01-21,242.2,Software,North,Credit Card,5,1
7433,2720,2025-05-24,40.58,Travel,South,UPI,15,0
7434,2519,2024-01-17,524.85,Food & Beverage,South,Credit Card,0,0
7435,1674,2023-09-02,56.58,Software,South,Debit Card,0,0
7436,2271,2026-01-01,34.59,Books,East,UPI,30,0
7437,1543,2026-01-04,159.6,Electronics,East,Net Banking,20,0
7438,2588,2024-11-28,21.34,Travel,South,Debit Card,0,0
7439,1857,2024-08-12,17.49,Home & Garden,Central,Debit Card,5,1
7440,2612,2024-01-25,28.68,Software,North,Wallet,10,0
7441,1897,2024-07-21,35.08,Electronics,East,Net Banking,0,0
7442,2463,2023-09-16,221.27,Home & Garden,West,Net Banking,30,0
7443,1278,2024-03-01,19.0,Electronics,West,UPI,0,0
7444,1552,2025-10-26,140.13,Electronics,East,Credit Card,20,0
7445,2637,2023-01-06,247.11,Food & Beverage,South,Net Banking,30,0
7446,1111,2023-07-10,509.6,Sports,Central,UPI,15,0
7447,1385,2023-05-28,49.89,Sports,North,Net Banking,30,0
7448,2857,2024-02-09,54.86,Books,West,Debit Card,0,0
7449,1761,2023-09-15,1036.64,Home & Garden,East,Net Banking,0,0
7450,2215,2024-12-30,456.59,Apparel,Central,Credit Card,5,0
7451,2514,2023-03-31,64.75,Travel,South,UPI,15,0
7452,1694,2025-04-03,356.38,Health,North,Credit Card,10,0
7453,2450,2023-01-10,121.14,Sports,North,Wallet,15,0
7454,1405,2026-01-15,91.8,Apparel,West,Credit Card,0,0
7455,2359,2025-04-17,1772.07,Software,West,Credit Card,20,0
7456,2233,2026-03-20,326.93,Travel,East,UPI,20,0
7457,1022,2025-09-14,866.25,Sports,North,Debit Card,15,0
7458,1678,2024-09-16,25.16,Books,South,Net Banking,20,0
7459,1611,2023-01-30,778.32,Food & Beverage,South,Net Banking,0,0
7460,2232,2023-05-08,74.62,Sports,East,UPI,0,0
7461,1008,2026-01-06,73.47,Apparel,North,UPI,20,0
7462,1702,2024-02-25,143.71,Books,West,Debit Card,30,0
7463,2711,2025-12-14,166.47,Electronics,South,Debit Card,5,0
7464,2809,2023-11-01,-88.645,Health,Central,Wallet,5,0
7465,1529,2024-06-29,259.87,Software,East,Net Banking,15,0
7466,1602,2026-02-02,41.1,Home & Garden,South,Net Banking,5,0
7467,2677,2026-04-10,27.23,Food & Beverage,Central,Wallet,0,0
7468,1657,2023-01-22,71.55,Software,Central,UPI,0,0
7469,1166,2024-01-26,88.58,Sports,South,Net Banking,0,0
7470,1849,2024-09-08,100.17,Food & Beverage,East,Credit Card,10,0
7471,1496,2023-05-29,464.19,Home & Garden,Central,UPI,0,0
7472,1590,2023-10-26,112.32,Software,Central,UPI,20,0
7473,1429,2023-06-21,2131.4,Health,North,Debit Card,30,0
7474,1774,2023-02-16,510.29,Health,North,Wallet,5,0
7475,1163,2024-09-17,62.7,Sports,North,UPI,0,0
7476,1366,2023-07-26,10.69,Food & Beverage,Central,Debit Card,10,0
7477,2550,2024-03-28,1580.81,Travel,Central,Credit Card,10,0
7478,2263,2025-07-13,64.14,Food & Beverage,East,Credit Card,0,0
7479,1072,2025-01-23,274.4,Food & Beverage,West,Net Banking,10,0
7480,2469,2024-12-08,40.42,Sports,North,Wallet,0,0
7481,1655,2025-10-05,613.0,Travel,West,Wallet,20,0
7482,2846,2024-11-06,248.97,Travel,North,Debit Card,10,0
7483,2533,2026-04-14,24.42,Software,North,Net Banking,5,1
7484,2819,2025-05-04,8.62,Food & Beverage,East,Wallet,30,0
7485,1269,2025-02-21,112.89,Apparel,East,Net Banking,5,0
7486,2777,2026-02-07,163.46,Sports,South,Debit Card,20,0
7487,1415,2024-11-14,224.81,Sports,North,Net Banking,0,0
7488,2269,2025-08-20,35.4,Travel,North,UPI,5,0
7489,2016,2025-05-13,41.57,Books,North,UPI,0,0
7490,1675,2026-05-10,9.32,Sports,East,UPI,5,0
7491,2084,2023-06-17,46.41,Travel,North,UPI,20,0
7492,1006,2023-03-27,12.71,Home & Garden,South,Credit Card,20,0
7493,2733,2025-04-28,38.28,Apparel,Central,Credit Card,30,0
7494,1982,2025-12-10,133.46,Sports,South,Wallet,15,0
7495,1570,2026-02-09,131.17,Electronics,Central,Credit Card,0,0
7496,2841,2024-03-17,40.09,Electronics,East,Net Banking,0,0
7497,1407,2023-09-28,124.77,Books,West,Net Banking,0,0
7498,2241,2023-12-10,530.4,Electronics,East,Credit Card,10,0
7499,2954,2026-04-21,64.47,Sports,West,Net Banking,0,0
7500,1026,2024-05-17,19.4,Travel,Central,Wallet,5,0
7501,2839,2025-10-30,231.07,Travel,West,Debit Card,20,0
7502,2029,2024-05-08,333.76,Apparel,Central,Credit Card,15,0
7503,1986,2026-06-11,39.03,Home & Garden,West,UPI,0,0
7504,2556,2023-09-01,39.38,Home & Garden,Central,Net Banking,0,0
7505,1390,2023-09-24,8.33,Electronics,West,Net Banking,20,0
7506,1710,2025-06-11,51.78,Home & Garden,Central,Debit Card,30,0
7507,1571,2023-07-20,29.75,Travel,South,Wallet,0,0
7508,2472,2023-08-27,14.48,Food & Beverage,North,Net Banking,30,0
7509,1754,2025-07-03,,Books,South,UPI,5,0
7510,1146,2025-08-26,89.49,Software,East,Debit Card,25,0
7511,2412,2024-04-28,71.85,Health,West,Net Banking,15,0
7512,1785,2023-09-03,61.03,Food & Beverage,Central,UPI,25,1
7513,2273,2025-10-28,560.72,Books,South,Net Banking,10,0
7514,1526,2023-06-01,130.18,Books,South,UPI,0,0
7515,2486,2023-07-30,196.54,Software,Central,Debit Card,0,0
7516,1013,2024-01-02,790.58,Food & Beverage,West,Wallet,10,0
7517,1903,2025-08-01,294.21,Sports,East,Credit Card,0,0
7518,1384,2023-03-27,64.82,Sports,East,Credit Card,0,0
7519,1556,2025-12-14,9.74,Sports,East,Wallet,0,0
7520,1887,2024-03-21,57.65,Food & Beverage,Central,Net Banking,5,1
7521,2423,2024-09-11,516.24,Electronics,South,Debit Card,10,0
7522,1019,2023-10-31,291.73,Software,East,UPI,25,0
7523,1575,2023-05-12,57.93,Apparel,South,Debit Card,25,0
7524,2515,2025-06-22,81.87,Apparel,East,Wallet,30,0
7525,1751,2025-09-14,104.94,Books,East,Net Banking,15,0
7526,2004,2026-05-06,42.98,Sports,West,Net Banking,25,0
7527,1419,2023-02-16,46.18,Home & Garden,Central,Wallet,15,0
7528,2361,2025-01-26,41.32,Books,West,Debit Card,25,0
7529,1419,2026-05-11,162.52,Health,South,Credit Card,0,0
7530,2939,2024-11-20,25.35,Apparel,South,Debit Card,30,0
7531,2940,2025-11-13,507.88,Food & Beverage,Central,Net Banking,0,0
7532,2636,2024-11-17,89.35,Sports,East,Net Banking,10,0
7533,2699,2025-02-24,23.88,Apparel,Central,Wallet,5,0
7534,2952,2023-12-06,308.34,Electronics,East,Debit Card,10,0
7535,1122,2024-02-16,544.76,Travel,North,Credit Card,15,0
7536,1432,2023-10-13,3902.34,Books,North,Debit Card,5,0
7537,1044,2026-01-14,466.35,Apparel,Central,Net Banking,10,0
7538,2896,2025-04-29,31.49,Travel,North,Debit Card,5,0
7539,2944,2024-03-05,115.82,Home & Garden,North,Net Banking,0,0
7540,2341,2023-01-31,1871.45,Health,South,Net Banking,10,0
7541,1381,2024-08-25,35.38,Apparel,East,UPI,10,0
7542,1145,2024-03-15,19.61,Health,North,Credit Card,10,1
7543,2351,2025-09-11,56.38,Sports,West,Wallet,0,1
7544,1363,2024-02-16,26.64,Electronics,South,Credit Card,5,0
7545,2074,2024-06-11,43.42,Books,East,Debit Card,20,0
7546,2089,2023-11-06,40.71,Sports,South,UPI,0,0
7547,1355,2025-08-06,212.57,Travel,West,Net Banking,5,1
7548,1800,2024-11-04,18.99,Electronics,East,Credit Card,0,1
7549,2188,2024-03-12,105.32,Apparel,Central,Net Banking,5,1
7550,2165,2024-12-04,35.95,Books,Central,Net Banking,0,0
7551,2990,2024-10-24,174.16,Apparel,South,UPI,20,0
7552,1826,2023-12-31,198.47,Electronics,Central,Credit Card,0,0
7553,2152,2025-07-11,262.73,Food & Beverage,East,UPI,30,0
7554,1398,2023-04-23,262.68,Sports,West,Net Banking,10,0
7555,2957,2023-06-25,42.72,Books,West,Credit Card,5,0
7556,1880,2026-03-18,89.55,Home & Garden,Central,Net Banking,20,0
7557,1463,2026-04-16,525.1,Food & Beverage,North,Net Banking,0,0
7558,2775,2025-07-24,152.98,Sports,North,Credit Card,0,0
7559,2860,2024-01-17,261.09,Food & Beverage,North,Wallet,20,0
7560,1808,2026-05-31,20.9,Books,Central,UPI,25,0
7561,1187,2026-04-27,282.68,Apparel,Central,Debit Card,20,0
7562,2744,2023-11-02,9.36,Sports,Central,Net Banking,0,0
7563,1732,2024-08-24,14.37,Apparel,East,UPI,10,0
7564,2936,2023-12-09,30.59,Books,North,UPI,5,0
7565,2214,2023-06-05,150.01,Home & Garden,South,Credit Card,20,0
7566,2412,2024-12-12,184.21,Food & Beverage,East,Credit Card,0,0
7567,1429,2025-12-14,33.89,Books,East,Credit Card,25,0
7568,1858,2026-05-08,8.94,Apparel,Central,UPI,0,0
7569,2308,2024-02-07,282.65,Travel,Central,Credit Card,0,0
7570,2888,2024-09-05,182.2,Food & Beverage,East,Debit Card,0,0
7571,1237,2025-03-07,150.41,Software,Central,UPI,0,0
7572,2218,2024-09-14,908.68,Home & Garden,North,Credit Card,0,0
7573,2311,2024-08-25,107.77,Sports,East,Net Banking,0,0
7574,1771,2023-06-26,27.38,Travel,East,UPI,15,0
7575,1758,2024-03-24,443.42,Health,East,Wallet,15,0
7576,1136,2025-01-12,55.2,Travel,Central,Wallet,20,0
7577,1792,2023-10-28,79.34,Software,East,UPI,0,0
7578,2807,2024-12-07,47.29,Travel,South,UPI,0,0
7579,1171,2023-11-03,33.15,Travel,South,Wallet,0,0
7580,1159,2025-01-20,54.28,Food & Beverage,North,Net Banking,5,0
7581,1201,2025-05-18,558.22,Apparel,East,Net Banking,25,0
7582,2511,2023-08-02,25.03,Health,East,Net Banking,5,0
7583,2581,2024-04-27,324.87,Sports,Central,Debit Card,20,0
7584,1962,2025-12-26,9.79,Home & Garden,West,Debit Card,25,0
7585,2800,2023-05-13,614.71,Sports,West,Net Banking,0,0
7586,1583,2024-05-26,697.07,Sports,East,Wallet,0,0
7587,2528,2023-07-30,26.35,Home & Garden,North,Debit Card,15,0
7588,1876,2025-09-14,98.96,Software,South,Credit Card,10,0
7589,1371,2025-09-13,194.93,Home & Garden,East,Debit Card,0,0
7590,1103,2024-12-17,43.6,Apparel,East,Wallet,0,0
7591,2002,2023-09-10,862.03,Electronics,North,Wallet,0,0
7592,2149,2023-02-07,92.38,Electronics,North,UPI,20,0
7593,2337,2025-12-02,48.22,Books,West,Wallet,0,0
7594,1976,2024-09-20,98.95,Books,East,Net Banking,0,0
7595,1798,2025-09-13,37.21,Software,East,Wallet,15,0
7596,2482,2023-02-15,92.31,Sports,Central,Debit Card,5,0
7597,2254,2023-11-01,52.47,Books,South,Debit Card,15,0
7598,1658,2023-08-21,35.35,Food & Beverage,Central,Debit Card,25,0
7599,1882,2023-09-02,234.38,Health,Central,Wallet,0,0
7600,2221,2025-01-29,11.81,Software,South,Net Banking,0,0
7601,2909,2025-04-18,746.46,Food & Beverage,East,Net Banking,0,0
7602,1733,2023-06-07,118.68,Electronics,West,UPI,0,0
7603,1423,2025-10-21,825.98,Travel,South,Credit Card,0,0
7604,1572,2023-08-05,285.55,Apparel,North,Net Banking,20,0
7605,2634,2025-07-16,17.95,Software,East,Debit Card,25,0
7606,1171,2024-05-21,97.99,Health,South,UPI,10,0
7607,2406,2025-01-30,10.44,Health,South,Net Banking,15,1
7608,1173,2025-06-22,30.44,Books,South,Net Banking,15,0
7609,1663,2024-08-03,76.39,Travel,West,Credit Card,0,0
7610,1453,2025-11-19,38.62,Electronics,Central,Credit Card,0,0
7611,1350,2024-09-18,50.82,Home & Garden,Central,Credit Card,10,0
7612,2926,2024-06-03,40.43,Software,South,Net Banking,0,0
7613,2976,2023-10-02,1306.2,Electronics,South,Net Banking,20,0
7614,2658,2024-05-06,103.82,Travel,Central,Debit Card,10,0
7615,1494,2025-04-06,190.22,Food & Beverage,West,Wallet,0,0
7616,1620,2025-08-08,84.59,Books,East,Credit Card,10,0
7617,2028,2025-07-14,134.94,Food & Beverage,Central,Debit Card,10,0
7618,2117,2025-04-26,7.64,Books,South,Debit Card,0,0
7619,1919,2025-11-25,668.37,Software,West,UPI,20,0
7620,1006,2025-12-03,37.86,Apparel,West,Debit Card,0,0
7621,1288,2026-03-24,356.01,Food & Beverage,South,Credit Card,0,0
7622,2642,2026-01-05,373.02,Sports,North,Wallet,10,0
7623,2170,2023-02-08,10.4,Home & Garden,West,Debit Card,15,0
7624,2807,2023-08-27,96.28,Books,Central,Net Banking,0,0
7625,2448,2025-11-02,146.41,Apparel,North,Net Banking,0,0
7626,2914,2023-05-02,102.69,Home & Garden,East,Debit Card,0,0
7627,1608,2023-05-24,89.92,Health,Central,Credit Card,0,0
7628,1457,2024-11-14,53.36,Electronics,South,Wallet,25,0
7629,2765,2024-03-30,38.22,Apparel,North,Wallet,20,0
7630,2226,2024-01-03,320.43,Home & Garden,Central,Credit Card,10,0
7631,2236,2025-01-28,145.08,Health,West,Net Banking,15,0
7632,2030,2023-09-04,112.44,Sports,South,Net Banking,10,0
7633,1624,2025-07-11,13.18,Travel,North,UPI,15,0
7634,1376,2025-12-04,66.15,Travel,West,Debit Card,0,0
7635,2915,2025-02-03,84.18,Electronics,South,Debit Card,5,0
7636,1447,2024-01-10,246.89,Books,South,Net Banking,10,0
7637,1835,2023-07-26,11.11,Electronics,North,Debit Card,5,0
7638,2130,2024-06-02,24.17,Health,North,Credit Card,15,0
7639,2675,2023-08-30,779.36,Sports,North,Wallet,25,0
7640,1811,2026-02-11,34.58,Travel,Central,UPI,10,0
7641,2425,2025-03-29,9.76,Travel,South,Credit Card,0,0
7642,2120,2023-10-29,38.95,Software,East,Credit Card,10,0
7643,2412,2026-01-24,34.72,Food & Beverage,West,Credit Card,10,0
7644,1959,2024-12-01,196.64,Health,North,Debit Card,0,0
7645,2476,2023-10-15,193.76,Health,South,Wallet,0,0
7646,1849,2023-06-03,,Books,West,UPI,10,0
7647,1809,2024-02-27,57.13,Health,East,Net Banking,15,0
7648,1979,2025-04-29,171.46,Software,West,Credit Card,20,0
7649,2925,2023-02-19,178.49,Sports,East,Credit Card,15,0
7650,1416,2026-05-15,26.01,Apparel,North,Credit Card,0,0
7651,1726,2024-07-17,29.7,Travel,Central,Net Banking,0,0
7652,2528,2025-05-03,1140.93,Health,East,Debit Card,0,0
7653,1454,2025-06-01,65.91,Food & Beverage,North,Debit Card,15,0
7654,2315,2024-10-23,540.31,Health,West,Wallet,0,0
7655,2558,2024-07-18,118.43,Home & Garden,West,Debit Card,0,0
7656,2217,2023-08-01,334.97,Food & Beverage,West,Debit Card,0,0
7657,1150,2025-12-25,190.63,Health,Central,UPI,0,0
7658,2904,2026-06-09,110.52,Health,South,UPI,0,0
7659,1759,2025-03-21,108.96,Books,East,Debit Card,15,1
7660,1779,2025-04-29,20.31,Home & Garden,South,UPI,0,0
7661,1973,2026-03-06,,Apparel,West,Wallet,0,0
7662,1763,2025-05-30,48.11,Health,Central,Debit Card,20,0
7663,2002,2025-12-24,60.74,Sports,North,UPI,5,0
7664,2539,2026-03-01,57.77,Apparel,Central,Net Banking,5,0
7665,2417,2023-11-30,109.39,Travel,South,UPI,0,0
7666,2340,2023-02-01,193.55,Apparel,West,UPI,0,0
7667,1076,2025-05-17,76.32,Food & Beverage,East,Net Banking,15,0
7668,1599,2025-06-16,283.12,Sports,Central,Wallet,0,0
7669,2294,2026-06-20,54.68,Software,South,Net Banking,0,0
7670,1225,2026-04-30,99.89,Books,South,Wallet,5,0
7671,2554,2026-03-11,1859.47,Sports,North,Net Banking,0,0
7672,1113,2024-08-23,21.29,Travel,East,Wallet,15,0
7673,1251,2025-09-14,54.29,Home & Garden,South,Wallet,0,0
7674,2257,2026-04-29,10.2,Software,East,Credit Card,0,0
7675,1841,2026-03-18,118.41,Travel,West,Credit Card,5,0
7676,2815,2024-08-21,91.82,Travel,Central,UPI,10,0
7677,1714,2024-06-03,104.68,Books,South,Net Banking,15,0
7678,2107,2025-05-18,30.15,Electronics,West,Wallet,0,0
7679,1125,2023-01-16,36.09,Software,North,Credit Card,0,0
7680,2199,2026-02-03,96.05,Apparel,East,UPI,0,0
7681,2093,2023-10-10,16.72,Electronics,West,UPI,15,0
7682,2071,2026-02-01,259.25,Food & Beverage,East,UPI,0,0
7683,1884,2023-12-27,16.96,Electronics,East,Credit Card,10,0
7684,2280,2025-11-24,75.1,Health,South,Debit Card,5,0
7685,2751,2023-04-23,53.36,Health,East,UPI,10,1
7686,1030,2023-11-04,49.4,Electronics,West,Debit Card,0,0
7687,1281,2025-08-16,13.11,Books,North,Debit Card,0,0
7688,1924,2025-12-12,85.37,Home & Garden,South,Debit Card,0,0
7689,2261,2026-01-09,21.12,Apparel,Central,UPI,0,0
7690,2272,2025-04-13,106.51,Books,North,Wallet,0,1
7691,1368,2023-08-30,36.18,Books,West,Debit Card,25,0
7692,1495,2023-01-31,84.75,Apparel,South,Credit Card,25,0
7693,2049,2024-12-04,10.24,Food & Beverage,East,Credit Card,0,0
7694,2610,2025-05-18,269.01,Health,North,Debit Card,0,0
7695,1718,2023-08-21,335.5,Electronics,South,Debit Card,0,0
7696,2514,2025-11-23,46.41,Home & Garden,Central,Debit Card,15,0
7697,2017,2026-06-20,2595.91,Sports,Central,Credit Card,20,0
7698,2518,2025-08-08,224.27,Apparel,Central,Net Banking,5,0
7699,2338,2023-02-28,66.03,Books,South,Wallet,5,1
7700,1606,2025-02-09,49.94,Sports,North,Net Banking,5,0
7701,1375,2026-01-06,35.25,Apparel,East,Credit Card,0,0
7702,1639,2024-12-18,44.31,Electronics,North,Credit Card,0,0
7703,2961,2023-10-29,78.9,Travel,East,UPI,10,0
7704,2049,2025-03-13,85.41,Apparel,North,Net Banking,15,0
7705,2358,2025-06-15,16.7,Sports,North,Debit Card,15,0
7706,2379,2023-04-22,457.46,Books,South,Debit Card,25,0
7707,1116,2023-11-13,231.39,Apparel,Central,Credit Card,20,0
7708,1048,2026-03-14,826.08,Software,Central,UPI,0,0
7709,2762,2024-10-29,139.98,Apparel,Central,Net Banking,0,0
7710,2802,2024-11-20,316.1,Food & Beverage,Central,UPI,5,0
7711,1099,2023-01-18,20.08,Health,North,Wallet,0,1
7712,2483,2026-03-24,185.43,Food & Beverage,Central,UPI,15,0
7713,2547,2025-02-16,10.49,Sports,North,Wallet,0,0
7714,2621,2023-12-26,28.05,Electronics,East,Net Banking,25,0
7715,1405,2023-11-28,1822.31,Apparel,West,Debit Card,30,0
7716,2238,2024-06-11,59.15,Food & Beverage,West,Wallet,0,0
7717,1685,2023-01-12,87.97,Travel,East,Debit Card,5,0
7718,1903,2026-01-03,209.0,Home & Garden,North,UPI,20,0
7719,1503,2023-07-31,85.92,Health,Central,UPI,0,0
7720,2745,2024-10-02,26.42,Software,South,Net Banking,10,0
7721,2472,2023-10-10,27.22,Sports,North,Debit Card,15,0
7722,1894,2026-05-03,235.51,Health,North,Net Banking,0,1
7723,2600,2025-02-18,128.76,Health,East,Wallet,0,0
7724,1258,2025-11-19,245.59,Software,East,UPI,10,0
7725,1844,2025-10-29,182.16,Home & Garden,South,UPI,10,0
7726,1121,2024-11-07,96.79,Electronics,Central,UPI,10,0
7727,1810,2024-12-05,91.45,Travel,West,UPI,0,0
7728,1978,2024-03-01,101.1,Sports,Central,UPI,10,0
7729,1054,2024-08-13,58.18,Apparel,Central,Wallet,5,0
7730,2019,2023-04-01,59.0,Books,North,Wallet,5,0
7731,2355,2024-03-31,164.41,Sports,South,Net Banking,15,0
7732,1784,2024-03-19,507.17,Electronics,North,Credit Card,0,0
7733,1241,2023-03-20,12.05,Health,East,UPI,0,0
7734,2779,2025-07-15,1579.71,Sports,West,UPI,5,0
7735,2554,2023-04-13,206.68,Travel,South,Credit Card,25,0
7736,1483,2024-09-14,151.81,Software,South,Net Banking,0,0
7737,2013,2025-09-16,,Travel,Central,Wallet,5,0
7738,1187,2026-06-24,38.31,Electronics,North,UPI,0,0
7739,2882,2023-08-22,187.46,Travel,Central,Net Banking,10,0
7740,1656,2024-10-05,121.64,Books,Central,Credit Card,0,1
7741,1262,2026-06-12,19.1,Electronics,South,Wallet,10,0
7742,1953,2025-02-28,31.99,Software,West,Wallet,0,0
7743,2388,2024-01-22,37.05,Software,East,Net Banking,0,0
7744,1491,2025-04-26,33.44,Health,Central,Debit Card,0,0
7745,1431,2023-02-07,124.68,Health,West,Debit Card,15,0
7746,1239,2026-03-30,26.34,Electronics,Central,Debit Card,0,0
7747,1304,2026-02-14,229.24,Software,West,Credit Card,0,0
7748,1298,2023-08-29,15.14,Electronics,North,Debit Card,5,0
7749,1076,2025-11-15,290.45,Health,East,Net Banking,0,0
7750,2724,2024-07-15,3539.17,Software,South,Wallet,0,0
7751,2357,2025-03-16,229.18,Software,North,Net Banking,10,0
7752,2924,2023-10-25,46.87,Books,Central,Net Banking,10,0
7753,1999,2025-03-15,49.39,Food & Beverage,Central,UPI,0,0
7754,2782,2023-06-03,23.38,Apparel,East,Credit Card,0,0
7755,1642,2025-01-01,328.34,Apparel,East,Wallet,0,0
7756,2498,2024-04-12,109.47,Software,East,UPI,25,0
7757,1827,2023-02-18,10.26,Electronics,Central,Credit Card,10,0
7758,2947,2023-02-15,15.74,Books,Central,Wallet,20,0
7759,1283,2025-02-18,10.93,Health,South,UPI,15,0
7760,1591,2023-03-23,224.74,Food & Beverage,East,Debit Card,30,0
7761,1072,2025-12-03,27.05,Food & Beverage,West,Net Banking,30,0
7762,2287,2025-08-12,244.85,Food & Beverage,South,Debit Card,0,0
7763,1703,2023-09-30,46.07,Travel,West,Wallet,0,0
7764,2903,2024-01-29,232.99,Health,North,UPI,5,0
7765,2911,2025-02-28,66.1,Books,East,UPI,0,0
7766,2966,2024-08-17,281.41,Apparel,South,UPI,5,1
7767,1575,2023-02-27,34.79,Food & Beverage,South,Net Banking,0,0
7768,2000,2024-07-18,37.28,Books,North,UPI,25,0
7769,1892,2023-01-01,52.12,Sports,North,Credit Card,15,0
7770,1012,2023-08-04,244.82,Books,North,Credit Card,10,0
7771,1141,2026-06-05,24.57,Software,South,Credit Card,5,0
7772,2790,2025-02-04,45.06,Apparel,Central,Debit Card,5,0
7773,2579,2024-11-01,66.69,Food & Beverage,West,Wallet,10,0
7774,1017,2024-05-25,145.31,Software,West,Debit Card,5,0
7775,2087,2025-07-03,55.95,Books,North,Debit Card,5,0
7776,1253,2023-04-05,180.04,Food & Beverage,Central,Net Banking,10,0
7777,1465,2024-05-07,36.69,Sports,Central,Debit Card,15,0
7778,1376,2025-02-03,294.95,Books,North,Net Banking,10,0
7779,2828,2025-10-18,223.14,Travel,East,Credit Card,0,0
7780,1981,2023-05-30,45.27,Electronics,South,Credit Card,5,0
7781,1520,2025-11-12,213.73,Electronics,East,Debit Card,0,0
7782,2861,2025-01-25,24.29,Sports,Central,Debit Card,5,0
7783,1090,2026-05-23,,Home & Garden,North,Credit Card,15,0
7784,1720,2024-02-03,34.9,Books,South,UPI,0,0
7785,1804,2024-02-14,131.1,Travel,West,Credit Card,0,0
7786,1796,2023-05-11,73.42,Electronics,Central,UPI,20,0
7787,1630,2025-05-04,36.2,Books,South,Credit Card,10,0
7788,2885,2023-05-28,13.66,Books,South,Wallet,10,0
7789,2199,2024-01-16,69.45,Apparel,East,Net Banking,0,0
7790,1076,2026-02-06,376.77,Books,West,Net Banking,5,0
7791,2637,2024-07-05,126.61,Travel,East,Wallet,15,0
7792,1926,2026-02-18,13.78,Health,East,UPI,20,0
7793,2687,2023-10-22,68.01,Apparel,East,Debit Card,30,0
7794,1400,2026-02-17,374.7,Food & Beverage,East,Debit Card,20,0
7795,2806,2024-03-31,62.07,Electronics,Central,Net Banking,0,0
7796,1970,2023-06-18,28.01,Home & Garden,West,Debit Card,0,0
7797,2095,2024-12-10,732.72,Food & Beverage,East,UPI,15,0
7798,2204,2026-03-12,24.61,Software,Central,Debit Card,5,0
7799,2148,2023-02-06,68.61,Electronics,Central,Credit Card,5,0
7800,2405,2023-08-19,43.03,Food & Beverage,South,Wallet,15,0
7801,2317,2023-09-11,197.04,Apparel,South,Net Banking,20,0
7802,1797,2023-11-25,160.41,Software,North,Debit Card,15,0
7803,1195,2025-09-06,30.74,Apparel,Central,UPI,0,0
7804,2935,2023-01-10,38.88,Home & Garden,North,Debit Card,0,0
7805,1228,2024-03-21,106.34,Apparel,Central,Wallet,0,0
7806,2455,2025-07-10,116.97,Sports,East,Credit Card,15,0
7807,2966,2025-04-15,68.4,Sports,East,Net Banking,0,0
7808,2460,2026-06-07,62.25,Electronics,North,Net Banking,0,0
7809,2811,2023-03-19,20.61,Travel,East,UPI,20,0
7810,1461,2023-07-12,829.07,Books,East,Credit Card,0,0
7811,1618,2024-02-05,193.65,Travel,South,Debit Card,30,0
7812,2045,2023-04-19,90.66,Food & Beverage,East,Debit Card,20,0
7813,1064,2025-03-02,290.45,Apparel,South,UPI,30,1
7814,1165,2023-09-20,70.47,Health,West,Credit Card,20,0
7815,1027,2023-11-25,33.88,Software,Central,UPI,0,1
7816,2335,2023-12-29,136.34,Health,South,Wallet,5,0
7817,2012,2023-09-16,106.36,Books,South,Wallet,25,0
7818,1285,2023-03-26,677.35,Sports,South,Debit Card,0,0
7819,2684,2023-11-04,37.17,Travel,Central,Wallet,0,0
7820,1281,2023-09-19,28.35,Food & Beverage,Central,UPI,5,0
7821,1838,2025-03-07,1120.45,Books,Central,Net Banking,5,0
7822,1831,2024-09-22,372.95,Health,East,Wallet,25,0
7823,2188,2024-11-10,193.26,Home & Garden,South,UPI,0,0
7824,2922,2025-05-14,39.64,Software,Central,Net Banking,0,0
7825,1918,2026-06-28,148.6,Sports,West,Net Banking,5,0
7826,1224,2023-11-20,19.13,Sports,Central,Wallet,0,0
7827,1784,2025-07-13,48.61,Travel,North,Credit Card,10,0
7828,2170,2026-06-06,22.28,Food & Beverage,North,Wallet,30,0
7829,1965,2024-12-27,36.46,Electronics,South,Wallet,10,0
7830,1950,2026-06-14,21.55,Apparel,South,Credit Card,5,0
7831,2892,2025-09-04,207.49,Software,South,Wallet,10,0
7832,2054,2023-08-05,768.86,Food & Beverage,East,UPI,30,1
7833,1045,2026-06-23,290.49,Health,North,Credit Card,10,0
7834,2811,2024-03-23,221.18,Software,North,UPI,0,0
7835,1471,2023-11-15,60.13,Home & Garden,South,Net Banking,25,0
7836,1034,2025-09-20,113.37,Books,North,Credit Card,10,0
7837,1653,2023-02-06,24.86,Books,North,Net Banking,0,0
7838,2451,2024-12-31,18.93,Health,East,Debit Card,0,0
7839,1830,2025-10-07,15.75,Apparel,West,Debit Card,0,0
7840,2910,2025-11-23,20.82,Sports,South,UPI,30,1
7841,1221,2023-02-08,205.33,Sports,West,Net Banking,0,0
7842,2892,2023-07-28,234.19,Travel,West,Net Banking,15,0
7843,1534,2025-04-09,30.51,Home & Garden,East,Credit Card,0,0
7844,1692,2025-05-05,128.04,Apparel,North,Debit Card,0,0
7845,2972,2026-03-21,354.37,Software,South,UPI,5,0
7846,2391,2025-06-17,75.02,Sports,Central,UPI,0,0
7847,1932,2026-05-07,36.89,Software,West,Credit Card,20,0
7848,1841,2024-08-23,54.6,Food & Beverage,West,Credit Card,5,0
7849,2767,2025-01-29,501.22,Electronics,East,UPI,5,1
7850,2011,2026-01-07,82.81,Home & Garden,West,Credit Card,20,0
7851,2939,2024-03-09,1167.79,Health,West,Net Banking,5,0
7852,2574,2025-04-21,40.4,Software,West,UPI,10,0
7853,1582,2023-02-01,49.04,Travel,East,Wallet,20,0
7854,2140,2026-01-15,16.67,Books,North,Debit Card,15,0
7855,1239,2024-01-28,325.99,Travel,West,Debit Card,10,0
7856,2359,2026-06-21,100.79,Apparel,South,Wallet,15,0
7857,1441,2026-06-09,30.56,Home & Garden,West,Wallet,0,0
7858,1148,2025-06-28,58.54,Travel,West,Net Banking,0,0
7859,2033,2023-07-11,161.18,Software,South,UPI,10,0
7860,2312,2023-09-27,33.38,Travel,East,Credit Card,0,0
7861,1388,2025-01-07,135.74,Sports,Central,Debit Card,0,0
7862,2074,2023-03-18,264.9,Food & Beverage,South,Wallet,0,0
7863,2874,2025-01-04,53.5,Books,Central,UPI,15,0
7864,2541,2025-06-02,9.64,Sports,North,Credit Card,15,0
7865,1916,2026-04-05,65.07,Software,North,Debit Card,25,0
7866,2879,2023-10-11,49.17,Home & Garden,West,UPI,10,0
7867,1638,2026-01-17,20.2,Electronics,West,Debit Card,5,0
7868,2611,2024-06-27,182.02,Health,East,Net Banking,0,0
7869,2701,2024-10-10,190.72,Travel,Central,Debit Card,15,0
7870,1278,2026-03-25,116.96,Home & Garden,North,Net Banking,5,0
7871,2978,2023-09-07,53.51,Home & Garden,North,Net Banking,20,0
7872,2860,2023-04-05,105.86,Food & Beverage,West,Net Banking,20,0
7873,1989,2023-01-17,41.26,Apparel,West,Credit Card,0,0
7874,2324,2023-04-27,204.73,Food & Beverage,East,Credit Card,0,0
7875,2826,2025-09-09,53.24,Books,West,Net Banking,25,0
7876,1589,2023-11-29,66.52,Health,West,UPI,0,1
7877,2834,2026-01-08,73.51,Software,East,Net Banking,15,0
7878,1649,2024-10-07,4539.92,Software,West,UPI,0,0
7879,1618,2026-05-11,26.48,Electronics,West,Debit Card,15,0
7880,2631,2023-04-26,51.19,Health,West,Credit Card,0,0
7881,1135,2025-08-20,13.16,Home & Garden,Central,UPI,20,0
7882,1580,2026-05-28,122.12,Sports,North,UPI,30,0
7883,2171,2026-04-07,718.65,Apparel,South,UPI,15,0
7884,1490,2025-04-26,,Electronics,North,Wallet,0,0
7885,1478,2023-11-12,41.65,Home & Garden,Central,Credit Card,10,0
7886,2183,2025-03-20,83.68,Software,South,Wallet,10,1
7887,1384,2024-01-07,311.58,Electronics,North,Debit Card,0,0
7888,1163,2025-01-29,472.36,Home & Garden,East,UPI,0,0
7889,1441,2025-05-26,25.62,Books,Central,Credit Card,20,0
7890,2877,2025-09-03,198.31,Home & Garden,East,Credit Card,25,0
7891,2213,2023-06-05,79.68,Sports,East,Credit Card,0,0
7892,1415,2024-09-05,508.27,Sports,North,UPI,0,1
7893,2363,2025-11-02,1414.11,Electronics,South,Net Banking,30,0
7894,2631,2024-05-22,800.07,Food & Beverage,West,Net Banking,0,0
7895,2205,2024-04-09,27.56,Health,West,Net Banking,15,0
7896,1288,2025-02-21,32.79,Health,Central,Wallet,0,0
7897,2858,2025-03-14,687.68,Food & Beverage,East,UPI,25,0
7898,1187,2023-08-08,79.46,Health,Central,Debit Card,10,0
7899,2908,2023-01-15,35.75,Home & Garden,North,Wallet,5,0
7900,2162,2023-04-27,17.55,Books,East,Credit Card,0,0
7901,1130,2023-11-27,106.45,Health,West,Net Banking,0,0
7902,1194,2023-02-25,54.9,Books,North,Credit Card,20,0
7903,1316,2026-03-01,143.8,Apparel,North,Wallet,0,0
7904,2809,2026-06-03,113.09,Food & Beverage,Central,Net Banking,0,0
7905,2888,2023-11-04,20.93,Health,Central,UPI,0,0
7906,1144,2023-08-10,33.75,Apparel,South,Net Banking,0,0
7907,1016,2026-04-11,279.66,Travel,West,Net Banking,10,0
7908,2326,2025-03-07,310.84,Books,West,Net Banking,30,0
7909,1423,2026-03-26,57.64,Travel,Central,Wallet,0,0
7910,1245,2023-05-31,111.19,Home & Garden,West,Net Banking,15,0
7911,1927,2026-04-16,25.82,Apparel,West,Wallet,0,0
7912,2131,2023-04-22,84.4,Health,North,Credit Card,30,0
7913,2112,2024-11-13,339.14,Books,East,UPI,5,0
7914,1129,2026-03-07,666.45,Books,East,Net Banking,20,0
7915,1907,2026-06-10,77.42,Travel,South,Wallet,0,0
7916,1887,2023-11-28,61.74,Software,East,Net Banking,20,0
7917,1341,2025-06-11,16.06,Travel,West,Net Banking,0,0
7918,1004,2023-06-10,43.9,Apparel,North,Net Banking,0,0
7919,2351,2023-10-05,82.92,Health,East,Debit Card,15,0
7920,2434,2025-06-15,73.02,Books,West,UPI,0,1
7921,2903,2024-05-11,45.56,Health,West,UPI,20,0
7922,1306,2024-10-16,374.09,Home & Garden,Central,Wallet,10,0
7923,1908,2025-11-25,147.94,Sports,Central,Credit Card,0,0
7924,1607,2023-10-30,73.8,Health,East,Credit Card,0,0
7925,2745,2024-03-13,204.47,Apparel,Central,Credit Card,0,0
7926,2249,2024-12-26,87.25,Apparel,West,Net Banking,10,0
7927,2995,2025-11-21,579.9,Electronics,West,Wallet,25,0
7928,2372,2023-07-05,34.68,Electronics,Central,Net Banking,15,0
7929,1992,2026-04-12,133.47,Electronics,North,Debit Card,10,0
7930,1321,2024-11-03,7.02,Food & Beverage,Central,Wallet,0,0
7931,1559,2026-06-27,56.26,Books,North,Wallet,20,0
7932,2205,2025-09-27,108.02,Travel,Central,Wallet,30,0
7933,1618,2023-10-06,61.23,Books,West,Debit Card,0,1
7934,1711,2024-11-13,23.9,Electronics,West,Wallet,5,0
7935,2410,2025-10-22,39.13,Travel,Central,Debit Card,0,0
7936,2642,2026-05-02,26.9,Food & Beverage,South,Credit Card,20,0
7937,2816,2026-04-04,78.0,Travel,North,Wallet,0,0
7938,2796,2025-10-07,230.93,Apparel,South,Net Banking,5,0
7939,2132,2025-07-13,59.38,Travel,West,UPI,10,0
7940,1531,2026-02-07,788.96,Food & Beverage,North,Debit Card,0,0
7941,1410,2024-01-15,118.44,Electronics,Central,Credit Card,0,0
7942,2995,2025-04-14,7.7,Electronics,North,Credit Card,15,0
7943,2320,2025-09-25,134.26,Books,North,UPI,0,1
7944,1818,2023-10-12,84.73,Health,East,Wallet,15,0
7945,2195,2024-02-25,470.07,Sports,North,Net Banking,15,1
7946,2355,2023-04-23,88.2,Books,West,UPI,5,0
7947,1493,2025-10-14,66.43,Home & Garden,South,Wallet,0,0
7948,2219,2023-08-16,1083.04,Apparel,South,Wallet,0,1
7949,1012,2024-06-11,7.19,Apparel,Central,Debit Card,5,0
7950,1195,2024-05-10,59.55,Books,East,Net Banking,0,0
7951,1490,2023-01-31,123.82,Sports,South,Net Banking,15,0
7952,1795,2023-06-11,55.74,Apparel,South,Debit Card,0,0
7953,1881,2024-12-05,7.24,Books,North,Wallet,10,0
7954,1182,2024-12-22,146.19,Software,West,Wallet,5,0
7955,1962,2024-03-21,51.96,Travel,West,Net Banking,10,0
7956,2841,2025-01-13,76.44,Software,Central,Net Banking,20,0
7957,1656,2024-03-02,407.74,Software,West,Net Banking,20,0
7958,2922,2024-05-18,129.72,Travel,South,Net Banking,0,0
7959,2340,2024-12-21,42.78,Software,North,Wallet,10,0
7960,1694,2024-11-14,144.36,Sports,West,Net Banking,10,0
7961,1030,2024-08-04,54.09,Travel,East,Wallet,10,0
7962,2620,2025-11-23,62.53,Apparel,East,Debit Card,0,0
7963,2702,2025-01-05,223.36,Software,East,Credit Card,0,0
7964,2820,2024-11-21,41.68,Software,West,Debit Card,5,0
7965,2817,2025-01-27,176.6,Home & Garden,North,Debit Card,0,0
7966,2120,2025-01-23,68.3,Food & Beverage,West,UPI,15,0
7967,2405,2023-01-24,48.93,Health,South,Debit Card,15,0
7968,1778,2026-05-24,49.14,Home & Garden,West,UPI,0,0
7969,1444,2023-02-24,43.09,Books,East,UPI,5,0
7970,1298,2025-11-15,100.19,Electronics,East,UPI,10,0
7971,1808,2025-03-14,64.74,Home & Garden,North,Debit Card,20,1
7972,2761,2023-11-23,465.64,Travel,Central,Credit Card,30,0
7973,1845,2025-08-27,31.05,Home & Garden,East,UPI,0,0
7974,2016,2023-07-05,172.73,Travel,East,Net Banking,5,1
7975,2385,2024-05-09,354.93,Software,Central,Net Banking,20,0
7976,2398,2025-11-01,717.77,Food & Beverage,West,Wallet,15,0
7977,1554,2024-03-09,33.98,Health,East,Net Banking,5,1
7978,1303,2023-07-27,307.74,Food & Beverage,North,Net Banking,0,0
7979,1421,2023-05-13,115.25,Travel,West,UPI,10,0
7980,2270,2026-05-04,318.2,Health,West,Debit Card,0,0
7981,2744,2024-01-04,41.53,Electronics,East,Net Banking,5,0
7982,2261,2026-01-31,78.3,Home & Garden,West,Debit Card,0,0
7983,2558,2026-04-21,58.18,Home & Garden,West,Credit Card,0,0
7984,1185,2024-02-27,52.41,Home & Garden,North,Net Banking,15,0
7985,1468,2025-10-29,94.57,Sports,West,Credit Card,15,0
7986,1754,2023-09-01,1797.01,Electronics,East,Credit Card,5,1
7987,1363,2025-02-20,200.87,Apparel,East,Wallet,0,1
7988,2307,2024-09-15,59.07,Books,Central,Debit Card,20,0
7989,2577,2024-07-20,63.41,Food & Beverage,South,Debit Card,0,0
7990,1336,2024-06-10,176.81,Software,Central,Wallet,5,1
7991,1162,2023-02-06,72.0,Apparel,North,UPI,10,0
7992,2184,2023-06-27,72.3,Software,North,Wallet,20,0
7993,2498,2024-09-30,23.78,Health,East,Wallet,10,0
7994,2625,2025-05-01,85.07,Software,South,Wallet,0,0
7995,2346,2023-03-13,4.35,Sports,Central,Credit Card,0,0
7996,1012,2023-12-18,10.78,Health,South,Debit Card,0,0
7997,2448,2024-09-14,59.12,Electronics,East,UPI,10,0
7998,2097,2026-03-18,198.81,Travel,West,Net Banking,0,0
7999,1588,2023-04-15,622.43,Health,East,Net Banking,0,0
8000,2882,2023-08-09,145.71,Health,East,Net Banking,0,0
8001,1201,2025-05-12,170.9,Apparel,South,UPI,10,0
8002,1522,2024-06-01,103.07,Software,North,Net Banking,15,0
8003,2888,2023-10-26,246.19,Travel,West,UPI,20,0
8004,1505,2025-05-10,116.29,Electronics,West,Net Banking,10,0
8005,2762,2023-02-11,140.77,Electronics,North,Net Banking,0,0
8006,2712,2025-02-09,13.79,Books,South,UPI,5,0
8007,1788,2025-06-15,123.42,Apparel,South,Debit Card,10,0
8008,2063,2024-05-06,92.57,Electronics,North,UPI,15,0
8009,1060,2025-12-06,54.63,Travel,Central,UPI,10,1
8010,1578,2023-03-26,59.68,Sports,South,Wallet,30,0
8011,1321,2025-12-17,18.16,Apparel,North,Credit Card,15,0
8012,2459,2025-09-17,171.9,Books,Central,Credit Card,15,0
8013,2660,2024-12-11,119.34,Food & Beverage,East,Debit Card,20,0
8014,2700,2023-07-28,97.81,Travel,West,Debit Card,5,0
8015,2432,2026-06-25,118.63,Health,North,Debit Card,0,0
8016,1923,2026-05-19,20.18,Health,South,Credit Card,20,0
8017,2410,2023-02-08,746.94,Electronics,West,Debit Card,5,0
8018,2695,2026-06-29,279.14,Home & Garden,Central,Debit Card,10,0
8019,1569,2025-07-14,189.57,Home & Garden,West,UPI,5,0
8020,2102,2025-01-31,534.55,Health,North,UPI,0,0
8021,2218,2025-08-03,115.97,Apparel,East,Credit Card,10,0
8022,2309,2023-02-21,64.14,Health,Central,UPI,10,0
8023,1527,2024-01-09,125.03,Software,Central,Debit Card,0,0
8024,1524,2025-07-19,562.46,Electronics,Central,UPI,0,0
8025,1613,2023-06-05,30.77,Apparel,West,Wallet,0,0
8026,2180,2026-01-18,554.46,Food & Beverage,East,UPI,0,0
8027,2364,2024-11-09,17.77,Apparel,North,Credit Card,20,0
8028,1125,2023-12-17,170.66,Apparel,North,Debit Card,0,0
8029,1871,2023-03-10,302.55,Books,West,Debit Card,10,0
8030,1280,2026-04-01,195.06,Health,North,Credit Card,0,0
8031,1917,2026-06-19,316.42,Sports,North,UPI,10,0
8032,2930,2025-12-11,77.25,Food & Beverage,East,Debit Card,30,0
8033,1622,2024-10-15,19.54,Home & Garden,West,Debit Card,0,0
8034,1846,2023-03-04,317.45,Sports,West,Wallet,10,0
8035,2893,2024-05-23,827.44,Sports,Central,Credit Card,0,0
8036,2682,2023-10-19,73.88,Sports,North,UPI,0,0
8037,2752,2026-01-19,204.04,Electronics,South,UPI,0,0
8038,2934,2025-03-31,33.39,Sports,East,Debit Card,0,0
8039,1674,2023-05-30,30.5,Sports,East,Net Banking,5,0
8040,2152,2025-05-30,102.39,Food & Beverage,South,Wallet,10,0
8041,1314,2026-02-13,37.59,Software,Central,Wallet,10,0
8042,1332,2024-12-04,101.03,Food & Beverage,South,Wallet,20,1
8043,2174,2024-05-30,3416.53,Food & Beverage,South,Debit Card,0,0
8044,2478,2026-06-18,38.59,Health,Central,Credit Card,20,0
8045,1036,2023-01-30,135.62,Health,South,Credit Card,5,0
8046,2709,2026-03-12,10.91,Electronics,Central,Wallet,20,0
8047,2444,2023-11-22,168.67,Travel,North,Net Banking,5,0
8048,2046,2025-08-06,38.61,Electronics,Central,Net Banking,5,0
8049,1206,2023-01-16,127.89,Software,West,UPI,5,0
8050,1639,2023-04-21,123.85,Sports,West,Net Banking,0,0
8051,1848,2025-05-21,106.37,Software,South,Wallet,0,0
8052,2981,2024-12-13,28.88,Travel,West,UPI,5,0
8053,2380,2023-04-17,64.03,Software,Central,Wallet,5,1
8054,1440,2024-01-14,,Food & Beverage,North,Credit Card,5,0
8055,1729,2023-06-11,67.28,Software,Central,Wallet,0,0
8056,2120,2023-10-10,484.91,Sports,East,UPI,5,0
8057,2953,2023-09-26,94.56,Home & Garden,South,Wallet,0,0
8058,1941,2024-04-28,27.35,Home & Garden,North,Debit Card,10,0
8059,1164,2024-10-28,151.07,Travel,South,UPI,0,0
8060,1148,2026-01-01,4.78,Apparel,East,Net Banking,30,0
8061,2554,2026-05-05,947.53,Food & Beverage,West,Credit Card,0,0
8062,1294,2026-06-20,11.42,Software,East,Net Banking,20,0
8063,1195,2024-08-20,263.95,Software,West,Wallet,0,0
8064,1663,2025-03-09,218.97,Travel,South,Net Banking,0,0
8065,1480,2025-03-08,23.18,Travel,South,UPI,0,0
8066,2901,2026-03-18,176.15,Electronics,South,Debit Card,0,0
8067,1123,2024-01-25,39.35,Health,Central,Net Banking,20,0
8068,2424,2024-02-20,73.81,Electronics,North,Wallet,15,0
8069,1699,2024-03-01,158.3,Software,Central,Net Banking,5,0
8070,1965,2025-09-23,84.94,Home & Garden,East,Net Banking,0,0
8071,2476,2026-05-25,27.11,Electronics,North,UPI,0,1
8072,1661,2025-05-16,147.3,Travel,South,Wallet,10,0
8073,2128,2023-03-27,70.12,Health,South,Wallet,15,0
8074,2779,2026-05-24,78.83,Apparel,South,Debit Card,10,0
8075,2486,2024-02-27,84.62,Health,West,UPI,5,0
8076,2767,2023-04-28,17.91,Books,East,UPI,30,0
8077,2742,2025-08-16,23.36,Health,Central,Credit Card,0,1
8078,1710,2025-05-31,44.39,Health,East,Debit Card,30,0
8079,1396,2025-09-18,147.29,Apparel,West,Debit Card,0,0
8080,1912,2024-02-19,29.52,Apparel,West,Wallet,0,0
8081,2361,2024-08-21,375.07,Health,East,Wallet,15,0
8082,2005,2023-02-09,114.66,Home & Garden,West,Debit Card,0,0
8083,2623,2026-03-30,139.39,Sports,North,UPI,15,0
8084,2166,2024-12-03,60.46,Health,South,Credit Card,0,0
8085,1317,2024-06-20,13.26,Apparel,Central,Wallet,25,0
8086,2735,2024-02-24,170.43,Apparel,West,Credit Card,0,0
8087,2582,2024-10-25,37.84,Software,Central,Debit Card,25,0
8088,2824,2023-04-05,15.03,Electronics,South,UPI,15,0
8089,2551,2025-08-30,33.06,Home & Garden,East,Credit Card,0,1
8090,2580,2024-10-11,81.8,Sports,South,Net Banking,0,0
8091,2425,2023-10-15,5.19,Books,Central,Debit Card,0,0
8092,1681,2024-02-16,60.14,Home & Garden,North,UPI,10,0
8093,2334,2024-02-04,301.87,Software,East,Debit Card,30,0
8094,1495,2024-06-11,93.54,Books,West,Debit Card,0,0
8095,1556,2025-11-07,379.65,Health,North,Credit Card,0,0
8096,1610,2023-05-16,,Health,South,Credit Card,15,0
8097,2797,2025-01-28,359.16,Software,Central,Net Banking,5,0
8098,1109,2026-06-25,17.99,Apparel,Central,Wallet,0,0
8099,2819,2025-04-22,184.91,Home & Garden,Central,Net Banking,10,0
8100,1372,2024-12-10,79.05,Sports,South,UPI,0,0
8101,1855,2025-10-21,457.53,Travel,East,UPI,0,0
8102,1616,2024-01-16,54.88,Electronics,West,Debit Card,20,0
8103,1768,2024-05-23,25.45,Software,North,Credit Card,0,0
8104,2915,2025-03-16,165.34,Books,South,Debit Card,15,0
8105,1206,2024-04-20,649.77,Sports,Central,Wallet,0,0
8106,1847,2025-08-11,119.51,Travel,West,Debit Card,0,0
8107,1043,2025-04-28,85.58,Software,Central,UPI,10,0
8108,1865,2025-06-15,20.95,Home & Garden,South,UPI,0,0
8109,2269,2023-02-01,280.42,Sports,Central,Net Banking,5,0
8110,2311,2023-04-28,84.61,Electronics,South,Debit Card,15,0
8111,2379,2026-04-22,208.72,Home & Garden,Central,Credit Card,0,0
8112,1785,2023-07-10,114.05,Books,South,Wallet,5,0
8113,1476,2023-03-15,1041.08,Travel,Central,Wallet,0,0
8114,1083,2024-09-14,46.11,Electronics,West,Credit Card,5,0
8115,2134,2026-01-31,48.18,Electronics,West,Wallet,0,0
8116,2974,2025-05-20,303.72,Home & Garden,Central,Credit Card,10,0
8117,1190,2024-08-08,312.79,Software,Central,Credit Card,15,0
8118,1800,2024-02-24,324.9,Software,South,Net Banking,5,0
8119,1936,2024-04-17,88.66,Electronics,South,Debit Card,0,0
8120,2933,2023-04-24,115.49,Sports,South,UPI,20,0
8121,1251,2023-11-26,17.87,Travel,East,UPI,0,0
8122,2748,2023-12-05,74.21,Apparel,Central,Debit Card,10,0
8123,1291,2023-08-26,125.48,Sports,Central,Wallet,5,0
8124,2669,2026-04-11,125.56,Health,Central,Credit Card,0,0
8125,2225,2023-03-20,36.26,Health,Central,UPI,30,0
8126,2821,2024-04-08,24.07,Books,South,Net Banking,10,0
8127,1326,2024-08-27,315.14,Health,South,Wallet,5,0
8128,2535,2024-07-15,261.08,Food & Beverage,East,Net Banking,5,0
8129,2433,2023-10-12,68.12,Apparel,South,UPI,0,0
8130,2631,2023-08-11,310.74,Software,Central,Debit Card,15,0
8131,2814,2024-08-15,277.93,Books,Central,Debit Card,0,0
8132,2986,2024-01-08,12.01,Apparel,North,Net Banking,0,0
8133,2965,2026-06-10,79.46,Food & Beverage,South,Wallet,0,0
8134,1837,2025-06-29,448.71,Books,North,UPI,0,0
8135,1508,2025-04-07,13.35,Apparel,Central,Credit Card,20,0
8136,1731,2023-08-24,15.79,Health,South,Debit Card,25,0
8137,2625,2024-11-01,190.94,Apparel,Central,Net Banking,10,0
8138,1072,2025-04-07,424.46,Health,North,UPI,20,0
8139,2271,2025-02-01,64.34,Food & Beverage,North,Wallet,10,0
8140,1641,2024-01-15,51.25,Sports,West,Credit Card,10,0
8141,2748,2025-03-04,11.72,Sports,West,Credit Card,20,0
8142,1940,2024-09-05,62.93,Food & Beverage,South,Debit Card,0,0
8143,2879,2024-07-16,15.39,Software,South,Credit Card,0,0
8144,1608,2024-02-24,58.82,Food & Beverage,South,UPI,0,0
8145,2611,2023-02-21,433.95,Food & Beverage,South,Debit Card,5,0
8146,2959,2025-03-29,19.04,Electronics,South,Debit Card,25,0
8147,1566,2023-07-24,66.5,Books,South,Debit Card,20,0
8148,2368,2025-09-27,252.95,Electronics,South,UPI,15,1
8149,2995,2024-12-31,35.46,Software,North,Net Banking,5,0
8150,2949,2023-09-14,146.86,Sports,North,Credit Card,20,0
8151,1054,2023-07-04,237.99,Apparel,North,Credit Card,0,0
8152,2754,2023-05-25,98.9,Software,Central,Net Banking,10,0
8153,1528,2025-11-03,101.37,Food & Beverage,East,Debit Card,15,1
8154,1611,2023-09-03,24.11,Home & Garden,Central,Wallet,0,0
8155,2556,2023-07-06,55.75,Apparel,South,UPI,20,0
8156,2582,2025-05-15,109.36,Food & Beverage,East,Debit Card,15,0
8157,2987,2023-02-09,9.19,Food & Beverage,North,Debit Card,5,0
8158,1193,2024-08-23,6.08,Software,North,Debit Card,0,0
8159,2919,2025-08-19,74.9,Books,West,Credit Card,10,0
8160,1058,2025-09-12,141.82,Software,South,Credit Card,5,0
8161,2461,2023-01-09,100.06,Books,South,Wallet,15,0
8162,2135,2023-12-16,12.87,Apparel,West,UPI,0,0
8163,1129,2023-03-25,338.41,Electronics,Central,Debit Card,10,0
8164,2873,2024-06-16,101.93,Software,West,Credit Card,5,0
8165,1706,2025-09-15,288.54,Health,South,Net Banking,5,0
8166,2949,2023-12-24,41.83,Home & Garden,North,Credit Card,5,0
8167,1852,2024-01-13,123.72,Food & Beverage,West,Debit Card,0,0
8168,2350,2023-06-21,,Sports,East,Debit Card,25,0
8169,1008,2025-11-14,300.49,Software,North,Credit Card,15,1
8170,1029,2024-01-28,271.5,Apparel,Central,Net Banking,0,0
8171,2136,2026-01-31,34.47,Sports,North,Net Banking,0,0
8172,1947,2024-12-02,78.34,Electronics,Central,Debit Card,0,0
8173,2697,2026-06-13,48.05,Health,North,Credit Card,0,0
8174,1131,2024-07-02,106.86,Sports,South,UPI,5,0
8175,1188,2025-02-22,16.04,Books,Central,UPI,5,0
8176,2699,2023-11-28,13.36,Electronics,Central,Debit Card,0,0
8177,1709,2025-03-04,1576.2,Apparel,West,Net Banking,30,0
8178,2499,2024-10-10,918.2,Sports,North,UPI,20,0
8179,2388,2025-09-09,364.71,Apparel,Central,Credit Card,10,0
8180,2228,2025-11-18,160.95,Electronics,Central,Wallet,0,0
8181,1212,2024-06-26,228.28,Electronics,North,Wallet,25,0
8182,2645,2025-11-08,229.02,Food & Beverage,North,Net Banking,0,0
8183,1276,2026-03-17,655.65,Apparel,East,Wallet,0,0
8184,2097,2024-05-05,49.85,Home & Garden,West,Credit Card,0,0
8185,2703,2023-10-10,36.26,Books,Central,Debit Card,0,0
8186,2796,2025-05-11,88.39,Home & Garden,North,Debit Card,0,1
8187,1243,2023-04-23,183.94,Food & Beverage,Central,Credit Card,5,0
8188,2811,2025-05-11,66.3,Health,East,Debit Card,20,0
8189,2126,2024-09-01,46.38,Food & Beverage,East,Credit Card,25,1
8190,1987,2024-05-22,505.06,Apparel,Central,Credit Card,15,0
8191,1685,2024-04-10,32.97,Software,West,Wallet,5,0
8192,1171,2025-04-03,524.47,Apparel,South,Wallet,0,0
8193,1653,2024-08-31,285.95,Food & Beverage,Central,Net Banking,0,0
8194,2933,2026-01-26,892.78,Software,East,Wallet,5,0
8195,1188,2023-10-17,1236.11,Software,West,Debit Card,5,0
8196,2465,2025-05-17,140.37,Apparel,North,Wallet,5,0
8197,2110,2026-03-25,1090.26,Software,West,Credit Card,0,0
8198,2500,2025-02-20,165.06,Travel,West,Wallet,10,0
8199,1052,2023-06-11,144.81,Health,Central,Debit Card,10,0
8200,1111,2024-09-15,113.59,Travel,West,Net Banking,20,0
8201,2973,2024-12-17,53.45,Travel,North,UPI,15,1
8202,1877,2026-01-25,223.99,Electronics,Central,Credit Card,0,0
8203,2878,2024-07-20,358.07,Software,East,Debit Card,0,0
8204,2067,2025-09-20,16.81,Food & Beverage,North,Debit Card,0,0
8205,1211,2026-02-14,1942.66,Electronics,Central,UPI,0,0
8206,2992,2026-04-27,632.33,Electronics,Central,Net Banking,0,0
8207,2224,2024-08-18,44.76,Health,South,Credit Card,0,0
8208,2834,2026-04-18,176.76,Apparel,North,Net Banking,5,0
8209,1858,2026-04-19,85.47,Food & Beverage,West,UPI,30,0
8210,2776,2025-08-16,134.21,Books,North,Credit Card,5,0
8211,1627,2025-10-09,76.47,Books,North,Wallet,15,0
8212,2050,2024-04-19,168.64,Food & Beverage,South,Net Banking,0,0
8213,2943,2024-09-09,24.95,Travel,West,Wallet,0,0
8214,1299,2024-10-02,1246.49,Books,South,Credit Card,0,0
8215,2101,2023-09-19,27.33,Travel,South,UPI,0,0
8216,1924,2023-06-11,174.66,Books,South,Wallet,25,0
8217,1137,2023-06-30,39.87,Food & Beverage,North,Wallet,5,0
8218,2044,2024-12-25,74.63,Travel,South,Debit Card,0,0
8219,1440,2024-04-13,156.57,Apparel,East,Credit Card,10,0
8220,1211,2023-01-21,101.23,Health,West,UPI,5,0
8221,1752,2023-09-17,105.14,Home & Garden,West,Debit Card,20,0
8222,2575,2024-04-10,57.88,Software,South,Net Banking,0,0
8223,1435,2026-02-13,39.26,Health,North,UPI,5,0
8224,1780,2024-06-20,199.48,Home & Garden,Central,Debit Card,20,0
8225,2231,2025-08-09,32.29,Travel,Central,Net Banking,20,0
8226,1439,2025-02-04,41.28,Apparel,North,UPI,0,0
8227,2998,2025-08-16,41.87,Travel,South,Debit Card,15,0
8228,2803,2025-07-22,60.48,Health,South,UPI,30,0
8229,1666,2025-04-30,16.37,Books,East,Wallet,10,0
8230,2066,2026-04-06,16.68,Sports,Central,Debit Card,20,0
8231,1411,2024-06-16,172.72,Electronics,Central,Wallet,10,0
8232,2547,2023-01-15,175.1,Sports,West,Debit Card,15,0
8233,1806,2023-02-19,130.69,Food & Beverage,South,Wallet,25,0
8234,1610,2025-09-25,468.82,Food & Beverage,North,Credit Card,15,1
8235,1427,2023-10-31,31.23,Apparel,South,Wallet,0,0
8236,2299,2024-02-20,11.36,Software,South,Credit Card,0,1
8237,2472,2023-11-01,230.99,Electronics,East,UPI,20,0
8238,1902,2023-07-15,11.06,Sports,North,Net Banking,0,0
8239,1942,2025-03-23,76.38,Sports,East,Net Banking,20,0
8240,2908,2025-03-10,125.69,Apparel,East,Net Banking,0,0
8241,1742,2024-01-23,1067.37,Travel,East,Credit Card,25,0
8242,2393,2025-01-26,46.71,Apparel,East,Net Banking,20,0
8243,2962,2024-03-30,51.03,Apparel,South,Net Banking,20,0
8244,2244,2024-12-13,199.0,Apparel,West,Wallet,0,0
8245,2601,2024-12-05,185.38,Electronics,South,Net Banking,20,0
8246,2891,2025-04-27,59.62,Books,East,Credit Card,10,0
8247,2256,2026-02-24,112.41,Sports,East,Wallet,0,0
8248,1328,2023-06-24,37.17,Apparel,West,Credit Card,25,0
8249,2467,2026-03-03,153.85,Electronics,Central,Debit Card,0,0
8250,1052,2025-12-25,13.3,Electronics,North,Net Banking,0,0
8251,2910,2023-10-06,2949.46,Apparel,East,Credit Card,15,0
8252,2967,2025-01-27,213.85,Electronics,East,Credit Card,10,0
8253,1376,2023-12-29,24.0,Software,South,Wallet,25,0
8254,1263,2023-06-20,65.27,Apparel,East,Debit Card,0,0
8255,1267,2025-12-10,25.44,Home & Garden,East,Debit Card,0,0
8256,1359,2024-10-26,33.7,Software,North,Net Banking,30,0
8257,2341,2024-08-14,116.05,Books,South,UPI,0,0
8258,2348,2025-07-19,478.14,Travel,Central,UPI,0,0
8259,2945,2026-03-14,79.73,Health,East,Wallet,30,0
8260,2932,2023-10-01,9.31,Food & Beverage,East,Net Banking,10,0
8261,2690,2026-03-24,43.09,Apparel,Central,Wallet,0,0
8262,2894,2024-05-22,46.63,Sports,West,Net Banking,20,0
8263,2902,2023-12-29,100.15,Software,Central,Debit Card,25,1
8264,1652,2025-04-27,76.01,Health,Central,UPI,20,0
8265,2963,2024-10-16,6.43,Home & Garden,South,Credit Card,0,0
8266,2587,2023-10-25,29.67,Food & Beverage,Central,UPI,0,0
8267,2653,2024-05-08,23.83,Travel,South,Net Banking,0,0
8268,2445,2024-06-29,264.26,Travel,Central,UPI,0,0
8269,1046,2023-10-31,63.94,Travel,East,Credit Card,5,0
8270,2845,2025-06-22,8.18,Travel,East,Debit Card,15,0
8271,1600,2023-08-27,31.75,Food & Beverage,West,Debit Card,0,0
8272,1720,2024-10-11,368.57,Home & Garden,Central,Net Banking,10,0
8273,2913,2025-06-02,43.86,Software,North,UPI,30,0
8274,2293,2026-04-14,39.84,Home & Garden,Central,Net Banking,0,0
8275,1601,2024-02-14,73.38,Sports,North,UPI,5,0
8276,1381,2024-12-26,118.0,Electronics,Central,Wallet,10,0
8277,1118,2025-11-12,75.85,Apparel,South,Net Banking,0,0
8278,2590,2023-11-14,307.29,Food & Beverage,East,UPI,15,0
8279,2977,2024-06-08,75.85,Electronics,North,Wallet,0,0
8280,1116,2025-06-23,202.17,Software,North,Net Banking,0,0
8281,2654,2025-10-20,113.98,Travel,Central,Debit Card,20,0
8282,1260,2024-09-11,19.08,Apparel,East,Wallet,0,0
8283,2099,2025-08-10,766.9,Apparel,West,Net Banking,15,0
8284,2504,2026-06-06,360.26,Travel,North,Credit Card,20,0
8285,1305,2026-02-05,45.6,Travel,East,Debit Card,0,0
8286,1007,2025-03-11,78.78,Electronics,East,Wallet,15,0
8287,1366,2025-07-04,188.34,Books,North,UPI,10,0
8288,2658,2026-04-14,111.72,Apparel,South,Credit Card,10,0
8289,1523,2023-11-16,102.36,Electronics,South,UPI,0,0
8290,2372,2025-05-25,165.13,Home & Garden,Central,Credit Card,0,0
8291,2462,2023-11-25,137.57,Home & Garden,Central,Net Banking,0,1
8292,2239,2025-01-22,138.33,Software,East,Net Banking,0,0
8293,1429,2024-10-18,100.45,Electronics,North,UPI,5,0
8294,1791,2025-11-03,193.77,Apparel,South,UPI,25,0
8295,2522,2023-03-12,115.77,Software,East,UPI,10,0
8296,2564,2025-04-06,119.32,Books,South,Wallet,0,0
8297,1747,2026-05-03,468.64,Software,North,Debit Card,25,0
8298,1367,2025-05-14,151.43,Food & Beverage,South,UPI,15,0
8299,1313,2025-07-16,133.84,Home & Garden,West,Net Banking,5,0
8300,1538,2023-04-16,30.98,Travel,Central,Net Banking,5,0
8301,1921,2025-02-08,32.91,Software,South,UPI,25,0
8302,2078,2025-06-11,354.26,Apparel,North,UPI,10,0
8303,2565,2023-07-15,178.53,Software,North,Net Banking,5,0
8304,2491,2023-05-25,270.72,Sports,West,Wallet,15,0
8305,1865,2024-04-15,114.11,Travel,North,Credit Card,10,0
8306,2188,2023-08-04,145.04,Books,West,Net Banking,0,0
8307,1782,2026-01-21,75.57,Food & Beverage,East,Credit Card,30,0
8308,1334,2023-09-17,87.18,Sports,South,UPI,0,0
8309,2571,2025-07-22,54.59,Books,North,Debit Card,10,0
8310,1798,2024-07-28,446.07,Electronics,Central,UPI,5,0
8311,1348,2023-10-12,38.31,Home & Garden,South,UPI,0,0
8312,1273,2024-04-28,130.2,Sports,West,UPI,30,0
8313,1963,2024-01-07,74.59,Electronics,South,Net Banking,0,0
8314,1720,2023-03-11,282.07,Home & Garden,South,Net Banking,10,0
8315,2774,2024-01-14,118.29,Sports,North,Debit Card,15,0
8316,2438,2023-10-29,156.62,Software,Central,Credit Card,0,0
8317,1500,2023-09-12,115.48,Home & Garden,East,Credit Card,0,0
8318,2117,2025-08-01,27.37,Home & Garden,Central,Credit Card,0,0
8319,1685,2024-11-22,174.24,Sports,West,UPI,30,0
8320,1079,2025-04-13,79.92,Software,Central,Debit Card,10,0
8321,1622,2024-12-17,36.1,Software,Central,UPI,15,0
8322,2241,2024-02-28,16.56,Electronics,West,Debit Card,5,0
8323,1947,2023-08-01,33.76,Travel,Central,Wallet,0,0
8324,1358,2023-04-10,225.18,Electronics,East,Net Banking,30,0
8325,1618,2026-02-09,745.64,Apparel,South,UPI,30,0
8326,1507,2023-11-04,103.76,Books,East,Wallet,20,0
8327,2583,2024-11-08,27.22,Food & Beverage,South,Credit Card,25,0
8328,2205,2024-04-19,148.36,Apparel,South,Wallet,10,0
8329,1576,2023-04-22,327.95,Books,Central,Net Banking,0,1
8330,2270,2026-01-15,902.78,Home & Garden,South,Net Banking,0,0
8331,1244,2023-07-02,410.32,Health,West,Net Banking,25,0
8332,1506,2024-08-19,117.82,Electronics,East,Wallet,30,0
8333,1422,2023-06-14,179.49,Books,South,Credit Card,5,1
8334,2344,2025-03-25,37.82,Home & Garden,Central,UPI,10,0
8335,2111,2023-03-31,234.24,Apparel,Central,Credit Card,20,0
8336,1217,2024-03-30,276.1,Home & Garden,Central,Debit Card,15,1
8337,2514,2023-08-26,4.5,Sports,North,Debit Card,20,0
8338,2543,2024-06-17,106.83,Apparel,East,UPI,10,0
8339,2302,2024-12-27,538.13,Apparel,Central,Net Banking,10,0
8340,2873,2023-02-27,40.23,Home & Garden,West,UPI,0,1
8341,2746,2024-06-25,7.02,Apparel,Central,Wallet,0,0
8342,2009,2025-10-18,87.08,Food & Beverage,North,Net Banking,0,0
8343,2193,2024-09-09,327.42,Apparel,East,UPI,0,0
8344,1330,2024-02-06,145.58,Electronics,South,UPI,0,0
8345,1650,2025-10-02,92.97,Travel,East,Wallet,5,0
8346,2465,2025-04-21,29.64,Sports,South,Wallet,5,0
8347,1391,2025-04-18,24.1,Apparel,South,Credit Card,0,0
8348,2520,2024-06-02,112.09,Sports,Central,Debit Card,0,0
8349,1381,2023-07-16,83.91,Apparel,West,UPI,5,0
8350,2330,2023-02-15,250.39,Books,West,Credit Card,5,0
8351,1742,2024-06-13,152.74,Health,Central,Net Banking,0,0
8352,1820,2025-09-26,36.9,Food & Beverage,North,Net Banking,10,0
8353,1673,2025-02-14,122.41,Apparel,South,Debit Card,0,1
8354,1513,2023-03-15,100.33,Sports,West,Net Banking,5,0
8355,2772,2023-12-01,12.22,Travel,East,Debit Card,0,0
8356,1949,2024-09-24,54.44,Health,North,Net Banking,0,0
8357,2212,2024-11-18,96.74,Health,Central,Net Banking,0,0
8358,1930,2024-07-28,78.57,Sports,North,UPI,5,0
8359,2540,2023-10-23,131.48,Electronics,West,Wallet,15,0
8360,1913,2026-01-12,98.89,Health,Central,UPI,0,0
8361,1644,2025-11-04,135.48,Food & Beverage,West,Credit Card,10,0
8362,1427,2026-03-03,109.97,Travel,South,Wallet,20,0
8363,1502,2024-04-22,87.54,Books,North,UPI,0,0
8364,1730,2024-09-24,109.01,Travel,South,Wallet,5,0
8365,2284,2023-11-15,58.33,Travel,East,Wallet,5,0
8366,2537,2024-04-23,54.66,Software,South,Wallet,0,0
8367,1071,2024-01-03,101.3,Electronics,North,Net Banking,0,1
8368,1478,2024-01-02,8.08,Home & Garden,East,Wallet,0,0
8369,2202,2024-01-13,57.68,Food & Beverage,West,Net Banking,10,0
8370,1457,2024-04-07,38.57,Sports,East,Wallet,20,0
8371,1189,2023-01-13,33.26,Travel,North,Net Banking,10,0
8372,1291,2024-06-19,61.67,Electronics,Central,Wallet,0,0
8373,2544,2026-04-06,18.02,Books,East,Credit Card,5,0
8374,2789,2023-09-27,62.02,Sports,West,UPI,20,0
8375,1920,2025-12-29,118.82,Electronics,East,Wallet,10,0
8376,1292,2024-01-11,317.51,Food & Beverage,South,Credit Card,0,0
8377,2970,2026-01-17,1260.18,Home & Garden,Central,UPI,10,0
8378,1756,2023-09-14,10.03,Books,North,Debit Card,10,0
8379,2659,2023-08-05,29.35,Food & Beverage,Central,Wallet,5,0
8380,2835,2024-03-25,62.0,Sports,South,Debit Card,20,0
8381,2307,2025-06-12,106.26,Food & Beverage,Central,UPI,20,0
8382,2568,2026-03-10,-88.645,Health,South,UPI,5,0
8383,2870,2026-03-30,43.29,Apparel,East,Wallet,30,0
8384,1377,2023-02-01,4.34,Health,North,Credit Card,30,0
8385,2682,2026-03-21,311.54,Health,South,Wallet,30,0
8386,2180,2024-09-01,164.55,Apparel,South,Credit Card,0,0
8387,1508,2025-07-05,211.85,Home & Garden,East,Wallet,0,0
8388,2437,2024-06-25,69.58,Home & Garden,South,Credit Card,10,0
8389,1528,2023-05-28,137.19,Electronics,North,Net Banking,15,0
8390,2379,2024-10-17,8.17,Electronics,West,Credit Card,0,0
8391,1559,2023-03-08,24.92,Food & Beverage,Central,Credit Card,5,1
8392,2787,2024-07-23,377.33,Software,South,UPI,10,0
8393,2211,2025-01-17,93.42,Software,Central,Debit Card,5,0
8394,2055,2024-03-18,848.22,Electronics,Central,Wallet,5,0
8395,1260,2025-06-15,27.95,Health,West,UPI,0,0
8396,1421,2024-02-03,1924.8,Food & Beverage,South,Debit Card,30,0
8397,2553,2026-02-25,2285.76,Sports,North,UPI,0,0
8398,2575,2024-04-26,41.52,Home & Garden,South,UPI,0,0
8399,1304,2025-08-05,52.18,Software,Central,Wallet,5,0
8400,1942,2023-07-05,404.4,Books,East,Net Banking,0,0
8401,2968,2023-06-18,45.82,Travel,West,UPI,0,0
8402,2063,2024-05-21,,Sports,North,Wallet,10,0
8403,2513,2024-06-04,37.34,Sports,North,Credit Card,0,0
8404,2668,2023-06-10,38.57,Food & Beverage,Central,Debit Card,10,1
8405,1542,2023-12-06,103.71,Food & Beverage,North,Wallet,5,0
8406,2694,2026-02-03,64.82,Home & Garden,Central,Net Banking,0,0
8407,2302,2024-12-04,7.34,Apparel,North,Wallet,20,0
8408,2227,2026-03-22,507.4,Software,North,Wallet,5,0
8409,2090,2025-04-02,613.52,Apparel,Central,Credit Card,25,0
8410,1108,2025-02-23,166.48,Software,West,Debit Card,0,0
8411,1268,2026-03-18,104.68,Travel,North,Debit Card,5,0
8412,1222,2026-04-26,29.28,Health,South,Net Banking,20,0
8413,2828,2023-05-11,51.72,Books,East,Debit Card,5,0
8414,2554,2024-05-30,332.62,Home & Garden,Central,Credit Card,10,0
8415,2114,2024-06-19,184.47,Apparel,North,Net Banking,0,0
8416,1693,2025-01-10,155.45,Travel,West,Credit Card,0,0
8417,1255,2025-02-19,163.59,Apparel,South,Credit Card,5,0
8418,2479,2024-08-10,322.14,Travel,Central,Wallet,10,1
8419,1253,2024-12-26,269.07,Books,South,Wallet,10,0
8420,1257,2025-07-31,205.88,Software,East,Wallet,15,0
8421,1383,2025-09-23,59.27,Sports,West,UPI,25,0
8422,1442,2024-01-11,679.43,Travel,Central,Credit Card,0,0
8423,2882,2026-03-27,50.3,Health,Central,Debit Card,10,0
8424,1599,2023-07-23,31.74,Travel,North,Net Banking,5,0
8425,2114,2025-09-15,45.76,Books,South,UPI,0,0
8426,2773,2024-10-22,21.55,Apparel,Central,Wallet,5,0
8427,1390,2023-03-16,181.33,Health,South,UPI,15,0
8428,1582,2025-01-10,88.56,Home & Garden,East,UPI,0,0
8429,2068,2023-10-31,348.76,Apparel,North,Credit Card,10,0
8430,2736,2025-12-21,4.78,Home & Garden,East,Credit Card,5,0
8431,2688,2024-07-23,115.94,Sports,North,Debit Card,10,0
8432,1598,2025-02-24,66.14,Health,North,Net Banking,20,0
8433,1019,2026-02-05,59.46,Electronics,South,Net Banking,5,1
8434,2125,2026-04-25,25.82,Food & Beverage,North,Wallet,0,0
8435,2938,2025-09-13,94.86,Food & Beverage,East,Debit Card,0,1
8436,1607,2023-08-17,35.96,Travel,East,Net Banking,0,0
8437,2790,2025-12-07,557.58,Apparel,East,UPI,0,0
8438,2381,2023-09-25,191.04,Apparel,South,UPI,10,0
8439,2566,2024-12-27,292.28,Electronics,South,Net Banking,0,1
8440,2785,2025-03-12,11.15,Home & Garden,West,UPI,5,0
8441,2962,2023-09-11,260.54,Health,Central,UPI,0,0
8442,1033,2025-08-14,232.68,Travel,West,Wallet,0,0
8443,2994,2025-05-19,55.28,Health,West,UPI,0,0
8444,2253,2023-03-28,71.97,Software,North,Net Banking,15,0
8445,2548,2026-04-19,27.68,Travel,North,Credit Card,30,0
8446,2654,2025-11-14,62.24,Travel,West,UPI,15,0
8447,1862,2023-08-10,177.25,Apparel,Central,Net Banking,0,0
8448,1155,2025-09-16,40.32,Electronics,West,UPI,10,0
8449,2447,2024-02-01,94.0,Food & Beverage,South,Debit Card,15,0
8450,1905,2025-07-26,1909.79,Health,East,Wallet,15,1
8451,2270,2024-05-25,27.81,Food & Beverage,West,Credit Card,15,0
8452,1405,2024-07-14,134.1,Health,North,UPI,5,0
8453,1844,2025-04-25,26.03,Travel,Central,Net Banking,0,0
8454,2783,2024-03-15,,Apparel,North,Credit Card,0,0
8455,2565,2026-04-13,234.9,Electronics,South,UPI,0,0
8456,2185,2023-11-07,55.24,Travel,North,Debit Card,0,0
8457,1747,2023-02-04,613.55,Travel,North,Net Banking,25,0
8458,2726,2023-08-05,177.94,Travel,Central,Wallet,10,0
8459,2141,2024-12-21,35.06,Health,Central,UPI,10,0
8460,1271,2025-10-12,31.43,Apparel,North,Net Banking,0,0
8461,1770,2024-06-02,213.73,Sports,North,UPI,15,0
8462,2716,2023-09-26,25.44,Software,West,Wallet,0,0
8463,2511,2024-09-29,24.6,Travel,South,Debit Card,15,0
8464,2909,2024-04-19,11.44,Sports,West,Wallet,0,0
8465,1172,2023-03-31,190.2,Travel,Central,Wallet,15,0
8466,2974,2025-12-01,34.07,Food & Beverage,West,Wallet,15,0
8467,1274,2026-05-10,138.61,Software,West,Credit Card,0,0
8468,1259,2025-09-08,18.86,Electronics,North,Net Banking,25,1
8469,2159,2023-10-15,12.6,Food & Beverage,North,UPI,5,0
8470,2707,2024-04-25,213.52,Sports,South,Debit Card,0,0
8471,2746,2024-09-28,74.42,Home & Garden,East,UPI,10,0
8472,2772,2024-05-15,39.89,Books,East,Credit Card,15,0
8473,1422,2023-02-21,50.21,Travel,West,Debit Card,30,0
8474,2445,2023-04-13,50.43,Food & Beverage,South,Credit Card,0,0
8475,2210,2024-11-29,1033.93,Electronics,South,UPI,5,0
8476,2953,2026-05-13,123.78,Food & Beverage,Central,Debit Card,5,0
8477,1364,2025-11-03,106.36,Health,North,UPI,0,0
8478,2979,2024-04-14,36.45,Food & Beverage,Central,Net Banking,15,0
8479,2631,2024-03-02,231.41,Home & Garden,East,Credit Card,0,0
8480,1378,2023-04-20,22.58,Software,South,Net Banking,0,0
8481,2547,2024-05-29,167.74,Sports,East,Net Banking,15,1
8482,1580,2023-03-09,168.83,Books,North,UPI,5,0
8483,1891,2026-06-23,305.22,Books,North,UPI,0,0
8484,1722,2024-01-24,8.48,Home & Garden,North,Wallet,20,0
8485,2220,2023-11-04,-88.645,Apparel,East,Wallet,15,0
8486,1881,2025-12-25,137.63,Travel,South,Debit Card,10,0
8487,2122,2024-04-04,36.41,Health,Central,UPI,10,0
8488,1605,2023-12-13,6.75,Books,South,Credit Card,10,0
8489,1022,2023-11-21,55.29,Electronics,South,UPI,5,0
8490,2474,2024-10-28,112.64,Electronics,West,UPI,15,0
8491,2196,2025-11-22,14.52,Travel,South,Net Banking,15,0
8492,1383,2023-03-09,32.42,Sports,Central,Net Banking,0,0
8493,1134,2023-07-06,19.76,Sports,West,Wallet,0,0
8494,2450,2023-07-11,53.43,Software,South,Debit Card,0,0
8495,2049,2026-05-21,24.39,Apparel,West,Debit Card,0,0
8496,1503,2024-03-03,1217.2,Books,South,UPI,0,0
8497,2209,2026-02-05,253.77,Food & Beverage,North,Credit Card,0,0
8498,2109,2026-06-17,23.89,Food & Beverage,North,Net Banking,5,0
8499,2591,2023-08-04,28.45,Home & Garden,South,Credit Card,10,0
8500,2787,2023-06-26,15.22,Food & Beverage,West,Net Banking,25,0
8501,1144,2024-07-14,75.16,Books,Central,UPI,15,0
8502,2887,2025-05-30,757.63,Travel,North,Debit Card,0,0
8503,2934,2024-09-17,378.73,Sports,West,UPI,5,0
8504,2703,2024-08-29,114.16,Home & Garden,Central,Net Banking,10,0
8505,2436,2023-06-28,63.24,Food & Beverage,West,Debit Card,0,0
8506,1224,2024-01-30,174.47,Software,South,Credit Card,0,0
8507,1220,2026-03-14,125.94,Travel,North,Credit Card,20,0
8508,1179,2025-05-25,151.34,Travel,North,Wallet,0,0
8509,2655,2025-08-19,114.07,Home & Garden,North,Credit Card,5,0
8510,1433,2023-07-17,153.51,Electronics,South,Wallet,20,0
8511,1265,2025-08-26,16.37,Home & Garden,Central,Debit Card,15,0
8512,1954,2026-01-12,77.91,Home & Garden,Central,UPI,0,0
8513,1429,2024-10-30,119.13,Food & Beverage,North,UPI,20,0
8514,2686,2026-01-13,53.41,Home & Garden,Central,Debit Card,0,0
8515,1416,2024-04-01,20.14,Apparel,North,Debit Card,25,0
8516,2477,2023-03-13,90.58,Software,Central,Net Banking,0,0
8517,1727,2023-08-11,13062.15,Food & Beverage,North,Credit Card,0,0
8518,1197,2023-10-03,33.52,Books,Central,Credit Card,0,1
8519,2578,2026-06-23,75.89,Home & Garden,West,Credit Card,0,1
8520,2077,2024-07-26,408.98,Health,North,Wallet,0,0
8521,1480,2025-07-12,755.78,Health,North,Credit Card,5,0
8522,2467,2024-04-15,44.7,Sports,East,Net Banking,15,0
8523,2354,2024-03-29,286.44,Apparel,North,UPI,5,0
8524,2275,2025-08-26,232.64,Apparel,Central,UPI,30,0
8525,2831,2023-01-07,49.03,Travel,West,Wallet,0,0
8526,1890,2023-07-07,190.56,Sports,West,Net Banking,0,0
8527,2807,2023-01-04,73.14,Health,Central,Debit Card,15,1
8528,2991,2025-06-25,42.43,Home & Garden,South,UPI,0,0
8529,1925,2026-02-22,708.31,Software,North,Net Banking,0,0
8530,1123,2025-11-04,196.21,Software,West,Debit Card,15,0
8531,2903,2025-08-17,11.96,Health,Central,Wallet,0,0
8532,2411,2024-06-08,77.23,Health,West,Credit Card,15,0
8533,2363,2024-09-21,48.26,Electronics,West,Net Banking,0,0
8534,1778,2026-06-17,69.91,Travel,Central,UPI,25,0
8535,1348,2025-02-13,167.19,Apparel,East,Wallet,0,0
8536,1029,2023-12-26,128.01,Travel,West,Net Banking,15,0
8537,1975,2024-06-01,503.15,Apparel,West,Wallet,20,0
8538,1035,2026-06-08,390.03,Electronics,South,Debit Card,0,1
8539,2542,2025-11-19,20.97,Travel,East,Net Banking,0,0
8540,2420,2025-07-09,-88.645,Sports,South,Credit Card,10,0
8541,1623,2026-03-25,8.7,Food & Beverage,Central,Debit Card,10,0
8542,2318,2025-05-01,27.22,Electronics,North,Credit Card,10,0
8543,1589,2025-07-23,7.28,Software,Central,Wallet,5,0
8544,2373,2025-06-19,13.71,Health,East,Credit Card,25,0
8545,2171,2024-02-03,483.05,Books,Central,Debit Card,10,0
8546,2091,2026-05-03,222.13,Food & Beverage,East,Debit Card,0,0
8547,1904,2023-06-17,188.76,Home & Garden,South,Debit Card,15,0
8548,1520,2024-01-12,368.86,Software,West,Wallet,0,0
8549,1122,2026-06-21,187.78,Apparel,Central,UPI,15,0
8550,1340,2024-08-29,81.31,Electronics,Central,Wallet,0,0
8551,1175,2025-10-07,44.38,Electronics,West,Debit Card,15,0
8552,2924,2024-08-11,-88.645,Apparel,Central,Wallet,5,0
8553,2715,2026-04-09,431.67,Food & Beverage,Central,Net Banking,15,0
8554,1597,2026-05-15,69.18,Food & Beverage,North,Net Banking,5,0
8555,1451,2026-03-23,225.12,Software,North,UPI,20,1
8556,1557,2023-02-17,3.16,Sports,West,Wallet,25,1
8557,2160,2025-10-21,239.15,Travel,South,Wallet,15,0
8558,2879,2026-02-04,49.36,Sports,Central,Net Banking,15,0
8559,2040,2023-06-22,2333.17,Home & Garden,Central,Debit Card,0,0
8560,2357,2024-05-20,358.08,Sports,South,Credit Card,0,0
8561,2219,2026-02-27,8.44,Electronics,Central,Debit Card,0,0
8562,2520,2024-02-02,38.34,Software,South,UPI,5,0
8563,1009,2023-10-21,96.8,Books,West,Credit Card,5,0
8564,2852,2024-07-05,85.55,Health,West,Debit Card,0,0
8565,1334,2025-04-29,81.03,Home & Garden,South,Wallet,0,0
8566,2357,2025-11-05,293.44,Books,South,Wallet,25,0
8567,2017,2025-06-03,47.04,Sports,East,Net Banking,10,0
8568,1327,2025-09-30,82.53,Health,North,Wallet,0,0
8569,1015,2026-05-11,561.88,Books,North,Wallet,0,0
8570,1839,2023-05-14,572.87,Apparel,Central,UPI,0,0
8571,2638,2025-02-09,290.99,Home & Garden,Central,Credit Card,20,0
8572,1226,2024-05-22,59.16,Travel,South,Debit Card,0,0
8573,2449,2025-12-25,38.52,Home & Garden,South,Debit Card,20,0
8574,2814,2024-04-24,85.67,Health,North,UPI,0,0
8575,2432,2025-05-12,93.14,Books,Central,Credit Card,20,0
8576,1113,2024-04-03,86.28,Health,North,Wallet,20,0
8577,2452,2024-09-17,175.49,Software,West,UPI,10,0
8578,1001,2023-06-08,138.77,Health,North,Wallet,20,0
8579,1266,2023-06-10,131.99,Food & Beverage,North,Debit Card,15,0
8580,2515,2025-07-28,51.41,Electronics,South,UPI,0,0
8581,2232,2023-06-04,21.35,Sports,Central,UPI,30,0
8582,2646,2024-04-30,207.18,Travel,West,UPI,0,1
8583,2736,2024-03-07,96.82,Electronics,North,Debit Card,5,1
8584,1952,2025-11-16,147.02,Food & Beverage,North,Debit Card,0,0
8585,2393,2025-09-30,152.03,Apparel,South,Net Banking,0,0
8586,1306,2025-11-01,7.91,Software,East,Debit Card,15,0
8587,1012,2023-03-08,710.39,Travel,Central,Debit Card,0,0
8588,2369,2024-06-25,45.69,Software,Central,Wallet,5,0
8589,2489,2023-04-06,468.12,Software,Central,Debit Card,0,0
8590,2724,2023-08-03,149.84,Apparel,North,Credit Card,20,0
8591,2690,2023-07-13,24.67,Apparel,North,Wallet,0,0
8592,2518,2025-06-03,38.51,Software,North,Net Banking,0,0
8593,2392,2023-02-08,39.37,Apparel,East,Credit Card,0,0
8594,2870,2025-07-27,42.19,Sports,North,Net Banking,15,0
8595,1937,2025-07-27,10.77,Apparel,Central,UPI,0,0
8596,1420,2023-07-25,34.53,Electronics,Central,UPI,5,0
8597,1889,2025-07-30,287.4,Health,South,UPI,15,0
8598,2815,2024-07-08,324.96,Books,East,Debit Card,0,0
8599,1171,2024-04-28,39.98,Home & Garden,West,Debit Card,25,0
8600,1134,2025-02-09,9.51,Travel,North,Wallet,0,0
8601,1965,2023-09-06,191.92,Books,West,Credit Card,15,0
8602,2451,2026-01-02,24.67,Electronics,North,Credit Card,15,0
8603,2049,2024-01-08,27.09,Software,East,UPI,0,0
8604,2554,2025-05-28,64.11,Books,East,UPI,10,0
8605,2214,2025-04-14,57.3,Home & Garden,Central,Debit Card,10,0
8606,2165,2025-05-20,34.89,Food & Beverage,East,Net Banking,5,0
8607,2579,2024-12-02,38.89,Travel,West,Credit Card,0,0
8608,2870,2023-05-18,49.29,Apparel,West,Credit Card,20,0
8609,2820,2025-08-05,38.21,Home & Garden,East,Net Banking,0,0
8610,1658,2024-04-01,41.21,Health,West,Credit Card,15,0
8611,2339,2025-03-24,62.37,Apparel,North,Credit Card,0,0
8612,2468,2025-04-02,137.56,Books,South,Debit Card,15,0
8613,2343,2025-07-30,121.37,Software,Central,Credit Card,0,0
8614,2465,2024-03-19,46.96,Health,South,UPI,25,1
8615,2116,2023-12-19,61.56,Home & Garden,West,UPI,10,0
8616,1179,2025-09-22,451.79,Apparel,Central,Wallet,5,0
8617,2080,2025-03-04,294.11,Software,South,Debit Card,0,0
8618,2179,2024-02-15,173.79,Software,South,Debit Card,5,0
8619,2696,2024-11-08,10.74,Software,West,UPI,0,0
8620,1111,2024-03-28,102.36,Home & Garden,Central,Debit Card,0,0
8621,1137,2024-02-23,40.02,Electronics,Central,Debit Card,0,0
8622,1232,2024-03-25,28.57,Software,South,Wallet,25,0
8623,1992,2025-09-21,58.46,Health,Central,Net Banking,5,0
8624,1468,2026-02-12,316.24,Apparel,Central,Credit Card,5,0
8625,1732,2023-02-20,261.37,Food & Beverage,North,Wallet,15,0
8626,1481,2023-07-29,42.8,Software,West,Net Banking,10,1
8627,2092,2025-06-06,99.64,Travel,West,Credit Card,10,1
8628,1814,2025-09-24,54.28,Food & Beverage,North,UPI,10,0
8629,2273,2025-09-19,67.49,Food & Beverage,South,Net Banking,0,0
8630,1994,2025-04-29,297.99,Travel,East,Credit Card,0,0
8631,1323,2024-09-18,83.45,Software,South,Wallet,25,0
8632,1922,2024-11-09,10.93,Travel,North,Credit Card,30,0
8633,1904,2025-02-15,106.32,Electronics,Central,Debit Card,5,0
8634,2542,2026-06-04,796.03,Apparel,North,Credit Card,0,0
8635,3000,2024-10-24,38.86,Food & Beverage,West,UPI,5,0
8636,2816,2023-09-25,577.24,Travel,Central,Wallet,0,0
8637,2456,2023-04-26,188.85,Sports,South,Net Banking,0,0
8638,2511,2025-01-23,369.26,Sports,Central,Credit Card,0,0
8639,1606,2025-11-29,257.37,Apparel,West,Wallet,0,0
8640,1429,2023-07-01,111.43,Electronics,North,UPI,0,0
8641,2293,2026-05-17,43.13,Software,South,Net Banking,5,0
8642,2733,2025-06-21,111.14,Health,East,Credit Card,0,0
8643,2561,2026-02-16,119.08,Software,East,UPI,0,0
8644,1148,2025-08-03,288.84,Apparel,North,Debit Card,0,0
8645,2142,2023-09-15,6.04,Books,South,Wallet,5,0
8646,1850,2024-05-23,16.19,Apparel,South,Wallet,15,1
8647,1367,2023-04-02,119.53,Health,Central,Credit Card,10,0
8648,1850,2026-03-30,134.19,Software,North,UPI,30,0
8649,2090,2023-05-29,31.8,Home & Garden,Central,Net Banking,25,0
8650,2994,2023-04-27,138.2,Electronics,North,Net Banking,5,0
8651,1813,2024-04-02,,Sports,West,Net Banking,20,0
8652,2394,2024-07-18,71.26,Sports,North,Net Banking,0,0
8653,1175,2025-03-24,500.43,Food & Beverage,Central,Credit Card,0,0
8654,2855,2023-02-14,626.24,Books,South,Credit Card,15,1
8655,1588,2025-02-12,104.18,Books,North,Wallet,0,0
8656,1495,2023-08-22,246.92,Software,South,UPI,5,0
8657,1973,2023-07-16,11.76,Electronics,West,Debit Card,0,0
8658,2138,2023-01-25,326.37,Travel,East,Credit Card,0,1
8659,2135,2024-01-30,522.79,Travel,East,Net Banking,0,0
8660,2785,2024-12-14,26.62,Travel,Central,Debit Card,10,0
8661,2463,2025-11-25,188.68,Home & Garden,North,Wallet,0,0
8662,2739,2023-08-11,9.5,Travel,West,Net Banking,15,0
8663,2171,2025-05-13,35.02,Apparel,West,UPI,20,0
8664,1035,2024-06-13,48.21,Travel,South,Debit Card,0,0
8665,1999,2026-04-26,15.34,Travel,Central,Wallet,5,0
8666,2333,2023-09-14,67.65,Home & Garden,West,Credit Card,10,0
8667,1538,2024-10-15,62.5,Sports,North,UPI,10,0
8668,1750,2026-03-05,188.7,Software,West,Net Banking,5,0
8669,2038,2024-08-13,14.63,Software,East,Debit Card,10,0
8670,1374,2024-03-19,190.19,Software,Central,Wallet,20,0
8671,1557,2024-02-22,34.92,Food & Beverage,South,Debit Card,30,0
8672,2452,2024-07-27,19.41,Electronics,North,UPI,0,0
8673,2752,2023-05-09,71.12,Travel,East,Credit Card,10,0
8674,1233,2025-10-07,222.14,Software,West,Credit Card,0,0
8675,1705,2023-12-07,50.35,Travel,Central,UPI,0,0
8676,1563,2025-03-20,166.78,Electronics,Central,Net Banking,30,0
8677,1939,2025-09-18,125.8,Food & Beverage,North,Debit Card,0,1
8678,1887,2023-04-10,3872.28,Software,South,Net Banking,0,0
8679,1726,2023-02-08,61.86,Software,East,Wallet,10,0
8680,2687,2023-09-20,73.72,Health,South,Net Banking,15,0
8681,2464,2023-05-30,340.19,Health,North,UPI,15,0
8682,2526,2024-11-20,84.6,Sports,North,Credit Card,15,0
8683,2299,2025-03-23,121.65,Health,East,UPI,15,0
8684,2874,2026-02-17,10.94,Books,Central,UPI,15,0
8685,1076,2023-08-07,77.77,Books,Central,Debit Card,5,0
8686,1439,2025-06-24,38.62,Electronics,East,UPI,5,0
8687,2756,2026-02-20,50.63,Apparel,South,Wallet,15,0
8688,2884,2023-09-01,122.47,Software,East,Debit Card,15,0
8689,2980,2025-06-04,84.28,Apparel,Central,Debit Card,0,0
8690,1699,2024-08-09,227.37,Apparel,South,Net Banking,0,0
8691,2313,2024-06-01,282.81,Software,West,UPI,0,0
8692,1915,2025-11-10,72.77,Home & Garden,South,Net Banking,5,0
8693,2564,2023-07-09,128.94,Apparel,Central,Net Banking,5,0
8694,1891,2026-06-02,7.84,Health,North,Debit Card,0,0
8695,1692,2025-07-03,131.3,Software,South,Net Banking,25,0
8696,1253,2024-09-06,318.5,Food & Beverage,South,Net Banking,5,1
8697,2150,2025-05-05,30.21,Health,North,Debit Card,0,0
8698,2201,2024-04-10,222.88,Home & Garden,Central,Debit Card,0,0
8699,2061,2023-04-09,52.33,Home & Garden,West,Credit Card,0,0
8700,1410,2025-04-09,45.06,Travel,West,UPI,0,0
8701,2635,2025-09-23,497.22,Health,East,Credit Card,0,0
8702,2634,2026-01-11,86.53,Books,West,Debit Card,0,0
8703,1127,2023-02-25,254.72,Food & Beverage,West,Wallet,20,0
8704,2507,2025-11-11,8.64,Software,South,Net Banking,15,0
8705,2192,2024-08-02,43.3,Home & Garden,East,Net Banking,5,0
8706,1592,2023-07-04,211.43,Home & Garden,West,Debit Card,5,0
8707,1294,2024-06-05,104.51,Food & Beverage,South,Net Banking,0,0
8708,2869,2023-09-21,72.19,Travel,East,Credit Card,0,0
8709,2662,2026-06-02,185.82,Books,South,Net Banking,25,0
8710,2367,2025-11-27,33.19,Electronics,North,Wallet,0,0
8711,2020,2025-09-29,387.88,Home & Garden,Central,UPI,20,0
8712,1310,2023-05-03,69.75,Travel,Central,Credit Card,15,0
8713,1662,2026-03-25,33.82,Sports,Central,UPI,0,0
8714,1528,2023-10-28,36.6,Software,West,UPI,0,0
8715,1540,2025-04-12,81.63,Food & Beverage,Central,Wallet,5,0
8716,1419,2025-12-26,53.96,Sports,Central,Wallet,0,0
8717,1444,2024-10-06,169.25,Sports,East,Wallet,5,0
8718,1685,2025-05-23,85.15,Books,East,Wallet,0,0
8719,2582,2024-01-29,58.72,Health,East,Credit Card,10,0
8720,1840,2024-10-22,137.56,Health,West,Wallet,0,0
8721,1236,2026-02-28,47.68,Health,Central,Credit Card,0,0
8722,2463,2023-03-10,162.33,Books,West,Net Banking,0,0
8723,1214,2025-01-31,133.18,Software,West,UPI,20,0
8724,1085,2023-11-16,126.76,Apparel,West,Net Banking,10,0
8725,1794,2023-06-26,58.58,Travel,West,Net Banking,15,0
8726,2768,2024-08-06,42.29,Travel,West,Debit Card,0,0
8727,1085,2026-03-29,237.57,Home & Garden,West,Net Banking,20,1
8728,2945,2024-08-04,188.08,Books,Central,Net Banking,5,0
8729,2513,2026-03-04,26.85,Travel,East,Debit Card,0,0
8730,1065,2023-04-21,53.55,Software,South,Net Banking,5,0
8731,2670,2025-09-25,449.28,Health,South,Debit Card,5,0
8732,1663,2025-01-27,293.19,Sports,South,Credit Card,0,0
8733,1627,2023-10-10,22.11,Sports,North,UPI,10,1
8734,1064,2023-07-13,91.31,Home & Garden,East,Wallet,20,0
8735,2367,2025-08-24,148.83,Travel,Central,Net Banking,0,0
8736,1939,2025-12-06,296.59,Food & Beverage,West,Credit Card,15,0
8737,2899,2025-09-04,104.85,Food & Beverage,South,UPI,10,0
8738,1919,2023-12-08,160.88,Software,East,Credit Card,0,0
8739,2376,2026-06-19,275.23,Home & Garden,Central,Debit Card,0,1
8740,2182,2024-06-05,,Sports,South,Credit Card,25,0
8741,2613,2025-03-11,72.46,Home & Garden,East,Net Banking,0,0
8742,1491,2025-06-21,95.08,Home & Garden,Central,Net Banking,0,0
8743,2682,2023-05-11,36.25,Electronics,East,Wallet,0,0
8744,2879,2025-03-24,64.86,Food & Beverage,West,Wallet,20,0
8745,2487,2023-03-02,55.21,Software,East,Net Banking,10,0
8746,2249,2023-06-13,71.78,Books,East,Credit Card,0,0
8747,2941,2023-09-29,80.39,Apparel,North,Net Banking,15,0
8748,1313,2023-05-13,238.9,Sports,West,Credit Card,10,0
8749,1615,2026-06-21,136.89,Food & Beverage,East,Net Banking,30,0
8750,1919,2025-09-24,19.38,Health,West,UPI,5,1
8751,2883,2023-02-07,174.25,Health,East,Credit Card,5,0
8752,1813,2024-09-08,46.59,Sports,West,Debit Card,0,0
8753,1940,2024-04-18,24.35,Books,Central,Debit Card,0,0
8754,2490,2023-02-28,22.86,Sports,South,Wallet,15,0
8755,2112,2024-08-11,110.36,Food & Beverage,North,UPI,0,0
8756,2907,2024-05-13,321.53,Health,South,Debit Card,15,0
8757,2327,2026-05-26,69.9,Apparel,East,Net Banking,15,0
8758,1680,2024-07-20,277.19,Home & Garden,East,Debit Card,25,0
8759,1435,2024-07-20,99.76,Travel,Central,Net Banking,5,0
8760,1682,2026-02-26,6.78,Health,East,UPI,0,0
8761,2159,2025-06-22,187.65,Electronics,West,Wallet,0,0
8762,2074,2024-01-18,46.96,Sports,South,Debit Card,0,0
8763,2456,2023-03-26,34.03,Books,East,Wallet,25,0
8764,1340,2024-09-18,188.95,Home & Garden,Central,UPI,15,0
8765,1347,2025-04-05,105.7,Sports,North,Credit Card,10,0
8766,1646,2023-10-20,83.04,Health,South,UPI,0,0
8767,2371,2025-12-08,101.14,Travel,Central,UPI,15,0
8768,1649,2025-12-26,32.57,Software,Central,UPI,15,0
8769,1245,2025-02-25,752.92,Apparel,South,Credit Card,0,0
8770,1109,2023-05-09,110.73,Sports,Central,Credit Card,15,0
8771,2849,2023-01-29,108.89,Electronics,North,UPI,0,0
8772,2823,2026-02-16,81.09,Home & Garden,North,Credit Card,0,0
8773,1533,2024-11-22,12.94,Travel,East,Net Banking,0,0
8774,2114,2023-05-13,40.07,Health,West,UPI,20,0
8775,1296,2026-04-23,20.73,Travel,East,Debit Card,0,0
8776,1112,2024-10-07,18.47,Food & Beverage,West,Net Banking,10,0
8777,2837,2024-11-19,14.16,Books,South,UPI,0,0
8778,2613,2024-06-17,42.0,Software,Central,Debit Card,5,0
8779,2201,2026-06-18,92.26,Books,East,Debit Card,0,0
8780,1343,2024-05-30,16.34,Software,Central,Wallet,20,0
8781,2684,2025-08-17,208.47,Sports,East,Wallet,5,0
8782,1101,2023-06-14,128.63,Books,East,Debit Card,20,1
8783,2782,2025-07-15,68.17,Electronics,North,UPI,5,0
8784,1629,2025-07-21,1205.33,Food & Beverage,West,UPI,0,0
8785,2628,2024-07-10,-88.645,Home & Garden,South,UPI,5,0
8786,2425,2026-05-26,234.59,Apparel,Central,UPI,0,1
8787,1028,2024-11-10,,Food & Beverage,East,Debit Card,20,0
8788,1937,2025-09-19,505.97,Electronics,Central,Credit Card,0,0
8789,2986,2025-10-25,330.8,Software,North,Credit Card,0,1
8790,2561,2025-01-26,62.8,Books,South,UPI,10,0
8791,1058,2026-01-09,65.6,Health,West,Wallet,0,0
8792,2522,2026-06-24,18.0,Software,West,Debit Card,0,0
8793,1297,2025-05-04,103.46,Software,East,Credit Card,5,1
8794,1134,2024-05-07,197.47,Health,South,Debit Card,0,0
8795,2355,2024-10-10,83.58,Sports,West,Wallet,0,0
8796,1249,2025-09-18,483.34,Sports,South,Debit Card,10,0
8797,2021,2024-09-19,,Health,Central,Wallet,0,0
8798,1550,2024-09-16,402.18,Travel,North,Wallet,10,0
8799,1902,2024-06-26,74.01,Health,South,Net Banking,5,0
8800,2965,2023-01-07,22.39,Sports,South,Wallet,15,1
8801,2099,2025-08-11,42.52,Sports,West,Net Banking,15,0
8802,2678,2024-05-29,86.61,Travel,East,Wallet,0,1
8803,1834,2025-01-24,36.62,Software,East,Wallet,25,0
8804,2192,2023-03-14,12.35,Health,Central,Debit Card,20,0
8805,1771,2023-01-10,8.14,Home & Garden,West,Net Banking,5,0
8806,2527,2024-07-15,303.9,Electronics,West,Credit Card,10,0
8807,2909,2023-05-02,142.94,Books,North,Credit Card,20,1
8808,2379,2024-11-17,125.31,Food & Beverage,East,Debit Card,5,0
8809,2249,2024-05-27,110.17,Software,West,Credit Card,5,0
8810,2688,2025-09-16,46.67,Books,Central,Credit Card,10,0
8811,2555,2024-03-16,233.5,Electronics,North,Wallet,0,0
8812,1146,2025-11-27,11.17,Sports,East,UPI,10,0
8813,2984,2024-12-02,7.38,Apparel,East,UPI,0,0
8814,2265,2024-08-13,70.67,Sports,East,Credit Card,0,0
8815,2908,2026-04-22,105.18,Health,North,Debit Card,20,0
8816,1893,2023-03-08,31.16,Software,Central,Debit Card,0,0
8817,1344,2023-01-17,13.3,Home & Garden,Central,Net Banking,5,0
8818,2773,2024-01-03,182.87,Home & Garden,West,Debit Card,0,0
8819,2059,2025-06-22,54.94,Sports,West,Debit Card,0,0
8820,1702,2024-12-21,207.04,Health,East,Wallet,5,0
8821,1001,2025-08-15,431.32,Food & Beverage,South,Wallet,15,0
8822,1153,2025-06-26,13.14,Books,West,Credit Card,15,0
8823,1429,2025-09-15,116.28,Sports,Central,Debit Card,25,0
8824,2969,2024-04-17,121.45,Travel,East,UPI,20,0
8825,1508,2023-04-25,219.93,Sports,Central,Debit Card,30,0
8826,2150,2023-04-10,47.46,Home & Garden,East,Debit Card,10,0
8827,1491,2024-03-13,96.25,Health,North,Credit Card,0,0
8828,2506,2023-12-15,217.11,Apparel,West,UPI,20,0
8829,1345,2023-05-19,152.22,Sports,North,Credit Card,30,0
8830,2936,2025-04-07,584.49,Travel,West,Debit Card,5,0
8831,2762,2023-11-20,31.75,Sports,Central,UPI,0,1
8832,1221,2025-04-25,115.4,Health,Central,Debit Card,0,0
8833,2939,2023-10-21,81.16,Apparel,South,Credit Card,10,0
8834,2943,2025-08-25,70.26,Books,Central,Credit Card,10,1
8835,1723,2023-03-15,182.32,Sports,East,Wallet,0,0
8836,2049,2024-04-28,103.42,Software,South,UPI,25,0
8837,1528,2023-01-16,25.05,Health,East,Wallet,5,0
8838,2206,2025-03-03,282.38,Software,South,UPI,10,0
8839,2523,2024-05-30,182.79,Health,East,Net Banking,10,0
8840,1841,2025-07-13,528.28,Apparel,South,UPI,0,0
8841,2665,2026-02-24,215.41,Apparel,West,Debit Card,25,0
8842,2066,2025-04-03,69.67,Apparel,West,UPI,0,0
8843,2939,2024-06-01,70.31,Books,South,Wallet,15,0
8844,1481,2023-05-09,311.99,Electronics,North,Credit Card,0,0
8845,1930,2024-05-25,35.85,Health,South,Credit Card,0,0
8846,2872,2024-02-27,30.39,Apparel,North,UPI,5,0
8847,2772,2024-01-20,117.27,Sports,East,Net Banking,0,0
8848,1872,2023-08-20,14.99,Software,South,Credit Card,20,0
8849,2463,2025-08-16,136.79,Travel,North,Credit Card,15,1
8850,2426,2025-04-04,,Apparel,South,Credit Card,20,0
8851,2570,2026-05-03,66.98,Sports,West,Net Banking,20,0
8852,1345,2023-03-06,487.68,Sports,West,Wallet,20,1
8853,2917,2025-04-12,348.48,Apparel,South,UPI,10,0
8854,1045,2024-09-06,35.38,Apparel,South,Net Banking,25,0
8855,2670,2026-06-01,197.73,Books,Central,UPI,0,0
8856,1021,2025-03-11,293.37,Sports,West,Debit Card,0,0
8857,2658,2023-10-05,99.42,Travel,East,UPI,0,1
8858,2094,2024-01-01,53.61,Sports,South,Credit Card,0,0
8859,2888,2024-05-30,23.79,Travel,Central,Net Banking,0,0
8860,1873,2026-05-23,46.07,Books,South,Net Banking,5,0
8861,1048,2024-03-14,24.44,Electronics,West,Wallet,15,0
8862,2515,2024-03-03,269.07,Software,North,Debit Card,10,0
8863,1551,2024-12-29,66.28,Travel,North,Wallet,10,0
8864,1287,2024-01-31,168.34,Electronics,West,Wallet,20,0
8865,2002,2026-05-17,408.45,Home & Garden,East,Debit Card,30,0
8866,2034,2024-08-08,116.12,Home & Garden,Central,Credit Card,10,0
8867,1542,2026-06-04,369.63,Books,South,Net Banking,0,0
8868,1756,2024-01-10,59.11,Health,South,UPI,10,0
8869,1274,2025-08-05,143.13,Electronics,South,Debit Card,10,0
8870,1956,2023-04-03,115.18,Electronics,Central,Wallet,0,0
8871,1600,2023-11-17,38.79,Food & Beverage,Central,UPI,0,0
8872,2780,2025-10-30,62.1,Books,West,Debit Card,0,0
8873,1381,2025-07-02,491.88,Home & Garden,Central,Debit Card,15,0
8874,2353,2025-07-05,59.51,Home & Garden,South,Credit Card,0,0
8875,1479,2023-04-05,12.24,Sports,South,Credit Card,5,0
8876,1015,2025-08-16,59.41,Apparel,Central,Net Banking,15,0
8877,1516,2026-02-04,36.47,Software,Central,Net Banking,25,0
8878,1191,2023-03-12,155.57,Sports,West,UPI,5,0
8879,2192,2024-10-25,188.25,Home & Garden,North,Net Banking,10,0
8880,2545,2025-08-26,138.35,Health,Central,Debit Card,0,1
8881,1621,2024-08-09,55.07,Software,North,Debit Card,5,0
8882,2161,2024-12-27,96.64,Apparel,East,Debit Card,10,1
8883,1154,2024-01-03,61.66,Food & Beverage,North,Debit Card,0,0
8884,2412,2023-02-20,15.86,Books,Central,Credit Card,0,0
8885,2233,2026-03-12,78.69,Electronics,South,Debit Card,20,0
8886,1272,2025-09-14,2130.25,Health,South,Debit Card,0,0
8887,1143,2026-04-05,26.18,Electronics,Central,Debit Card,25,0
8888,2635,2023-09-17,9.72,Software,West,Wallet,0,0
8889,2913,2026-04-30,497.07,Sports,Central,UPI,0,0
8890,2844,2026-05-10,154.22,Travel,Central,UPI,5,0
8891,2093,2026-04-23,128.71,Electronics,West,Debit Card,0,0
8892,1247,2023-06-07,58.54,Books,West,Debit Card,10,0
8893,2285,2023-04-09,118.1,Home & Garden,East,UPI,5,1
8894,1788,2023-08-29,95.79,Sports,East,Net Banking,25,0
8895,1079,2023-07-21,433.95,Sports,East,Wallet,25,0
8896,2682,2024-09-25,270.52,Travel,West,Wallet,15,0
8897,1623,2026-01-24,185.43,Home & Garden,North,Net Banking,0,0
8898,2794,2025-01-15,39.68,Electronics,Central,Debit Card,0,0
8899,2629,2024-05-04,118.48,Books,East,UPI,0,0
8900,1525,2024-08-01,43.01,Apparel,North,Wallet,20,0
8901,1772,2026-05-26,393.14,Food & Beverage,Central,Net Banking,10,0
8902,1938,2024-06-10,38.17,Sports,North,Net Banking,0,0
8903,2645,2023-09-30,76.6,Software,South,Credit Card,5,0
8904,2354,2026-05-27,24.43,Health,South,Net Banking,30,0
8905,2213,2025-02-24,49.51,Apparel,Central,Credit Card,15,0
8906,2119,2024-03-28,48.85,Health,North,Credit Card,25,0
8907,1617,2026-03-21,-88.645,Travel,North,Wallet,20,0
8908,2032,2023-12-13,30.58,Home & Garden,West,Debit Card,15,0
8909,1067,2025-03-26,387.13,Home & Garden,East,Debit Card,20,0
8910,2520,2024-02-18,71.92,Apparel,Central,Net Banking,10,0
8911,1191,2024-03-06,47.45,Electronics,North,UPI,10,0
8912,2390,2024-01-14,226.7,Home & Garden,East,UPI,15,0
8913,1768,2025-09-24,1205.78,Health,Central,Credit Card,0,0
8914,1521,2025-06-13,55.42,Software,North,Net Banking,5,0
8915,1990,2024-03-03,67.08,Software,South,Net Banking,30,0
8916,2141,2026-01-12,37.12,Food & Beverage,North,Debit Card,20,0
8917,1267,2023-07-11,199.22,Food & Beverage,South,UPI,25,1
8918,2635,2023-02-10,283.28,Books,South,Wallet,30,0
8919,1485,2023-05-16,85.14,Apparel,West,Net Banking,10,0
8920,2533,2023-04-16,53.19,Health,West,Net Banking,0,1
8921,2322,2024-06-02,170.84,Electronics,East,Debit Card,15,0
8922,2933,2025-03-24,218.68,Food & Beverage,Central,Wallet,0,1
8923,2188,2023-05-06,581.06,Sports,East,Wallet,0,0
8924,1376,2024-02-04,44.74,Home & Garden,West,Wallet,0,0
8925,1653,2023-03-20,250.34,Electronics,East,Wallet,0,0
8926,2292,2024-01-24,102.2,Food & Beverage,Central,UPI,10,0
8927,1549,2023-03-15,11.23,Health,Central,Credit Card,20,0
8928,2098,2025-10-25,559.28,Electronics,North,Wallet,15,0
8929,2532,2023-03-23,128.63,Electronics,East,Credit Card,0,0
8930,1073,2025-02-14,186.45,Health,West,Credit Card,20,0
8931,1308,2025-09-17,280.22,Food & Beverage,North,Debit Card,20,0
8932,1199,2023-10-05,184.06,Health,East,Wallet,0,0
8933,2154,2025-04-19,28.21,Travel,Central,UPI,5,0
8934,2782,2023-08-12,202.27,Travel,West,Debit Card,10,0
8935,2848,2025-12-27,163.36,Software,East,Debit Card,5,0
8936,1572,2024-08-28,,Software,Central,Credit Card,20,0
8937,1791,2023-01-19,664.64,Health,Central,Net Banking,5,0
8938,2639,2024-10-01,57.24,Software,East,UPI,0,0
8939,2832,2023-04-07,297.28,Food & Beverage,East,Wallet,5,1
8940,2856,2025-12-11,60.15,Software,West,Wallet,10,0
8941,2511,2023-06-24,47.47,Apparel,North,UPI,30,0
8942,2877,2026-02-12,81.88,Apparel,Central,Wallet,5,0
8943,2175,2023-12-14,1148.34,Food & Beverage,North,Net Banking,20,0
8944,2693,2023-01-01,1007.81,Home & Garden,North,Net Banking,0,0
8945,2230,2023-03-04,47.4,Apparel,Central,Wallet,5,0
8946,1179,2023-08-14,402.14,Travel,East,Debit Card,10,0
8947,1197,2024-02-27,92.58,Health,Central,Wallet,20,0
8948,1735,2025-11-08,1014.32,Travel,North,Wallet,15,0
8949,1089,2023-01-31,359.04,Food & Beverage,West,UPI,0,0
8950,1799,2025-04-24,125.82,Software,Central,Net Banking,0,0
8951,2458,2024-09-24,99.25,Software,West,Debit Card,0,0
8952,1788,2023-01-24,186.81,Apparel,East,UPI,10,0
8953,1748,2025-04-16,160.81,Books,East,UPI,5,0
8954,2207,2025-09-09,23.97,Software,West,Debit Card,20,0
8955,1209,2026-05-19,115.51,Home & Garden,West,Debit Card,30,0
8956,1493,2023-06-10,41.18,Books,Central,UPI,20,0
8957,2154,2023-04-24,47.67,Travel,East,Wallet,0,0
8958,1665,2024-05-18,342.91,Apparel,West,Debit Card,25,0
8959,2037,2025-08-12,114.95,Food & Beverage,South,Credit Card,0,0
8960,2658,2026-05-28,52.17,Sports,Central,Debit Card,5,0
8961,1871,2023-12-23,21.03,Food & Beverage,Central,UPI,0,0
8962,1732,2023-06-18,35.47,Home & Garden,South,Credit Card,0,0
8963,2130,2025-08-26,83.82,Food & Beverage,East,UPI,0,0
8964,2399,2023-08-30,680.64,Health,West,Net Banking,0,0
8965,2606,2023-05-19,25.56,Home & Garden,West,Net Banking,0,0
8966,2731,2023-04-07,128.22,Books,East,Wallet,0,0
8967,1698,2023-05-27,146.72,Travel,South,Debit Card,15,1
8968,2123,2026-04-20,390.4,Apparel,South,UPI,10,0
8969,1594,2025-12-16,104.57,Health,South,Credit Card,0,0
8970,2611,2025-12-01,146.87,Electronics,Central,Debit Card,5,0
8971,1886,2025-05-15,371.86,Health,West,Wallet,10,0
8972,1852,2024-06-26,-88.645,Electronics,North,UPI,0,0
8973,2216,2024-11-22,232.63,Sports,Central,UPI,30,0
8974,1325,2025-10-22,16.9,Sports,Central,Net Banking,20,1
8975,1979,2026-03-07,97.23,Books,West,Wallet,0,0
8976,2750,2025-06-22,67.71,Apparel,East,UPI,5,0
8977,2851,2024-12-30,37.84,Food & Beverage,West,Net Banking,5,0
8978,1956,2026-05-30,289.13,Food & Beverage,East,Net Banking,0,0
8979,2491,2023-11-27,309.27,Travel,West,Credit Card,15,1
8980,1894,2024-09-08,324.68,Electronics,Central,Wallet,10,1
8981,2391,2024-02-08,141.98,Sports,South,Wallet,20,0
8982,2342,2024-05-22,20.51,Apparel,Central,UPI,0,0
8983,1144,2026-02-24,60.66,Travel,Central,Credit Card,10,0
8984,1384,2025-11-04,300.98,Sports,North,Debit Card,30,0
8985,1216,2023-08-14,296.26,Travel,Central,UPI,15,0
8986,2385,2025-09-10,,Apparel,Central,Net Banking,0,0
8987,1324,2025-05-14,131.22,Sports,Central,Debit Card,0,0
8988,2039,2026-02-02,72.36,Software,North,Debit Card,5,0
8989,1217,2025-01-14,8.51,Books,East,UPI,5,0
8990,2516,2024-05-07,253.45,Food & Beverage,North,Credit Card,10,1
8991,1951,2023-11-15,79.92,Software,South,Wallet,0,0
8992,2571,2026-05-27,19.99,Software,East,Credit Card,0,0
8993,1183,2025-02-11,224.81,Health,North,UPI,20,0
8994,1270,2024-03-27,494.46,Apparel,South,Wallet,10,0
8995,1945,2025-08-01,254.86,Health,South,Debit Card,5,0
8996,2491,2025-04-27,202.33,Software,West,Net Banking,0,0
8997,1870,2025-10-13,275.91,Apparel,West,Credit Card,0,0
8998,2636,2026-04-28,3.4,Health,Central,Wallet,15,0
8999,2543,2025-06-02,710.09,Health,East,Credit Card,5,0
9000,2566,2024-02-23,34.81,Home & Garden,North,Wallet,0,0
9001,1467,2025-05-14,38.68,Food & Beverage,Central,Net Banking,20,0
9002,1305,2025-02-27,51.15,Travel,East,UPI,0,0
9003,2168,2024-05-09,58.67,Travel,West,UPI,0,0
9004,1111,2025-11-28,544.84,Home & Garden,North,Wallet,5,0
9005,2014,2023-06-11,172.88,Food & Beverage,South,Wallet,0,0
9006,1232,2023-05-01,39.88,Apparel,South,UPI,0,0
9007,2715,2024-02-03,47.82,Apparel,Central,Debit Card,5,0
9008,2608,2024-12-28,1795.87,Travel,Central,Debit Card,20,0
9009,2746,2024-07-14,137.5,Books,North,Debit Card,10,1
9010,2756,2024-08-26,53.61,Books,South,Net Banking,0,1
9011,2616,2026-02-26,12.86,Sports,Central,Wallet,0,0
9012,2524,2024-06-23,12.05,Sports,South,Credit Card,0,0
9013,1595,2023-12-22,23.56,Travel,West,Credit Card,10,0
9014,2578,2024-10-21,100.99,Home & Garden,Central,Wallet,5,0
9015,2297,2024-03-07,340.8,Home & Garden,East,UPI,0,0
9016,2727,2025-12-24,188.54,Travel,Central,Wallet,5,1
9017,1173,2026-05-26,368.29,Home & Garden,West,Debit Card,25,0
9018,1973,2024-07-16,177.49,Apparel,North,Debit Card,5,0
9019,2031,2025-03-27,20.68,Books,South,Credit Card,20,1
9020,2179,2026-01-02,149.88,Home & Garden,North,Wallet,5,0
9021,2546,2024-12-11,157.77,Food & Beverage,Central,Credit Card,15,0
9022,1546,2026-04-30,77.94,Health,East,UPI,15,0
9023,1548,2026-04-27,62.35,Home & Garden,North,Net Banking,15,0
9024,2945,2023-01-12,75.35,Software,East,Net Banking,10,0
9025,1518,2023-08-27,14.07,Electronics,Central,UPI,30,0
9026,2944,2024-03-28,18.2,Health,East,Debit Card,25,0
9027,1914,2024-01-18,1900.97,Sports,East,Debit Card,0,0
9028,1215,2025-02-20,20.05,Health,West,Debit Card,10,0
9029,1134,2023-02-17,10.81,Software,North,Credit Card,10,0
9030,1285,2023-11-13,37.92,Software,Central,Credit Card,0,0
9031,2150,2023-07-28,156.17,Electronics,West,Net Banking,0,0
9032,2945,2026-02-16,176.52,Sports,East,Debit Card,0,0
9033,2463,2024-07-30,26.34,Health,West,Debit Card,0,1
9034,2873,2023-11-11,101.08,Food & Beverage,West,UPI,20,0
9035,1686,2025-01-23,46.83,Software,East,Net Banking,15,0
9036,2176,2025-11-25,113.11,Health,Central,Credit Card,20,0
9037,1331,2025-07-03,63.31,Home & Garden,South,Net Banking,25,0
9038,2562,2025-01-24,39.14,Health,West,Debit Card,5,0
9039,2407,2024-07-07,41.31,Books,North,Debit Card,20,0
9040,2139,2024-02-07,6.43,Apparel,East,Credit Card,10,0
9041,1894,2026-02-04,69.0,Home & Garden,South,Credit Card,5,0
9042,2506,2023-02-08,82.13,Food & Beverage,West,Net Banking,0,0
9043,2308,2024-08-03,16.61,Food & Beverage,East,Wallet,5,0
9044,1899,2023-06-29,60.1,Health,East,Debit Card,0,0
9045,2099,2023-01-12,66.27,Food & Beverage,West,Debit Card,0,0
9046,2190,2025-07-31,9.74,Software,North,Wallet,0,0
9047,2213,2024-07-01,35.66,Books,East,Net Banking,15,0
9048,1078,2026-02-23,34.34,Books,East,UPI,5,0
9049,1947,2023-03-04,111.69,Travel,West,UPI,15,0
9050,2626,2025-04-23,401.12,Travel,South,Debit Card,20,0
9051,1688,2026-01-10,95.26,Electronics,East,UPI,10,0
9052,1021,2025-10-05,361.95,Home & Garden,East,Net Banking,5,0
9053,1566,2023-02-03,68.93,Food & Beverage,West,UPI,20,0
9054,2208,2025-01-21,140.54,Food & Beverage,East,Credit Card,10,0
9055,2895,2023-02-18,97.53,Electronics,West,Net Banking,20,1
9056,2246,2024-10-19,1625.75,Apparel,North,Wallet,0,0
9057,1827,2024-12-01,74.98,Health,West,Debit Card,10,0
9058,2352,2025-12-16,230.21,Electronics,South,Net Banking,0,0
9059,1179,2023-04-19,114.81,Books,East,UPI,10,0
9060,2812,2025-09-11,347.49,Electronics,North,Net Banking,10,0
9061,2136,2023-01-24,192.21,Food & Beverage,East,Wallet,10,0
9062,2760,2023-08-09,135.49,Health,East,Net Banking,10,1
9063,2750,2023-11-11,22.87,Travel,West,Wallet,0,0
9064,2083,2023-10-21,25.43,Home & Garden,East,Wallet,0,0
9065,2351,2025-10-30,42.98,Home & Garden,North,Net Banking,20,0
9066,1905,2025-10-16,63.37,Electronics,Central,Debit Card,0,0
9067,2645,2025-10-14,102.86,Home & Garden,East,Debit Card,30,0
9068,2921,2024-09-29,43.1,Books,West,UPI,5,0
9069,1669,2023-09-24,8.39,Food & Beverage,South,Net Banking,5,1
9070,1191,2023-03-29,308.85,Home & Garden,East,Net Banking,10,0
9071,2224,2024-03-30,153.97,Sports,West,Credit Card,10,0
9072,2336,2026-03-17,96.77,Books,East,Debit Card,0,0
9073,1708,2025-01-26,405.3,Books,Central,Wallet,0,0
9074,2059,2024-03-06,34.32,Software,Central,Credit Card,0,0
9075,1379,2025-06-29,76.93,Travel,North,Net Banking,0,0
9076,1387,2023-08-30,109.01,Electronics,Central,Credit Card,0,0
9077,2782,2024-12-02,54.7,Apparel,West,Debit Card,10,0
9078,1237,2025-06-20,34.65,Books,Central,Net Banking,5,0
9079,1616,2025-01-10,257.17,Home & Garden,West,Debit Card,20,0
9080,2543,2023-03-07,126.57,Health,East,Credit Card,0,0
9081,1283,2025-08-29,190.34,Food & Beverage,North,UPI,15,0
9082,1001,2024-01-13,33.5,Apparel,North,Wallet,0,0
9083,2755,2024-01-23,243.71,Travel,Central,Wallet,20,0
9084,1464,2025-02-19,42.61,Books,South,UPI,25,0
9085,2254,2023-07-28,121.11,Food & Beverage,Central,UPI,10,0
9086,1967,2023-01-16,968.26,Travel,South,UPI,15,0
9087,1172,2025-09-12,250.26,Food & Beverage,Central,Debit Card,30,0
9088,2111,2026-05-28,135.24,Home & Garden,West,Net Banking,0,0
9089,2577,2024-01-02,455.14,Health,West,UPI,0,0
9090,2147,2025-02-18,45.44,Sports,South,Debit Card,10,0
9091,1843,2026-06-06,162.19,Food & Beverage,North,Credit Card,0,0
9092,2322,2024-03-15,33.17,Food & Beverage,South,Credit Card,10,0
9093,2909,2024-11-20,58.32,Books,East,UPI,10,0
9094,2953,2025-11-25,607.2,Electronics,North,Credit Card,10,0
9095,1690,2025-04-26,125.01,Travel,South,UPI,0,0
9096,1575,2024-02-26,487.16,Apparel,East,Credit Card,0,0
9097,2508,2026-04-27,79.59,Sports,East,Credit Card,25,0
9098,1165,2026-04-16,389.54,Home & Garden,Central,Net Banking,5,0
9099,2723,2024-08-30,95.78,Food & Beverage,South,Net Banking,0,0
9100,1383,2023-01-20,105.69,Electronics,West,Credit Card,15,0
9101,1209,2024-11-06,92.67,Software,Central,Net Banking,25,0
9102,2763,2024-01-17,138.75,Books,North,UPI,5,1
9103,2456,2024-08-31,65.98,Books,West,Wallet,0,0
9104,2413,2023-05-23,17.0,Sports,East,UPI,10,0
9105,2584,2023-03-03,86.24,Sports,North,Net Banking,25,0
9106,1224,2026-06-19,105.52,Electronics,Central,Debit Card,30,0
9107,1003,2023-08-26,640.24,Software,East,Credit Card,20,0
9108,1372,2026-02-28,5.97,Software,East,Net Banking,0,0
9109,2711,2026-02-20,626.92,Sports,East,Net Banking,0,0
9110,2470,2025-07-15,316.69,Sports,West,Net Banking,0,1
9111,1611,2023-12-08,204.94,Health,Central,UPI,15,0
9112,1116,2024-03-30,108.32,Sports,Central,Credit Card,0,0
9113,2294,2026-05-06,26.46,Electronics,West,Wallet,5,0
9114,1447,2023-10-09,935.41,Software,Central,Net Banking,5,0
9115,2392,2025-06-04,396.06,Apparel,East,Debit Card,0,0
9116,2277,2025-10-21,121.62,Books,East,Credit Card,0,0
9117,2341,2024-12-23,126.82,Sports,East,Wallet,0,0
9118,1415,2026-05-20,79.0,Travel,Central,Debit Card,10,0
9119,2119,2023-03-28,183.7,Food & Beverage,South,Wallet,15,0
9120,2809,2024-10-26,85.35,Health,North,Wallet,10,0
9121,1892,2025-05-11,130.25,Apparel,South,Credit Card,30,0
9122,2048,2023-03-02,152.26,Sports,West,UPI,10,0
9123,2652,2025-03-07,1662.98,Sports,South,Debit Card,0,0
9124,1663,2023-04-05,30.2,Apparel,South,Net Banking,5,0
9125,2874,2025-02-24,109.07,Sports,West,Wallet,20,0
9126,2074,2026-03-16,392.66,Software,South,Debit Card,0,0
9127,2526,2026-06-23,242.75,Travel,North,Credit Card,15,0
9128,1718,2025-08-18,202.94,Electronics,Central,Debit Card,15,0
9129,2522,2023-10-24,3339.53,Travel,West,Net Banking,25,0
9130,2359,2026-02-20,332.12,Software,South,Net Banking,5,0
9131,2103,2024-11-24,42.53,Travel,East,Credit Card,0,1
9132,2606,2024-02-03,37.06,Electronics,East,Debit Card,5,0
9133,2051,2025-08-03,85.97,Travel,West,UPI,30,0
9134,1271,2026-06-08,53.33,Books,East,UPI,25,0
9135,1562,2024-06-17,99.01,Software,North,Wallet,0,0
9136,1804,2024-02-06,135.04,Software,South,Wallet,0,0
9137,1247,2023-05-10,124.97,Food & Beverage,North,Debit Card,5,0
9138,2800,2023-10-19,4.72,Home & Garden,North,Wallet,0,0
9139,2615,2023-10-03,36.35,Health,Central,Net Banking,15,0
9140,1387,2025-06-30,212.56,Home & Garden,South,Credit Card,0,0
9141,1702,2025-07-14,647.01,Health,West,Wallet,0,0
9142,1559,2023-02-24,55.45,Travel,East,UPI,0,0
9143,1973,2025-01-08,55.78,Books,Central,Net Banking,0,0
9144,2385,2025-11-15,80.88,Books,North,UPI,0,0
9145,2890,2025-02-03,713.07,Sports,East,Wallet,10,0
9146,1984,2026-05-05,96.01,Home & Garden,South,Wallet,10,0
9147,2512,2024-10-03,6.11,Travel,North,Net Banking,0,0
9148,1352,2026-06-20,769.06,Food & Beverage,North,UPI,0,0
9149,2725,2024-12-24,206.43,Food & Beverage,South,Credit Card,0,0
9150,2952,2026-04-28,19.07,Apparel,West,Credit Card,15,0
9151,2280,2025-03-12,48.74,Sports,Central,Net Banking,0,0
9152,2246,2025-01-07,34.65,Books,South,Wallet,0,0
9153,2908,2025-01-27,70.05,Books,East,Net Banking,5,0
9154,1753,2024-07-20,536.21,Home & Garden,East,UPI,20,0
9155,1781,2023-12-06,9.58,Books,North,Credit Card,0,0
9156,2025,2023-06-02,59.62,Books,Central,Wallet,0,1
9157,1546,2025-09-30,102.86,Apparel,West,UPI,5,0
9158,2470,2024-03-02,82.82,Books,West,Credit Card,15,0
9159,1079,2025-09-29,34.6,Home & Garden,East,Credit Card,10,0
9160,2260,2023-07-23,375.37,Home & Garden,West,Debit Card,5,0
9161,1334,2026-02-09,74.4,Books,East,Wallet,0,0
9162,1889,2023-11-21,63.77,Software,Central,Net Banking,0,0
9163,2373,2025-08-07,136.37,Apparel,North,Debit Card,25,0
9164,2122,2025-08-08,64.31,Software,East,Credit Card,0,0
9165,2106,2025-07-27,46.32,Home & Garden,Central,Wallet,10,0
9166,1502,2025-08-14,29.65,Health,East,Wallet,25,0
9167,2991,2025-06-12,1246.47,Electronics,South,Debit Card,5,0
9168,2501,2024-03-10,233.2,Electronics,East,UPI,5,0
9169,2951,2024-01-06,56.9,Travel,Central,UPI,0,0
9170,2728,2025-07-21,413.9,Software,West,Net Banking,30,0
9171,1765,2023-09-06,168.71,Home & Garden,East,Wallet,0,0
9172,1921,2025-06-09,94.27,Food & Beverage,North,Debit Card,5,1
9173,1550,2023-06-30,26.18,Home & Garden,Central,Credit Card,0,0
9174,1014,2024-12-03,33.34,Food & Beverage,West,UPI,0,0
9175,1392,2025-09-25,287.77,Health,Central,Debit Card,20,0
9176,2371,2023-03-19,222.0,Books,East,Net Banking,10,1
9177,1310,2025-07-07,17.33,Home & Garden,South,Net Banking,0,0
9178,1386,2025-06-03,55.19,Travel,South,Wallet,30,0
9179,2233,2023-12-02,203.56,Books,North,Net Banking,15,0
9180,2381,2023-02-19,342.02,Electronics,North,Net Banking,30,0
9181,1974,2023-03-26,166.89,Software,West,UPI,15,0
9182,2625,2024-11-25,52.06,Home & Garden,South,UPI,15,0
9183,2592,2023-01-04,119.49,Apparel,East,Net Banking,10,0
9184,2118,2025-09-19,69.9,Home & Garden,Central,Wallet,5,0
9185,2117,2023-11-13,142.37,Health,Central,UPI,0,0
9186,1340,2026-02-08,530.44,Travel,South,UPI,5,0
9187,1597,2025-02-01,35.21,Apparel,South,Net Banking,0,0
9188,2469,2026-03-02,126.11,Health,Central,Wallet,15,0
9189,1757,2024-09-03,80.15,Books,West,Net Banking,30,0
9190,2046,2025-10-01,65.67,Software,Central,Credit Card,10,0
9191,1291,2025-07-02,76.11,Health,North,Credit Card,20,0
9192,2509,2025-03-09,435.42,Electronics,East,Wallet,0,0
9193,2808,2023-04-29,180.44,Electronics,South,Credit Card,20,0
9194,1306,2023-12-16,50.65,Food & Beverage,South,Wallet,25,0
9195,1634,2025-07-05,196.28,Software,West,Credit Card,20,0
9196,2152,2024-11-17,46.04,Electronics,North,Debit Card,10,0
9197,1625,2024-06-25,10.52,Home & Garden,Central,UPI,25,0
9198,1939,2025-12-14,5.67,Books,North,Net Banking,30,0
9199,2297,2023-12-27,164.18,Sports,North,Wallet,20,0
9200,1848,2024-12-08,63.99,Electronics,West,Credit Card,5,1
9201,1442,2024-11-15,297.95,Sports,West,Debit Card,20,0
9202,1503,2023-11-26,143.24,Sports,Central,Credit Card,0,0
9203,1130,2023-08-07,123.06,Sports,Central,Debit Card,0,0
9204,2156,2023-07-27,52.4,Home & Garden,East,Net Banking,0,1
9205,1597,2025-04-24,168.34,Health,North,UPI,0,0
9206,2959,2023-03-26,579.48,Electronics,Central,UPI,10,0
9207,2506,2024-11-15,7.98,Apparel,West,Debit Card,10,0
9208,1862,2023-09-02,75.21,Electronics,East,Credit Card,20,0
9209,2414,2025-05-21,452.24,Sports,East,UPI,10,0
9210,1593,2025-10-19,22.77,Books,West,Credit Card,15,0
9211,1999,2026-05-20,105.66,Books,Central,Wallet,10,0
9212,1325,2024-08-18,39.65,Apparel,West,Credit Card,10,0
9213,2093,2024-11-15,65.29,Home & Garden,Central,Wallet,0,0
9214,2684,2026-04-21,10.72,Sports,West,Wallet,30,0
9215,1448,2026-03-02,293.44,Food & Beverage,West,UPI,10,0
9216,2552,2025-10-10,107.85,Food & Beverage,South,Wallet,10,0
9217,1819,2025-10-10,15.91,Apparel,Central,Credit Card,20,0
9218,2641,2023-12-16,148.76,Apparel,North,Net Banking,5,0
9219,2189,2023-10-09,115.54,Software,South,Credit Card,0,0
9220,2512,2023-10-20,39.39,Apparel,South,Debit Card,0,0
9221,2737,2026-05-05,955.12,Apparel,South,Debit Card,20,0
9222,1709,2025-09-10,167.22,Home & Garden,South,Credit Card,15,1
9223,2450,2023-01-20,423.38,Software,North,Debit Card,0,0
9224,2721,2025-01-28,74.19,Food & Beverage,South,Net Banking,0,0
9225,2858,2024-02-09,12.81,Food & Beverage,North,Debit Card,10,0
9226,1265,2026-02-12,5.54,Books,North,UPI,25,0
9227,2899,2024-12-01,26.66,Health,South,Net Banking,0,0
9228,1612,2025-09-06,453.7,Sports,East,UPI,5,0
9229,2366,2023-01-26,48.82,Home & Garden,North,UPI,20,0
9230,1832,2024-07-19,314.01,Health,South,Net Banking,5,0
9231,2750,2024-01-30,22.2,Electronics,West,UPI,0,1
9232,2302,2025-09-27,40.65,Food & Beverage,West,Debit Card,15,0
9233,1674,2024-06-06,48.32,Apparel,Central,Credit Card,15,0
9234,2463,2025-05-11,117.94,Apparel,North,Net Banking,20,0
9235,1157,2026-01-11,17.77,Travel,North,Credit Card,25,0
9236,2446,2025-03-12,34.7,Home & Garden,West,Net Banking,0,0
9237,1251,2024-07-03,68.05,Software,North,Net Banking,0,0
9238,1878,2023-03-28,17.97,Sports,North,UPI,30,0
9239,2633,2025-04-12,10.9,Food & Beverage,West,Credit Card,10,0
9240,1530,2024-01-22,93.16,Electronics,South,Debit Card,10,0
9241,1327,2025-08-20,18.3,Home & Garden,West,Credit Card,20,0
9242,1961,2024-10-29,386.65,Sports,East,Net Banking,10,0
9243,1895,2023-10-13,399.62,Books,West,Debit Card,10,0
9244,1097,2024-11-28,44.7,Electronics,West,UPI,0,0
9245,1513,2025-08-22,185.38,Sports,South,Debit Card,5,0
9246,1216,2024-01-04,97.79,Books,West,Debit Card,10,0
9247,2156,2024-10-16,324.2,Sports,West,Credit Card,20,0
9248,2284,2024-10-15,51.94,Health,South,Net Banking,5,0
9249,1125,2024-11-27,166.09,Travel,West,Net Banking,0,0
9250,2106,2025-10-20,130.86,Travel,South,Net Banking,0,0
9251,2307,2025-07-03,123.1,Home & Garden,East,Wallet,5,0
9252,2707,2023-10-15,42.99,Books,South,UPI,15,0
9253,1059,2023-04-05,373.47,Travel,North,Credit Card,0,0
9254,2568,2024-10-30,55.17,Health,North,Net Banking,0,0
9255,1161,2023-02-10,54.77,Software,South,Debit Card,5,0
9256,1284,2023-11-27,37.93,Health,West,Wallet,10,0
9257,1106,2026-03-24,40.78,Apparel,Central,UPI,30,0
9258,2129,2024-05-18,67.51,Sports,Central,Net Banking,15,0
9259,2463,2023-10-02,154.42,Travel,East,Wallet,0,1
9260,1228,2023-06-28,230.45,Software,East,UPI,10,0
9261,2724,2023-05-17,-88.645,Health,Central,Debit Card,0,0
9262,2606,2025-02-05,492.52,Books,Central,Wallet,20,0
9263,1318,2025-09-14,103.67,Electronics,South,Credit Card,0,0
9264,2488,2026-04-18,10.44,Software,Central,UPI,0,0
9265,1802,2026-04-20,22.53,Food & Beverage,North,Wallet,0,0
9266,2623,2023-08-31,208.52,Apparel,East,Wallet,5,0
9267,2906,2026-01-24,60.92,Apparel,East,UPI,0,0
9268,1874,2023-07-16,56.12,Electronics,North,Wallet,0,0
9269,1472,2024-06-09,28.29,Sports,East,Wallet,0,0
9270,2080,2024-09-23,55.68,Apparel,Central,UPI,15,0
9271,1625,2024-02-12,56.68,Software,East,Debit Card,0,0
9272,1013,2026-04-09,162.18,Apparel,North,Credit Card,0,0
9273,2464,2024-11-21,67.12,Software,East,UPI,5,0
9274,2042,2023-06-19,416.46,Electronics,Central,Net Banking,20,0
9275,1694,2023-06-08,41.02,Health,South,Wallet,5,1
9276,1973,2024-03-22,115.04,Food & Beverage,Central,Credit Card,5,0
9277,1113,2025-10-14,12.34,Food & Beverage,East,Credit Card,0,0
9278,1229,2026-01-10,198.5,Apparel,West,UPI,10,0
9279,1171,2025-12-16,16.36,Electronics,East,Net Banking,0,0
9280,1295,2023-04-22,178.4,Travel,East,Net Banking,30,1
9281,1189,2023-02-17,9.89,Travel,North,Debit Card,5,0
9282,1426,2024-01-11,26.04,Apparel,West,Net Banking,0,0
9283,1977,2025-04-07,246.03,Sports,North,UPI,10,0
9284,2103,2023-02-02,588.27,Sports,North,Credit Card,5,0
9285,1658,2024-05-18,3.46,Apparel,Central,Credit Card,0,0
9286,1919,2024-09-18,24.34,Software,South,Net Banking,0,0
9287,2206,2025-10-23,808.72,Sports,East,Wallet,0,0
9288,1499,2023-02-11,106.74,Sports,West,Debit Card,0,0
9289,2822,2023-01-09,26.09,Sports,East,Net Banking,5,0
9290,1762,2025-09-26,529.77,Books,North,UPI,20,0
9291,1866,2025-03-29,181.73,Travel,South,Debit Card,25,0
9292,1826,2024-10-18,102.72,Sports,North,Net Banking,30,1
9293,2732,2026-03-11,9.02,Home & Garden,East,Debit Card,10,0
9294,2859,2025-02-28,1113.41,Electronics,Central,Wallet,10,0
9295,1071,2025-11-16,123.33,Apparel,East,UPI,0,0
9296,1248,2025-12-02,62.08,Sports,North,Net Banking,20,0
9297,1146,2026-02-28,520.14,Software,West,Credit Card,5,0
9298,2642,2026-05-24,29.96,Electronics,West,UPI,0,0
9299,2799,2024-08-20,24.23,Food & Beverage,West,Wallet,30,1
9300,2320,2025-07-24,28.0,Food & Beverage,West,Wallet,15,0
9301,1582,2026-06-23,57.06,Home & Garden,West,Credit Card,5,1
9302,1470,2025-10-08,92.96,Software,South,UPI,0,0
9303,2530,2023-01-21,194.06,Home & Garden,South,Net Banking,0,0
9304,1193,2025-09-25,20.06,Electronics,Central,Credit Card,0,0
9305,2092,2024-04-01,129.53,Apparel,West,Net Banking,25,0
9306,1494,2025-10-10,43.68,Sports,North,Debit Card,30,0
9307,2841,2023-09-22,79.07,Sports,North,Net Banking,0,0
9308,1052,2023-07-03,384.13,Apparel,East,Debit Card,5,0
9309,1882,2023-08-15,162.62,Food & Beverage,West,Net Banking,15,0
9310,1363,2026-06-23,179.71,Food & Beverage,North,Debit Card,0,0
9311,2821,2026-01-01,42.98,Home & Garden,Central,UPI,5,0
9312,1917,2026-03-19,907.38,Electronics,North,Wallet,20,0
9313,1474,2025-12-28,201.64,Software,Central,UPI,0,0
9314,2870,2025-08-26,54.07,Sports,West,Credit Card,30,0
9315,1521,2025-03-15,354.0,Software,East,UPI,5,0
9316,2787,2026-06-07,178.17,Books,East,UPI,0,0
9317,2455,2024-12-23,19.77,Health,South,Wallet,20,0
9318,2868,2025-12-31,114.44,Home & Garden,West,UPI,0,1
9319,2322,2025-09-28,28.17,Home & Garden,North,Credit Card,10,0
9320,2459,2025-05-24,7.78,Travel,East,UPI,0,0
9321,2720,2023-03-25,53.56,Electronics,Central,UPI,25,0
9322,1691,2025-01-09,351.02,Travel,Central,UPI,10,0
9323,2222,2023-08-11,528.07,Travel,North,UPI,0,0
9324,2152,2025-03-03,48.77,Home & Garden,North,Wallet,5,0
9325,1532,2025-01-02,63.91,Electronics,West,Wallet,0,0
9326,2435,2026-05-24,480.76,Software,North,Credit Card,0,0
9327,2958,2026-06-08,201.3,Sports,North,Credit Card,25,0
9328,1840,2024-02-09,161.96,Health,North,Credit Card,20,0
9329,2089,2026-04-07,106.42,Software,East,UPI,10,0
9330,2718,2023-11-25,214.81,Home & Garden,West,Net Banking,30,0
9331,1241,2024-03-01,86.85,Books,North,UPI,10,0
9332,2393,2025-02-08,564.2,Home & Garden,North,Net Banking,0,0
9333,1536,2026-05-04,77.99,Books,Central,Credit Card,15,0
9334,2408,2024-08-30,76.52,Apparel,East,UPI,10,0
9335,2455,2024-06-09,7.64,Sports,North,Credit Card,5,0
9336,2991,2024-09-16,320.45,Apparel,East,Wallet,0,0
9337,1083,2023-03-18,28.35,Home & Garden,West,Credit Card,10,0
9338,1982,2025-07-08,5.24,Books,West,UPI,5,0
9339,2855,2025-08-03,72.63,Software,South,Wallet,10,1
9340,2721,2024-04-10,59.98,Home & Garden,Central,Wallet,0,0
9341,1951,2026-03-29,154.44,Food & Beverage,South,Net Banking,0,0
9342,2852,2024-05-06,196.17,Sports,East,Debit Card,0,0
9343,1611,2023-11-09,33.34,Sports,Central,Wallet,20,0
9344,1574,2026-03-30,2354.05,Books,North,Debit Card,0,0
9345,1286,2023-11-04,70.7,Health,Central,Credit Card,5,1
9346,1989,2026-03-15,11.87,Sports,Central,Credit Card,0,0
9347,2558,2024-11-21,601.47,Travel,West,Wallet,30,0
9348,1459,2023-03-30,215.74,Software,South,Net Banking,0,0
9349,2236,2025-01-04,147.03,Software,West,Credit Card,0,0
9350,1126,2025-02-16,53.39,Software,West,Debit Card,5,0
9351,2437,2025-01-20,95.11,Apparel,South,Wallet,0,0
9352,2523,2024-01-06,6.67,Home & Garden,West,Wallet,15,0
9353,1425,2024-03-26,65.02,Books,Central,Net Banking,0,0
9354,1554,2023-06-16,1716.67,Electronics,East,Wallet,15,0
9355,1610,2024-01-27,28.64,Sports,North,UPI,10,0
9356,2985,2025-01-05,111.29,Books,North,Debit Card,5,0
9357,2567,2024-05-05,11.92,Software,West,UPI,0,0
9358,2182,2025-07-13,48.19,Travel,South,UPI,0,0
9359,1112,2026-03-19,19.72,Electronics,Central,Debit Card,0,0
9360,1402,2025-12-02,150.32,Home & Garden,West,Wallet,0,0
9361,2783,2025-08-02,116.63,Home & Garden,Central,Wallet,20,0
9362,1122,2023-01-29,18.85,Food & Beverage,Central,UPI,5,0
9363,1273,2025-11-20,100.08,Sports,North,Debit Card,5,0
9364,2318,2024-11-23,104.43,Sports,East,Credit Card,0,0
9365,1398,2023-05-08,111.04,Electronics,East,Debit Card,5,0
9366,1471,2025-02-05,-88.645,Sports,South,UPI,20,0
9367,1985,2024-03-16,588.78,Electronics,East,Debit Card,20,0
9368,2231,2025-05-18,43.09,Books,West,Debit Card,10,0
9369,2134,2024-06-07,62.33,Home & Garden,North,Credit Card,5,0
9370,2464,2025-01-29,73.12,Books,North,Net Banking,0,0
9371,2302,2023-04-20,18.87,Home & Garden,Central,Net Banking,10,0
9372,2987,2026-06-22,26.86,Books,West,Credit Card,20,0
9373,2592,2023-06-12,176.95,Sports,West,Debit Card,0,0
9374,2911,2024-07-13,906.82,Software,Central,UPI,5,0
9375,2939,2024-02-03,25.85,Food & Beverage,Central,Credit Card,0,0
9376,1569,2024-08-05,1410.71,Apparel,North,Net Banking,20,0
9377,2964,2024-02-03,45.62,Electronics,West,Net Banking,0,0
9378,2506,2023-08-27,385.4,Electronics,East,Credit Card,15,0
9379,2827,2025-11-21,150.69,Electronics,East,Debit Card,0,1
9380,2138,2026-02-20,113.72,Software,North,Wallet,15,0
9381,2917,2023-04-20,53.92,Books,East,UPI,10,0
9382,1897,2023-10-27,91.75,Sports,East,Wallet,10,0
9383,1820,2025-09-28,38.36,Books,West,UPI,10,0
9384,1853,2025-02-02,280.01,Software,West,Wallet,0,0
9385,2501,2023-09-06,344.27,Home & Garden,South,Wallet,10,0
9386,1710,2024-06-04,41.24,Home & Garden,West,UPI,0,0
9387,2957,2023-02-03,12.57,Apparel,South,UPI,0,0
9388,1321,2023-08-16,60.74,Travel,West,Net Banking,0,0
9389,1179,2024-08-07,978.62,Health,Central,Debit Card,10,0
9390,1897,2025-08-15,118.91,Apparel,West,Debit Card,20,0
9391,1219,2025-03-23,359.3,Sports,South,Net Banking,0,0
9392,1789,2024-12-24,29.57,Health,East,Wallet,0,0
9393,2973,2024-08-06,50.23,Electronics,West,UPI,20,0
9394,2552,2024-07-23,62.0,Electronics,East,Credit Card,10,0
9395,1492,2023-08-08,22.08,Travel,East,Wallet,20,0
9396,2915,2025-02-25,,Food & Beverage,West,Debit Card,0,0
9397,1061,2024-06-11,33.71,Apparel,West,UPI,5,0
9398,2078,2023-03-16,281.11,Electronics,Central,Net Banking,25,0
9399,2704,2023-05-16,100.19,Home & Garden,South,Wallet,10,0
9400,1538,2023-03-15,532.22,Sports,West,Credit Card,5,0
9401,1848,2023-09-11,12.03,Books,East,Wallet,5,0
9402,1988,2025-11-07,47.59,Home & Garden,East,Net Banking,20,0
9403,1065,2025-10-18,55.21,Books,West,Credit Card,20,0
9404,2636,2025-12-02,156.94,Health,South,Wallet,0,0
9405,1586,2023-02-19,54.25,Software,East,Net Banking,0,0
9406,2728,2024-05-29,711.16,Books,Central,Wallet,5,0
9407,1171,2025-01-13,72.17,Sports,East,UPI,0,0
9408,2297,2024-12-31,30.37,Software,South,Wallet,0,0
9409,2913,2024-07-24,74.21,Travel,North,Net Banking,20,0
9410,2723,2024-07-29,60.9,Books,Central,Debit Card,0,0
9411,1535,2026-03-11,274.21,Software,Central,Net Banking,5,0
9412,2415,2025-06-21,54.92,Software,North,Wallet,0,0
9413,2964,2023-07-21,14.52,Electronics,Central,UPI,10,0
9414,1693,2023-07-26,111.39,Food & Beverage,Central,Debit Card,0,0
9415,2351,2024-02-19,41.22,Books,Central,Net Banking,10,0
9416,1108,2023-08-09,22.52,Food & Beverage,East,Debit Card,15,0
9417,2871,2025-01-27,92.49,Home & Garden,East,UPI,20,0
9418,2186,2026-01-09,76.82,Home & Garden,West,Credit Card,10,0
9419,1814,2025-02-01,69.1,Books,West,Debit Card,0,0
9420,2005,2024-07-16,123.04,Health,East,Net Banking,20,0
9421,1452,2024-01-04,44.94,Sports,Central,UPI,10,0
9422,2230,2025-06-14,103.45,Food & Beverage,South,Net Banking,0,0
9423,1590,2023-07-23,44.37,Books,North,UPI,0,0
9424,2040,2025-11-14,241.46,Apparel,West,Net Banking,0,0
9425,1327,2025-08-14,87.49,Electronics,Central,UPI,0,0
9426,1608,2023-03-10,734.88,Food & Beverage,West,Wallet,0,0
9427,1659,2024-05-30,49.71,Books,South,Net Banking,0,0
9428,1002,2023-08-28,138.18,Software,Central,UPI,0,0
9429,2034,2023-12-27,349.2,Health,East,Credit Card,5,0
9430,1434,2025-11-20,171.31,Electronics,South,UPI,0,0
9431,1125,2024-12-07,106.54,Food & Beverage,West,Credit Card,20,0
9432,2105,2024-11-20,134.73,Health,Central,Debit Card,0,1
9433,1485,2024-10-18,165.51,Home & Garden,Central,UPI,25,0
9434,1652,2023-12-10,128.69,Software,North,Debit Card,0,0
9435,2862,2024-06-19,88.44,Apparel,North,Debit Card,20,0
9436,2174,2023-12-21,218.02,Electronics,North,Wallet,0,0
9437,1800,2025-07-16,81.31,Software,East,UPI,30,0
9438,1873,2025-09-09,27.61,Health,Central,Wallet,5,0
9439,2364,2023-04-15,1064.36,Electronics,Central,Wallet,0,0
9440,1129,2025-08-19,258.0,Sports,West,Debit Card,0,0
9441,1438,2024-06-10,30.15,Home & Garden,East,Net Banking,25,0
9442,1751,2024-05-18,67.14,Health,North,Debit Card,0,1
9443,1501,2026-01-13,45.44,Books,Central,Debit Card,0,0
9444,2082,2025-07-19,49.51,Software,North,Credit Card,0,0
9445,2222,2024-12-09,254.81,Home & Garden,South,Net Banking,0,1
9446,1211,2023-08-23,60.46,Food & Beverage,East,Debit Card,0,0
9447,2938,2025-10-26,897.23,Apparel,North,Net Banking,15,0
9448,1902,2024-05-08,10.8,Home & Garden,East,Credit Card,5,1
9449,1045,2025-05-27,86.87,Sports,Central,Net Banking,0,1
9450,2121,2026-05-08,18.21,Food & Beverage,South,UPI,15,0
9451,2303,2025-08-24,133.35,Electronics,West,Credit Card,10,0
9452,1535,2025-08-23,153.99,Food & Beverage,South,Net Banking,0,0
9453,2434,2025-08-21,264.76,Sports,East,Wallet,0,0
9454,1461,2025-06-15,20.65,Travel,South,Net Banking,25,1
9455,1391,2023-08-05,151.06,Software,Central,Credit Card,10,0
9456,2871,2024-09-14,31.56,Travel,East,Wallet,20,0
9457,2068,2023-12-19,100.98,Travel,East,Net Banking,0,0
9458,1027,2024-11-22,52.97,Apparel,Central,Net Banking,10,0
9459,1794,2024-11-05,19.74,Apparel,North,Credit Card,0,1
9460,2121,2024-09-22,214.17,Food & Beverage,West,Wallet,10,0
9461,1975,2023-11-21,66.0,Books,South,Wallet,0,0
9462,1548,2025-06-19,251.92,Food & Beverage,West,Net Banking,10,0
9463,1621,2026-06-05,274.46,Software,West,UPI,25,0
9464,1567,2026-03-14,434.24,Health,Central,Credit Card,5,0
9465,1704,2023-11-04,49.0,Books,North,Credit Card,0,1
9466,2243,2024-10-15,29.53,Health,West,Debit Card,0,0
9467,1185,2023-10-12,380.24,Travel,East,Wallet,10,0
9468,2093,2024-01-27,101.84,Electronics,North,Wallet,10,0
9469,2853,2023-12-26,454.24,Health,Central,Debit Card,5,0
9470,2154,2025-02-07,21.77,Sports,West,Net Banking,25,0
9471,2591,2025-03-07,205.7,Books,Central,Net Banking,30,0
9472,2914,2025-07-20,94.8,Apparel,South,Credit Card,15,0
9473,2633,2023-06-14,85.65,Books,Central,Net Banking,0,0
9474,1848,2025-01-02,61.19,Software,East,UPI,25,0
9475,1599,2024-08-03,23.74,Electronics,Central,UPI,0,1
9476,1806,2025-03-31,199.65,Home & Garden,North,UPI,0,0
9477,2655,2026-06-01,56.23,Sports,South,Debit Card,0,1
9478,2744,2023-05-04,116.02,Software,East,UPI,20,0
9479,2358,2023-12-10,914.98,Apparel,South,Debit Card,0,0
9480,2949,2024-06-07,47.26,Health,East,Credit Card,0,0
9481,2178,2025-12-11,62.98,Software,South,Credit Card,0,0
9482,2571,2023-05-09,74.03,Sports,West,UPI,0,0
9483,1079,2026-03-04,56.08,Books,Central,Debit Card,10,0
9484,1579,2024-10-18,58.21,Sports,North,UPI,10,0
9485,2879,2026-02-24,207.94,Health,North,Net Banking,15,0
9486,1413,2025-01-07,440.56,Travel,West,Debit Card,5,0
9487,1546,2025-07-27,105.2,Travel,South,Debit Card,0,0
9488,2633,2023-03-12,218.73,Home & Garden,Central,Debit Card,10,0
9489,1169,2023-09-30,73.16,Apparel,West,Debit Card,20,1
9490,1681,2026-04-25,70.98,Food & Beverage,South,Net Banking,0,1
9491,2687,2025-10-23,55.71,Electronics,Central,UPI,0,0
9492,1583,2023-01-22,35.96,Software,South,Credit Card,0,0
9493,1515,2023-06-15,396.89,Health,North,Wallet,10,0
9494,2338,2025-05-24,49.29,Travel,Central,Wallet,5,0
9495,1032,2024-05-12,187.4,Health,North,Debit Card,15,0
9496,1287,2024-03-09,32.97,Books,North,Debit Card,0,0
9497,1594,2025-01-27,95.11,Books,Central,Credit Card,20,0
9498,2067,2023-08-22,89.93,Health,West,Wallet,30,0
9499,2927,2025-04-16,33.28,Health,South,Debit Card,0,0
9500,1617,2024-10-24,59.38,Apparel,Central,Net Banking,5,0
9501,2025,2024-12-25,24.97,Apparel,North,Wallet,15,0
9502,2597,2024-01-11,91.85,Health,South,Net Banking,5,0
9503,1270,2024-12-30,10.88,Books,Central,Credit Card,10,0
9504,2204,2026-06-23,83.99,Apparel,West,Credit Card,25,0
9505,2760,2023-10-30,196.59,Electronics,Central,Wallet,5,0
9506,1518,2024-02-09,88.63,Software,Central,UPI,0,0
9507,2127,2024-12-08,38.85,Travel,East,Wallet,15,0
9508,2034,2025-07-05,41.3,Apparel,South,Net Banking,0,0
9509,1583,2023-01-21,383.67,Apparel,Central,UPI,0,0
9510,2114,2023-09-14,108.84,Home & Garden,North,Net Banking,0,0
9511,1226,2024-02-03,248.02,Sports,North,Net Banking,0,0
9512,1670,2023-02-20,279.0,Software,East,Net Banking,25,0
9513,2764,2024-03-22,52.73,Food & Beverage,North,Debit Card,10,0
9514,1917,2025-04-06,27.06,Home & Garden,Central,UPI,30,0
9515,1126,2024-08-17,195.45,Travel,South,Debit Card,20,0
9516,1956,2025-03-28,32.18,Food & Beverage,East,Debit Card,0,0
9517,2233,2024-09-27,44.32,Travel,East,Net Banking,0,0
9518,2121,2025-12-08,101.94,Apparel,West,Credit Card,0,0
9519,1074,2026-02-15,66.59,Travel,West,Wallet,5,0
9520,2651,2025-02-13,5.6,Books,South,Credit Card,15,0
9521,2215,2025-08-30,20.46,Sports,South,Net Banking,10,0
9522,2706,2024-02-01,302.02,Home & Garden,East,Wallet,30,0
9523,2843,2024-11-13,81.65,Software,Central,Wallet,25,0
9524,2984,2025-11-16,216.86,Health,Central,Net Banking,0,0
9525,2740,2024-12-11,33.99,Health,West,Debit Card,20,0
9526,1056,2026-01-25,23.71,Food & Beverage,South,Wallet,20,0
9527,1720,2024-06-12,214.11,Software,South,Wallet,10,0
9528,1553,2024-11-15,426.56,Home & Garden,Central,Wallet,0,0
9529,1032,2024-09-04,31.59,Electronics,West,Wallet,0,0
9530,2551,2023-07-05,305.31,Health,Central,UPI,0,0
9531,1574,2024-11-26,27.89,Software,Central,Debit Card,0,0
9532,1667,2023-08-03,12.62,Food & Beverage,East,UPI,5,0
9533,1284,2026-06-28,181.82,Apparel,South,UPI,10,0
9534,2745,2023-08-04,28.62,Travel,East,Net Banking,0,0
9535,2856,2023-01-29,21.07,Software,East,Debit Card,0,0
9536,2518,2023-04-12,21.62,Travel,Central,Credit Card,0,0
9537,1187,2023-05-03,59.3,Software,West,Debit Card,0,0
9538,1498,2023-02-23,11.7,Electronics,Central,Credit Card,25,0
9539,2466,2026-02-14,183.65,Home & Garden,West,Wallet,0,0
9540,1130,2024-09-07,160.43,Home & Garden,South,Credit Card,0,0
9541,1639,2024-07-10,160.26,Software,North,Credit Card,0,0
9542,2316,2023-04-24,383.46,Home & Garden,South,Credit Card,15,0
9543,1114,2025-05-04,288.58,Electronics,Central,Wallet,10,0
9544,2223,2024-11-06,30.29,Home & Garden,West,Wallet,10,0
9545,1013,2025-09-03,202.14,Apparel,North,UPI,10,0
9546,2295,2024-12-01,341.54,Software,West,Credit Card,0,0
9547,2625,2026-05-03,239.13,Electronics,West,Debit Card,0,1
9548,2239,2023-10-19,261.62,Apparel,North,Net Banking,5,0
9549,1444,2023-09-18,75.14,Electronics,North,UPI,10,0
9550,2814,2026-05-15,41.36,Software,South,Credit Card,0,0
9551,2536,2024-07-17,67.93,Health,East,UPI,15,0
9552,1447,2023-02-18,38.93,Electronics,North,Credit Card,0,0
9553,1986,2025-10-26,300.08,Food & Beverage,East,Credit Card,10,0
9554,1993,2024-01-14,112.62,Books,East,UPI,5,1
9555,1715,2023-08-12,241.89,Books,East,Credit Card,10,0
9556,1074,2025-11-12,15.82,Sports,East,Credit Card,5,0
9557,1537,2025-10-04,52.68,Home & Garden,North,Net Banking,5,0
9558,1101,2024-10-18,26.3,Travel,West,Debit Card,20,0
9559,1176,2023-04-20,12.8,Health,North,Wallet,5,0
9560,1427,2024-12-24,129.01,Books,North,Net Banking,15,0
9561,2141,2024-07-06,25.09,Software,Central,Wallet,0,0
9562,2190,2026-04-10,57.53,Health,Central,Wallet,15,0
9563,1041,2025-10-02,28.06,Apparel,South,Debit Card,0,0
9564,1429,2024-11-28,55.2,Health,East,Net Banking,25,0
9565,1344,2024-12-26,182.47,Health,East,Credit Card,30,0
9566,2448,2023-11-02,28.56,Sports,Central,Debit Card,25,0
9567,1366,2025-08-16,52.22,Travel,West,Credit Card,0,0
9568,2144,2025-08-11,169.71,Sports,South,Credit Card,0,0
9569,1609,2026-03-20,203.97,Health,West,Credit Card,0,0
9570,1657,2024-09-12,56.11,Sports,Central,Credit Card,20,0
9571,1728,2024-09-21,128.3,Travel,West,Net Banking,0,0
9572,1229,2025-05-26,240.06,Home & Garden,East,Wallet,10,0
9573,1825,2024-07-09,25.33,Apparel,Central,Wallet,0,0
9574,2154,2023-03-08,,Food & Beverage,West,Net Banking,0,0
9575,2376,2026-03-25,57.48,Health,South,Wallet,0,0
9576,1889,2025-04-14,153.88,Health,South,Debit Card,20,0
9577,2342,2023-07-25,112.64,Food & Beverage,North,Credit Card,20,0
9578,1984,2025-02-24,97.27,Travel,Central,Credit Card,0,0
9579,2673,2023-06-04,26.22,Food & Beverage,Central,Credit Card,0,0
9580,1836,2026-01-02,255.97,Food & Beverage,Central,UPI,20,0
9581,2361,2025-12-08,49.47,Home & Garden,East,Debit Card,0,0
9582,2297,2025-02-21,65.38,Apparel,East,UPI,0,1
9583,1117,2024-08-07,113.79,Health,Central,Net Banking,20,0
9584,1818,2024-12-08,960.63,Food & Beverage,West,UPI,20,0
9585,1368,2023-06-28,41.71,Electronics,East,Wallet,0,0
9586,2118,2025-12-07,39.28,Apparel,Central,Wallet,0,0
9587,1168,2025-12-31,57.43,Apparel,East,Debit Card,0,0
9588,1954,2023-04-23,362.54,Electronics,North,UPI,5,0
9589,2739,2025-01-26,107.67,Home & Garden,South,UPI,5,0
9590,2365,2025-06-15,141.33,Books,North,Credit Card,0,0
9591,1661,2025-03-31,237.04,Sports,Central,Debit Card,25,0
9592,2938,2023-06-08,348.27,Apparel,South,Credit Card,10,0
9593,1695,2025-02-24,40.3,Travel,West,Debit Card,20,0
9594,1925,2025-11-19,168.57,Software,Central,Debit Card,0,0
9595,1152,2026-01-25,358.96,Travel,West,UPI,30,0
9596,1586,2023-09-08,115.24,Health,West,Credit Card,20,0
9597,2901,2026-01-20,33.69,Apparel,East,Net Banking,0,0
9598,1913,2023-04-23,26.64,Food & Beverage,East,Credit Card,0,0
9599,1274,2023-09-16,154.8,Sports,South,Net Banking,0,0
9600,2578,2023-04-17,22.57,Books,South,Wallet,5,0
9601,1496,2024-07-28,33.93,Software,East,Debit Card,0,0
9602,2748,2025-09-17,50.01,Software,South,Credit Card,0,0
9603,1101,2026-05-07,126.03,Sports,North,Debit Card,0,0
9604,1557,2024-03-02,181.31,Travel,Central,Credit Card,20,0
9605,2106,2025-05-08,38.4,Books,North,Wallet,5,0
9606,2553,2025-07-06,18.99,Software,Central,Credit Card,0,0
9607,1073,2026-02-17,239.73,Apparel,East,Wallet,0,0
9608,2038,2024-09-18,202.5,Sports,North,Debit Card,10,0
9609,2457,2024-04-19,158.11,Home & Garden,West,UPI,0,0
9610,1157,2024-07-05,141.22,Health,North,Net Banking,10,0
9611,1735,2023-12-10,55.88,Apparel,South,Debit Card,15,1
9612,1132,2024-09-19,72.74,Home & Garden,North,UPI,0,0
9613,2362,2023-05-16,98.59,Software,East,Debit Card,0,0
9614,2019,2023-10-04,32.74,Travel,East,Debit Card,0,0
9615,2428,2023-01-31,142.61,Apparel,South,Credit Card,20,0
9616,2400,2023-09-04,103.86,Food & Beverage,Central,Wallet,10,0
9617,2912,2024-02-15,76.52,Home & Garden,South,Wallet,20,0
9618,1559,2023-01-27,269.08,Food & Beverage,Central,Credit Card,0,0
9619,1107,2023-03-14,79.74,Books,East,Credit Card,30,0
9620,2644,2026-01-25,198.65,Sports,East,Debit Card,15,0
9621,1265,2024-11-03,21.62,Health,Central,Wallet,0,0
9622,2229,2024-04-20,246.72,Health,North,Debit Card,5,0
9623,2103,2023-10-14,185.86,Sports,North,UPI,10,0
9624,1155,2023-07-31,1204.94,Home & Garden,South,UPI,0,0
9625,2807,2026-01-04,614.67,Sports,East,Credit Card,15,0
9626,1988,2024-02-05,276.89,Apparel,North,Wallet,25,0
9627,1997,2024-10-16,47.16,Sports,East,UPI,0,0
9628,1247,2025-11-23,31.12,Sports,South,Wallet,20,0
9629,1531,2024-05-12,37.71,Books,West,Wallet,5,0
9630,1858,2025-04-27,165.9,Electronics,East,Net Banking,5,0
9631,2972,2023-04-08,425.42,Apparel,West,UPI,20,0
9632,1538,2024-01-01,21.05,Travel,East,UPI,10,0
9633,1729,2024-04-07,32.72,Travel,Central,Debit Card,0,0
9634,2178,2023-01-28,93.7,Travel,West,Debit Card,15,0
9635,1154,2024-12-13,23.04,Books,Central,Wallet,0,0
9636,2710,2023-09-30,54.2,Travel,Central,Credit Card,10,0
9637,1092,2025-04-05,400.9,Software,South,Debit Card,15,0
9638,2457,2026-02-24,213.95,Sports,South,Debit Card,0,0
9639,1338,2023-07-21,243.58,Sports,North,Wallet,30,0
9640,2504,2024-03-25,27.62,Health,West,UPI,10,0
9641,2717,2026-01-16,11.08,Books,North,Debit Card,0,0
9642,2155,2023-01-19,53.79,Electronics,West,Credit Card,30,0
9643,1450,2026-02-04,5.51,Travel,South,Wallet,15,0
9644,1810,2023-11-07,154.95,Sports,South,UPI,10,0
9645,1787,2024-02-16,220.71,Travel,South,Net Banking,0,0
9646,1273,2025-01-11,35.07,Apparel,West,Credit Card,5,0
9647,2953,2024-09-15,181.0,Sports,South,UPI,25,0
9648,1588,2025-01-01,179.83,Apparel,North,Wallet,0,0
9649,1177,2024-09-26,23.44,Books,Central,Net Banking,5,0
9650,2720,2024-05-12,55.71,Travel,West,Credit Card,0,0
9651,1831,2023-09-01,51.35,Health,Central,Debit Card,0,0
9652,1643,2024-11-20,275.72,Books,North,Debit Card,0,0
9653,2899,2024-07-30,216.77,Health,East,Credit Card,15,0
9654,2073,2024-05-29,178.89,Books,South,Debit Card,0,0
9655,1567,2023-07-26,45.9,Health,North,Wallet,5,0
9656,1666,2025-08-05,463.52,Sports,East,Credit Card,0,0
9657,2379,2024-01-29,111.88,Sports,West,Credit Card,30,0
9658,2736,2025-11-10,163.15,Sports,North,Debit Card,15,0
9659,2332,2024-12-18,718.2,Travel,West,Credit Card,10,0
9660,1868,2023-07-21,199.31,Electronics,Central,Net Banking,0,0
9661,2909,2023-04-30,77.97,Books,Central,Credit Card,5,0
9662,2654,2024-01-24,49.52,Apparel,West,Debit Card,5,0
9663,2799,2023-08-22,11.24,Sports,Central,Debit Card,0,1
9664,2070,2024-08-24,13.74,Books,Central,Debit Card,0,0
9665,1302,2024-12-12,251.38,Travel,South,Debit Card,0,0
9666,1868,2025-09-08,8.41,Apparel,West,Wallet,10,0
9667,1912,2026-04-18,302.94,Apparel,West,Debit Card,5,0
9668,1408,2025-05-06,236.06,Apparel,East,Net Banking,10,0
9669,2213,2023-03-17,31.88,Travel,South,Credit Card,10,1
9670,1822,2024-10-10,111.93,Home & Garden,North,UPI,0,1
9671,2854,2024-10-11,179.73,Books,South,UPI,0,1
9672,2153,2024-05-10,100.52,Apparel,North,Wallet,5,1
9673,1561,2026-05-09,394.44,Food & Beverage,West,UPI,20,0
9674,2561,2025-04-09,16.94,Food & Beverage,South,Debit Card,30,0
9675,2290,2024-04-27,164.84,Apparel,East,UPI,15,0
9676,2142,2026-05-27,43.35,Sports,Central,Net Banking,0,0
9677,1464,2025-12-19,11.18,Apparel,North,Debit Card,10,0
9678,1144,2025-09-17,22.37,Sports,Central,UPI,0,0
9679,1442,2024-09-10,47.97,Health,West,Debit Card,10,0
9680,2224,2024-07-03,92.56,Books,West,Wallet,5,0
9681,2181,2024-10-07,30.53,Sports,West,Net Banking,0,0
9682,1487,2026-05-29,49.04,Home & Garden,Central,Credit Card,10,0
9683,1860,2024-05-16,55.97,Food & Beverage,West,Debit Card,20,0
9684,2158,2026-03-02,31.33,Apparel,West,Net Banking,0,0
9685,2936,2025-04-25,45.61,Sports,Central,Wallet,5,0
9686,1148,2023-02-22,179.03,Travel,West,Wallet,5,0
9687,2360,2024-03-25,651.16,Apparel,North,Net Banking,0,0
9688,2095,2023-03-03,115.58,Software,South,UPI,5,0
9689,2257,2025-11-12,105.42,Apparel,North,Net Banking,0,0
9690,2358,2023-02-13,81.74,Travel,West,UPI,5,0
9691,1811,2025-03-30,56.31,Travel,West,UPI,15,0
9692,1666,2024-10-20,179.63,Health,West,Net Banking,0,0
9693,1090,2024-12-28,292.89,Food & Beverage,West,Wallet,15,0
9694,2358,2025-05-01,22.33,Electronics,Central,Credit Card,15,0
9695,1199,2023-02-16,312.92,Apparel,South,Credit Card,30,0
9696,2185,2025-03-30,633.05,Health,Central,Net Banking,5,0
9697,1538,2025-11-13,,Sports,Central,Debit Card,5,0
9698,2145,2023-03-30,271.73,Software,West,Net Banking,10,0
9699,1301,2026-04-12,640.63,Home & Garden,North,Credit Card,10,0
9700,1724,2026-02-16,212.52,Sports,North,Net Banking,30,0
9701,2599,2025-01-04,72.88,Home & Garden,East,Wallet,15,0
9702,1963,2023-06-27,229.2,Health,South,Credit Card,0,0
9703,2460,2025-10-15,33.95,Apparel,East,Credit Card,0,0
9704,1068,2025-12-18,-88.645,Apparel,Central,Credit Card,15,0
9705,2789,2025-06-19,37.37,Apparel,East,Wallet,0,0
9706,2946,2024-03-13,17.87,Sports,East,Credit Card,10,0
9707,1459,2024-03-01,94.61,Travel,East,Debit Card,0,0
9708,2538,2025-08-25,129.65,Travel,South,Credit Card,15,0
9709,1398,2024-04-30,199.3,Travel,North,Net Banking,15,1
9710,1620,2026-04-23,0.42,Travel,North,Debit Card,30,0
9711,2310,2024-04-04,112.08,Health,East,UPI,30,0
9712,2585,2025-07-09,98.95,Food & Beverage,South,Credit Card,15,0
9713,2164,2026-01-30,24.32,Health,North,UPI,0,0
9714,1730,2025-11-04,52.81,Books,West,UPI,0,0
9715,1556,2025-01-17,222.55,Travel,North,Wallet,10,0
9716,2953,2023-02-20,101.18,Apparel,North,Net Banking,15,0
9717,1781,2023-11-05,88.12,Books,South,Net Banking,0,0
9718,2614,2025-11-23,262.83,Health,South,UPI,5,0
9719,2752,2025-10-01,1447.81,Software,North,Wallet,20,0
9720,1894,2024-09-26,67.28,Electronics,West,Debit Card,10,1
9721,1610,2023-07-24,121.04,Software,West,Credit Card,10,0
9722,1748,2025-01-09,30.88,Home & Garden,East,Debit Card,5,0
9723,1282,2025-12-29,1180.55,Electronics,East,Credit Card,25,0
9724,1661,2026-06-07,47.1,Health,North,UPI,0,0
9725,1924,2024-06-16,10.28,Home & Garden,North,Wallet,0,0
9726,2840,2023-04-18,189.83,Travel,North,Wallet,5,1
9727,1996,2025-05-25,13.04,Apparel,West,Net Banking,10,0
9728,2960,2026-06-18,425.83,Sports,Central,Net Banking,5,0
9729,2602,2023-09-08,182.57,Apparel,East,Debit Card,20,0
9730,1746,2023-05-15,26.22,Sports,East,Net Banking,20,0
9731,2481,2026-01-18,201.28,Electronics,Central,Credit Card,0,0
9732,1087,2024-11-19,60.31,Books,North,Wallet,10,0
9733,2103,2024-02-11,150.23,Home & Garden,East,Wallet,30,0
9734,2229,2023-04-12,19.34,Software,West,UPI,10,0
9735,1791,2024-11-23,17.97,Sports,Central,UPI,10,0
9736,2361,2026-03-15,131.82,Food & Beverage,West,Debit Card,20,0
9737,2278,2024-02-08,863.21,Software,North,UPI,20,0
9738,1304,2025-03-24,41.51,Apparel,East,Credit Card,0,1
9739,2404,2025-10-22,37.9,Health,West,Net Banking,0,0
9740,1130,2026-02-16,59.95,Home & Garden,Central,Net Banking,20,0
9741,1596,2025-05-04,18.39,Electronics,North,Debit Card,10,0
9742,2300,2026-04-29,174.75,Software,East,Net Banking,10,0
9743,2723,2025-10-23,265.72,Software,East,Wallet,20,0
9744,1558,2025-07-30,160.56,Sports,North,Net Banking,20,0
9745,1899,2025-10-17,73.43,Software,North,UPI,15,0
9746,2207,2023-06-26,26.32,Health,North,Wallet,0,0
9747,2292,2025-05-22,1070.58,Sports,West,UPI,15,0
9748,2832,2024-04-21,32.17,Apparel,South,UPI,0,0
9749,2346,2024-02-02,31.27,Books,East,Debit Card,0,0
9750,2536,2023-08-08,10.48,Travel,West,Debit Card,5,0
9751,2636,2023-06-22,16.34,Food & Beverage,Central,Wallet,25,1
9752,1078,2025-01-05,136.94,Books,East,Net Banking,20,0
9753,1784,2024-05-16,53.94,Sports,South,Credit Card,30,0
9754,2363,2025-01-30,31.92,Food & Beverage,Central,Net Banking,0,0
9755,1674,2023-05-11,34.56,Home & Garden,East,Wallet,10,0
9756,2580,2026-02-10,48.59,Apparel,South,Credit Card,0,1
9757,2533,2025-03-08,40.56,Electronics,North,UPI,20,0
9758,1238,2025-03-09,484.54,Software,South,UPI,5,0
9759,2158,2025-07-18,57.61,Electronics,East,Credit Card,30,0
9760,2997,2024-12-23,107.23,Sports,South,UPI,0,0
9761,2216,2025-11-09,96.65,Food & Beverage,East,Net Banking,15,0
9762,2380,2023-08-03,100.66,Software,East,Debit Card,0,0
9763,1278,2026-06-28,57.7,Sports,South,Net Banking,0,0
9764,2042,2024-05-02,50.95,Health,South,UPI,0,0
9765,1524,2026-05-02,194.75,Health,Central,Debit Card,10,0
9766,1180,2023-11-09,117.17,Food & Beverage,Central,Net Banking,0,0
9767,1123,2023-03-20,36.23,Software,West,UPI,5,0
9768,2270,2023-06-29,2.91,Health,East,Net Banking,5,0
9769,2758,2025-09-30,43.45,Home & Garden,Central,UPI,0,0
9770,2397,2024-11-05,17.59,Food & Beverage,West,Wallet,10,0
9771,2075,2023-01-14,29.73,Health,East,Credit Card,10,0
9772,2095,2025-05-08,18.42,Health,West,UPI,30,0
9773,1480,2023-09-03,361.94,Food & Beverage,Central,Net Banking,0,0
9774,2584,2025-11-03,358.88,Home & Garden,West,UPI,0,0
9775,2043,2023-04-09,223.55,Food & Beverage,South,UPI,0,0
9776,2798,2023-02-02,60.3,Apparel,West,Net Banking,5,0
9777,1084,2023-09-14,40.48,Electronics,North,Net Banking,0,0
9778,2179,2023-02-03,14.98,Travel,North,Debit Card,0,0
9779,1565,2023-01-19,269.69,Home & Garden,West,UPI,20,1
9780,1619,2024-08-11,255.28,Travel,North,Wallet,0,0
9781,1357,2023-05-17,162.61,Home & Garden,West,Credit Card,5,0
9782,1816,2023-12-25,23.8,Apparel,West,UPI,10,0
9783,1647,2025-01-23,60.07,Travel,West,Net Banking,0,0
9784,1443,2026-02-13,77.99,Home & Garden,North,Debit Card,10,0
9785,2093,2024-02-08,10.8,Travel,East,UPI,5,0
9786,1523,2026-05-10,499.99,Apparel,West,Wallet,0,0
9787,1143,2023-09-07,17.78,Sports,West,Net Banking,15,1
9788,1192,2024-03-21,35.32,Software,South,Wallet,20,0
9789,2411,2025-08-11,10.74,Electronics,South,Wallet,15,0
9790,1378,2023-10-05,70.51,Apparel,Central,Credit Card,0,0
9791,1581,2023-04-22,66.8,Apparel,North,Credit Card,25,0
9792,1535,2025-01-15,291.83,Software,East,UPI,20,0
9793,2717,2024-11-18,28.87,Books,West,Credit Card,0,0
9794,2317,2024-01-27,24.47,Sports,West,UPI,0,0
9795,2033,2025-08-26,99.11,Sports,North,UPI,20,0
9796,2295,2023-05-23,7.46,Health,Central,Net Banking,15,0
9797,2411,2025-11-21,444.87,Home & Garden,Central,Net Banking,0,0
9798,1093,2023-06-30,18.43,Software,South,Debit Card,0,0
9799,2990,2024-08-01,796.64,Books,North,Credit Card,0,0
9800,1529,2025-03-08,34.8,Software,Central,Debit Card,20,0
9801,2178,2023-09-26,16.24,Electronics,Central,Wallet,0,0
9802,1405,2026-06-13,181.22,Travel,East,UPI,10,0
9803,1840,2024-07-06,169.12,Apparel,South,UPI,20,0
9804,2173,2024-09-24,174.11,Travel,South,Net Banking,0,0
9805,1889,2023-10-02,101.57,Sports,South,Wallet,0,0
9806,2291,2025-01-12,1323.01,Apparel,Central,UPI,15,0
9807,1422,2023-03-27,17.82,Apparel,West,UPI,0,0
9808,2864,2025-12-22,461.24,Food & Beverage,Central,Wallet,20,0
9809,2642,2024-02-08,13.06,Home & Garden,Central,Wallet,0,0
9810,1472,2023-07-11,653.46,Home & Garden,North,UPI,20,0
9811,1893,2025-11-20,137.43,Software,South,Wallet,5,0
9812,1547,2023-04-17,584.78,Books,South,Credit Card,0,0
9813,1631,2024-09-13,262.58,Health,East,Wallet,20,0
9814,2550,2023-10-03,6.62,Books,South,Debit Card,15,0
9815,2527,2024-10-12,60.0,Apparel,Central,Debit Card,0,0
9816,2038,2024-07-09,20.01,Travel,North,UPI,25,0
9817,1778,2026-01-10,,Software,East,UPI,5,0
9818,2676,2025-12-23,235.27,Apparel,Central,Net Banking,0,0
9819,2830,2024-07-20,107.95,Apparel,Central,Wallet,15,0
9820,1364,2024-08-08,54.87,Sports,East,Debit Card,5,0
9821,1119,2025-06-03,149.64,Travel,Central,Net Banking,10,0
9822,2262,2023-05-09,28.51,Books,Central,UPI,10,0
9823,1546,2023-09-13,126.17,Books,North,Credit Card,0,0
9824,2193,2025-07-22,77.64,Health,North,Wallet,30,0
9825,1522,2023-08-19,33.78,Sports,North,Net Banking,0,0
9826,1634,2026-03-06,207.38,Software,South,Credit Card,10,0
9827,2937,2025-05-12,865.21,Sports,East,UPI,0,0
9828,2681,2023-12-21,16.22,Travel,North,Debit Card,20,0
9829,1963,2023-05-26,279.68,Home & Garden,Central,Net Banking,0,0
9830,1958,2025-11-22,34.16,Food & Beverage,South,Net Banking,5,0
9831,2759,2023-09-17,181.42,Electronics,East,UPI,0,0
9832,1883,2023-03-28,42.92,Health,North,UPI,5,0
9833,2793,2025-04-22,62.82,Health,North,Debit Card,0,0
9834,1780,2023-09-22,70.74,Apparel,East,Debit Card,5,0
9835,1871,2024-01-27,461.1,Books,North,Debit Card,10,1
9836,1516,2023-08-20,80.6,Sports,East,Credit Card,0,0
9837,1938,2025-06-19,59.92,Software,East,Credit Card,10,0
9838,2421,2024-08-10,81.49,Apparel,Central,UPI,5,0
9839,1866,2024-03-22,875.94,Home & Garden,East,Net Banking,0,1
9840,1106,2026-02-26,176.29,Electronics,West,Credit Card,10,0
9841,2109,2026-01-17,43.27,Books,North,UPI,30,0
9842,1214,2024-04-10,543.37,Home & Garden,Central,Credit Card,25,0
9843,2145,2025-07-22,111.8,Sports,South,Debit Card,30,0
9844,2156,2026-04-08,31.96,Sports,West,UPI,0,0
9845,1850,2023-05-08,144.38,Food & Beverage,East,Debit Card,0,0
9846,1197,2026-04-12,75.17,Health,South,Wallet,25,0
9847,1019,2025-11-15,1.55,Health,South,Net Banking,0,0
9848,1642,2024-07-26,133.87,Travel,South,Debit Card,0,0
9849,2036,2024-05-25,24.77,Home & Garden,South,Net Banking,10,0
9850,2105,2024-05-02,19.55,Books,Central,UPI,30,0
9851,1330,2025-06-09,8.74,Food & Beverage,Central,Wallet,0,0
9852,1866,2024-08-01,104.99,Food & Beverage,South,Net Banking,15,0
9853,1774,2025-08-07,75.41,Travel,West,Credit Card,10,0
9854,1392,2024-02-10,281.15,Books,North,UPI,10,0
9855,1637,2025-11-15,34.57,Books,North,Wallet,15,0
9856,1307,2026-01-11,50.52,Electronics,Central,Credit Card,0,0
9857,2291,2023-12-30,968.24,Electronics,West,Credit Card,0,0
9858,2471,2025-12-19,8.42,Food & Beverage,West,Wallet,10,0
9859,2465,2024-07-04,387.25,Books,East,Debit Card,5,0
9860,1895,2023-10-19,35.31,Food & Beverage,Central,Wallet,15,1
9861,1652,2025-02-27,3780.83,Software,West,Wallet,20,0
9862,1841,2025-03-26,214.13,Travel,West,Wallet,5,0
9863,2026,2023-07-10,42.37,Health,North,Net Banking,0,1
9864,1520,2024-04-05,16.9,Health,West,Debit Card,25,0
9865,2786,2024-10-25,147.1,Food & Beverage,West,UPI,15,0
9866,2675,2023-08-21,9.1,Food & Beverage,South,Credit Card,10,0
9867,1636,2024-04-18,205.66,Electronics,North,Net Banking,0,0
9868,2333,2024-10-19,16.9,Health,North,Debit Card,5,1
9869,1740,2023-09-28,28.11,Books,South,Wallet,0,0
9870,2546,2026-03-03,3.12,Health,North,Net Banking,10,0
9871,1469,2023-06-20,105.23,Food & Beverage,East,Net Banking,0,0
9872,1212,2023-01-28,125.87,Travel,East,Credit Card,15,0
9873,2136,2023-05-16,93.13,Home & Garden,Central,UPI,15,0
9874,2032,2025-07-13,11.4,Travel,North,Debit Card,0,0
9875,1804,2024-02-09,503.49,Health,North,Debit Card,30,0
9876,1477,2025-09-03,74.11,Electronics,East,Debit Card,5,0
9877,1874,2025-06-06,48.13,Home & Garden,Central,Wallet,0,0
9878,1460,2026-06-18,236.01,Sports,Central,Wallet,15,0
9879,1253,2025-05-05,53.07,Software,East,Net Banking,15,0
9880,2550,2024-03-19,152.85,Food & Beverage,East,UPI,5,0
9881,1752,2024-03-09,35.29,Health,South,Credit Card,10,0
9882,2462,2026-06-05,239.7,Books,Central,Credit Card,0,0
9883,2778,2024-05-23,232.43,Home & Garden,Central,UPI,0,0
9884,1981,2023-02-03,52.26,Books,South,Debit Card,20,0
9885,1854,2025-10-22,108.06,Health,East,UPI,0,0
9886,2685,2023-12-28,87.38,Software,South,Credit Card,25,1
9887,1236,2026-05-03,77.47,Software,South,Wallet,10,0
9888,2330,2024-08-28,21.64,Travel,West,UPI,25,0
9889,1478,2024-12-16,25.62,Books,Central,Net Banking,0,0
9890,1679,2023-09-07,56.69,Health,East,Wallet,5,0
9891,2044,2023-05-27,,Sports,West,Net Banking,0,0
9892,1216,2023-12-14,31.18,Books,West,Net Banking,20,0
9893,1855,2024-02-03,91.59,Sports,West,UPI,0,0
9894,1135,2026-04-14,5.77,Home & Garden,East,Net Banking,10,0
9895,1905,2023-05-05,90.33,Electronics,South,Debit Card,20,0
9896,2153,2025-02-01,98.74,Books,East,UPI,0,0
9897,1410,2024-02-02,240.44,Apparel,Central,Credit Card,0,0
9898,2446,2023-05-11,496.31,Food & Beverage,Central,Debit Card,5,0
9899,2318,2024-08-27,204.64,Books,South,Wallet,10,0
9900,2270,2025-06-10,778.14,Apparel,East,UPI,15,0
9901,2725,2025-04-01,86.91,Travel,South,Credit Card,5,1
9902,2580,2025-06-20,95.16,Books,South,Credit Card,0,0
9903,1086,2025-08-02,236.99,Apparel,East,UPI,5,0
9904,1556,2025-01-01,79.18,Electronics,Central,Debit Card,0,0
9905,2866,2023-11-30,60.52,Apparel,East,Credit Card,0,0
9906,2399,2025-11-09,468.28,Electronics,Central,UPI,0,1
9907,2470,2023-07-24,214.53,Home & Garden,North,UPI,15,0
9908,1378,2025-08-13,198.68,Home & Garden,North,Net Banking,15,0
9909,2414,2023-12-21,31.91,Electronics,North,UPI,10,0
9910,2681,2026-04-11,279.35,Health,West,Credit Card,20,0
9911,2075,2026-04-27,99.36,Health,Central,Net Banking,5,0
9912,1242,2025-04-03,27.45,Software,Central,Credit Card,0,0
9913,2318,2025-10-22,207.75,Books,East,Debit Card,10,0
9914,1920,2025-07-29,21.35,Sports,Central,Debit Card,25,0
9915,2587,2023-06-17,5.01,Books,East,Credit Card,0,0
9916,1266,2024-01-03,10.32,Travel,West,Wallet,30,0
9917,2144,2024-06-19,66.81,Travel,East,Wallet,15,0
9918,1712,2025-08-20,572.1,Sports,North,Wallet,10,1
9919,2941,2024-08-02,131.02,Travel,East,Credit Card,10,0
9920,2272,2025-08-07,79.6,Sports,East,UPI,0,1
9921,1070,2023-07-26,438.33,Sports,East,Net Banking,20,0
9922,2877,2025-12-08,166.05,Travel,Central,UPI,30,0
9923,1057,2024-06-27,307.6,Apparel,South,Credit Card,25,0
9924,2406,2023-05-09,289.1,Sports,South,UPI,0,0
9925,1039,2024-09-05,61.78,Electronics,South,Debit Card,15,0
9926,1801,2023-02-04,68.17,Electronics,Central,Net Banking,10,0
9927,2467,2025-03-29,33.11,Travel,North,Credit Card,15,0
9928,2042,2023-07-18,243.93,Sports,South,Net Banking,0,0
9929,2976,2023-03-18,20.63,Food & Beverage,South,Wallet,30,0
9930,1732,2024-01-04,31.09,Books,West,Wallet,0,0
9931,1825,2025-04-12,82.76,Food & Beverage,West,Debit Card,15,0
9932,1756,2024-06-09,102.71,Sports,North,Credit Card,5,1
9933,1352,2023-12-15,182.0,Sports,East,Wallet,10,0
9934,2996,2024-05-20,85.63,Health,East,Net Banking,0,0
9935,2840,2024-10-04,58.18,Electronics,West,Net Banking,10,0
9936,2322,2023-08-26,214.36,Software,West,Debit Card,10,0
9937,1283,2023-05-18,269.66,Home & Garden,North,Wallet,15,0
9938,2610,2026-05-09,11.71,Sports,North,UPI,0,0
9939,1110,2026-03-11,324.88,Software,Central,Wallet,20,0
9940,2017,2024-09-03,60.81,Books,East,Debit Card,25,1
9941,2204,2024-11-10,612.59,Sports,Central,Wallet,20,0
9942,2962,2025-04-18,41.26,Food & Beverage,South,Credit Card,0,1
9943,1544,2025-07-26,27.29,Electronics,North,Debit Card,15,0
9944,2770,2023-12-21,195.91,Electronics,East,UPI,0,0
9945,2818,2024-07-31,1160.93,Books,East,Net Banking,20,0
9946,1025,2025-04-26,12.84,Books,Central,Wallet,0,0
9947,1843,2024-07-12,246.18,Software,West,Net Banking,0,0
9948,1791,2025-04-28,176.34,Electronics,West,Debit Card,5,0
9949,1738,2026-06-08,86.56,Home & Garden,North,Net Banking,0,0
9950,1057,2026-03-15,1083.55,Home & Garden,West,Credit Card,10,0
9951,1180,2026-03-21,9.06,Sports,South,Debit Card,10,0
9952,1232,2023-05-20,342.04,Health,East,Debit Card,5,1
9953,2918,2024-10-24,289.29,Health,West,Wallet,10,0
9954,1343,2023-01-21,378.76,Books,North,Debit Card,30,1
9955,1477,2023-03-05,325.34,Software,South,Credit Card,0,0
9956,2823,2026-05-26,119.39,Health,Central,Wallet,5,0
9957,1576,2025-12-31,62.42,Apparel,Central,Credit Card,0,0
9958,1455,2025-09-16,43.27,Home & Garden,South,UPI,0,0
9959,2256,2023-06-11,182.23,Health,North,Wallet,0,0
9960,1289,2023-05-10,89.35,Books,Central,Debit Card,0,0
9961,2237,2024-08-03,69.9,Health,East,Debit Card,5,0
9962,1258,2023-08-13,46.32,Software,East,Debit Card,0,0
9963,1530,2024-08-02,55.19,Software,North,UPI,5,0
9964,1687,2025-09-09,228.7,Home & Garden,North,Credit Card,0,0
9965,1929,2025-10-01,92.05,Travel,East,Debit Card,5,0
9966,1229,2023-04-17,384.16,Food & Beverage,North,Net Banking,0,0
9967,2250,2024-09-12,17.75,Sports,South,Debit Card,0,1
9968,1596,2025-04-19,189.55,Sports,North,Wallet,10,0
9969,2827,2026-01-31,26.85,Sports,East,Wallet,10,0
9970,1435,2026-03-10,384.15,Health,West,Net Banking,0,0
9971,1882,2024-07-30,396.66,Food & Beverage,North,UPI,0,0
9972,2021,2026-03-03,16.57,Apparel,Central,Wallet,0,0
9973,2782,2023-07-18,35.92,Books,South,UPI,15,0
9974,1402,2024-05-24,37.81,Books,South,UPI,0,0
9975,1622,2024-10-28,409.57,Food & Beverage,South,Net Banking,5,0
9976,2790,2023-03-20,44.13,Health,Central,Wallet,10,0
9977,1088,2025-06-12,206.03,Travel,Central,Debit Card,0,0
9978,1584,2024-05-26,40.71,Travel,South,UPI,0,0
9979,2917,2023-09-07,327.19,Books,South,UPI,15,0
9980,2566,2025-06-07,368.57,Apparel,South,Wallet,15,0
9981,2708,2025-10-20,667.73,Travel,North,Wallet,10,0
9982,1309,2024-08-21,73.28,Food & Beverage,Central,Net Banking,10,0
9983,1906,2025-01-22,90.32,Home & Garden,East,Credit Card,0,0
9984,1343,2024-08-22,76.18,Sports,North,Credit Card,5,0
9985,1436,2025-09-01,92.91,Electronics,East,Credit Card,0,0
9986,1177,2024-04-27,54.02,Home & Garden,North,UPI,15,0
9987,1139,2025-04-15,320.05,Sports,North,Net Banking,10,0
9988,1194,2023-06-21,36.13,Apparel,East,Credit Card,0,0
9989,2210,2025-05-18,75.68,Food & Beverage,South,Wallet,5,0
9990,2242,2023-01-17,113.42,Travel,East,UPI,5,0
9991,2188,2024-01-29,162.15,Food & Beverage,West,UPI,0,0
9992,2185,2026-05-27,21.56,Home & Garden,Central,Wallet,15,0
9993,1943,2023-08-22,67.02,Software,West,Net Banking,20,0
9994,1525,2023-09-05,,Sports,North,Net Banking,25,0
9995,2832,2023-02-21,235.74,Food & Beverage,East,Credit Card,15,0
9996,2625,2023-01-15,69.66,Sports,South,Wallet,20,0
9997,2860,2024-03-16,79.63,Sports,South,Debit Card,0,0
9998,2066,2026-02-09,106.16,Apparel,West,Net Banking,15,0
9999,1915,2024-11-26,317.05,Apparel,West,Credit Card,0,0
10000,1210,2023-01-07,7.68,Apparel,North,UPI,0,0
6253,1087,2023-02-10,189.68,Electronics,East,UPI,10,0
4685,2503,2025-07-21,314.67,Apparel,East,Credit Card,20,0
1732,2253,2024-11-19,32.41,Books,East,UPI,0,0
4743,1201,2024-10-09,287.88,Home & Garden,West,UPI,20,0
4522,2581,2024-08-25,97.49,Food & Beverage,Central,Debit Card,0,0
6341,1930,2026-06-16,55.18,Software,North,Credit Card,0,0
577,1264,2025-12-05,243.91,Food & Beverage,Central,UPI,0,0
5203,2752,2025-04-25,123.37,Home & Garden,North,Debit Card,30,0
6364,2338,2026-02-05,837.98,Apparel,North,Debit Card,30,0
440,1750,2025-08-12,24.68,Food & Beverage,Central,Debit Card,10,0
2751,1620,2025-04-27,25.43,Health,East,Wallet,15,0
7488,2269,2025-08-20,35.4,Travel,North,UPI,5,0
5273,2819,2023-04-22,1725.68,Electronics,South,Net Banking,0,0
5654,1279,2023-01-29,369.52,Home & Garden,East,Net Banking,0,0
4000,2601,2025-08-23,19.67,Books,East,Credit Card,10,1
6034,2261,2024-12-24,513.86,Electronics,South,Debit Card,0,0
583,2127,2023-05-03,24.22,Books,South,Debit Card,0,0
9931,1825,2025-04-12,82.76,Food & Beverage,West,Debit Card,15,0
7052,2854,2026-03-07,96.54,Travel,Central,Credit Card,10,0
8159,2919,2025-08-19,74.9,Books,West,Credit Card,10,0
9897,1410,2024-02-02,240.44,Apparel,Central,Credit Card,0,0
2250,2369,2026-02-07,743.23,Home & Garden,Central,Wallet,0,1
4641,2054,2023-01-07,153.04,Apparel,North,Credit Card,10,0
9486,1413,2025-01-07,440.56,Travel,West,Debit Card,5,0
4948,2573,2023-07-28,160.04,Health,North,Credit Card,5,0
9921,1070,2023-07-26,438.33,Sports,East,Net Banking,20,0
1964,1661,2024-02-26,149.84,Sports,Central,Credit Card,5,0
8244,2244,2024-12-13,199.0,Apparel,West,Wallet,0,0
6591,2504,2023-10-07,35.09,Health,East,Wallet,0,0
8848,1872,2023-08-20,14.99,Software,South,Credit Card,20,0
322,2535,2026-03-15,471.15,Electronics,West,Wallet,15,0
2679,1293,2024-06-16,203.37,Sports,Central,Credit Card,10,0
4626,2432,2025-10-10,34.53,Health,East,Wallet,0,0
4950,1911,2024-11-07,97.4,Apparel,South,Net Banking,20,0
8329,1576,2023-04-22,327.95,Books,Central,Net Banking,0,1
3338,1663,2026-01-14,6.4,Books,Central,Wallet,20,0
5590,1651,2024-01-13,1221.61,Home & Garden,Central,Net Banking,15,0
252,2383,2023-08-09,361.95,Sports,East,Debit Card,0,0
3974,2732,2023-08-31,43.01,Health,North,UPI,15,0
6631,2938,2024-03-05,93.17,Health,East,Wallet,5,0
5548,2635,2023-05-13,235.99,Home & Garden,West,Wallet,0,0
36,1253,2026-03-20,14.11,Apparel,North,UPI,30,0
8363,1502,2024-04-22,87.54,Books,North,UPI,0,0
1514,2720,2026-05-05,-88.645,Sports,North,UPI,25,0
9318,2868,2025-12-31,114.44,Home & Garden,West,UPI,0,1
40,1475,2023-11-25,53.76,Travel,East,Debit Card,30,0
4820,2683,2023-04-23,16.8,Software,North,Credit Card,15,1
3466,1425,2025-01-28,62.54,Travel,South,UPI,25,0
1761,2697,2024-08-17,196.5,Home & Garden,North,Net Banking,0,0
2305,1994,2023-09-21,66.07,Books,West,UPI,10,1
3724,1587,2025-04-15,178.8,Sports,North,Net Banking,0,0
8285,1305,2026-02-05,45.6,Travel,East,Debit Card,0,0
4994,1162,2024-09-06,79.06,Home & Garden,South,UPI,20,0
8128,2535,2024-07-15,261.08,Food & Beverage,East,Net Banking,5,0
3033,2050,2024-06-12,115.22,Sports,East,Net Banking,15,0
7939,2132,2025-07-13,59.38,Travel,West,UPI,10,0
3040,2661,2024-01-22,33.22,Food & Beverage,North,Credit Card,0,0
9656,1666,2025-08-05,463.52,Sports,East,Credit Card,0,0
2546,2288,2025-09-07,289.57,Software,Central,UPI,25,0
2593,1288,2025-02-08,96.98,Software,East,Wallet,5,0
1189,1346,2025-09-29,526.02,Sports,East,Debit Card,15,0
7967,2405,2023-01-24,48.93,Health,South,Debit Card,15,0
6078,1151,2025-08-23,134.19,Sports,North,Wallet,10,0
108,2887,2026-02-02,56.6,Apparel,North,Credit Card,15,1
1316,1823,2026-04-09,45.55,Home & Garden,North,Credit Card,0,0
8188,2811,2025-05-11,66.3,Health,East,Debit Card,20,0
2754,2940,2026-03-17,140.74,Software,North,UPI,0,0
9754,2363,2025-01-30,31.92,Food & Beverage,Central,Net Banking,0,0
6232,1622,2025-11-07,184.15,Sports,East,Debit Card,15,0
2877,2668,2025-02-16,198.71,Food & Beverage,Central,Wallet,0,0
5324,1610,2023-04-16,103.35,Apparel,East,Debit Card,15,0
800,1265,2023-08-26,,Books,North,Wallet,0,0
3571,1652,2023-10-24,95.87,Travel,North,Credit Card,30,1
2895,2679,2024-04-23,95.1,Food & Beverage,South,Net Banking,5,0
2928,2948,2025-02-28,72.05,Health,Central,Net Banking,5,0
8179,2388,2025-09-09,364.71,Apparel,Central,Credit Card,10,0
972,2340,2024-07-04,437.1,Food & Beverage,East,UPI,5,0
6688,2379,2023-09-13,334.18,Software,Central,Credit Card,0,0
8576,1113,2024-04-03,86.28,Health,North,Wallet,20,0
2021,1620,2024-01-06,151.22,Software,East,Wallet,5,0
9055,2895,2023-02-18,97.53,Electronics,West,Net Banking,20,1
953,2977,2023-08-17,147.8,Sports,Central,Debit Card,0,0
5360,2325,2023-06-25,95.03,Sports,East,Net Banking,0,0
3858,2326,2024-12-24,110.44,Software,West,Credit Card,5,0
5862,2650,2023-09-03,56.5,Electronics,Central,Credit Card,30,0
3146,1067,2025-09-25,10.02,Books,West,Net Banking,25,0
3306,2677,2025-10-17,186.51,Apparel,Central,Wallet,0,0
3007,2265,2024-01-22,,Books,North,Debit Card,5,0
9002,1305,2025-02-27,51.15,Travel,East,UPI,0,0
7771,1141,2026-06-05,24.57,Software,South,Credit Card,5,0
7439,1857,2024-08-12,17.49,Home & Garden,Central,Debit Card,5,1
7943,2320,2025-09-25,134.26,Books,North,UPI,0,1
9239,2633,2025-04-12,10.9,Food & Beverage,West,Credit Card,10,0
1057,1001,2025-04-13,81.38,Health,South,Debit Card,0,0
3155,1727,2023-11-13,32.61,Health,West,Credit Card,25,0
3788,1664,2025-03-29,19.0,Software,South,Credit Card,5,0
9190,2046,2025-10-01,65.67,Software,Central,Credit Card,10,0
7826,1224,2023-11-20,19.13,Sports,Central,Wallet,0,0
7540,2341,2023-01-31,1871.45,Health,South,Net Banking,10,0
7232,2052,2024-02-16,30.62,Books,West,Wallet,15,0
765,2572,2025-10-21,15.31,Home & Garden,North,Credit Card,25,0
5020,2255,2024-10-11,293.26,Home & Garden,Central,Wallet,0,0
4904,2037,2026-01-09,21.96,Books,South,Debit Card,5,0
8094,1495,2024-06-11,93.54,Books,West,Debit Card,0,0
6844,2258,2024-05-26,99.51,Travel,East,Credit Card,20,0
2166,1216,2025-05-27,6.56,Home & Garden,West,UPI,30,0
1863,1455,2025-03-18,63.94,Software,East,UPI,10,0
7851,2939,2024-03-09,1167.79,Health,West,Net Banking,5,0
9124,1663,2023-04-05,30.2,Apparel,South,Net Banking,5,0
2341,2251,2025-04-04,103.53,Travel,West,Credit Card,0,0
5528,1740,2024-01-10,72.2,Software,East,UPI,30,0
6744,1471,2026-05-11,120.66,Books,South,Credit Card,5,0
4004,2538,2024-05-25,76.78,Books,Central,Credit Card,20,0
1124,2130,2025-03-29,72.36,Books,South,UPI,5,0
8710,2367,2025-11-27,33.19,Electronics,North,Wallet,0,0
4050,2405,2023-12-14,35.24,Health,South,Net Banking,10,0
7641,2425,2025-03-29,9.76,Travel,South,Credit Card,0,0
766,1978,2026-04-26,69.62,Electronics,East,Credit Card,25,0
2345,2031,2023-09-29,156.62,Apparel,East,Net Banking,0,0
4072,2815,2024-02-27,34.22,Apparel,East,Debit Card,0,1
7217,1139,2026-02-03,251.25,Electronics,North,Debit Card,0,0
4217,1279,2025-09-26,424.22,Home & Garden,North,Net Banking,20,0
7953,1881,2024-12-05,7.24,Books,North,Wallet,10,0
5971,1553,2023-11-06,171.57,Apparel,South,UPI,20,0
3351,2277,2023-01-24,11.58,Health,South,Credit Card,0,0
4696,2712,2025-04-19,243.57,Software,Central,Debit Card,10,0
3400,2765,2025-06-16,89.71,Health,North,UPI,0,0
4082,1268,2025-11-11,460.15,Electronics,East,Credit Card,0,0
9150,2952,2026-04-28,19.07,Apparel,West,Credit Card,15,0
1225,1474,2025-03-19,459.4,Apparel,East,UPI,20,0
6293,1416,2023-03-20,44.47,Apparel,East,Debit Card,0,0
3123,2923,2024-08-10,48.96,Food & Beverage,Central,UPI,5,0
511,2687,2025-12-29,,Health,South,Debit Card,0,0
5795,1963,2025-07-23,25.54,Electronics,East,Net Banking,0,0
8182,2645,2025-11-08,229.02,Food & Beverage,North,Net Banking,0,0
9418,2186,2026-01-09,76.82,Home & Garden,West,Credit Card,10,0
97,2846,2024-09-09,192.87,Home & Garden,Central,UPI,20,0
6682,2952,2024-05-14,273.84,Sports,West,UPI,0,0
1513,1948,2025-05-02,33.66,Health,North,UPI,0,0
8792,2522,2026-06-24,18.0,Software,West,Debit Card,0,0
120,2773,2024-06-05,241.61,Home & Garden,North,Net Banking,15,0
7792,1926,2026-02-18,13.78,Health,East,UPI,20,0
6518,2813,2024-02-26,249.43,Apparel,West,UPI,10,0
34,2338,2026-05-12,8.69,Food & Beverage,West,Net Banking,20,0
7888,1163,2025-01-29,472.36,Home & Garden,East,UPI,0,0
6831,1952,2023-07-04,85.55,Software,Central,Credit Card,20,0
5422,1990,2026-04-06,117.46,Apparel,East,Wallet,0,0
1069,1095,2023-10-10,46.12,Home & Garden,West,Debit Card,0,0
1348,1173,2024-02-11,35.5,Books,South,UPI,5,0
4748,1431,2024-03-15,143.05,Home & Garden,South,UPI,20,0
6006,1821,2024-03-19,104.66,Health,Central,Wallet,15,0
6040,1176,2025-07-11,135.44,Software,East,Debit Card,0,1
3818,2142,2025-04-02,127.96,Software,West,UPI,10,0
8447,1862,2023-08-10,177.25,Apparel,Central,Net Banking,0,0
5270,2628,2023-09-20,65.01,Electronics,Central,UPI,20,0
6898,2931,2025-09-10,42.96,Travel,East,Credit Card,30,0
5310,1225,2025-02-14,13.55,Home & Garden,East,Credit Card,10,0
32,2185,2025-09-12,111.68,Software,West,Debit Card,0,1
5675,2109,2023-07-25,10.5,Health,South,Debit Card,0,0
4387,2987,2025-04-07,51.52,Apparel,South,UPI,20,0
30,1956,2025-09-23,429.81,Software,South,UPI,5,0
4203,2242,2025-03-23,195.87,Sports,North,Credit Card,0,0
7508,2472,2023-08-27,14.48,Food & Beverage,North,Net Banking,30,0
736,1970,2026-05-15,29.15,Travel,West,UPI,20,0
2068,1477,2023-03-01,313.76,Sports,North,Wallet,10,0
107,1270,2023-03-12,330.72,Travel,East,UPI,10,0
9645,1787,2024-02-16,220.71,Travel,South,Net Banking,0,0
8895,1079,2023-07-21,433.95,Sports,East,Wallet,25,0
8021,2218,2025-08-03,115.97,Apparel,East,Credit Card,10,0
2233,2997,2023-09-10,318.52,Health,Central,Debit Card,10,0
994,2277,2024-03-30,38.67,Software,East,UPI,20,0
9413,2964,2023-07-21,14.52,Electronics,Central,UPI,10,0
7059,1387,2023-11-04,34.73,Home & Garden,East,Net Banking,0,0
6790,1643,2026-06-13,84.31,Sports,South,Credit Card,5,0
361,2635,2024-05-25,423.56,Travel,South,Wallet,20,0
305,2440,2024-07-27,25.83,Apparel,East,Net Banking,0,0
2628,1516,2024-11-11,216.18,Software,North,Debit Card,0,0
8966,2731,2023-04-07,128.22,Books,East,Wallet,0,0
4514,2728,2024-11-14,249.91,Sports,Central,Net Banking,0,0
5911,2550,2023-09-01,689.44,Apparel,South,Credit Card,20,1
8314,1720,2023-03-11,282.07,Home & Garden,South,Net Banking,10,0
3101,2191,2025-11-14,48.85,Sports,North,UPI,30,0
5704,2406,2024-12-25,9.29,Apparel,East,Credit Card,0,0
3899,1618,2023-02-28,45.72,Food & Beverage,West,UPI,0,0
5441,2705,2023-01-30,457.78,Software,Central,Net Banking,0,0
7931,1559,2026-06-27,56.26,Books,North,Wallet,20,0
622,1513,2023-08-24,59.89,Home & Garden,North,UPI,20,0
7236,1293,2023-04-02,4.92,Travel,Central,Net Banking,0,1
2499,1092,2024-01-28,134.77,Health,East,Credit Card,0,1
714,2601,2024-06-19,51.76,Food & Beverage,Central,Wallet,25,0
8404,2668,2023-06-10,38.57,Food & Beverage,Central,Debit Card,10,1
2856,2010,2025-08-22,187.61,Food & Beverage,East,Credit Card,0,0
4270,2891,2025-08-02,148.31,Health,North,Debit Card,0,0
2909,1291,2023-06-25,74.3,Books,East,Debit Card,5,0
8081,2361,2024-08-21,375.07,Health,East,Wallet,15,0
4517,2683,2025-08-02,80.91,Electronics,West,UPI,20,0
1262,1812,2023-12-04,151.65,Software,Central,Debit Card,10,0
3161,1354,2023-09-15,238.35,Travel,North,Debit Card,10,0
971,1698,2026-03-13,129.29,Health,West,Credit Card,20,0
3913,2642,2024-04-29,45.36,Software,East,Credit Card,0,0
